16:42:52.954 [INFO]   [Preparing]   Diffblue Cover 2025.12.02-74144f0-licensed
16:42:52.955 [INFO]   [Preparing]   Running: dcover create --coverage-reports --upload http://localhost:8080 --project-name finos-messageml-utils --name after-refactor
16:42:52.955 [INFO]   [Preparing]   
16:42:52.955 [INFO]   [Preparing]   Command: create
16:42:52.956 [INFO]   [Preparing]   Create tests for the specified package/class/method.
16:42:52.956 [INFO]   [Preparing]   
16:42:55.768 [INFO]   [Checking]    Maven Using ${maven.home} of: /home/jbergqvist/diffblue/finos-messageml-utils.
16:42:55.771 [INFO]   [Checking]    Maven Executing: /bin/sh -c cd /home/jbergqvist/diffblue/finos-messageml-utils && /home/jbergqvist/diffblue/finos-messageml-utils/mvnw -B -version
16:42:55.983 [INFO]   [Checking]    Standard output of build tool (Maven)
16:42:55.984 [INFO]   [Checking]    > Apache Maven 3.8.4 (9b656c72d54e5bacbed989b64718c159fe39b537)
16:42:55.984 [INFO]   [Checking]    > Maven home: /home/jbergqvist/.m2/wrapper/dists/apache-maven-3.8.4-bin/52ccbt68d252mdldqsfsn03jlf/apache-maven-3.8.4
16:42:55.984 [INFO]   [Checking]    > Java version: 11.0.29, vendor: Amazon.com Inc., runtime: /home/jbergqvist/.sdkman/candidates/java/11.0.29-amzn
16:42:55.984 [INFO]   [Checking]    > Default locale: en_GB, platform encoding: UTF-8
16:42:55.984 [INFO]   [Checking]    > OS name: "linux", version: "6.8.0-90-generic", arch: "amd64", family: "unix"
16:42:55.986 [INFO]   [Checking]    Using default build rules as no custom rules found in any of [/home/jbergqvist/diffblue/finos-messageml-utils]
16:42:55.991 [INFO]   [Checking]    Attempting to invoke /home/jbergqvist/diffblue/finos-messageml-utils/mvnw in working directory: /home/jbergqvist/diffblue/finos-messageml-utils
16:42:55.991 [INFO]   [Checking]    Started "/home/jbergqvist/diffblue/finos-messageml-utils/mvnw -Dmaven.ext.class.path=/opt/cover/cover-buildsystem-maven-spy-jar-with-dependencies.jar -Dcom.diffblue.cover.skipTests=true -DskipTestOptimizer --batch-mode --global-settings=/home/jbergqvist/.sdkman/candidates/maven/current/conf/settings.xml dependency:build-classpath"
16:42:56.613 [INFO]   [Checking]    out: [INFO] Scanning for projects...
16:42:56.761 [INFO]   [Checking]    out: [INFO] 
16:42:56.762 [INFO]   [Checking]    out: [INFO] -----------------< org.symphonyoss.symphony:messageml >-----------------
16:42:56.762 [INFO]   [Checking]    out: [INFO] Building MessageML Utils 0.13.0
16:42:56.762 [INFO]   [Checking]    out: [INFO] --------------------------------[ jar ]---------------------------------
16:42:56.986 [INFO]   [Checking]    deserializing line [DIFFBLUE]{"__type":"com.diffblue.cover.buildsystem.model.DefaultEventMessage","project":"org.symphonyoss.symphony:messageml","goal":"build-classpath","cause":null,"state":"STARTED"}
16:42:57.048 [INFO]   [Checking]    out: [INFO] 
16:42:57.048 [INFO]   [Checking]    out: [INFO] --- maven-dependency-plugin:2.8:build-classpath (default-cli) @ messageml ---
16:42:57.075 [INFO]   [Checking]    out: [WARNING] The artifact xml-apis:xml-apis:jar:2.0.2 has been relocated to xml-apis:xml-apis:jar:1.0.b2
16:42:57.299 [INFO]   [Checking]    out: [INFO] Dependencies classpath:
16:42:57.300 [INFO]   [Checking]    out: /home/jbergqvist/.m2/repository/org/projectlombok/lombok/1.18.42/lombok-1.18.42.jar:/home/jbergqvist/.m2/repository/com/github/java-json-tools/json-schema-validator/2.2.14/json-schema-validator-2.2.14.jar:/home/jbergqvist/.m2/repository/com/github/java-json-tools/jackson-coreutils-equivalence/1.0/jackson-coreutils-equivalence-1.0.jar:/home/jbergqvist/.m2/repository/com/github/java-json-tools/jackson-coreutils/2.0/jackson-coreutils-2.0.jar:/home/jbergqvist/.m2/repository/com/github/java-json-tools/msg-simple/1.2/msg-simple-1.2.jar:/home/jbergqvist/.m2/repository/com/github/java-json-tools/btf/1.3/btf-1.3.jar:/home/jbergqvist/.m2/repository/com/github/java-json-tools/json-schema-core/1.2.14/json-schema-core-1.2.14.jar:/home/jbergqvist/.m2/repository/com/github/java-json-tools/uri-template/0.10/uri-template-0.10.jar:/home/jbergqvist/.m2/repository/com/sun/mail/mailapi/1.6.2/mailapi-1.6.2.jar:/home/jbergqvist/.m2/repository/joda-time/joda-time/2.10.5/joda-time-2.10.5.jar:/home/jbergqvist/.m2/repository/com/googlecode/libphonenumber/libphonenumber/8.11.1/libphonenumber-8.11.1.jar:/home/jbergqvist/.m2/repository/com/google/code/findbugs/jsr305/3.0.2/jsr305-3.0.2.jar:/home/jbergqvist/.m2/repository/net/sf/jopt-simple/jopt-simple/5.0.4/jopt-simple-5.0.4.jar:/home/jbergqvist/.m2/repository/org/mozilla/rhino/1.7.13/rhino-1.7.13.jar:/home/jbergqvist/.m2/repository/com/google/guava/guava/32.1.2-jre/guava-32.1.2-jre.jar:/home/jbergqvist/.m2/repository/com/google/guava/failureaccess/1.0.1/failureaccess-1.0.1.jar:/home/jbergqvist/.m2/repository/com/google/guava/listenablefuture/9999.0-empty-to-avoid-conflict-with-guava/listenablefuture-9999.0-empty-to-avoid-conflict-with-guava.jar:/home/jbergqvist/.m2/repository/org/checkerframework/checker-qual/3.33.0/checker-qual-3.33.0.jar:/home/jbergqvist/.m2/repository/com/google/errorprone/error_prone_annotations/2.18.0/error_prone_annotations-2.18.0.jar:/home/jbergqvist/.m2/repository/com/google/j2objc/j2objc-annotations/2.8/j2objc-annotations-2.8.jar:/home/jbergqvist/.m2/repository/com/fasterxml/jackson/core/jackson-core/2.15.2/jackson-core-2.15.2.jar:/home/jbergqvist/.m2/repository/com/fasterxml/jackson/core/jackson-databind/2.15.2/jackson-databind-2.15.2.jar:/home/jbergqvist/.m2/repository/com/fasterxml/jackson/core/jackson-annotations/2.15.2/jackson-annotations-2.15.2.jar:/home/jbergqvist/.m2/repository/commons-io/commons-io/2.11.0/commons-io-2.11.0.jar:/home/jbergqvist/.m2/repository/org/apache/commons/commons-lang3/3.12.0/commons-lang3-3.12.0.jar:/home/jbergqvist/.m2/repository/org/freemarker/freemarker/2.3.31/freemarker-2.3.31.jar:/home/jbergqvist/.m2/repository/org/slf4j/slf4j-api/1.7.32/slf4j-api-1.7.32.jar:/home/jbergqvist/.m2/repository/com/diffblue/cover/cover-annotations/1.8.0/cover-annotations-1.8.0.jar:/home/jbergqvist/.m2/repository/com/atlassian/commonmark/commonmark/0.15.2/commonmark-0.15.2.jar:/home/jbergqvist/.m2/repository/org/junit/jupiter/junit-jupiter-api/5.8.2/junit-jupiter-api-5.8.2.jar:/home/jbergqvist/.m2/repository/org/opentest4j/opentest4j/1.2.0/opentest4j-1.2.0.jar:/home/jbergqvist/.m2/repository/org/junit/platform/junit-platform-commons/1.8.2/junit-platform-commons-1.8.2.jar:/home/jbergqvist/.m2/repository/org/apiguardian/apiguardian-api/1.1.2/apiguardian-api-1.1.2.jar:/home/jbergqvist/.m2/repository/org/junit/jupiter/junit-jupiter-params/5.8.2/junit-jupiter-params-5.8.2.jar:/home/jbergqvist/.m2/repository/org/junit/jupiter/junit-jupiter-engine/5.8.2/junit-jupiter-engine-5.8.2.jar:/home/jbergqvist/.m2/repository/org/junit/platform/junit-platform-engine/1.8.2/junit-platform-engine-1.8.2.jar:/home/jbergqvist/.m2/repository/org/junit/vintage/junit-vintage-engine/5.8.2/junit-vintage-engine-5.8.2.jar:/home/jbergqvist/.m2/repository/junit/junit/4.13.2/junit-4.13.2.jar:/home/jbergqvist/.m2/repository/org/hamcrest/hamcrest-core/1.3/hamcrest-core-1.3.jar:/home/jbergqvist/.m2/repository/org/mockito/mockito-core/4.0.0/mockito-core-4.0.0.jar:/home/jbergqvist/.m2/repository/net/bytebuddy/byte-buddy/1.11.19/byte-buddy-1.11.19.jar:/home/jbergqvist/.m2/repository/net/bytebuddy/byte-buddy-agent/1.11.19/byte-buddy-agent-1.11.19.jar:/home/jbergqvist/.m2/repository/org/objenesis/objenesis/3.2/objenesis-3.2.jar:/home/jbergqvist/.m2/repository/org/openjdk/jmh/jmh-core/1.33/jmh-core-1.33.jar:/home/jbergqvist/.m2/repository/org/apache/commons/commons-math3/3.2/commons-math3-3.2.jar:/home/jbergqvist/.m2/repository/org/openjdk/jmh/jmh-generator-annprocess/1.33/jmh-generator-annprocess-1.33.jar:/home/jbergqvist/.m2/repository/org/xmlunit/xmlunit-core/2.8.3/xmlunit-core-2.8.3.jar:/home/jbergqvist/.m2/repository/jakarta/xml/bind/jakarta.xml.bind-api/2.3.3/jakarta.xml.bind-api-2.3.3.jar:/home/jbergqvist/.m2/repository/jakarta/activation/jakarta.activation-api/1.2.2/jakarta.activation-api-1.2.2.jar:/home/jbergqvist/.m2/repository/ch/qos/logback/logback-classic/1.2.9/logback-classic-1.2.9.jar:/home/jbergqvist/.m2/repository/ch/qos/logback/logback-core/1.2.9/logback-core-1.2.9.jar
16:42:57.301 [INFO]   [Checking]    deserializing line [DIFFBLUE]{"__type":"com.diffblue.cover.buildsystem.model.DefaultEventMessage","project":"org.symphonyoss.symphony:messageml","goal":"build-classpath","cause":null,"state":"SUCCESS"}
16:42:57.334 [INFO]   [Checking]    deserializing line [DIFFBLUE]{"__type":"com.diffblue.cover.buildsystem.model.DefaultProjectModuleMessage","project":{"__type":"DefaultProjectModule","junitReport":["/home/jbergqvist/diffblue/finos-messageml-utils/target/surefire-reports"],"jacocoReport":["/home/jbergqvist/diffblue/finos-messageml-utils/target/site/jacoco/jacoco.xml"],"jacocoDestFile":["/home/jbergqvist/diffblue/finos-messageml-utils/target/jacoco.exec"],"jacocoFormats":["xml"],"jacocoSkipped":false,"classpath":["/home/jbergqvist/diffblue/finos-messageml-utils/target/classes","/home/jbergqvist/.m2/repository/org/projectlombok/lombok/1.18.42/lombok-1.18.42.jar","/home/jbergqvist/.m2/repository/com/github/java-json-tools/json-schema-validator/2.2.14/json-schema-validator-2.2.14.jar","/home/jbergqvist/.m2/repository/com/github/java-json-tools/jackson-coreutils-equivalence/1.0/jackson-coreutils-equivalence-1.0.jar","/home/jbergqvist/.m2/repository/com/github/java-json-tools/jackson-coreutils/2.0/jackson-coreutils-2.0.jar","/home/jbergqvist/.m2/repository/com/github/java-json-tools/msg-simple/1.2/msg-simple-1.2.jar","/home/jbergqvist/.m2/repository/com/github/java-json-tools/btf/1.3/btf-1.3.jar","/home/jbergqvist/.m2/repository/com/github/java-json-tools/json-schema-core/1.2.14/json-schema-core-1.2.14.jar","/home/jbergqvist/.m2/repository/com/github/java-json-tools/uri-template/0.10/uri-template-0.10.jar","/home/jbergqvist/.m2/repository/com/sun/mail/mailapi/1.6.2/mailapi-1.6.2.jar","/home/jbergqvist/.m2/repository/joda-time/joda-time/2.10.5/joda-time-2.10.5.jar","/home/jbergqvist/.m2/repository/com/googlecode/libphonenumber/libphonenumber/8.11.1/libphonenumber-8.11.1.jar","/home/jbergqvist/.m2/repository/com/google/code/findbugs/jsr305/3.0.2/jsr305-3.0.2.jar","/home/jbergqvist/.m2/repository/net/sf/jopt-simple/jopt-simple/5.0.4/jopt-simple-5.0.4.jar","/home/jbergqvist/.m2/repository/org/mozilla/rhino/1.7.13/rhino-1.7.13.jar","/home/jbergqvist/.m2/repository/com/google/guava/guava/32.1.2-jre/guava-32.1.2-jre.jar","/home/jbergqvist/.m2/repository/com/google/guava/failureaccess/1.0.1/failureaccess-1.0.1.jar","/home/jbergqvist/.m2/repository/com/google/guava/listenablefuture/9999.0-empty-to-avoid-conflict-with-guava/listenablefuture-9999.0-empty-to-avoid-conflict-with-guava.jar","/home/jbergqvist/.m2/repository/org/checkerframework/checker-qual/3.33.0/checker-qual-3.33.0.jar","/home/jbergqvist/.m2/repository/com/google/errorprone/error_prone_annotations/2.18.0/error_prone_annotations-2.18.0.jar","/home/jbergqvist/.m2/repository/com/google/j2objc/j2objc-annotations/2.8/j2objc-annotations-2.8.jar","/home/jbergqvist/.m2/repository/com/fasterxml/jackson/core/jackson-core/2.15.2/jackson-core-2.15.2.jar","/home/jbergqvist/.m2/repository/com/fasterxml/jackson/core/jackson-databind/2.15.2/jackson-databind-2.15.2.jar","/home/jbergqvist/.m2/repository/com/fasterxml/jackson/core/jackson-annotations/2.15.2/jackson-annotations-2.15.2.jar","/home/jbergqvist/.m2/repository/commons-io/commons-io/2.11.0/commons-io-2.11.0.jar","/home/jbergqvist/.m2/repository/org/apache/commons/commons-lang3/3.12.0/commons-lang3-3.12.0.jar","/home/jbergqvist/.m2/repository/org/freemarker/freemarker/2.3.31/freemarker-2.3.31.jar","/home/jbergqvist/.m2/repository/org/slf4j/slf4j-api/1.7.32/slf4j-api-1.7.32.jar","/home/jbergqvist/.m2/repository/com/diffblue/cover/cover-annotations/1.8.0/cover-annotations-1.8.0.jar","/home/jbergqvist/.m2/repository/com/atlassian/commonmark/commonmark/0.15.2/commonmark-0.15.2.jar","/home/jbergqvist/.m2/repository/org/junit/jupiter/junit-jupiter-api/5.8.2/junit-jupiter-api-5.8.2.jar","/home/jbergqvist/.m2/repository/org/opentest4j/opentest4j/1.2.0/opentest4j-1.2.0.jar","/home/jbergqvist/.m2/repository/org/junit/platform/junit-platform-commons/1.8.2/junit-platform-commons-1.8.2.jar","/home/jbergqvist/.m2/repository/org/apiguardian/apiguardian-api/1.1.2/apiguardian-api-1.1.2.jar","/home/jbergqvist/.m2/repository/org/junit/jupiter/junit-jupiter-params/5.8.2/junit-jupiter-params-5.8.2.jar","/home/jbergqvist/.m2/repository/org/junit/jupiter/junit-jupiter-engine/5.8.2/junit-jupiter-engine-5.8.2.jar","/home/jbergqvist/.m2/repository/org/junit/platform/junit-platform-engine/1.8.2/junit-platform-engine-1.8.2.jar","/home/jbergqvist/.m2/repository/org/junit/vintage/junit-vintage-engine/5.8.2/junit-vintage-engine-5.8.2.jar","/home/jbergqvist/.m2/repository/junit/junit/4.13.2/junit-4.13.2.jar","/home/jbergqvist/.m2/repository/org/hamcrest/hamcrest-core/1.3/hamcrest-core-1.3.jar","/home/jbergqvist/.m2/repository/org/mockito/mockito-core/4.0.0/mockito-core-4.0.0.jar","/home/jbergqvist/.m2/repository/net/bytebuddy/byte-buddy/1.11.19/byte-buddy-1.11.19.jar","/home/jbergqvist/.m2/repository/net/bytebuddy/byte-buddy-agent/1.11.19/byte-buddy-agent-1.11.19.jar","/home/jbergqvist/.m2/repository/org/objenesis/objenesis/3.2/objenesis-3.2.jar","/home/jbergqvist/.m2/repository/org/openjdk/jmh/jmh-core/1.33/jmh-core-1.33.jar","/home/jbergqvist/.m2/repository/org/apache/commons/commons-math3/3.2/commons-math3-3.2.jar","/home/jbergqvist/.m2/repository/org/openjdk/jmh/jmh-generator-annprocess/1.33/jmh-generator-annprocess-1.33.jar","/home/jbergqvist/.m2/repository/org/xmlunit/xmlunit-core/2.8.3/xmlunit-core-2.8.3.jar","/home/jbergqvist/.m2/repository/jakarta/xml/bind/jakarta.xml.bind-api/2.3.3/jakarta.xml.bind-api-2.3.3.jar","/home/jbergqvist/.m2/repository/jakarta/activation/jakarta.activation-api/1.2.2/jakarta.activation-api-1.2.2.jar","/home/jbergqvist/.m2/repository/ch/qos/logback/logback-classic/1.2.9/logback-classic-1.2.9.jar","/home/jbergqvist/.m2/repository/ch/qos/logback/logback-core/1.2.9/logback-core-1.2.9.jar"],"complianceLevel":"1.8","productionSources":["/home/jbergqvist/diffblue/finos-messageml-utils/src/main/java"],"testSources":["/home/jbergqvist/diffblue/finos-messageml-utils/src/test/java"],"productionClasses":"/home/jbergqvist/diffblue/finos-messageml-utils/target/classes","testClasses":"/home/jbergqvist/diffblue/finos-messageml-utils/target/test-classes","sourceToBuildPathMap":null,"testSourceToBuildPathMap":null,"buildDirectory":"/home/jbergqvist/diffblue/finos-messageml-utils/target","plugins":[{"__type":"DefaultPlugin","groupId":"org.apache.maven.plugins","artefactId":"maven-surefire-plugin","version":"2.22.2","pluginClassName":null},{"__type":"DefaultPlugin","groupId":"org.apache.maven.plugins","artefactId":"maven-clean-plugin","version":"2.5","pluginClassName":null},{"__type":"DefaultPlugin","groupId":"org.apache.maven.plugins","artefactId":"maven-resources-plugin","version":"2.6","pluginClassName":null},{"__type":"DefaultPlugin","groupId":"org.apache.maven.plugins","artefactId":"maven-jar-plugin","version":"3.2.2","pluginClassName":null},{"__type":"DefaultPlugin","groupId":"org.apache.maven.plugins","artefactId":"maven-compiler-plugin","version":"3.1","pluginClassName":null},{"__type":"DefaultPlugin","groupId":"org.apache.maven.plugins","artefactId":"maven-install-plugin","version":"2.4","pluginClassName":null},{"__type":"DefaultPlugin","groupId":"org.apache.maven.plugins","artefactId":"maven-deploy-plugin","version":"3.0.0-M1","pluginClassName":null},{"__type":"DefaultPlugin","groupId":"org.apache.maven.plugins","artefactId":"maven-site-plugin","version":"3.3","pluginClassName":null}],"version":"3.8.4","encoding":"UTF-8","name":"maven","subModules":[],"simpleModuleName":null,"parentModuleName":null,"location":"/home/jbergqvist/diffblue/finos-messageml-utils","fullModuleName":"org.symphonyoss.symphony:messageml"}}
16:42:57.351 [INFO]   [Checking]    out: [INFO] ------------------------------------------------------------------------
16:42:57.351 [INFO]   [Checking]    out: [INFO] BUILD SUCCESS
16:42:57.351 [INFO]   [Checking]    out: [INFO] ------------------------------------------------------------------------
16:42:57.351 [INFO]   [Checking]    out: [INFO] Total time:  0.735 s
16:42:57.351 [INFO]   [Checking]    out: [INFO] Finished at: 2026-01-09T16:42:57Z
16:42:57.351 [INFO]   [Checking]    out: [INFO] ------------------------------------------------------------------------
16:42:57.351 [INFO]   [Checking]    deserializing line [DIFFBLUE]{"__type":"com.diffblue.cover.buildsystem.model.ProjectInfoMessage","projectName":"org.symphonyoss.symphony:messageml","productionSources":["/home/jbergqvist/diffblue/finos-messageml-utils/src/main/java"],"testSources":["/home/jbergqvist/diffblue/finos-messageml-utils/src/test/java"],"location":"/home/jbergqvist/diffblue/finos-messageml-utils"}
16:42:57.380 [INFO]   [Checking]    maven:err process not stopped, joining thread
16:42:57.381 [INFO]   [Checking]    maven:out process not stopped, joining thread
16:42:57.381 [INFO]   [Checking]    Deserializing project module message
16:42:57.382 [INFO]   [Checking]    deserializing line [DIFFBLUE]{"__type":"com.diffblue.cover.buildsystem.model.DefaultEventMessage","project":"org.symphonyoss.symphony:messageml","goal":"build-classpath","cause":null,"state":"STARTED"}
16:42:57.385 [INFO]   [Checking]    deserializing line [DIFFBLUE]{"__type":"com.diffblue.cover.buildsystem.model.DefaultEventMessage","project":"org.symphonyoss.symphony:messageml","goal":"build-classpath","cause":null,"state":"SUCCESS"}
16:42:57.388 [INFO]   [Checking]    deserializing line [DIFFBLUE]{"__type":"com.diffblue.cover.buildsystem.model.DefaultProjectModuleMessage","project":{"__type":"DefaultProjectModule","junitReport":["/home/jbergqvist/diffblue/finos-messageml-utils/target/surefire-reports"],"jacocoReport":["/home/jbergqvist/diffblue/finos-messageml-utils/target/site/jacoco/jacoco.xml"],"jacocoDestFile":["/home/jbergqvist/diffblue/finos-messageml-utils/target/jacoco.exec"],"jacocoFormats":["xml"],"jacocoSkipped":false,"classpath":["/home/jbergqvist/diffblue/finos-messageml-utils/target/classes","/home/jbergqvist/.m2/repository/org/projectlombok/lombok/1.18.42/lombok-1.18.42.jar","/home/jbergqvist/.m2/repository/com/github/java-json-tools/json-schema-validator/2.2.14/json-schema-validator-2.2.14.jar","/home/jbergqvist/.m2/repository/com/github/java-json-tools/jackson-coreutils-equivalence/1.0/jackson-coreutils-equivalence-1.0.jar","/home/jbergqvist/.m2/repository/com/github/java-json-tools/jackson-coreutils/2.0/jackson-coreutils-2.0.jar","/home/jbergqvist/.m2/repository/com/github/java-json-tools/msg-simple/1.2/msg-simple-1.2.jar","/home/jbergqvist/.m2/repository/com/github/java-json-tools/btf/1.3/btf-1.3.jar","/home/jbergqvist/.m2/repository/com/github/java-json-tools/json-schema-core/1.2.14/json-schema-core-1.2.14.jar","/home/jbergqvist/.m2/repository/com/github/java-json-tools/uri-template/0.10/uri-template-0.10.jar","/home/jbergqvist/.m2/repository/com/sun/mail/mailapi/1.6.2/mailapi-1.6.2.jar","/home/jbergqvist/.m2/repository/joda-time/joda-time/2.10.5/joda-time-2.10.5.jar","/home/jbergqvist/.m2/repository/com/googlecode/libphonenumber/libphonenumber/8.11.1/libphonenumber-8.11.1.jar","/home/jbergqvist/.m2/repository/com/google/code/findbugs/jsr305/3.0.2/jsr305-3.0.2.jar","/home/jbergqvist/.m2/repository/net/sf/jopt-simple/jopt-simple/5.0.4/jopt-simple-5.0.4.jar","/home/jbergqvist/.m2/repository/org/mozilla/rhino/1.7.13/rhino-1.7.13.jar","/home/jbergqvist/.m2/repository/com/google/guava/guava/32.1.2-jre/guava-32.1.2-jre.jar","/home/jbergqvist/.m2/repository/com/google/guava/failureaccess/1.0.1/failureaccess-1.0.1.jar","/home/jbergqvist/.m2/repository/com/google/guava/listenablefuture/9999.0-empty-to-avoid-conflict-with-guava/listenablefuture-9999.0-empty-to-avoid-conflict-with-guava.jar","/home/jbergqvist/.m2/repository/org/checkerframework/checker-qual/3.33.0/checker-qual-3.33.0.jar","/home/jbergqvist/.m2/repository/com/google/errorprone/error_prone_annotations/2.18.0/error_prone_annotations-2.18.0.jar","/home/jbergqvist/.m2/repository/com/google/j2objc/j2objc-annotations/2.8/j2objc-annotations-2.8.jar","/home/jbergqvist/.m2/repository/com/fasterxml/jackson/core/jackson-core/2.15.2/jackson-core-2.15.2.jar","/home/jbergqvist/.m2/repository/com/fasterxml/jackson/core/jackson-databind/2.15.2/jackson-databind-2.15.2.jar","/home/jbergqvist/.m2/repository/com/fasterxml/jackson/core/jackson-annotations/2.15.2/jackson-annotations-2.15.2.jar","/home/jbergqvist/.m2/repository/commons-io/commons-io/2.11.0/commons-io-2.11.0.jar","/home/jbergqvist/.m2/repository/org/apache/commons/commons-lang3/3.12.0/commons-lang3-3.12.0.jar","/home/jbergqvist/.m2/repository/org/freemarker/freemarker/2.3.31/freemarker-2.3.31.jar","/home/jbergqvist/.m2/repository/org/slf4j/slf4j-api/1.7.32/slf4j-api-1.7.32.jar","/home/jbergqvist/.m2/repository/com/diffblue/cover/cover-annotations/1.8.0/cover-annotations-1.8.0.jar","/home/jbergqvist/.m2/repository/com/atlassian/commonmark/commonmark/0.15.2/commonmark-0.15.2.jar","/home/jbergqvist/.m2/repository/org/junit/jupiter/junit-jupiter-api/5.8.2/junit-jupiter-api-5.8.2.jar","/home/jbergqvist/.m2/repository/org/opentest4j/opentest4j/1.2.0/opentest4j-1.2.0.jar","/home/jbergqvist/.m2/repository/org/junit/platform/junit-platform-commons/1.8.2/junit-platform-commons-1.8.2.jar","/home/jbergqvist/.m2/repository/org/apiguardian/apiguardian-api/1.1.2/apiguardian-api-1.1.2.jar","/home/jbergqvist/.m2/repository/org/junit/jupiter/junit-jupiter-params/5.8.2/junit-jupiter-params-5.8.2.jar","/home/jbergqvist/.m2/repository/org/junit/jupiter/junit-jupiter-engine/5.8.2/junit-jupiter-engine-5.8.2.jar","/home/jbergqvist/.m2/repository/org/junit/platform/junit-platform-engine/1.8.2/junit-platform-engine-1.8.2.jar","/home/jbergqvist/.m2/repository/org/junit/vintage/junit-vintage-engine/5.8.2/junit-vintage-engine-5.8.2.jar","/home/jbergqvist/.m2/repository/junit/junit/4.13.2/junit-4.13.2.jar","/home/jbergqvist/.m2/repository/org/hamcrest/hamcrest-core/1.3/hamcrest-core-1.3.jar","/home/jbergqvist/.m2/repository/org/mockito/mockito-core/4.0.0/mockito-core-4.0.0.jar","/home/jbergqvist/.m2/repository/net/bytebuddy/byte-buddy/1.11.19/byte-buddy-1.11.19.jar","/home/jbergqvist/.m2/repository/net/bytebuddy/byte-buddy-agent/1.11.19/byte-buddy-agent-1.11.19.jar","/home/jbergqvist/.m2/repository/org/objenesis/objenesis/3.2/objenesis-3.2.jar","/home/jbergqvist/.m2/repository/org/openjdk/jmh/jmh-core/1.33/jmh-core-1.33.jar","/home/jbergqvist/.m2/repository/org/apache/commons/commons-math3/3.2/commons-math3-3.2.jar","/home/jbergqvist/.m2/repository/org/openjdk/jmh/jmh-generator-annprocess/1.33/jmh-generator-annprocess-1.33.jar","/home/jbergqvist/.m2/repository/org/xmlunit/xmlunit-core/2.8.3/xmlunit-core-2.8.3.jar","/home/jbergqvist/.m2/repository/jakarta/xml/bind/jakarta.xml.bind-api/2.3.3/jakarta.xml.bind-api-2.3.3.jar","/home/jbergqvist/.m2/repository/jakarta/activation/jakarta.activation-api/1.2.2/jakarta.activation-api-1.2.2.jar","/home/jbergqvist/.m2/repository/ch/qos/logback/logback-classic/1.2.9/logback-classic-1.2.9.jar","/home/jbergqvist/.m2/repository/ch/qos/logback/logback-core/1.2.9/logback-core-1.2.9.jar"],"complianceLevel":"1.8","productionSources":["/home/jbergqvist/diffblue/finos-messageml-utils/src/main/java"],"testSources":["/home/jbergqvist/diffblue/finos-messageml-utils/src/test/java"],"productionClasses":"/home/jbergqvist/diffblue/finos-messageml-utils/target/classes","testClasses":"/home/jbergqvist/diffblue/finos-messageml-utils/target/test-classes","sourceToBuildPathMap":null,"testSourceToBuildPathMap":null,"buildDirectory":"/home/jbergqvist/diffblue/finos-messageml-utils/target","plugins":[{"__type":"DefaultPlugin","groupId":"org.apache.maven.plugins","artefactId":"maven-surefire-plugin","version":"2.22.2","pluginClassName":null},{"__type":"DefaultPlugin","groupId":"org.apache.maven.plugins","artefactId":"maven-clean-plugin","version":"2.5","pluginClassName":null},{"__type":"DefaultPlugin","groupId":"org.apache.maven.plugins","artefactId":"maven-resources-plugin","version":"2.6","pluginClassName":null},{"__type":"DefaultPlugin","groupId":"org.apache.maven.plugins","artefactId":"maven-jar-plugin","version":"3.2.2","pluginClassName":null},{"__type":"DefaultPlugin","groupId":"org.apache.maven.plugins","artefactId":"maven-compiler-plugin","version":"3.1","pluginClassName":null},{"__type":"DefaultPlugin","groupId":"org.apache.maven.plugins","artefactId":"maven-install-plugin","version":"2.4","pluginClassName":null},{"__type":"DefaultPlugin","groupId":"org.apache.maven.plugins","artefactId":"maven-deploy-plugin","version":"3.0.0-M1","pluginClassName":null},{"__type":"DefaultPlugin","groupId":"org.apache.maven.plugins","artefactId":"maven-site-plugin","version":"3.3","pluginClassName":null}],"version":"3.8.4","encoding":"UTF-8","name":"maven","subModules":[],"simpleModuleName":null,"parentModuleName":null,"location":"/home/jbergqvist/diffblue/finos-messageml-utils","fullModuleName":"org.symphonyoss.symphony:messageml"}}
16:42:57.398 [INFO]   [Checking]    deserializing line [DIFFBLUE]{"__type":"com.diffblue.cover.buildsystem.model.ProjectInfoMessage","projectName":"org.symphonyoss.symphony:messageml","productionSources":["/home/jbergqvist/diffblue/finos-messageml-utils/src/main/java"],"testSources":["/home/jbergqvist/diffblue/finos-messageml-utils/src/test/java"],"location":"/home/jbergqvist/diffblue/finos-messageml-utils"}
16:42:57.401 [INFO]   [Checking]    Found 1 ProjectModuleMessages (ignoring buildSrc projects)
16:42:57.401 [INFO]   [Checking]    Found module org.symphonyoss.symphony:messageml in the working directory /home/jbergqvist/diffblue/finos-messageml-utils
16:42:57.401 [INFO]   [Checking]    deserialized project module is present? true
16:42:57.429 [INFO]   [Checking]    Operating System: Linux amd64 6.8.0-90-generic
16:42:57.429 [INFO]   [Checking]    Default charset: UTF-8
16:42:57.429 [INFO]   [Checking]    Default locale: en_GB
16:42:57.429 [INFO]   [Checking]    Default time zone: Europe/London
16:42:57.438 [INFO]   [Checking]    Discovered modules:
16:42:57.438 [INFO]   [Checking]    - org.symphonyoss.symphony:messageml
16:42:57.438 [INFO]   [Checking]    
16:42:57.442 [INFO]   [Checking]    
16:42:57.442 [INFO]   [Checking]    [1/1] Creating tests for module: org.symphonyoss.symphony:messageml
16:42:57.442 [INFO]   [Checking]    ===================================================================
16:42:57.442 [INFO]   [Checking]    
16:42:57.442 [INFO]   [Checking]    Detecting environment:
16:42:57.442 [INFO]   [Checking]    ----------------------
16:42:57.497 [INFO]   [Checking]    Detected Java version 11.0.29
16:42:57.509 [INFO]   [Checking]    Maven Using ${maven.home} of: /home/jbergqvist/diffblue/finos-messageml-utils.
16:42:57.509 [INFO]   [Checking]    Maven Executing: /bin/sh -c cd /home/jbergqvist/diffblue/finos-messageml-utils && /home/jbergqvist/diffblue/finos-messageml-utils/mvnw -B -version
16:42:57.685 [INFO]   [Checking]    Standard output of build tool (Maven)
16:42:57.685 [INFO]   [Checking]    > Apache Maven 3.8.4 (9b656c72d54e5bacbed989b64718c159fe39b537)
16:42:57.685 [INFO]   [Checking]    > Maven home: /home/jbergqvist/.m2/wrapper/dists/apache-maven-3.8.4-bin/52ccbt68d252mdldqsfsn03jlf/apache-maven-3.8.4
16:42:57.685 [INFO]   [Checking]    > Java version: 11.0.29, vendor: Amazon.com Inc., runtime: /home/jbergqvist/.sdkman/candidates/java/11.0.29-amzn
16:42:57.685 [INFO]   [Checking]    > Default locale: en_GB, platform encoding: UTF-8
16:42:57.685 [INFO]   [Checking]    > OS name: "linux", version: "6.8.0-90-generic", arch: "amd64", family: "unix"
16:42:57.686 [INFO]   [Checking]    Detected build system: Maven 3.8.4
16:42:57.691 [INFO]   [Checking]    Operating System: Linux amd64 6.8.0-90-generic
16:42:57.691 [INFO]   [Checking]    Default charset: UTF-8
16:42:57.691 [INFO]   [Checking]    Default locale: en_GB
16:42:57.691 [INFO]   [Checking]    Default time zone: Europe/London
16:42:57.692 [INFO]   [Checking]    Selected build system: Maven
16:42:57.701 [INFO]   [Checking]    Selected classpath from build system maven
16:42:57.703 [INFO]   [Checking]    Expanded classpath: 
/home/jbergqvist/diffblue/finos-messageml-utils/target/test-classes (test build path)
/home/jbergqvist/diffblue/finos-messageml-utils/target/classes (code under test)
/home/jbergqvist/.m2/repository/org/projectlombok/lombok/1.18.42/lombok-1.18.42.jar
/home/jbergqvist/.m2/repository/com/github/java-json-tools/json-schema-validator/2.2.14/json-schema-validator-2.2.14.jar
/home/jbergqvist/.m2/repository/com/github/java-json-tools/jackson-coreutils-equivalence/1.0/jackson-coreutils-equivalence-1.0.jar
/home/jbergqvist/.m2/repository/com/github/java-json-tools/jackson-coreutils/2.0/jackson-coreutils-2.0.jar
/home/jbergqvist/.m2/repository/com/github/java-json-tools/msg-simple/1.2/msg-simple-1.2.jar
/home/jbergqvist/.m2/repository/com/github/java-json-tools/btf/1.3/btf-1.3.jar
/home/jbergqvist/.m2/repository/com/github/java-json-tools/json-schema-core/1.2.14/json-schema-core-1.2.14.jar
/home/jbergqvist/.m2/repository/com/github/java-json-tools/uri-template/0.10/uri-template-0.10.jar
/home/jbergqvist/.m2/repository/com/sun/mail/mailapi/1.6.2/mailapi-1.6.2.jar
/home/jbergqvist/.m2/repository/joda-time/joda-time/2.10.5/joda-time-2.10.5.jar
/home/jbergqvist/.m2/repository/com/googlecode/libphonenumber/libphonenumber/8.11.1/libphonenumber-8.11.1.jar
/home/jbergqvist/.m2/repository/com/google/code/findbugs/jsr305/3.0.2/jsr305-3.0.2.jar
/home/jbergqvist/.m2/repository/net/sf/jopt-simple/jopt-simple/5.0.4/jopt-simple-5.0.4.jar
/home/jbergqvist/.m2/repository/org/mozilla/rhino/1.7.13/rhino-1.7.13.jar
/home/jbergqvist/.m2/repository/com/google/guava/guava/32.1.2-jre/guava-32.1.2-jre.jar
/home/jbergqvist/.m2/repository/com/google/guava/failureaccess/1.0.1/failureaccess-1.0.1.jar
/home/jbergqvist/.m2/repository/com/google/guava/listenablefuture/9999.0-empty-to-avoid-conflict-with-guava/listenablefuture-9999.0-empty-to-avoid-conflict-with-guava.jar
/home/jbergqvist/.m2/repository/org/checkerframework/checker-qual/3.33.0/checker-qual-3.33.0.jar
/home/jbergqvist/.m2/repository/com/google/errorprone/error_prone_annotations/2.18.0/error_prone_annotations-2.18.0.jar
/home/jbergqvist/.m2/repository/com/google/j2objc/j2objc-annotations/2.8/j2objc-annotations-2.8.jar
/home/jbergqvist/.m2/repository/com/fasterxml/jackson/core/jackson-core/2.15.2/jackson-core-2.15.2.jar
/home/jbergqvist/.m2/repository/com/fasterxml/jackson/core/jackson-databind/2.15.2/jackson-databind-2.15.2.jar
/home/jbergqvist/.m2/repository/com/fasterxml/jackson/core/jackson-annotations/2.15.2/jackson-annotations-2.15.2.jar
/home/jbergqvist/.m2/repository/commons-io/commons-io/2.11.0/commons-io-2.11.0.jar
/home/jbergqvist/.m2/repository/org/apache/commons/commons-lang3/3.12.0/commons-lang3-3.12.0.jar
/home/jbergqvist/.m2/repository/org/freemarker/freemarker/2.3.31/freemarker-2.3.31.jar
/home/jbergqvist/.m2/repository/org/slf4j/slf4j-api/1.7.32/slf4j-api-1.7.32.jar
/home/jbergqvist/.m2/repository/com/diffblue/cover/cover-annotations/1.8.0/cover-annotations-1.8.0.jar
/home/jbergqvist/.m2/repository/com/atlassian/commonmark/commonmark/0.15.2/commonmark-0.15.2.jar
/home/jbergqvist/.m2/repository/org/junit/jupiter/junit-jupiter-api/5.8.2/junit-jupiter-api-5.8.2.jar
/home/jbergqvist/.m2/repository/org/opentest4j/opentest4j/1.2.0/opentest4j-1.2.0.jar
/home/jbergqvist/.m2/repository/org/junit/platform/junit-platform-commons/1.8.2/junit-platform-commons-1.8.2.jar
/home/jbergqvist/.m2/repository/org/apiguardian/apiguardian-api/1.1.2/apiguardian-api-1.1.2.jar
/home/jbergqvist/.m2/repository/org/junit/jupiter/junit-jupiter-params/5.8.2/junit-jupiter-params-5.8.2.jar
/home/jbergqvist/.m2/repository/org/junit/jupiter/junit-jupiter-engine/5.8.2/junit-jupiter-engine-5.8.2.jar
/home/jbergqvist/.m2/repository/org/junit/platform/junit-platform-engine/1.8.2/junit-platform-engine-1.8.2.jar
/home/jbergqvist/.m2/repository/org/junit/vintage/junit-vintage-engine/5.8.2/junit-vintage-engine-5.8.2.jar
/home/jbergqvist/.m2/repository/junit/junit/4.13.2/junit-4.13.2.jar
/home/jbergqvist/.m2/repository/org/hamcrest/hamcrest-core/1.3/hamcrest-core-1.3.jar
/home/jbergqvist/.m2/repository/org/mockito/mockito-core/4.0.0/mockito-core-4.0.0.jar
/home/jbergqvist/.m2/repository/net/bytebuddy/byte-buddy/1.11.19/byte-buddy-1.11.19.jar
/home/jbergqvist/.m2/repository/net/bytebuddy/byte-buddy-agent/1.11.19/byte-buddy-agent-1.11.19.jar
/home/jbergqvist/.m2/repository/org/objenesis/objenesis/3.2/objenesis-3.2.jar
/home/jbergqvist/.m2/repository/org/openjdk/jmh/jmh-core/1.33/jmh-core-1.33.jar
/home/jbergqvist/.m2/repository/org/apache/commons/commons-math3/3.2/commons-math3-3.2.jar
/home/jbergqvist/.m2/repository/org/openjdk/jmh/jmh-generator-annprocess/1.33/jmh-generator-annprocess-1.33.jar
/home/jbergqvist/.m2/repository/org/xmlunit/xmlunit-core/2.8.3/xmlunit-core-2.8.3.jar
/home/jbergqvist/.m2/repository/jakarta/xml/bind/jakarta.xml.bind-api/2.3.3/jakarta.xml.bind-api-2.3.3.jar
/home/jbergqvist/.m2/repository/jakarta/activation/jakarta.activation-api/1.2.2/jakarta.activation-api-1.2.2.jar
/home/jbergqvist/.m2/repository/ch/qos/logback/logback-classic/1.2.9/logback-classic-1.2.9.jar
/home/jbergqvist/.m2/repository/ch/qos/logback/logback-core/1.2.9/logback-core-1.2.9.jar
16:42:57.728 [INFO]   [Checking]    Detected test framework: JUnit 4.13.2
16:42:57.734 [INFO]   [Checking]    Detected test framework: JUnit Jupiter API 5.8.2
16:42:57.740 [INFO]   [Checking]    Detected JUnit Jupiter Engine version 5.8.2
16:42:57.745 [INFO]   [Checking]    Detected JUnit Jupiter Params version 5.8.2
16:42:57.759 [INFO]   [Checking]    Detected JUnit Vintage Engine version 5.8.2
16:42:57.770 [INFO]   [Checking]    Detected Mockito Core version 4.0.0
16:42:57.932 [INFO]   [Checking]    Indexing...
16:42:58.226 [INFO]   [Checking]    Selected test output directory: /home/jbergqvist/diffblue/finos-messageml-utils/src/test/java
16:42:58.238 [INFO]   [Checking]    Using default build rules as no custom rules found in any of [/home/jbergqvist/diffblue/finos-messageml-utils]
16:42:58.239 [INFO]   [Checking]    Attempting to invoke /home/jbergqvist/diffblue/finos-messageml-utils/mvnw in working directory: /home/jbergqvist/diffblue/finos-messageml-utils
16:42:58.240 [INFO]   [Checking]    Started "/home/jbergqvist/diffblue/finos-messageml-utils/mvnw -Dmaven.ext.class.path=/opt/cover/cover-buildsystem-maven-spy-jar-with-dependencies.jar -Dcom.diffblue.cover.skipTests=true -DskipTestOptimizer --batch-mode --projects=org.symphonyoss.symphony:messageml --global-settings=/home/jbergqvist/.sdkman/candidates/maven/current/conf/settings.xml test -DfailIfNoTests=false -Dsurefire.failIfNoSpecifiedTests=false -Dmaven.test.failure.ignore=True -Dtest=DummyJupiterDiffblueTest"
16:42:58.942 [INFO]   [Checking]    out: [INFO] Scanning for projects...
16:42:58.983 [INFO]   [Checking]    out: [INFO] 
16:42:58.983 [INFO]   [Checking]    out: [INFO] -----------------< org.symphonyoss.symphony:messageml >-----------------
16:42:58.983 [INFO]   [Checking]    out: [INFO] Building MessageML Utils 0.13.0
16:42:58.983 [INFO]   [Checking]    out: [INFO] --------------------------------[ jar ]---------------------------------
16:42:59.291 [INFO]   [Checking]    deserializing line [DIFFBLUE]{"__type":"com.diffblue.cover.buildsystem.model.DefaultEventMessage","project":"org.symphonyoss.symphony:messageml","goal":"resources","cause":null,"state":"STARTED"}
16:42:59.295 [INFO]   [Checking]    out: [INFO] 
16:42:59.295 [INFO]   [Checking]    out: [INFO] --- maven-resources-plugin:2.6:resources (default-resources) @ messageml ---
16:42:59.386 [INFO]   [Checking]    out: [INFO] Using 'UTF-8' encoding to copy filtered resources.
16:42:59.388 [INFO]   [Checking]    out: [INFO] Copying 1 resource
16:42:59.392 [INFO]   [Checking]    deserializing line [DIFFBLUE]{"__type":"com.diffblue.cover.buildsystem.model.DefaultEventMessage","project":"org.symphonyoss.symphony:messageml","goal":"resources","cause":null,"state":"SUCCESS"}
16:42:59.394 [INFO]   [Checking]    deserializing line [DIFFBLUE]{"__type":"com.diffblue.cover.buildsystem.model.DefaultEventMessage","project":"org.symphonyoss.symphony:messageml","goal":"compile","cause":null,"state":"STARTED"}
16:42:59.397 [INFO]   [Checking]    out: [INFO] 
16:42:59.397 [INFO]   [Checking]    out: [INFO] --- maven-compiler-plugin:3.1:compile (default-compile) @ messageml ---
16:42:59.519 [INFO]   [Checking]    out: [INFO] Nothing to compile - all classes are up to date
16:42:59.521 [INFO]   [Checking]    deserializing line [DIFFBLUE]{"__type":"com.diffblue.cover.buildsystem.model.DefaultEventMessage","project":"org.symphonyoss.symphony:messageml","goal":"compile","cause":null,"state":"SUCCESS"}
16:42:59.524 [INFO]   [Checking]    deserializing line [DIFFBLUE]{"__type":"com.diffblue.cover.buildsystem.model.DefaultEventMessage","project":"org.symphonyoss.symphony:messageml","goal":"testResources","cause":null,"state":"STARTED"}
16:42:59.526 [INFO]   [Checking]    out: [INFO] 
16:42:59.526 [INFO]   [Checking]    out: [INFO] --- maven-resources-plugin:2.6:testResources (default-testResources) @ messageml ---
16:42:59.526 [INFO]   [Checking]    out: [INFO] Using 'UTF-8' encoding to copy filtered resources.
16:42:59.526 [INFO]   [Checking]    out: [INFO] Copying 36 resources
16:42:59.529 [INFO]   [Checking]    deserializing line [DIFFBLUE]{"__type":"com.diffblue.cover.buildsystem.model.DefaultEventMessage","project":"org.symphonyoss.symphony:messageml","goal":"testResources","cause":null,"state":"SUCCESS"}
16:42:59.531 [INFO]   [Checking]    deserializing line [DIFFBLUE]{"__type":"com.diffblue.cover.buildsystem.model.DefaultEventMessage","project":"org.symphonyoss.symphony:messageml","goal":"testCompile","cause":null,"state":"STARTED"}
16:42:59.534 [INFO]   [Checking]    out: [INFO] 
16:42:59.534 [INFO]   [Checking]    out: [INFO] --- maven-compiler-plugin:3.1:testCompile (default-testCompile) @ messageml ---
16:42:59.537 [INFO]   [Checking]    out: [INFO] Changes detected - recompiling the module!
16:42:59.540 [INFO]   [Checking]    out: [INFO] Compiling 60 source files to /home/jbergqvist/diffblue/finos-messageml-utils/target/test-classes
16:43:01.942 [INFO]   [Checking]    out: [WARNING] /home/jbergqvist/diffblue/finos-messageml-utils/src/test/java/org/symphonyoss/symphony/messageml/elements/ElementTest.java: Some input files use or override a deprecated API.
16:43:01.943 [INFO]   [Checking]    out: [WARNING] /home/jbergqvist/diffblue/finos-messageml-utils/src/test/java/org/symphonyoss/symphony/messageml/elements/ElementTest.java: Recompile with -Xlint:deprecation for details.
16:43:01.943 [INFO]   [Checking]    out: [WARNING] /home/jbergqvist/diffblue/finos-messageml-utils/src/test/java/org/symphonyoss/symphony/messageml/MessageMLContextTest.java: /home/jbergqvist/diffblue/finos-messageml-utils/src/test/java/org/symphonyoss/symphony/messageml/MessageMLContextTest.java uses unchecked or unsafe operations.
16:43:01.943 [INFO]   [Checking]    out: [WARNING] /home/jbergqvist/diffblue/finos-messageml-utils/src/test/java/org/symphonyoss/symphony/messageml/MessageMLContextTest.java: Recompile with -Xlint:unchecked for details.
16:43:01.944 [INFO]   [Checking]    deserializing line [DIFFBLUE]{"__type":"com.diffblue.cover.buildsystem.model.DefaultEventMessage","project":"org.symphonyoss.symphony:messageml","goal":"testCompile","cause":null,"state":"SUCCESS"}
16:43:01.948 [INFO]   [Checking]    deserializing line [DIFFBLUE]{"__type":"com.diffblue.cover.buildsystem.model.DefaultEventMessage","project":"org.symphonyoss.symphony:messageml","goal":"test","cause":null,"state":"STARTED"}
16:43:01.951 [INFO]   [Checking]    out: [INFO] 
16:43:01.951 [INFO]   [Checking]    out: [INFO] --- maven-surefire-plugin:2.22.2:test (default-test) @ messageml ---
16:43:02.136 [INFO]   [Checking]    out: [INFO] 
16:43:02.137 [INFO]   [Checking]    out: [INFO] -------------------------------------------------------
16:43:02.137 [INFO]   [Checking]    out: [INFO]  T E S T S
16:43:02.137 [INFO]   [Checking]    out: [INFO] -------------------------------------------------------
16:43:02.497 [INFO]   [Checking]    out: [INFO] Running DummyJupiterDiffblueTest
16:43:02.515 [INFO]   [Checking]    out: [INFO] Tests run: 1, Failures: 0, Errors: 0, Skipped: 0, Time elapsed: 0.012 s - in DummyJupiterDiffblueTest
16:43:02.839 [INFO]   [Checking]    out: [INFO] 
16:43:02.839 [INFO]   [Checking]    out: [INFO] Results:
16:43:02.839 [INFO]   [Checking]    out: [INFO] 
16:43:02.839 [INFO]   [Checking]    out: [INFO] Tests run: 1, Failures: 0, Errors: 0, Skipped: 0
16:43:02.839 [INFO]   [Checking]    out: [INFO] 
16:43:02.843 [INFO]   [Checking]    deserializing line [DIFFBLUE]{"__type":"com.diffblue.cover.buildsystem.model.DefaultEventMessage","project":"org.symphonyoss.symphony:messageml","goal":"test","cause":null,"state":"SUCCESS"}
16:43:02.870 [INFO]   [Checking]    deserializing line [DIFFBLUE]{"__type":"com.diffblue.cover.buildsystem.model.DefaultProjectModuleMessage","project":{"__type":"DefaultProjectModule","junitReport":["/home/jbergqvist/diffblue/finos-messageml-utils/target/surefire-reports"],"jacocoReport":["/home/jbergqvist/diffblue/finos-messageml-utils/target/site/jacoco/jacoco.xml"],"jacocoDestFile":["/home/jbergqvist/diffblue/finos-messageml-utils/target/jacoco.exec"],"jacocoFormats":["xml"],"jacocoSkipped":false,"classpath":["/home/jbergqvist/diffblue/finos-messageml-utils/target/classes","/home/jbergqvist/.m2/repository/org/projectlombok/lombok/1.18.42/lombok-1.18.42.jar","/home/jbergqvist/.m2/repository/com/github/java-json-tools/json-schema-validator/2.2.14/json-schema-validator-2.2.14.jar","/home/jbergqvist/.m2/repository/com/github/java-json-tools/jackson-coreutils-equivalence/1.0/jackson-coreutils-equivalence-1.0.jar","/home/jbergqvist/.m2/repository/com/github/java-json-tools/jackson-coreutils/2.0/jackson-coreutils-2.0.jar","/home/jbergqvist/.m2/repository/com/github/java-json-tools/msg-simple/1.2/msg-simple-1.2.jar","/home/jbergqvist/.m2/repository/com/github/java-json-tools/btf/1.3/btf-1.3.jar","/home/jbergqvist/.m2/repository/com/github/java-json-tools/json-schema-core/1.2.14/json-schema-core-1.2.14.jar","/home/jbergqvist/.m2/repository/com/github/java-json-tools/uri-template/0.10/uri-template-0.10.jar","/home/jbergqvist/.m2/repository/com/sun/mail/mailapi/1.6.2/mailapi-1.6.2.jar","/home/jbergqvist/.m2/repository/joda-time/joda-time/2.10.5/joda-time-2.10.5.jar","/home/jbergqvist/.m2/repository/com/googlecode/libphonenumber/libphonenumber/8.11.1/libphonenumber-8.11.1.jar","/home/jbergqvist/.m2/repository/com/google/code/findbugs/jsr305/3.0.2/jsr305-3.0.2.jar","/home/jbergqvist/.m2/repository/net/sf/jopt-simple/jopt-simple/5.0.4/jopt-simple-5.0.4.jar","/home/jbergqvist/.m2/repository/org/mozilla/rhino/1.7.13/rhino-1.7.13.jar","/home/jbergqvist/.m2/repository/com/google/guava/guava/32.1.2-jre/guava-32.1.2-jre.jar","/home/jbergqvist/.m2/repository/com/google/guava/failureaccess/1.0.1/failureaccess-1.0.1.jar","/home/jbergqvist/.m2/repository/com/google/guava/listenablefuture/9999.0-empty-to-avoid-conflict-with-guava/listenablefuture-9999.0-empty-to-avoid-conflict-with-guava.jar","/home/jbergqvist/.m2/repository/org/checkerframework/checker-qual/3.33.0/checker-qual-3.33.0.jar","/home/jbergqvist/.m2/repository/com/google/errorprone/error_prone_annotations/2.18.0/error_prone_annotations-2.18.0.jar","/home/jbergqvist/.m2/repository/com/google/j2objc/j2objc-annotations/2.8/j2objc-annotations-2.8.jar","/home/jbergqvist/.m2/repository/com/fasterxml/jackson/core/jackson-core/2.15.2/jackson-core-2.15.2.jar","/home/jbergqvist/.m2/repository/com/fasterxml/jackson/core/jackson-databind/2.15.2/jackson-databind-2.15.2.jar","/home/jbergqvist/.m2/repository/com/fasterxml/jackson/core/jackson-annotations/2.15.2/jackson-annotations-2.15.2.jar","/home/jbergqvist/.m2/repository/commons-io/commons-io/2.11.0/commons-io-2.11.0.jar","/home/jbergqvist/.m2/repository/org/apache/commons/commons-lang3/3.12.0/commons-lang3-3.12.0.jar","/home/jbergqvist/.m2/repository/org/freemarker/freemarker/2.3.31/freemarker-2.3.31.jar","/home/jbergqvist/.m2/repository/org/slf4j/slf4j-api/1.7.32/slf4j-api-1.7.32.jar","/home/jbergqvist/.m2/repository/com/diffblue/cover/cover-annotations/1.8.0/cover-annotations-1.8.0.jar","/home/jbergqvist/.m2/repository/com/atlassian/commonmark/commonmark/0.15.2/commonmark-0.15.2.jar","/home/jbergqvist/.m2/repository/org/junit/jupiter/junit-jupiter-api/5.8.2/junit-jupiter-api-5.8.2.jar","/home/jbergqvist/.m2/repository/org/opentest4j/opentest4j/1.2.0/opentest4j-1.2.0.jar","/home/jbergqvist/.m2/repository/org/junit/platform/junit-platform-commons/1.8.2/junit-platform-commons-1.8.2.jar","/home/jbergqvist/.m2/repository/org/apiguardian/apiguardian-api/1.1.2/apiguardian-api-1.1.2.jar","/home/jbergqvist/.m2/repository/org/junit/jupiter/junit-jupiter-params/5.8.2/junit-jupiter-params-5.8.2.jar","/home/jbergqvist/.m2/repository/org/junit/jupiter/junit-jupiter-engine/5.8.2/junit-jupiter-engine-5.8.2.jar","/home/jbergqvist/.m2/repository/org/junit/platform/junit-platform-engine/1.8.2/junit-platform-engine-1.8.2.jar","/home/jbergqvist/.m2/repository/org/junit/vintage/junit-vintage-engine/5.8.2/junit-vintage-engine-5.8.2.jar","/home/jbergqvist/.m2/repository/junit/junit/4.13.2/junit-4.13.2.jar","/home/jbergqvist/.m2/repository/org/hamcrest/hamcrest-core/1.3/hamcrest-core-1.3.jar","/home/jbergqvist/.m2/repository/org/mockito/mockito-core/4.0.0/mockito-core-4.0.0.jar","/home/jbergqvist/.m2/repository/net/bytebuddy/byte-buddy/1.11.19/byte-buddy-1.11.19.jar","/home/jbergqvist/.m2/repository/net/bytebuddy/byte-buddy-agent/1.11.19/byte-buddy-agent-1.11.19.jar","/home/jbergqvist/.m2/repository/org/objenesis/objenesis/3.2/objenesis-3.2.jar","/home/jbergqvist/.m2/repository/org/openjdk/jmh/jmh-core/1.33/jmh-core-1.33.jar","/home/jbergqvist/.m2/repository/org/apache/commons/commons-math3/3.2/commons-math3-3.2.jar","/home/jbergqvist/.m2/repository/org/openjdk/jmh/jmh-generator-annprocess/1.33/jmh-generator-annprocess-1.33.jar","/home/jbergqvist/.m2/repository/org/xmlunit/xmlunit-core/2.8.3/xmlunit-core-2.8.3.jar","/home/jbergqvist/.m2/repository/jakarta/xml/bind/jakarta.xml.bind-api/2.3.3/jakarta.xml.bind-api-2.3.3.jar","/home/jbergqvist/.m2/repository/jakarta/activation/jakarta.activation-api/1.2.2/jakarta.activation-api-1.2.2.jar","/home/jbergqvist/.m2/repository/ch/qos/logback/logback-classic/1.2.9/logback-classic-1.2.9.jar","/home/jbergqvist/.m2/repository/ch/qos/logback/logback-core/1.2.9/logback-core-1.2.9.jar"],"complianceLevel":"1.8","productionSources":["/home/jbergqvist/diffblue/finos-messageml-utils/src/main/java"],"testSources":["/home/jbergqvist/diffblue/finos-messageml-utils/src/test/java"],"productionClasses":"/home/jbergqvist/diffblue/finos-messageml-utils/target/classes","testClasses":"/home/jbergqvist/diffblue/finos-messageml-utils/target/test-classes","sourceToBuildPathMap":null,"testSourceToBuildPathMap":null,"buildDirectory":"/home/jbergqvist/diffblue/finos-messageml-utils/target","plugins":[{"__type":"DefaultPlugin","groupId":"org.apache.maven.plugins","artefactId":"maven-surefire-plugin","version":"2.22.2","pluginClassName":null},{"__type":"DefaultPlugin","groupId":"org.apache.maven.plugins","artefactId":"maven-clean-plugin","version":"2.5","pluginClassName":null},{"__type":"DefaultPlugin","groupId":"org.apache.maven.plugins","artefactId":"maven-resources-plugin","version":"2.6","pluginClassName":null},{"__type":"DefaultPlugin","groupId":"org.apache.maven.plugins","artefactId":"maven-jar-plugin","version":"3.2.2","pluginClassName":null},{"__type":"DefaultPlugin","groupId":"org.apache.maven.plugins","artefactId":"maven-compiler-plugin","version":"3.1","pluginClassName":null},{"__type":"DefaultPlugin","groupId":"org.apache.maven.plugins","artefactId":"maven-install-plugin","version":"2.4","pluginClassName":null},{"__type":"DefaultPlugin","groupId":"org.apache.maven.plugins","artefactId":"maven-deploy-plugin","version":"3.0.0-M1","pluginClassName":null},{"__type":"DefaultPlugin","groupId":"org.apache.maven.plugins","artefactId":"maven-site-plugin","version":"3.3","pluginClassName":null}],"version":"3.8.4","encoding":"UTF-8","name":"maven","subModules":[],"simpleModuleName":null,"parentModuleName":null,"location":"/home/jbergqvist/diffblue/finos-messageml-utils","fullModuleName":"org.symphonyoss.symphony:messageml"}}
16:43:02.876 [INFO]   [Checking]    out: [INFO] ------------------------------------------------------------------------
16:43:02.876 [INFO]   [Checking]    out: [INFO] BUILD SUCCESS
16:43:02.876 [INFO]   [Checking]    out: [INFO] ------------------------------------------------------------------------
16:43:02.876 [INFO]   [Checking]    out: [INFO] Total time:  3.942 s
16:43:02.876 [INFO]   [Checking]    out: [INFO] Finished at: 2026-01-09T16:43:02Z
16:43:02.876 [INFO]   [Checking]    out: [INFO] ------------------------------------------------------------------------
16:43:02.876 [INFO]   [Checking]    deserializing line [DIFFBLUE]{"__type":"com.diffblue.cover.buildsystem.model.ProjectInfoMessage","projectName":"org.symphonyoss.symphony:messageml","productionSources":["/home/jbergqvist/diffblue/finos-messageml-utils/src/main/java"],"testSources":["/home/jbergqvist/diffblue/finos-messageml-utils/src/test/java"],"location":"/home/jbergqvist/diffblue/finos-messageml-utils"}
16:43:02.915 [INFO]   [Checking]    maven:err process not stopped, joining thread
16:43:02.916 [INFO]   [Checking]    maven:out process not stopped, joining thread
16:43:02.925 [INFO]   [Checking]    Using default build rules as no custom rules found in any of [/home/jbergqvist/diffblue/finos-messageml-utils]
16:43:02.925 [INFO]   [Checking]    Attempting to invoke /home/jbergqvist/diffblue/finos-messageml-utils/mvnw in working directory: /home/jbergqvist/diffblue/finos-messageml-utils
16:43:02.925 [INFO]   [Checking]    Started "/home/jbergqvist/diffblue/finos-messageml-utils/mvnw -Dmaven.ext.class.path=/opt/cover/cover-buildsystem-maven-spy-jar-with-dependencies.jar -Dcom.diffblue.cover.skipTests=true -DskipTestOptimizer --batch-mode --projects=org.symphonyoss.symphony:messageml --global-settings=/home/jbergqvist/.sdkman/candidates/maven/current/conf/settings.xml test -DfailIfNoTests=false -Dsurefire.failIfNoSpecifiedTests=false -Dmaven.test.failure.ignore=True -Dtest=DummyJunitDiffblueTest"
16:43:03.547 [INFO]   [Checking]    out: [INFO] Scanning for projects...
16:43:03.588 [INFO]   [Checking]    out: [INFO] 
16:43:03.588 [INFO]   [Checking]    out: [INFO] -----------------< org.symphonyoss.symphony:messageml >-----------------
16:43:03.589 [INFO]   [Checking]    out: [INFO] Building MessageML Utils 0.13.0
16:43:03.589 [INFO]   [Checking]    out: [INFO] --------------------------------[ jar ]---------------------------------
16:43:03.857 [INFO]   [Checking]    deserializing line [DIFFBLUE]{"__type":"com.diffblue.cover.buildsystem.model.DefaultEventMessage","project":"org.symphonyoss.symphony:messageml","goal":"resources","cause":null,"state":"STARTED"}
16:43:03.859 [INFO]   [Checking]    out: [INFO] 
16:43:03.859 [INFO]   [Checking]    out: [INFO] --- maven-resources-plugin:2.6:resources (default-resources) @ messageml ---
16:43:03.942 [INFO]   [Checking]    out: [INFO] Using 'UTF-8' encoding to copy filtered resources.
16:43:03.943 [INFO]   [Checking]    out: [INFO] Copying 1 resource
16:43:03.947 [INFO]   [Checking]    deserializing line [DIFFBLUE]{"__type":"com.diffblue.cover.buildsystem.model.DefaultEventMessage","project":"org.symphonyoss.symphony:messageml","goal":"resources","cause":null,"state":"SUCCESS"}
16:43:03.949 [INFO]   [Checking]    deserializing line [DIFFBLUE]{"__type":"com.diffblue.cover.buildsystem.model.DefaultEventMessage","project":"org.symphonyoss.symphony:messageml","goal":"compile","cause":null,"state":"STARTED"}
16:43:03.950 [INFO]   [Checking]    out: [INFO] 
16:43:03.950 [INFO]   [Checking]    out: [INFO] --- maven-compiler-plugin:3.1:compile (default-compile) @ messageml ---
16:43:04.068 [INFO]   [Checking]    out: [INFO] Nothing to compile - all classes are up to date
16:43:04.070 [INFO]   [Checking]    deserializing line [DIFFBLUE]{"__type":"com.diffblue.cover.buildsystem.model.DefaultEventMessage","project":"org.symphonyoss.symphony:messageml","goal":"compile","cause":null,"state":"SUCCESS"}
16:43:04.072 [INFO]   [Checking]    deserializing line [DIFFBLUE]{"__type":"com.diffblue.cover.buildsystem.model.DefaultEventMessage","project":"org.symphonyoss.symphony:messageml","goal":"testResources","cause":null,"state":"STARTED"}
16:43:04.074 [INFO]   [Checking]    out: [INFO] 
16:43:04.074 [INFO]   [Checking]    out: [INFO] --- maven-resources-plugin:2.6:testResources (default-testResources) @ messageml ---
16:43:04.074 [INFO]   [Checking]    out: [INFO] Using 'UTF-8' encoding to copy filtered resources.
16:43:04.075 [INFO]   [Checking]    out: [INFO] Copying 36 resources
16:43:04.077 [INFO]   [Checking]    deserializing line [DIFFBLUE]{"__type":"com.diffblue.cover.buildsystem.model.DefaultEventMessage","project":"org.symphonyoss.symphony:messageml","goal":"testResources","cause":null,"state":"SUCCESS"}
16:43:04.079 [INFO]   [Checking]    deserializing line [DIFFBLUE]{"__type":"com.diffblue.cover.buildsystem.model.DefaultEventMessage","project":"org.symphonyoss.symphony:messageml","goal":"testCompile","cause":null,"state":"STARTED"}
16:43:04.081 [INFO]   [Checking]    out: [INFO] 
16:43:04.081 [INFO]   [Checking]    out: [INFO] --- maven-compiler-plugin:3.1:testCompile (default-testCompile) @ messageml ---
16:43:04.086 [INFO]   [Checking]    out: [INFO] Changes detected - recompiling the module!
16:43:04.089 [INFO]   [Checking]    out: [INFO] Compiling 60 source files to /home/jbergqvist/diffblue/finos-messageml-utils/target/test-classes
16:43:06.486 [INFO]   [Checking]    out: [WARNING] /home/jbergqvist/diffblue/finos-messageml-utils/src/test/java/org/symphonyoss/symphony/messageml/elements/ElementTest.java: Some input files use or override a deprecated API.
16:43:06.486 [INFO]   [Checking]    out: [WARNING] /home/jbergqvist/diffblue/finos-messageml-utils/src/test/java/org/symphonyoss/symphony/messageml/elements/ElementTest.java: Recompile with -Xlint:deprecation for details.
16:43:06.486 [INFO]   [Checking]    out: [WARNING] /home/jbergqvist/diffblue/finos-messageml-utils/src/test/java/org/symphonyoss/symphony/messageml/MessageMLContextTest.java: /home/jbergqvist/diffblue/finos-messageml-utils/src/test/java/org/symphonyoss/symphony/messageml/MessageMLContextTest.java uses unchecked or unsafe operations.
16:43:06.487 [INFO]   [Checking]    out: [WARNING] /home/jbergqvist/diffblue/finos-messageml-utils/src/test/java/org/symphonyoss/symphony/messageml/MessageMLContextTest.java: Recompile with -Xlint:unchecked for details.
16:43:06.488 [INFO]   [Checking]    deserializing line [DIFFBLUE]{"__type":"com.diffblue.cover.buildsystem.model.DefaultEventMessage","project":"org.symphonyoss.symphony:messageml","goal":"testCompile","cause":null,"state":"SUCCESS"}
16:43:06.491 [INFO]   [Checking]    deserializing line [DIFFBLUE]{"__type":"com.diffblue.cover.buildsystem.model.DefaultEventMessage","project":"org.symphonyoss.symphony:messageml","goal":"test","cause":null,"state":"STARTED"}
16:43:06.494 [INFO]   [Checking]    out: [INFO] 
16:43:06.495 [INFO]   [Checking]    out: [INFO] --- maven-surefire-plugin:2.22.2:test (default-test) @ messageml ---
16:43:06.679 [INFO]   [Checking]    out: [INFO] 
16:43:06.679 [INFO]   [Checking]    out: [INFO] -------------------------------------------------------
16:43:06.679 [INFO]   [Checking]    out: [INFO]  T E S T S
16:43:06.679 [INFO]   [Checking]    out: [INFO] -------------------------------------------------------
16:43:07.017 [INFO]   [Checking]    out: [INFO] Running DummyJunitDiffblueTest
16:43:07.026 [INFO]   [Checking]    out: [INFO] Tests run: 1, Failures: 0, Errors: 0, Skipped: 0, Time elapsed: 0.003 s - in DummyJunitDiffblueTest
16:43:07.350 [INFO]   [Checking]    out: [INFO] 
16:43:07.350 [INFO]   [Checking]    out: [INFO] Results:
16:43:07.351 [INFO]   [Checking]    out: [INFO] 
16:43:07.351 [INFO]   [Checking]    out: [INFO] Tests run: 1, Failures: 0, Errors: 0, Skipped: 0
16:43:07.351 [INFO]   [Checking]    out: [INFO] 
16:43:07.355 [INFO]   [Checking]    deserializing line [DIFFBLUE]{"__type":"com.diffblue.cover.buildsystem.model.DefaultEventMessage","project":"org.symphonyoss.symphony:messageml","goal":"test","cause":null,"state":"SUCCESS"}
16:43:07.383 [INFO]   [Checking]    deserializing line [DIFFBLUE]{"__type":"com.diffblue.cover.buildsystem.model.DefaultProjectModuleMessage","project":{"__type":"DefaultProjectModule","junitReport":["/home/jbergqvist/diffblue/finos-messageml-utils/target/surefire-reports"],"jacocoReport":["/home/jbergqvist/diffblue/finos-messageml-utils/target/site/jacoco/jacoco.xml"],"jacocoDestFile":["/home/jbergqvist/diffblue/finos-messageml-utils/target/jacoco.exec"],"jacocoFormats":["xml"],"jacocoSkipped":false,"classpath":["/home/jbergqvist/diffblue/finos-messageml-utils/target/classes","/home/jbergqvist/.m2/repository/org/projectlombok/lombok/1.18.42/lombok-1.18.42.jar","/home/jbergqvist/.m2/repository/com/github/java-json-tools/json-schema-validator/2.2.14/json-schema-validator-2.2.14.jar","/home/jbergqvist/.m2/repository/com/github/java-json-tools/jackson-coreutils-equivalence/1.0/jackson-coreutils-equivalence-1.0.jar","/home/jbergqvist/.m2/repository/com/github/java-json-tools/jackson-coreutils/2.0/jackson-coreutils-2.0.jar","/home/jbergqvist/.m2/repository/com/github/java-json-tools/msg-simple/1.2/msg-simple-1.2.jar","/home/jbergqvist/.m2/repository/com/github/java-json-tools/btf/1.3/btf-1.3.jar","/home/jbergqvist/.m2/repository/com/github/java-json-tools/json-schema-core/1.2.14/json-schema-core-1.2.14.jar","/home/jbergqvist/.m2/repository/com/github/java-json-tools/uri-template/0.10/uri-template-0.10.jar","/home/jbergqvist/.m2/repository/com/sun/mail/mailapi/1.6.2/mailapi-1.6.2.jar","/home/jbergqvist/.m2/repository/joda-time/joda-time/2.10.5/joda-time-2.10.5.jar","/home/jbergqvist/.m2/repository/com/googlecode/libphonenumber/libphonenumber/8.11.1/libphonenumber-8.11.1.jar","/home/jbergqvist/.m2/repository/com/google/code/findbugs/jsr305/3.0.2/jsr305-3.0.2.jar","/home/jbergqvist/.m2/repository/net/sf/jopt-simple/jopt-simple/5.0.4/jopt-simple-5.0.4.jar","/home/jbergqvist/.m2/repository/org/mozilla/rhino/1.7.13/rhino-1.7.13.jar","/home/jbergqvist/.m2/repository/com/google/guava/guava/32.1.2-jre/guava-32.1.2-jre.jar","/home/jbergqvist/.m2/repository/com/google/guava/failureaccess/1.0.1/failureaccess-1.0.1.jar","/home/jbergqvist/.m2/repository/com/google/guava/listenablefuture/9999.0-empty-to-avoid-conflict-with-guava/listenablefuture-9999.0-empty-to-avoid-conflict-with-guava.jar","/home/jbergqvist/.m2/repository/org/checkerframework/checker-qual/3.33.0/checker-qual-3.33.0.jar","/home/jbergqvist/.m2/repository/com/google/errorprone/error_prone_annotations/2.18.0/error_prone_annotations-2.18.0.jar","/home/jbergqvist/.m2/repository/com/google/j2objc/j2objc-annotations/2.8/j2objc-annotations-2.8.jar","/home/jbergqvist/.m2/repository/com/fasterxml/jackson/core/jackson-core/2.15.2/jackson-core-2.15.2.jar","/home/jbergqvist/.m2/repository/com/fasterxml/jackson/core/jackson-databind/2.15.2/jackson-databind-2.15.2.jar","/home/jbergqvist/.m2/repository/com/fasterxml/jackson/core/jackson-annotations/2.15.2/jackson-annotations-2.15.2.jar","/home/jbergqvist/.m2/repository/commons-io/commons-io/2.11.0/commons-io-2.11.0.jar","/home/jbergqvist/.m2/repository/org/apache/commons/commons-lang3/3.12.0/commons-lang3-3.12.0.jar","/home/jbergqvist/.m2/repository/org/freemarker/freemarker/2.3.31/freemarker-2.3.31.jar","/home/jbergqvist/.m2/repository/org/slf4j/slf4j-api/1.7.32/slf4j-api-1.7.32.jar","/home/jbergqvist/.m2/repository/com/diffblue/cover/cover-annotations/1.8.0/cover-annotations-1.8.0.jar","/home/jbergqvist/.m2/repository/com/atlassian/commonmark/commonmark/0.15.2/commonmark-0.15.2.jar","/home/jbergqvist/.m2/repository/org/junit/jupiter/junit-jupiter-api/5.8.2/junit-jupiter-api-5.8.2.jar","/home/jbergqvist/.m2/repository/org/opentest4j/opentest4j/1.2.0/opentest4j-1.2.0.jar","/home/jbergqvist/.m2/repository/org/junit/platform/junit-platform-commons/1.8.2/junit-platform-commons-1.8.2.jar","/home/jbergqvist/.m2/repository/org/apiguardian/apiguardian-api/1.1.2/apiguardian-api-1.1.2.jar","/home/jbergqvist/.m2/repository/org/junit/jupiter/junit-jupiter-params/5.8.2/junit-jupiter-params-5.8.2.jar","/home/jbergqvist/.m2/repository/org/junit/jupiter/junit-jupiter-engine/5.8.2/junit-jupiter-engine-5.8.2.jar","/home/jbergqvist/.m2/repository/org/junit/platform/junit-platform-engine/1.8.2/junit-platform-engine-1.8.2.jar","/home/jbergqvist/.m2/repository/org/junit/vintage/junit-vintage-engine/5.8.2/junit-vintage-engine-5.8.2.jar","/home/jbergqvist/.m2/repository/junit/junit/4.13.2/junit-4.13.2.jar","/home/jbergqvist/.m2/repository/org/hamcrest/hamcrest-core/1.3/hamcrest-core-1.3.jar","/home/jbergqvist/.m2/repository/org/mockito/mockito-core/4.0.0/mockito-core-4.0.0.jar","/home/jbergqvist/.m2/repository/net/bytebuddy/byte-buddy/1.11.19/byte-buddy-1.11.19.jar","/home/jbergqvist/.m2/repository/net/bytebuddy/byte-buddy-agent/1.11.19/byte-buddy-agent-1.11.19.jar","/home/jbergqvist/.m2/repository/org/objenesis/objenesis/3.2/objenesis-3.2.jar","/home/jbergqvist/.m2/repository/org/openjdk/jmh/jmh-core/1.33/jmh-core-1.33.jar","/home/jbergqvist/.m2/repository/org/apache/commons/commons-math3/3.2/commons-math3-3.2.jar","/home/jbergqvist/.m2/repository/org/openjdk/jmh/jmh-generator-annprocess/1.33/jmh-generator-annprocess-1.33.jar","/home/jbergqvist/.m2/repository/org/xmlunit/xmlunit-core/2.8.3/xmlunit-core-2.8.3.jar","/home/jbergqvist/.m2/repository/jakarta/xml/bind/jakarta.xml.bind-api/2.3.3/jakarta.xml.bind-api-2.3.3.jar","/home/jbergqvist/.m2/repository/jakarta/activation/jakarta.activation-api/1.2.2/jakarta.activation-api-1.2.2.jar","/home/jbergqvist/.m2/repository/ch/qos/logback/logback-classic/1.2.9/logback-classic-1.2.9.jar","/home/jbergqvist/.m2/repository/ch/qos/logback/logback-core/1.2.9/logback-core-1.2.9.jar"],"complianceLevel":"1.8","productionSources":["/home/jbergqvist/diffblue/finos-messageml-utils/src/main/java"],"testSources":["/home/jbergqvist/diffblue/finos-messageml-utils/src/test/java"],"productionClasses":"/home/jbergqvist/diffblue/finos-messageml-utils/target/classes","testClasses":"/home/jbergqvist/diffblue/finos-messageml-utils/target/test-classes","sourceToBuildPathMap":null,"testSourceToBuildPathMap":null,"buildDirectory":"/home/jbergqvist/diffblue/finos-messageml-utils/target","plugins":[{"__type":"DefaultPlugin","groupId":"org.apache.maven.plugins","artefactId":"maven-surefire-plugin","version":"2.22.2","pluginClassName":null},{"__type":"DefaultPlugin","groupId":"org.apache.maven.plugins","artefactId":"maven-clean-plugin","version":"2.5","pluginClassName":null},{"__type":"DefaultPlugin","groupId":"org.apache.maven.plugins","artefactId":"maven-resources-plugin","version":"2.6","pluginClassName":null},{"__type":"DefaultPlugin","groupId":"org.apache.maven.plugins","artefactId":"maven-jar-plugin","version":"3.2.2","pluginClassName":null},{"__type":"DefaultPlugin","groupId":"org.apache.maven.plugins","artefactId":"maven-compiler-plugin","version":"3.1","pluginClassName":null},{"__type":"DefaultPlugin","groupId":"org.apache.maven.plugins","artefactId":"maven-install-plugin","version":"2.4","pluginClassName":null},{"__type":"DefaultPlugin","groupId":"org.apache.maven.plugins","artefactId":"maven-deploy-plugin","version":"3.0.0-M1","pluginClassName":null},{"__type":"DefaultPlugin","groupId":"org.apache.maven.plugins","artefactId":"maven-site-plugin","version":"3.3","pluginClassName":null}],"version":"3.8.4","encoding":"UTF-8","name":"maven","subModules":[],"simpleModuleName":null,"parentModuleName":null,"location":"/home/jbergqvist/diffblue/finos-messageml-utils","fullModuleName":"org.symphonyoss.symphony:messageml"}}
16:43:07.389 [INFO]   [Checking]    out: [INFO] ------------------------------------------------------------------------
16:43:07.389 [INFO]   [Checking]    out: [INFO] BUILD SUCCESS
16:43:07.389 [INFO]   [Checking]    out: [INFO] ------------------------------------------------------------------------
16:43:07.389 [INFO]   [Checking]    out: [INFO] Total time:  3.849 s
16:43:07.389 [INFO]   [Checking]    out: [INFO] Finished at: 2026-01-09T16:43:07Z
16:43:07.389 [INFO]   [Checking]    out: [INFO] ------------------------------------------------------------------------
16:43:07.389 [INFO]   [Checking]    deserializing line [DIFFBLUE]{"__type":"com.diffblue.cover.buildsystem.model.ProjectInfoMessage","projectName":"org.symphonyoss.symphony:messageml","productionSources":["/home/jbergqvist/diffblue/finos-messageml-utils/src/main/java"],"testSources":["/home/jbergqvist/diffblue/finos-messageml-utils/src/test/java"],"location":"/home/jbergqvist/diffblue/finos-messageml-utils"}
16:43:07.435 [INFO]   [Checking]    maven:err process not stopped, joining thread
16:43:07.435 [INFO]   [Checking]    maven:out process not stopped, joining thread
16:43:07.820 [INFO]   [Checking]    Selected test framework: JUnit
16:43:07.959 [INFO]   [Checking]    Using default build rules as no custom rules found in any of [/home/jbergqvist/diffblue/finos-messageml-utils]
16:43:07.960 [INFO]   [Checking]    Attempting to invoke /home/jbergqvist/diffblue/finos-messageml-utils/mvnw in working directory: /home/jbergqvist/diffblue/finos-messageml-utils
16:43:07.960 [INFO]   [Checking]    Started "/home/jbergqvist/diffblue/finos-messageml-utils/mvnw -Dmaven.ext.class.path=/opt/cover/cover-buildsystem-maven-spy-jar-with-dependencies.jar -Dcom.diffblue.cover.skipTests=true -DskipTestOptimizer --batch-mode --projects=org.symphonyoss.symphony:messageml --global-settings=/home/jbergqvist/.sdkman/candidates/maven/current/conf/settings.xml test -DfailIfNoTests=false -Dsurefire.failIfNoSpecifiedTests=false -Dmaven.test.failure.ignore=True -Dtest=DummyJUnitJupiterLauncherDiffblueTest579803298130357205"
16:43:08.628 [INFO]   [Checking]    out: [INFO] Scanning for projects...
16:43:08.668 [INFO]   [Checking]    out: [INFO] 
16:43:08.669 [INFO]   [Checking]    out: [INFO] -----------------< org.symphonyoss.symphony:messageml >-----------------
16:43:08.669 [INFO]   [Checking]    out: [INFO] Building MessageML Utils 0.13.0
16:43:08.669 [INFO]   [Checking]    out: [INFO] --------------------------------[ jar ]---------------------------------
16:43:08.955 [INFO]   [Checking]    deserializing line [DIFFBLUE]{"__type":"com.diffblue.cover.buildsystem.model.DefaultEventMessage","project":"org.symphonyoss.symphony:messageml","goal":"resources","cause":null,"state":"STARTED"}
16:43:08.960 [INFO]   [Checking]    out: [INFO] 
16:43:08.960 [INFO]   [Checking]    out: [INFO] --- maven-resources-plugin:2.6:resources (default-resources) @ messageml ---
16:43:09.054 [INFO]   [Checking]    out: [INFO] Using 'UTF-8' encoding to copy filtered resources.
16:43:09.056 [INFO]   [Checking]    out: [INFO] Copying 1 resource
16:43:09.060 [INFO]   [Checking]    deserializing line [DIFFBLUE]{"__type":"com.diffblue.cover.buildsystem.model.DefaultEventMessage","project":"org.symphonyoss.symphony:messageml","goal":"resources","cause":null,"state":"SUCCESS"}
16:43:09.062 [INFO]   [Checking]    deserializing line [DIFFBLUE]{"__type":"com.diffblue.cover.buildsystem.model.DefaultEventMessage","project":"org.symphonyoss.symphony:messageml","goal":"compile","cause":null,"state":"STARTED"}
16:43:09.063 [INFO]   [Checking]    out: [INFO] 
16:43:09.063 [INFO]   [Checking]    out: [INFO] --- maven-compiler-plugin:3.1:compile (default-compile) @ messageml ---
16:43:09.181 [INFO]   [Checking]    out: [INFO] Nothing to compile - all classes are up to date
16:43:09.182 [INFO]   [Checking]    deserializing line [DIFFBLUE]{"__type":"com.diffblue.cover.buildsystem.model.DefaultEventMessage","project":"org.symphonyoss.symphony:messageml","goal":"compile","cause":null,"state":"SUCCESS"}
16:43:09.185 [INFO]   [Checking]    deserializing line [DIFFBLUE]{"__type":"com.diffblue.cover.buildsystem.model.DefaultEventMessage","project":"org.symphonyoss.symphony:messageml","goal":"testResources","cause":null,"state":"STARTED"}
16:43:09.186 [INFO]   [Checking]    out: [INFO] 
16:43:09.186 [INFO]   [Checking]    out: [INFO] --- maven-resources-plugin:2.6:testResources (default-testResources) @ messageml ---
16:43:09.186 [INFO]   [Checking]    out: [INFO] Using 'UTF-8' encoding to copy filtered resources.
16:43:09.187 [INFO]   [Checking]    out: [INFO] Copying 36 resources
16:43:09.189 [INFO]   [Checking]    deserializing line [DIFFBLUE]{"__type":"com.diffblue.cover.buildsystem.model.DefaultEventMessage","project":"org.symphonyoss.symphony:messageml","goal":"testResources","cause":null,"state":"SUCCESS"}
16:43:09.191 [INFO]   [Checking]    deserializing line [DIFFBLUE]{"__type":"com.diffblue.cover.buildsystem.model.DefaultEventMessage","project":"org.symphonyoss.symphony:messageml","goal":"testCompile","cause":null,"state":"STARTED"}
16:43:09.192 [INFO]   [Checking]    out: [INFO] 
16:43:09.193 [INFO]   [Checking]    out: [INFO] --- maven-compiler-plugin:3.1:testCompile (default-testCompile) @ messageml ---
16:43:09.197 [INFO]   [Checking]    out: [INFO] Changes detected - recompiling the module!
16:43:09.200 [INFO]   [Checking]    out: [INFO] Compiling 60 source files to /home/jbergqvist/diffblue/finos-messageml-utils/target/test-classes
16:43:11.796 [INFO]   [Checking]    out: [WARNING] /home/jbergqvist/diffblue/finos-messageml-utils/src/test/java/org/symphonyoss/symphony/messageml/elements/ElementTest.java: Some input files use or override a deprecated API.
16:43:11.797 [INFO]   [Checking]    out: [WARNING] /home/jbergqvist/diffblue/finos-messageml-utils/src/test/java/org/symphonyoss/symphony/messageml/elements/ElementTest.java: Recompile with -Xlint:deprecation for details.
16:43:11.797 [INFO]   [Checking]    out: [WARNING] /home/jbergqvist/diffblue/finos-messageml-utils/src/test/java/org/symphonyoss/symphony/messageml/MessageMLContextTest.java: /home/jbergqvist/diffblue/finos-messageml-utils/src/test/java/org/symphonyoss/symphony/messageml/MessageMLContextTest.java uses unchecked or unsafe operations.
16:43:11.797 [INFO]   [Checking]    out: [WARNING] /home/jbergqvist/diffblue/finos-messageml-utils/src/test/java/org/symphonyoss/symphony/messageml/MessageMLContextTest.java: Recompile with -Xlint:unchecked for details.
16:43:11.798 [INFO]   [Checking]    deserializing line [DIFFBLUE]{"__type":"com.diffblue.cover.buildsystem.model.DefaultEventMessage","project":"org.symphonyoss.symphony:messageml","goal":"testCompile","cause":null,"state":"SUCCESS"}
16:43:11.800 [INFO]   [Checking]    deserializing line [DIFFBLUE]{"__type":"com.diffblue.cover.buildsystem.model.DefaultEventMessage","project":"org.symphonyoss.symphony:messageml","goal":"test","cause":null,"state":"STARTED"}
16:43:11.802 [INFO]   [Checking]    out: [INFO] 
16:43:11.803 [INFO]   [Checking]    out: [INFO] --- maven-surefire-plugin:2.22.2:test (default-test) @ messageml ---
16:43:11.976 [INFO]   [Checking]    out: [INFO] 
16:43:11.977 [INFO]   [Checking]    out: [INFO] -------------------------------------------------------
16:43:11.977 [INFO]   [Checking]    out: [INFO]  T E S T S
16:43:11.977 [INFO]   [Checking]    out: [INFO] -------------------------------------------------------
16:43:12.298 [INFO]   [Checking]    out: [INFO] Running DummyJUnitJupiterLauncherDiffblueTest579803298130357205
16:43:12.318 [INFO]   [Checking]    out: [INFO] Tests run: 1, Failures: 0, Errors: 0, Skipped: 0, Time elapsed: 0.014 s - in DummyJUnitJupiterLauncherDiffblueTest579803298130357205
16:43:12.641 [INFO]   [Checking]    out: [INFO] 
16:43:12.641 [INFO]   [Checking]    out: [INFO] Results:
16:43:12.641 [INFO]   [Checking]    out: [INFO] 
16:43:12.641 [INFO]   [Checking]    out: [INFO] Tests run: 1, Failures: 0, Errors: 0, Skipped: 0
16:43:12.641 [INFO]   [Checking]    out: [INFO] 
16:43:12.645 [INFO]   [Checking]    deserializing line [DIFFBLUE]{"__type":"com.diffblue.cover.buildsystem.model.DefaultEventMessage","project":"org.symphonyoss.symphony:messageml","goal":"test","cause":null,"state":"SUCCESS"}
16:43:12.676 [INFO]   [Checking]    deserializing line [DIFFBLUE]{"__type":"com.diffblue.cover.buildsystem.model.DefaultProjectModuleMessage","project":{"__type":"DefaultProjectModule","junitReport":["/home/jbergqvist/diffblue/finos-messageml-utils/target/surefire-reports"],"jacocoReport":["/home/jbergqvist/diffblue/finos-messageml-utils/target/site/jacoco/jacoco.xml"],"jacocoDestFile":["/home/jbergqvist/diffblue/finos-messageml-utils/target/jacoco.exec"],"jacocoFormats":["xml"],"jacocoSkipped":false,"classpath":["/home/jbergqvist/diffblue/finos-messageml-utils/target/classes","/home/jbergqvist/.m2/repository/org/projectlombok/lombok/1.18.42/lombok-1.18.42.jar","/home/jbergqvist/.m2/repository/com/github/java-json-tools/json-schema-validator/2.2.14/json-schema-validator-2.2.14.jar","/home/jbergqvist/.m2/repository/com/github/java-json-tools/jackson-coreutils-equivalence/1.0/jackson-coreutils-equivalence-1.0.jar","/home/jbergqvist/.m2/repository/com/github/java-json-tools/jackson-coreutils/2.0/jackson-coreutils-2.0.jar","/home/jbergqvist/.m2/repository/com/github/java-json-tools/msg-simple/1.2/msg-simple-1.2.jar","/home/jbergqvist/.m2/repository/com/github/java-json-tools/btf/1.3/btf-1.3.jar","/home/jbergqvist/.m2/repository/com/github/java-json-tools/json-schema-core/1.2.14/json-schema-core-1.2.14.jar","/home/jbergqvist/.m2/repository/com/github/java-json-tools/uri-template/0.10/uri-template-0.10.jar","/home/jbergqvist/.m2/repository/com/sun/mail/mailapi/1.6.2/mailapi-1.6.2.jar","/home/jbergqvist/.m2/repository/joda-time/joda-time/2.10.5/joda-time-2.10.5.jar","/home/jbergqvist/.m2/repository/com/googlecode/libphonenumber/libphonenumber/8.11.1/libphonenumber-8.11.1.jar","/home/jbergqvist/.m2/repository/com/google/code/findbugs/jsr305/3.0.2/jsr305-3.0.2.jar","/home/jbergqvist/.m2/repository/net/sf/jopt-simple/jopt-simple/5.0.4/jopt-simple-5.0.4.jar","/home/jbergqvist/.m2/repository/org/mozilla/rhino/1.7.13/rhino-1.7.13.jar","/home/jbergqvist/.m2/repository/com/google/guava/guava/32.1.2-jre/guava-32.1.2-jre.jar","/home/jbergqvist/.m2/repository/com/google/guava/failureaccess/1.0.1/failureaccess-1.0.1.jar","/home/jbergqvist/.m2/repository/com/google/guava/listenablefuture/9999.0-empty-to-avoid-conflict-with-guava/listenablefuture-9999.0-empty-to-avoid-conflict-with-guava.jar","/home/jbergqvist/.m2/repository/org/checkerframework/checker-qual/3.33.0/checker-qual-3.33.0.jar","/home/jbergqvist/.m2/repository/com/google/errorprone/error_prone_annotations/2.18.0/error_prone_annotations-2.18.0.jar","/home/jbergqvist/.m2/repository/com/google/j2objc/j2objc-annotations/2.8/j2objc-annotations-2.8.jar","/home/jbergqvist/.m2/repository/com/fasterxml/jackson/core/jackson-core/2.15.2/jackson-core-2.15.2.jar","/home/jbergqvist/.m2/repository/com/fasterxml/jackson/core/jackson-databind/2.15.2/jackson-databind-2.15.2.jar","/home/jbergqvist/.m2/repository/com/fasterxml/jackson/core/jackson-annotations/2.15.2/jackson-annotations-2.15.2.jar","/home/jbergqvist/.m2/repository/commons-io/commons-io/2.11.0/commons-io-2.11.0.jar","/home/jbergqvist/.m2/repository/org/apache/commons/commons-lang3/3.12.0/commons-lang3-3.12.0.jar","/home/jbergqvist/.m2/repository/org/freemarker/freemarker/2.3.31/freemarker-2.3.31.jar","/home/jbergqvist/.m2/repository/org/slf4j/slf4j-api/1.7.32/slf4j-api-1.7.32.jar","/home/jbergqvist/.m2/repository/com/diffblue/cover/cover-annotations/1.8.0/cover-annotations-1.8.0.jar","/home/jbergqvist/.m2/repository/com/atlassian/commonmark/commonmark/0.15.2/commonmark-0.15.2.jar","/home/jbergqvist/.m2/repository/org/junit/jupiter/junit-jupiter-api/5.8.2/junit-jupiter-api-5.8.2.jar","/home/jbergqvist/.m2/repository/org/opentest4j/opentest4j/1.2.0/opentest4j-1.2.0.jar","/home/jbergqvist/.m2/repository/org/junit/platform/junit-platform-commons/1.8.2/junit-platform-commons-1.8.2.jar","/home/jbergqvist/.m2/repository/org/apiguardian/apiguardian-api/1.1.2/apiguardian-api-1.1.2.jar","/home/jbergqvist/.m2/repository/org/junit/jupiter/junit-jupiter-params/5.8.2/junit-jupiter-params-5.8.2.jar","/home/jbergqvist/.m2/repository/org/junit/jupiter/junit-jupiter-engine/5.8.2/junit-jupiter-engine-5.8.2.jar","/home/jbergqvist/.m2/repository/org/junit/platform/junit-platform-engine/1.8.2/junit-platform-engine-1.8.2.jar","/home/jbergqvist/.m2/repository/org/junit/vintage/junit-vintage-engine/5.8.2/junit-vintage-engine-5.8.2.jar","/home/jbergqvist/.m2/repository/junit/junit/4.13.2/junit-4.13.2.jar","/home/jbergqvist/.m2/repository/org/hamcrest/hamcrest-core/1.3/hamcrest-core-1.3.jar","/home/jbergqvist/.m2/repository/org/mockito/mockito-core/4.0.0/mockito-core-4.0.0.jar","/home/jbergqvist/.m2/repository/net/bytebuddy/byte-buddy/1.11.19/byte-buddy-1.11.19.jar","/home/jbergqvist/.m2/repository/net/bytebuddy/byte-buddy-agent/1.11.19/byte-buddy-agent-1.11.19.jar","/home/jbergqvist/.m2/repository/org/objenesis/objenesis/3.2/objenesis-3.2.jar","/home/jbergqvist/.m2/repository/org/openjdk/jmh/jmh-core/1.33/jmh-core-1.33.jar","/home/jbergqvist/.m2/repository/org/apache/commons/commons-math3/3.2/commons-math3-3.2.jar","/home/jbergqvist/.m2/repository/org/openjdk/jmh/jmh-generator-annprocess/1.33/jmh-generator-annprocess-1.33.jar","/home/jbergqvist/.m2/repository/org/xmlunit/xmlunit-core/2.8.3/xmlunit-core-2.8.3.jar","/home/jbergqvist/.m2/repository/jakarta/xml/bind/jakarta.xml.bind-api/2.3.3/jakarta.xml.bind-api-2.3.3.jar","/home/jbergqvist/.m2/repository/jakarta/activation/jakarta.activation-api/1.2.2/jakarta.activation-api-1.2.2.jar","/home/jbergqvist/.m2/repository/ch/qos/logback/logback-classic/1.2.9/logback-classic-1.2.9.jar","/home/jbergqvist/.m2/repository/ch/qos/logback/logback-core/1.2.9/logback-core-1.2.9.jar"],"complianceLevel":"1.8","productionSources":["/home/jbergqvist/diffblue/finos-messageml-utils/src/main/java"],"testSources":["/home/jbergqvist/diffblue/finos-messageml-utils/src/test/java"],"productionClasses":"/home/jbergqvist/diffblue/finos-messageml-utils/target/classes","testClasses":"/home/jbergqvist/diffblue/finos-messageml-utils/target/test-classes","sourceToBuildPathMap":null,"testSourceToBuildPathMap":null,"buildDirectory":"/home/jbergqvist/diffblue/finos-messageml-utils/target","plugins":[{"__type":"DefaultPlugin","groupId":"org.apache.maven.plugins","artefactId":"maven-surefire-plugin","version":"2.22.2","pluginClassName":null},{"__type":"DefaultPlugin","groupId":"org.apache.maven.plugins","artefactId":"maven-clean-plugin","version":"2.5","pluginClassName":null},{"__type":"DefaultPlugin","groupId":"org.apache.maven.plugins","artefactId":"maven-resources-plugin","version":"2.6","pluginClassName":null},{"__type":"DefaultPlugin","groupId":"org.apache.maven.plugins","artefactId":"maven-jar-plugin","version":"3.2.2","pluginClassName":null},{"__type":"DefaultPlugin","groupId":"org.apache.maven.plugins","artefactId":"maven-compiler-plugin","version":"3.1","pluginClassName":null},{"__type":"DefaultPlugin","groupId":"org.apache.maven.plugins","artefactId":"maven-install-plugin","version":"2.4","pluginClassName":null},{"__type":"DefaultPlugin","groupId":"org.apache.maven.plugins","artefactId":"maven-deploy-plugin","version":"3.0.0-M1","pluginClassName":null},{"__type":"DefaultPlugin","groupId":"org.apache.maven.plugins","artefactId":"maven-site-plugin","version":"3.3","pluginClassName":null}],"version":"3.8.4","encoding":"UTF-8","name":"maven","subModules":[],"simpleModuleName":null,"parentModuleName":null,"location":"/home/jbergqvist/diffblue/finos-messageml-utils","fullModuleName":"org.symphonyoss.symphony:messageml"}}
16:43:12.682 [INFO]   [Checking]    out: [INFO] ------------------------------------------------------------------------
16:43:12.683 [INFO]   [Checking]    out: [INFO] BUILD SUCCESS
16:43:12.683 [INFO]   [Checking]    out: [INFO] ------------------------------------------------------------------------
16:43:12.683 [INFO]   [Checking]    out: [INFO] Total time:  4.064 s
16:43:12.683 [INFO]   [Checking]    out: [INFO] Finished at: 2026-01-09T16:43:12Z
16:43:12.683 [INFO]   [Checking]    out: [INFO] ------------------------------------------------------------------------
16:43:12.683 [INFO]   [Checking]    deserializing line [DIFFBLUE]{"__type":"com.diffblue.cover.buildsystem.model.ProjectInfoMessage","projectName":"org.symphonyoss.symphony:messageml","productionSources":["/home/jbergqvist/diffblue/finos-messageml-utils/src/main/java"],"testSources":["/home/jbergqvist/diffblue/finos-messageml-utils/src/test/java"],"location":"/home/jbergqvist/diffblue/finos-messageml-utils"}
16:43:12.724 [INFO]   [Checking]    maven:err process not stopped, joining thread
16:43:12.724 [INFO]   [Checking]    maven:out process not stopped, joining thread
16:43:12.755 [INFO]   [Checking]    Detected Hamcrest Core version 1.3
16:43:12.856 [INFO]   [Checking]    Detected Jackson Databind version 2.15.2
16:43:12.869 [INFO]   [Checking]    Detected JVM architecture: 64-Bit
16:43:12.885 [INFO]   [Checking]    Detected Project Lombok version 1.18.42
16:43:12.907 [INFO]   [Checking]    Detected Cover Annotations version 1.8.0
16:43:13.205 [INFO]   [Checking]    Selected Java language compliance level: 1.8
16:43:13.205 [INFO]   [Checking]    Selected test validation: enabled
16:43:13.228 [INFO]   [Checking]    Prefixes for filtering classes/methods:
16:43:13.233 [INFO]   [Checking]    - org.symphonyoss.symphony.entityjson
16:43:13.234 [INFO]   [Checking]    - org.symphonyoss.symphony.messageml
16:43:13.236 [INFO]   [Checking]    - org.symphonyoss.symphony.messageml.bi
16:43:13.237 [INFO]   [Checking]    - org.symphonyoss.symphony.messageml.elements
16:43:13.238 [INFO]   [Checking]    - org.symphonyoss.symphony.messageml.exceptions
16:43:13.239 [INFO]   [Checking]    - org.symphonyoss.symphony.messageml.markdown
16:43:13.240 [INFO]   [Checking]    - org.symphonyoss.symphony.messageml.markdown.nodes
16:43:13.241 [INFO]   [Checking]    - org.symphonyoss.symphony.messageml.markdown.nodes.form
16:43:13.241 [INFO]   [Checking]    - org.symphonyoss.symphony.messageml.util
16:43:13.242 [INFO]   [Checking]    - org.symphonyoss.symphony.messageml.util.instrument.resolver
16:43:13.243 [INFO]   [Checking]    - org.symphonyoss.symphony.messageml.util.pojo
16:43:13.243 [INFO]   [Checking]    Gathering methods to test...
16:43:14.209 [INFO]   [Reporting]   
16:43:14.209 [INFO]   [Reporting]   Environment summary for module: org.symphonyoss.symphony:messageml
16:43:14.209 [INFO]   [Reporting]   ------------------------------------------------------------------
16:43:14.209 [INFO]   [Reporting]   Java version                   11.0.29                       SUCCESS        
16:43:14.209 [INFO]   [Reporting]   Build system                   Maven                         SUCCESS        
16:43:14.209 [INFO]   [Reporting]   Mocking Framework              Mockito Core 4.0.0            SUCCESS        
16:43:14.209 [INFO]   [Reporting]   Surefire version               2.22.2                        SUCCESS        
16:43:14.209 [INFO]   [Reporting]   Testing framework              JUnit 4.13                    SUCCESS        
16:43:14.209 [INFO]   [Reporting]   Mockito JUnit Jupiter version  Skipped                       -----          
16:43:14.209 [INFO]   [Reporting]   JavaEE version                 Skipped                       -----          
16:43:14.209 [INFO]   [Reporting]   OSGi Annotations               Not Detected                  -----          
16:43:14.209 [INFO]   [Reporting]   Javax WS RS API                Not Detected                  -----          
16:43:14.209 [INFO]   [Reporting]   Jakarta RESTful WS API         Not Detected                  -----          
16:43:14.209 [INFO]   [Reporting]   Jersey Server                  Not Detected                  -----          
16:43:14.209 [INFO]   [Reporting]   Jersey Test Framework          Not Detected                  -----          
16:43:14.209 [INFO]   [Reporting]   Jersey Test Provider InMemory  Not Detected                  -----          
16:43:14.209 [INFO]   [Reporting]   Guice Framework                Not Detected                  -----          
16:43:14.209 [INFO]   [Reporting]   JaCoCo plugin version          0.8.11                        SUCCESS        
16:43:14.209 [INFO]   [Reporting]   Launcher                       JUnit 4, TestNG, or unknown   SUCCESS        
16:43:14.209 [INFO]   [Reporting]   Quarkus                        Not Detected                  -----          
16:43:14.209 [INFO]   [Reporting]   Test validation                Enabled                       SUCCESS        
16:43:14.209 [INFO]   [Reporting]   Hamcrest                       1.3                           SUCCESS        
16:43:14.210 [INFO]   [Reporting]   Spring Core                    Not Detected                  -----          
16:43:14.210 [INFO]   [Reporting]   Spring Boot                    Skipped                       -----          
16:43:14.210 [INFO]   [Reporting]   Spring Boot Starter Webflux    Skipped                       -----          
16:43:14.210 [INFO]   [Reporting]   Spring Boot Test Autoconfigure Skipped                       -----          
16:43:14.210 [INFO]   [Reporting]   Spring Boot Test               Skipped                       -----          
16:43:14.210 [INFO]   [Reporting]   Spring Web                     Skipped                       -----          
16:43:14.210 [INFO]   [Reporting]   Spring Security Web            Skipped                       -----          
16:43:14.210 [INFO]   [Reporting]   Spring Test                    Skipped                       -----          
16:43:14.210 [INFO]   [Reporting]   
16:43:14.210 [INFO]   [Reporting]   Environment check status: SUCCESS
16:43:14.337 [INFO]   [Creating]    Found 926 callable methods in 141 classes
16:43:14.338 [INFO]   [Creating]    
16:43:14.338 [INFO]   [Creating]    Creating tests:
16:43:14.338 [INFO]   [Creating]    ---------------
16:43:14.344 [INFO]   [Creating]    
================================================================================
= Starting analysis for class 'org.symphonyoss.symphony.entityjson.EntityJson'
================================================================================
16:43:14.344 [INFO]   [Creating]    Filtering out non-testable methods...
16:43:15.147 [INFO]   [Creating]    Filtering of methods complete. Creating analysis request
16:43:15.148 [INFO]   [Creating]    Attempting to get service client, retry 1.
16:43:15.153 [INFO]   [Creating]    Starting monitoring server.
16:43:15.333 [INFO]   [Creating]    Monitoring server listening on localhost/127.0.0.1:39107
16:43:15.381 [INFO]   [Creating]    Starting analyzer server process...
16:43:15.382 [INFO]   [Creating]    Server command-line: /home/jbergqvist/.sdkman/candidates/java/11.0.29-amzn/bin/java -XX:+IgnoreUnrecognizedVMOptions -Djdk.attach.allowAttachSelf=true -Djdk.jar.maxSignatureFileSize=100000000 -ea -javaagent:/opt/cover/launcher-shared-jar.jar -Dlogback.configurationFile=/tmp/diffblue/config/logback-remote-service.xml -Dcom.diffblue.springIsolationJar=/opt/cover/cover-isolation-layer.jar -Dcover.jar.path=/opt/cover/cover-service-analyzer.jar -Dcom.diffblue.assertionSuggestionJar=/opt/cover/cover-service-analyzer.jar -Dcover.main.class=com.diffblue.cover.service.analyzer.Main -jar /opt/cover/launcher-shared-jar.jar --service-lifespan 120 --monitoring-service-port 39107 --index-service-port 39107 --debug-log
16:43:15.383 [INFO]   [Creating]    Server started. Waiting up to 300 seconds for a connection to be established...
16:43:16.233 [INFO]   [Creating]    Starting new remote monitor client
16:43:16.915 [INFO]   [Creating]    Attempting to start remote server.
16:43:17.056 [INFO]   [Creating]    Server started, listening on localhost/127.0.0.1:40037
16:43:17.060 [INFO]   [Creating]    Expect analyzer service to be listening on port 40037.
16:43:17.711 [INFO]   [Creating]    Started analyzer service and client retrieved.
16:43:25.657 [INFO]   [Creating]          [1/926] org.symphonyoss.symphony.entityjson.EntityJson.getChildren
16:43:25.657 [INFO]   [Creating]          [2/926] org.symphonyoss.symphony.entityjson.EntityJson.getContext
16:43:25.657 [INFO]   [Creating]          [3/926] org.symphonyoss.symphony.entityjson.EntityJson.toString
16:43:25.657 [INFO]   [Creating]          [3/926]   R081: Exception in arrange section
16:43:25.657 [INFO]   [Creating]          [3/926]     Diffblue Cover was unable to construct an instance of the class under test using
16:43:25.657 [INFO]   [Creating]          [3/926]     org.symphonyoss.symphony.entityjson.EntityJson.toString().
16:43:25.657 [INFO]   [Creating]          [3/926]     The arrange section threw
16:43:25.657 [INFO]   [Creating]          [3/926]     java.lang.NullPointerException
16:43:25.657 [INFO]   [Creating]          [3/926]         at org.symphonyoss.symphony.entityjson.EntityJson.<init>(EntityJson.java:78)
16:43:25.657 [INFO]   [Creating]          [3/926]     More information about the exception is provided in the support log.
16:43:25.657 [INFO]   [Creating]          [3/926]     See https://diff.blue/R081 for further troubleshooting of this issue.
16:43:33.624 [INFO]   [Creating]          [4/926] org.symphonyoss.symphony.entityjson.EntityJson.<init>
16:43:33.624 [INFO]   [Creating]          [4/926]   Tests created: 1
16:43:37.286 [INFO]   [Creating]          [5/926] org.symphonyoss.symphony.entityjson.EntityJson.contains
16:43:37.286 [INFO]   [Creating]          [5/926]   Tests created: 1
16:43:38.553 [INFO]   [Creating]          [6/926] org.symphonyoss.symphony.entityjson.EntityJson.get
16:43:38.553 [INFO]   [Creating]          [6/926]   R013: No inputs found that don't throw a trivial exception
16:43:38.553 [INFO]   [Creating]          [6/926]     Diffblue Cover tried to run the arrange/act section, but the test threw
16:43:38.553 [INFO]   [Creating]          [6/926]     java.lang.IndexOutOfBoundsException: Index 1 out of bounds for length 0
16:43:38.553 [INFO]   [Creating]          [6/926]         at jdk.internal.util.Preconditions.outOfBounds(Preconditions.java:64)
16:43:38.553 [INFO]   [Creating]          [6/926]         at jdk.internal.util.Preconditions.outOfBoundsCheckIndex(Preconditions.java:70)
16:43:38.553 [INFO]   [Creating]          [6/926]         at jdk.internal.util.Preconditions.checkIndex(Preconditions.java:248)
16:43:38.553 [INFO]   [Creating]          [6/926]         at java.util.Objects.checkIndex(Objects.java:374)
16:43:38.553 [INFO]   [Creating]          [6/926]         at java.util.ArrayList.get(ArrayList.java:459)
16:43:38.553 [INFO]   [Creating]          [6/926]         at java.util.Collections$UnmodifiableList.get(Collections.java:1310)
16:43:38.553 [INFO]   [Creating]          [6/926]         at org.symphonyoss.symphony.entityjson.EntityJson.get(EntityJson.java:172)
16:43:38.553 [INFO]   [Creating]          [6/926]     In order to prevent get(int)
16:43:38.553 [INFO]   [Creating]          [6/926]     from throwing IndexOutOfBoundsException, add constructors or factory
16:43:38.553 [INFO]   [Creating]          [6/926]     methods that make it easier to construct fully initialized objects used in
16:43:38.553 [INFO]   [Creating]          [6/926]     get(int).
16:43:38.553 [INFO]   [Creating]          [6/926]     See https://diff.blue/R013 to resolve this issue.
16:43:39.912 [INFO]   [Creating]          [7/926] org.symphonyoss.symphony.entityjson.EntityJson.get
16:43:39.912 [INFO]   [Creating]          [7/926]   Tests created: 1
16:43:41.160 [INFO]   [Creating]          [8/926] org.symphonyoss.symphony.entityjson.EntityJson.isEmpty
16:43:41.160 [INFO]   [Creating]          [8/926]   Tests created: 1
16:43:42.419 [INFO]   [Creating]          [9/926] org.symphonyoss.symphony.entityjson.EntityJson.iterator
16:43:42.419 [INFO]   [Creating]          [9/926]   Tests created: 1
16:43:42.510 [INFO]   [Creating]         [10/926] org.symphonyoss.symphony.entityjson.EntityJson.size
16:43:42.510 [INFO]   [Creating]         [10/926]   Tests created: 1
16:43:42.517 [INFO]   [Creating]      [1/141] org.symphonyoss.symphony.entityjson.EntityJson
16:43:42.517 [INFO]   [Creating]      [1/141]   Tests created: 6
16:43:42.519 [INFO]   [Creating]    
================================================================================
= Starting analysis for class 'org.symphonyoss.symphony.entityjson.EntityJsonContext'
================================================================================
16:43:42.519 [INFO]   [Creating]    Filtering out non-testable methods...
16:43:42.531 [INFO]   [Creating]    Filtering of methods complete. Creating analysis request
16:43:42.531 [INFO]   [Creating]    Attempting to get service client, retry 1.
16:43:42.601 [INFO]   [Creating]         [11/926] org.symphonyoss.symphony.entityjson.EntityJsonContext.getInstanceJsonNode
16:43:42.601 [INFO]   [Creating]         [12/926] org.symphonyoss.symphony.entityjson.EntityJsonContext.getInstanceSource
16:43:42.601 [INFO]   [Creating]         [13/926] org.symphonyoss.symphony.entityjson.EntityJsonContext.getSchemaJsonNode
16:43:42.601 [INFO]   [Creating]         [14/926] org.symphonyoss.symphony.entityjson.EntityJsonContext.getSchemaSource
16:43:42.601 [INFO]   [Creating]         [15/926] org.symphonyoss.symphony.entityjson.EntityJsonContext.getValidationResult
16:43:42.601 [INFO]   [Creating]         [16/926] org.symphonyoss.symphony.entityjson.EntityJsonContext.withValidationResult
16:43:42.601 [INFO]   [Creating]         [16/926]   R083: Can't find a suitable constructor
16:43:42.601 [INFO]   [Creating]         [16/926]     Diffblue Cover was unable to construct an instance of EntityJsonContext.
16:43:42.601 [INFO]   [Creating]         [16/926]     No suitable constructor or factory method found. Please check that the class
16:43:42.601 [INFO]   [Creating]         [16/926]     under test has a non-private constructor or factory method.
16:43:42.601 [INFO]   [Creating]         [16/926]     See https://diff.blue/R083 for further troubleshooting of this issue.
16:43:44.172 [INFO]   [Creating]         [17/926] org.symphonyoss.symphony.entityjson.EntityJsonContext.newInstance
16:43:44.172 [INFO]   [Creating]         [17/926]   Tests created: 1
16:43:44.638 [INFO]   [Creating]         [18/926] org.symphonyoss.symphony.entityjson.EntityJsonContext.toString
16:43:44.638 [INFO]   [Creating]         [18/926]   Tests created: 1
16:43:44.639 [INFO]   [Creating]         [19/926] org.symphonyoss.symphony.entityjson.EntityJsonContext.withInstance
16:43:44.639 [INFO]   [Creating]         [19/926]   R003: Test did not increase coverage
16:43:44.639 [INFO]   [Creating]         [19/926]     Diffblue Cover could not find a test that improves the coverage already
16:43:44.639 [INFO]   [Creating]         [19/926]     provided by existing tests.
16:43:45.127 [INFO]   [Creating]         [20/926] org.symphonyoss.symphony.entityjson.EntityJsonContext.withSchema
16:43:45.127 [INFO]   [Creating]         [20/926]   Tests created: 1
16:43:45.129 [INFO]   [Creating]      [2/141] org.symphonyoss.symphony.entityjson.EntityJsonContext
16:43:45.129 [INFO]   [Creating]      [2/141]   Tests created: 3
16:43:45.130 [INFO]   [Creating]    
================================================================================
= Starting analysis for class 'org.symphonyoss.symphony.entityjson.EntityJsonException'
================================================================================
16:43:45.130 [INFO]   [Creating]    Filtering out non-testable methods...
16:43:46.957 [INFO]   [Creating]    Filtering of methods complete. Creating analysis request
16:43:46.957 [INFO]   [Creating]    Attempting to get service client, retry 1.
16:43:49.453 [INFO]   [Creating]         [21/926] org.symphonyoss.symphony.entityjson.EntityJsonException.getContext
16:43:49.453 [INFO]   [Creating]         [21/926]   Diffblue AI was unable to find a test
16:43:49.455 [INFO]   [Creating]      [3/141] org.symphonyoss.symphony.entityjson.EntityJsonException
16:43:49.455 [INFO]   [Creating]      [3/141]   Tests created: 0
16:43:49.456 [INFO]   [Creating]    
================================================================================
= Starting analysis for class 'org.symphonyoss.symphony.entityjson.EntityJsonParser'
================================================================================
16:43:49.456 [INFO]   [Creating]    Filtering out non-testable methods...
16:43:49.472 [INFO]   [Creating]    Filtering of methods complete. Creating analysis request
16:43:49.472 [INFO]   [Creating]    Attempting to get service client, retry 1.
16:43:54.050 [INFO]   [Creating]         [22/926] org.symphonyoss.symphony.entityjson.EntityJsonParser.<init>
16:43:54.050 [INFO]   [Creating]         [22/926]   R011: Sandboxing policy violation
16:43:54.050 [INFO]   [Creating]         [22/926]     Diffblue Cover ran code in your project that tried
16:43:54.050 [INFO]   [Creating]         [22/926]     to access the network.
16:43:54.050 [INFO]   [Creating]         [22/926]     Diffblue Cover's default sandboxing policy disallows this in order to prevent
16:43:54.050 [INFO]   [Creating]         [22/926]     your code from damaging your system environment.
16:43:54.050 [INFO]   [Creating]         [22/926]     See https://diff.blue/R011 to resolve this issue.
16:43:55.823 [INFO]   [Creating]         [23/926] org.symphonyoss.symphony.entityjson.EntityJsonParser.parseEntityJson
16:43:55.823 [INFO]   [Creating]         [23/926]   R011: Sandboxing policy violation
16:43:55.823 [INFO]   [Creating]         [23/926]     Diffblue Cover ran code in your project that tried
16:43:55.823 [INFO]   [Creating]         [23/926]     to access the network.
16:43:55.823 [INFO]   [Creating]         [23/926]     Diffblue Cover's default sandboxing policy disallows this in order to prevent
16:43:55.823 [INFO]   [Creating]         [23/926]     your code from damaging your system environment.
16:43:55.824 [INFO]   [Creating]         [23/926]     See https://diff.blue/R011 to resolve this issue.
16:43:57.896 [INFO]   [Creating]         [24/926] org.symphonyoss.symphony.entityjson.EntityJsonParser.parseEntityJson
16:43:57.896 [INFO]   [Creating]         [24/926]   Tests created: 2
16:44:00.077 [INFO]   [Creating]         [25/926] org.symphonyoss.symphony.entityjson.EntityJsonParser.parseEntityJson
16:44:00.077 [INFO]   [Creating]         [25/926]   Tests created: 2
16:44:01.675 [INFO]   [Creating]         [26/926] org.symphonyoss.symphony.entityjson.EntityJsonParser.parseStructuredObject
16:44:01.676 [INFO]   [Creating]         [26/926]   R011: Sandboxing policy violation
16:44:01.676 [INFO]   [Creating]         [26/926]     Diffblue Cover ran code in your project that tried
16:44:01.676 [INFO]   [Creating]         [26/926]     to access the network.
16:44:01.676 [INFO]   [Creating]         [26/926]     Diffblue Cover's default sandboxing policy disallows this in order to prevent
16:44:01.676 [INFO]   [Creating]         [26/926]     your code from damaging your system environment.
16:44:01.676 [INFO]   [Creating]         [26/926]     See https://diff.blue/R011 to resolve this issue.
16:44:02.031 [INFO]   [Creating]         [27/926] org.symphonyoss.symphony.entityjson.EntityJsonParser.parseStructuredObject
16:44:02.031 [INFO]   [Creating]         [27/926]   Tests created: 1
16:45:03.414 [INFO]   [Creating]         [28/926] org.symphonyoss.symphony.entityjson.EntityJsonParser.parseStructuredObject
16:45:03.414 [INFO]   [Creating]         [28/926]   Tests created: 2
16:45:05.607 [INFO]   [Creating]         [29/926] org.symphonyoss.symphony.entityjson.EntityJsonParser.validate
16:45:05.607 [INFO]   [Creating]         [29/926]   Tests created: 1
16:45:08.681 [INFO]   [Creating]         [30/926] org.symphonyoss.symphony.entityjson.EntityJsonParser.validate
16:45:08.681 [INFO]   [Creating]         [30/926]   Tests created: 2
16:45:09.544 [INFO]   [Creating]         [31/926] org.symphonyoss.symphony.entityjson.EntityJsonParser.validate
16:45:09.544 [INFO]   [Creating]         [31/926]   R011: Sandboxing policy violation
16:45:09.544 [INFO]   [Creating]         [31/926]     Diffblue Cover ran code in your project that tried
16:45:09.544 [INFO]   [Creating]         [31/926]     to access the network.
16:45:09.544 [INFO]   [Creating]         [31/926]     Diffblue Cover's default sandboxing policy disallows this in order to prevent
16:45:09.544 [INFO]   [Creating]         [31/926]     your code from damaging your system environment.
16:45:09.544 [INFO]   [Creating]         [31/926]     See https://diff.blue/R011 to resolve this issue.
16:45:09.547 [INFO]   [Creating]         [32/926] org.symphonyoss.symphony.entityjson.EntityJsonParser.validate
16:45:09.547 [INFO]   [Creating]         [32/926]   R011: Sandboxing policy violation
16:45:09.547 [INFO]   [Creating]         [32/926]     Diffblue Cover ran code in your project that tried
16:45:09.547 [INFO]   [Creating]         [32/926]     to access the network.
16:45:09.547 [INFO]   [Creating]         [32/926]     Diffblue Cover's default sandboxing policy disallows this in order to prevent
16:45:09.547 [INFO]   [Creating]         [32/926]     your code from damaging your system environment.
16:45:09.547 [INFO]   [Creating]         [32/926]     See https://diff.blue/R011 to resolve this issue.
16:45:09.548 [INFO]   [Creating]      [4/141] org.symphonyoss.symphony.entityjson.EntityJsonParser
16:45:09.548 [INFO]   [Creating]      [4/141]   Tests created: 10
16:45:09.549 [INFO]   [Creating]    
================================================================================
= Starting analysis for class 'org.symphonyoss.symphony.entityjson.EntityJsonParserBuilder'
================================================================================
16:45:09.549 [INFO]   [Creating]    Filtering out non-testable methods...
16:45:09.553 [INFO]   [Creating]    Filtering of methods complete. Creating analysis request
16:45:09.553 [INFO]   [Creating]    Attempting to get service client, retry 1.
16:45:09.746 [INFO]   [Creating]         [33/926] org.symphonyoss.symphony.entityjson.EntityJsonParserBuilder.<init>
16:45:09.746 [INFO]   [Creating]         [34/926] org.symphonyoss.symphony.entityjson.EntityJsonParserBuilder.build
16:45:09.746 [INFO]   [Creating]         [35/926] org.symphonyoss.symphony.entityjson.EntityJsonParserBuilder.isUnrestrictedSchemaLoad
16:45:09.746 [INFO]   [Creating]         [36/926] org.symphonyoss.symphony.entityjson.EntityJsonParserBuilder.withUnrestrictedSchemaLoad
16:45:09.746 [INFO]   [Creating]         [36/926]   Tests created: 1
16:45:09.747 [INFO]   [Creating]      [5/141] org.symphonyoss.symphony.entityjson.EntityJsonParserBuilder
16:45:09.748 [INFO]   [Creating]      [5/141]   Tests created: 1
16:45:09.748 [INFO]   [Creating]    
================================================================================
= Starting analysis for class 'org.symphonyoss.symphony.entityjson.EntityJsonURIDownloader'
================================================================================
16:45:09.748 [INFO]   [Creating]    Filtering out non-testable methods...
16:45:09.752 [INFO]   [Creating]    Filtering of methods complete. Creating analysis request
16:45:09.752 [INFO]   [Creating]    Attempting to get service client, retry 1.
16:45:09.813 [INFO]   [Creating]         [37/926] org.symphonyoss.symphony.entityjson.EntityJsonURIDownloader.getInstance
16:45:09.813 [INFO]   [Creating]         [37/926]   R083: Can't find a suitable constructor
16:45:09.813 [INFO]   [Creating]         [37/926]     Diffblue Cover was unable to construct an instance of EntityJsonURIDownloader.
16:45:09.813 [INFO]   [Creating]         [37/926]     No suitable constructor or factory method found. Please check that the class
16:45:09.813 [INFO]   [Creating]         [37/926]     under test has a non-private constructor or factory method.
16:45:09.813 [INFO]   [Creating]         [37/926]     See https://diff.blue/R083 for further troubleshooting of this issue.
16:45:09.895 [INFO]   [Creating]         [38/926] org.symphonyoss.symphony.entityjson.EntityJsonURIDownloader.fetch
16:45:09.895 [INFO]   [Creating]         [38/926]   R083: Can't find a suitable constructor
16:45:09.895 [INFO]   [Creating]         [38/926]     Diffblue Cover was unable to construct an instance of EntityJsonURIDownloader.
16:45:09.895 [INFO]   [Creating]         [38/926]     No suitable constructor or factory method found. Please check that the class
16:45:09.895 [INFO]   [Creating]         [38/926]     under test has a non-private constructor or factory method.
16:45:09.895 [INFO]   [Creating]         [38/926]     See https://diff.blue/R083 for further troubleshooting of this issue.
16:45:09.897 [INFO]   [Creating]      [6/141] org.symphonyoss.symphony.entityjson.EntityJsonURIDownloader
16:45:09.897 [INFO]   [Creating]      [6/141]   Tests created: 0
16:45:09.898 [INFO]   [Creating]    
================================================================================
= Starting analysis for class 'org.symphonyoss.symphony.entityjson.InvalidInstanceException'
================================================================================
16:45:09.898 [INFO]   [Creating]    Filtering out non-testable methods...
16:45:09.903 [INFO]   [Creating]    Filtering of methods complete. Creating analysis request
16:45:09.903 [INFO]   [Creating]    Attempting to get service client, retry 1.
16:45:10.397 [INFO]   [Creating]         [39/926] org.symphonyoss.symphony.entityjson.InvalidInstanceException.<init>
16:45:10.397 [INFO]   [Creating]         [40/926] org.symphonyoss.symphony.entityjson.InvalidInstanceException.<init>
16:45:10.397 [INFO]   [Creating]         [41/926] org.symphonyoss.symphony.entityjson.InvalidInstanceException.<init>
16:45:10.397 [INFO]   [Creating]         [42/926] org.symphonyoss.symphony.entityjson.InvalidInstanceException.<init>
16:45:10.397 [INFO]   [Creating]         [43/926] org.symphonyoss.symphony.entityjson.InvalidInstanceException.<init>
16:45:10.397 [INFO]   [Creating]         [43/926]   Tests created: 5
16:45:10.398 [INFO]   [Creating]      [7/141] org.symphonyoss.symphony.entityjson.InvalidInstanceException
16:45:10.398 [INFO]   [Creating]      [7/141]   Tests created: 5
16:45:10.398 [INFO]   [Creating]    
================================================================================
= Starting analysis for class 'org.symphonyoss.symphony.entityjson.InvalidSchemaException'
================================================================================
16:45:10.398 [INFO]   [Creating]    Filtering out non-testable methods...
16:45:10.400 [INFO]   [Creating]    Filtering of methods complete. Creating analysis request
16:45:10.400 [INFO]   [Creating]    Attempting to get service client, retry 1.
16:45:10.880 [INFO]   [Creating]         [44/926] org.symphonyoss.symphony.entityjson.InvalidSchemaException.<init>
16:45:10.880 [INFO]   [Creating]         [45/926] org.symphonyoss.symphony.entityjson.InvalidSchemaException.<init>
16:45:10.880 [INFO]   [Creating]         [46/926] org.symphonyoss.symphony.entityjson.InvalidSchemaException.<init>
16:45:10.880 [INFO]   [Creating]         [47/926] org.symphonyoss.symphony.entityjson.InvalidSchemaException.<init>
16:45:10.880 [INFO]   [Creating]         [48/926] org.symphonyoss.symphony.entityjson.InvalidSchemaException.<init>
16:45:10.880 [INFO]   [Creating]         [48/926]   Tests created: 5
16:45:10.882 [INFO]   [Creating]      [8/141] org.symphonyoss.symphony.entityjson.InvalidSchemaException
16:45:10.882 [INFO]   [Creating]      [8/141]   Tests created: 5
16:45:10.883 [INFO]   [Creating]    
================================================================================
= Starting analysis for class 'org.symphonyoss.symphony.entityjson.NoSchemaException'
================================================================================
16:45:10.883 [INFO]   [Creating]    Filtering out non-testable methods...
16:45:10.885 [INFO]   [Creating]    Filtering of methods complete. Creating analysis request
16:45:10.885 [INFO]   [Creating]    Attempting to get service client, retry 1.
16:45:11.375 [INFO]   [Creating]         [49/926] org.symphonyoss.symphony.entityjson.NoSchemaException.<init>
16:45:11.375 [INFO]   [Creating]         [50/926] org.symphonyoss.symphony.entityjson.NoSchemaException.<init>
16:45:11.375 [INFO]   [Creating]         [51/926] org.symphonyoss.symphony.entityjson.NoSchemaException.<init>
16:45:11.375 [INFO]   [Creating]         [52/926] org.symphonyoss.symphony.entityjson.NoSchemaException.<init>
16:45:11.375 [INFO]   [Creating]         [53/926] org.symphonyoss.symphony.entityjson.NoSchemaException.<init>
16:45:11.375 [INFO]   [Creating]         [53/926]   Tests created: 5
16:45:11.376 [INFO]   [Creating]      [9/141] org.symphonyoss.symphony.entityjson.NoSchemaException
16:45:11.376 [INFO]   [Creating]      [9/141]   Tests created: 5
16:45:11.377 [INFO]   [Creating]    
================================================================================
= Starting analysis for class 'org.symphonyoss.symphony.entityjson.SchemaValidationException'
================================================================================
16:45:11.377 [INFO]   [Creating]    Filtering out non-testable methods...
16:45:11.379 [INFO]   [Creating]    Filtering of methods complete. Creating analysis request
16:45:11.379 [INFO]   [Creating]    Attempting to get service client, retry 1.
16:45:11.840 [INFO]   [Creating]         [54/926] org.symphonyoss.symphony.entityjson.SchemaValidationException.<init>
16:45:11.840 [INFO]   [Creating]         [55/926] org.symphonyoss.symphony.entityjson.SchemaValidationException.<init>
16:45:11.840 [INFO]   [Creating]         [56/926] org.symphonyoss.symphony.entityjson.SchemaValidationException.<init>
16:45:11.840 [INFO]   [Creating]         [57/926] org.symphonyoss.symphony.entityjson.SchemaValidationException.<init>
16:45:11.840 [INFO]   [Creating]         [58/926] org.symphonyoss.symphony.entityjson.SchemaValidationException.<init>
16:45:11.840 [INFO]   [Creating]         [58/926]   Tests created: 5
16:45:11.841 [INFO]   [Creating]     [10/141] org.symphonyoss.symphony.entityjson.SchemaValidationException
16:45:11.841 [INFO]   [Creating]     [10/141]   Tests created: 5
16:45:11.842 [INFO]   [Creating]    
================================================================================
= Starting analysis for class 'org.symphonyoss.symphony.entityjson.StructuredObject'
================================================================================
16:45:11.842 [INFO]   [Creating]    Filtering out non-testable methods...
16:45:11.847 [INFO]   [Creating]    Filtering of methods complete. Creating analysis request
16:45:11.847 [INFO]   [Creating]    Attempting to get service client, retry 1.
16:45:11.912 [INFO]   [Creating]         [59/926] org.symphonyoss.symphony.entityjson.StructuredObject.getContext
16:45:11.912 [INFO]   [Creating]         [60/926] org.symphonyoss.symphony.entityjson.StructuredObject.getIdList
16:45:11.912 [INFO]   [Creating]         [61/926] org.symphonyoss.symphony.entityjson.StructuredObject.getMajorVersion
16:45:11.912 [INFO]   [Creating]         [62/926] org.symphonyoss.symphony.entityjson.StructuredObject.getMinorVersion
16:45:11.912 [INFO]   [Creating]         [63/926] org.symphonyoss.symphony.entityjson.StructuredObject.getType
16:45:11.912 [INFO]   [Creating]         [64/926] org.symphonyoss.symphony.entityjson.StructuredObject.getVersion
16:45:11.912 [INFO]   [Creating]         [65/926] org.symphonyoss.symphony.entityjson.StructuredObject.toString
16:45:11.912 [INFO]   [Creating]         [65/926]   R081: Exception in arrange section
16:45:11.912 [INFO]   [Creating]         [65/926]     Diffblue Cover was unable to construct an instance of the class under test using
16:45:11.912 [INFO]   [Creating]         [65/926]     org.symphonyoss.symphony.entityjson.StructuredObject.getContext().
16:45:11.912 [INFO]   [Creating]         [65/926]     The arrange section threw
16:45:11.912 [INFO]   [Creating]         [65/926]     java.lang.NullPointerException
16:45:11.912 [INFO]   [Creating]         [65/926]         at org.symphonyoss.symphony.entityjson.StructuredObject.<init>(StructuredObject.java:81)
16:45:11.912 [INFO]   [Creating]         [65/926]         at org.symphonyoss.symphony.entityjson.StructuredObject.<init>(StructuredObject.java:72)
16:45:11.912 [INFO]   [Creating]         [65/926]     More information about the exception is provided in the support log.
16:45:11.912 [INFO]   [Creating]         [65/926]     See https://diff.blue/R081 for further troubleshooting of this issue.
16:45:16.548 [INFO]   [Creating]         [66/926] org.symphonyoss.symphony.entityjson.StructuredObject.<init>
16:45:16.548 [INFO]   [Creating]         [66/926]   Tests created: 3
16:45:17.147 [INFO]   [Creating]         [67/926] org.symphonyoss.symphony.entityjson.StructuredObject.<init>
16:45:17.147 [INFO]   [Creating]         [67/926]   Tests created: 2
16:45:17.149 [INFO]   [Creating]         [68/926] org.symphonyoss.symphony.entityjson.StructuredObject.validate
16:45:17.149 [INFO]   [Creating]         [68/926]   R013: No inputs found that don't throw a trivial exception
16:45:17.149 [INFO]   [Creating]         [68/926]     Diffblue Cover tried to run the arrange/act section, but the test threw
16:45:17.149 [INFO]   [Creating]         [68/926]     java.lang.NullPointerException
16:45:17.149 [INFO]   [Creating]         [68/926]         at org.symphonyoss.symphony.entityjson.StructuredObject.<init>(StructuredObject.java:81)
16:45:17.149 [INFO]   [Creating]         [68/926]         at org.symphonyoss.symphony.entityjson.StructuredObject.<init>(StructuredObject.java:72)
16:45:17.149 [INFO]   [Creating]         [68/926]     In order to prevent validate(EntityJsonParser)
16:45:17.149 [INFO]   [Creating]         [68/926]     from throwing NullPointerException, add constructors or factory
16:45:17.149 [INFO]   [Creating]         [68/926]     methods that make it easier to construct fully initialized objects used in
16:45:17.149 [INFO]   [Creating]         [68/926]     validate(EntityJsonParser).
16:45:17.149 [INFO]   [Creating]         [68/926]     See https://diff.blue/R013 to resolve this issue.
16:45:17.151 [INFO]   [Creating]     [11/141] org.symphonyoss.symphony.entityjson.StructuredObject
16:45:17.151 [INFO]   [Creating]     [11/141]   Tests created: 5
16:45:17.152 [INFO]   [Creating]    
================================================================================
= Starting analysis for class 'org.symphonyoss.symphony.entityjson.StructuredObjectId'
================================================================================
16:45:17.152 [INFO]   [Creating]    Filtering out non-testable methods...
16:45:17.153 [INFO]   [Creating]    Filtering of methods complete. Creating analysis request
16:45:17.154 [INFO]   [Creating]    Attempting to get service client, retry 1.
16:45:17.192 [INFO]   [Creating]         [69/926] org.symphonyoss.symphony.entityjson.StructuredObjectId.toString
16:45:17.192 [INFO]   [Creating]         [69/926]   R081: Exception in arrange section
16:45:17.192 [INFO]   [Creating]         [69/926]     Diffblue Cover was unable to construct an instance of the class under test using
16:45:17.192 [INFO]   [Creating]         [69/926]     org.symphonyoss.symphony.entityjson.StructuredObjectId.toString().
16:45:17.192 [INFO]   [Creating]         [69/926]     The arrange section threw
16:45:17.192 [INFO]   [Creating]         [69/926]     java.lang.NullPointerException
16:45:17.192 [INFO]   [Creating]         [69/926]         at org.symphonyoss.symphony.entityjson.StructuredObjectId.<init>(StructuredObjectId.java:41)
16:45:17.192 [INFO]   [Creating]         [69/926]     More information about the exception is provided in the support log.
16:45:17.192 [INFO]   [Creating]         [69/926]     See https://diff.blue/R081 for further troubleshooting of this issue.
16:45:18.990 [INFO]   [Creating]         [70/926] org.symphonyoss.symphony.entityjson.StructuredObjectId.<init>
16:45:18.990 [INFO]   [Creating]         [70/926]   Tests created: 2
16:45:18.991 [INFO]   [Creating]     [12/141] org.symphonyoss.symphony.entityjson.StructuredObjectId
16:45:18.991 [INFO]   [Creating]     [12/141]   Tests created: 2
16:45:18.992 [INFO]   [Creating]    
================================================================================
= Starting analysis for class 'org.symphonyoss.symphony.entityjson.UntrustedSchemaSourceException'
================================================================================
16:45:18.992 [INFO]   [Creating]    Filtering out non-testable methods...
16:45:18.994 [INFO]   [Creating]    Filtering of methods complete. Creating analysis request
16:45:18.994 [INFO]   [Creating]    Attempting to get service client, retry 1.
16:45:19.401 [INFO]   [Creating]         [71/926] org.symphonyoss.symphony.entityjson.UntrustedSchemaSourceException.<init>
16:45:19.401 [INFO]   [Creating]         [72/926] org.symphonyoss.symphony.entityjson.UntrustedSchemaSourceException.<init>
16:45:19.401 [INFO]   [Creating]         [73/926] org.symphonyoss.symphony.entityjson.UntrustedSchemaSourceException.<init>
16:45:19.401 [INFO]   [Creating]         [74/926] org.symphonyoss.symphony.entityjson.UntrustedSchemaSourceException.<init>
16:45:19.401 [INFO]   [Creating]         [75/926] org.symphonyoss.symphony.entityjson.UntrustedSchemaSourceException.<init>
16:45:19.401 [INFO]   [Creating]         [75/926]   Tests created: 5
16:45:19.402 [INFO]   [Creating]     [13/141] org.symphonyoss.symphony.entityjson.UntrustedSchemaSourceException
16:45:19.402 [INFO]   [Creating]     [13/141]   Tests created: 5
16:45:19.403 [INFO]   [Creating]    
================================================================================
= Starting analysis for class 'org.symphonyoss.symphony.messageml.MessageMLContext'
================================================================================
16:45:19.403 [INFO]   [Creating]    Filtering out non-testable methods...
16:45:19.420 [INFO]   [Creating]    Filtering of methods complete. Creating analysis request
16:45:19.420 [INFO]   [Creating]    Attempting to get service client, retry 1.
16:45:20.974 [INFO]   [Creating]         [76/926] org.symphonyoss.symphony.messageml.MessageMLContext.getBiContext
16:45:20.974 [INFO]   [Creating]         [76/926]   Tests created: 1
16:45:21.474 [INFO]   [Creating]         [77/926] org.symphonyoss.symphony.messageml.MessageMLContext.<init>
16:45:21.474 [INFO]   [Creating]         [77/926]   Tests created: 1
16:45:21.629 [INFO]   [Creating]         [78/926] org.symphonyoss.symphony.messageml.MessageMLContext.generateShortId
16:45:21.629 [INFO]   [Creating]         [78/926]   Diffblue AI was unable to find a test
16:45:21.817 [INFO]   [Creating]         [79/926] org.symphonyoss.symphony.messageml.MessageMLContext.getEntities
16:45:21.817 [INFO]   [Creating]         [79/926]   Tests created: 1
16:45:22.000 [INFO]   [Creating]         [80/926] org.symphonyoss.symphony.messageml.MessageMLContext.getEntityJson
16:45:22.000 [INFO]   [Creating]         [80/926]   Tests created: 1
16:45:22.181 [INFO]   [Creating]         [81/926] org.symphonyoss.symphony.messageml.MessageMLContext.getMarkdown
16:45:22.181 [INFO]   [Creating]         [81/926]   Tests created: 1
16:45:22.511 [INFO]   [Creating]         [82/926] org.symphonyoss.symphony.messageml.MessageMLContext.getMessageML
16:45:22.511 [INFO]   [Creating]         [82/926]   Tests created: 1
16:45:22.980 [INFO]   [Creating]         [83/926] org.symphonyoss.symphony.messageml.MessageMLContext.getPresentationML
16:45:22.980 [INFO]   [Creating]         [83/926]   Tests created: 1
16:45:23.304 [INFO]   [Creating]         [84/926] org.symphonyoss.symphony.messageml.MessageMLContext.getText
16:45:23.304 [INFO]   [Creating]         [84/926]   Tests created: 1
16:45:29.755 [INFO]   [Creating]         [85/926] org.symphonyoss.symphony.messageml.MessageMLContext.getText
16:45:29.755 [INFO]   [Creating]         [85/926]   Tests created: 1
16:45:34.201 [INFO]   [Creating]         [86/926] org.symphonyoss.symphony.messageml.MessageMLContext.parseMarkdown
16:45:34.201 [INFO]   [Creating]         [86/926]   Tests created: 8
16:45:34.203 [INFO]   [Creating]         [87/926] org.symphonyoss.symphony.messageml.MessageMLContext.parseMessageML
16:45:34.203 [INFO]   [Creating]         [87/926]   R013: No inputs found that don't throw a trivial exception
16:45:34.203 [INFO]   [Creating]         [87/926]     Diffblue Cover tried to run the arrange/act section, but the test threw
16:45:34.203 [INFO]   [Creating]         [87/926]     org.symphonyoss.symphony.messageml.exceptions.InvalidInputException: Invalid messageML: The markup in the document preceding the root element must be well-formed.
16:45:34.203 [INFO]   [Creating]         [87/926]         at org.symphonyoss.symphony.messageml.MessageMLParser.parseDocument(MessageMLParser.java:406)
16:45:34.203 [INFO]   [Creating]         [87/926]         at org.symphonyoss.symphony.messageml.MessageMLParser.parseMessageML(MessageMLParser.java:352)
16:45:34.203 [INFO]   [Creating]         [87/926]         at org.symphonyoss.symphony.messageml.MessageMLParser.parse(MessageMLParser.java:204)
16:45:34.203 [INFO]   [Creating]         [87/926]         at org.symphonyoss.symphony.messageml.MessageMLContext.parseMessageML(MessageMLContext.java:80)
16:45:34.203 [INFO]   [Creating]         [87/926]     In order to prevent parseMessageML(String, String, String)
16:45:34.203 [INFO]   [Creating]         [87/926]     from throwing InvalidInputException, add constructors or factory
16:45:34.203 [INFO]   [Creating]         [87/926]     methods that make it easier to construct fully initialized objects used in
16:45:34.203 [INFO]   [Creating]         [87/926]     parseMessageML(String, String, String).
16:45:34.203 [INFO]   [Creating]         [87/926]     See https://diff.blue/R013 to resolve this issue.
16:45:34.204 [INFO]   [Creating]     [14/141] org.symphonyoss.symphony.messageml.MessageMLContext
16:45:34.204 [INFO]   [Creating]     [14/141]   Tests created: 17
16:45:34.205 [INFO]   [Creating]    
================================================================================
= Starting analysis for class 'org.symphonyoss.symphony.messageml.MessageMLParser'
================================================================================
16:45:34.205 [INFO]   [Creating]    Filtering out non-testable methods...
16:45:34.225 [INFO]   [Creating]    Filtering of methods complete. Creating analysis request
16:45:34.225 [INFO]   [Creating]    Attempting to get service client, retry 1.
16:45:35.190 [INFO]   [Creating]         [88/926] org.symphonyoss.symphony.messageml.MessageMLParser.<init>
16:45:35.190 [INFO]   [Creating]         [89/926] org.symphonyoss.symphony.messageml.MessageMLParser.getBiContext
16:45:35.190 [INFO]   [Creating]         [90/926] org.symphonyoss.symphony.messageml.MessageMLParser.getEntityJson
16:45:35.190 [INFO]   [Creating]         [91/926] org.symphonyoss.symphony.messageml.MessageMLParser.getMessageFormat
16:45:35.190 [INFO]   [Creating]         [91/926]   Tests created: 1
16:45:41.882 [INFO]   [Creating]         [92/926] org.symphonyoss.symphony.messageml.MessageMLParser.clearBiContext
16:45:41.882 [INFO]   [Creating]         [92/926]   Tests created: 1
16:45:50.011 [INFO]   [Creating]         [93/926] org.symphonyoss.symphony.messageml.MessageMLParser.createElement
16:45:50.011 [INFO]   [Creating]         [93/926]   Tests created: 51
16:45:53.148 [INFO]   [Creating]         [94/926] org.symphonyoss.symphony.messageml.MessageMLParser.getAllSplittableAttributes
16:45:53.148 [INFO]   [Creating]         [94/926]   R013: No inputs found that don't throw a trivial exception
16:45:53.148 [INFO]   [Creating]         [94/926]     Diffblue Cover tried to run the arrange/act section, but the test threw
16:45:53.148 [INFO]   [Creating]         [94/926]     java.lang.NullPointerException
16:45:53.148 [INFO]   [Creating]         [94/926]         at org.symphonyoss.symphony.messageml.MessageMLParser.getAllSplittableAttributes(MessageMLParser.java:693)
16:45:53.148 [INFO]   [Creating]         [94/926]     In order to prevent getAllSplittableAttributes(String)
16:45:53.148 [INFO]   [Creating]         [94/926]     from throwing NullPointerException, add constructors or factory
16:45:53.148 [INFO]   [Creating]         [94/926]     methods that make it easier to construct fully initialized objects used in
16:45:53.148 [INFO]   [Creating]         [94/926]     getAllSplittableAttributes(String).
16:45:53.148 [INFO]   [Creating]         [94/926]     See https://diff.blue/R013 to resolve this issue.
16:45:56.391 [INFO]   [Creating]         [95/926] org.symphonyoss.symphony.messageml.MessageMLParser.getAllSplittableValues
16:45:56.391 [INFO]   [Creating]         [95/926]   R013: No inputs found that don't throw a trivial exception
16:45:56.392 [INFO]   [Creating]         [95/926]     Diffblue Cover tried to run the arrange/act section, but the test threw
16:45:56.392 [INFO]   [Creating]         [95/926]     java.lang.NullPointerException
16:45:56.392 [INFO]   [Creating]         [95/926]         at org.symphonyoss.symphony.messageml.MessageMLParser.getAllSplittableValues(MessageMLParser.java:706)
16:45:56.392 [INFO]   [Creating]         [95/926]     In order to prevent getAllSplittableValues(String)
16:45:56.392 [INFO]   [Creating]         [95/926]     from throwing NullPointerException, add constructors or factory
16:45:56.392 [INFO]   [Creating]         [95/926]     methods that make it easier to construct fully initialized objects used in
16:45:56.392 [INFO]   [Creating]         [95/926]     getAllSplittableValues(String).
16:45:56.392 [INFO]   [Creating]         [95/926]     See https://diff.blue/R013 to resolve this issue.
16:45:59.628 [INFO]   [Creating]         [96/926] org.symphonyoss.symphony.messageml.MessageMLParser.getSplittableAttributes
16:45:59.628 [INFO]   [Creating]         [96/926]   R013: No inputs found that don't throw a trivial exception
16:45:59.628 [INFO]   [Creating]         [96/926]     Diffblue Cover tried to run the arrange/act section, but the test threw
16:45:59.628 [INFO]   [Creating]         [96/926]     java.lang.NullPointerException
16:45:59.628 [INFO]   [Creating]         [96/926]         at org.symphonyoss.symphony.messageml.MessageMLParser.getSplittableAttributes(MessageMLParser.java:680)
16:45:59.628 [INFO]   [Creating]         [96/926]     In order to prevent getSplittableAttributes(String, Class)
16:45:59.628 [INFO]   [Creating]         [96/926]     from throwing NullPointerException, add constructors or factory
16:45:59.628 [INFO]   [Creating]         [96/926]     methods that make it easier to construct fully initialized objects used in
16:45:59.628 [INFO]   [Creating]         [96/926]     getSplittableAttributes(String, Class).
16:45:59.628 [INFO]   [Creating]         [96/926]     See https://diff.blue/R013 to resolve this issue.
16:46:08.302 [INFO]   [Creating]         [97/926] org.symphonyoss.symphony.messageml.MessageMLParser.loadElementId
16:46:08.302 [INFO]   [Creating]         [97/926]   R013: No inputs found that don't throw a trivial exception
16:46:08.302 [INFO]   [Creating]         [97/926]     Diffblue Cover tried to run the arrange/act section, but the test threw
16:46:08.302 [INFO]   [Creating]         [97/926]     java.lang.NullPointerException
16:46:08.302 [INFO]   [Creating]         [97/926]         at org.symphonyoss.symphony.messageml.MessageMLParser.loadElementId(MessageMLParser.java:668)
16:46:08.302 [INFO]   [Creating]         [97/926]     In order to prevent loadElementId(String)
16:46:08.302 [INFO]   [Creating]         [97/926]     from throwing NullPointerException, add constructors or factory
16:46:08.302 [INFO]   [Creating]         [97/926]     methods that make it easier to construct fully initialized objects used in
16:46:08.302 [INFO]   [Creating]         [97/926]     loadElementId(String).
16:46:08.302 [INFO]   [Creating]         [97/926]     See https://diff.blue/R013 to resolve this issue.
16:46:12.336 [INFO]   [Creating]         [98/926] org.symphonyoss.symphony.messageml.MessageMLParser.parse
16:46:12.336 [INFO]   [Creating]         [98/926]   Tests created: 15
16:46:12.780 [INFO]   [Creating]         [99/926] org.symphonyoss.symphony.messageml.MessageMLParser.parseDocument
16:46:12.780 [INFO]   [Creating]         [99/926]   Tests created: 4
16:46:12.781 [INFO]   [Creating]     [15/141] org.symphonyoss.symphony.messageml.MessageMLParser
16:46:12.781 [INFO]   [Creating]     [15/141]   Tests created: 72
16:46:12.782 [INFO]   [Creating]    
================================================================================
= Starting analysis for class 'org.symphonyoss.symphony.messageml.MessageMLParser$SplittableData'
================================================================================
16:46:12.782 [INFO]   [Creating]    Filtering out non-testable methods...
16:46:12.785 [INFO]   [Creating]    Filtering of methods complete. Creating analysis request
16:46:12.785 [INFO]   [Creating]    Attempting to get service client, retry 1.
16:46:13.320 [INFO]   [Creating]        [100/926] org.symphonyoss.symphony.messageml.MessageMLParser$SplittableData.<init>
16:46:13.320 [INFO]   [Creating]        [100/926]   Tests created: 1
16:46:14.409 [INFO]   [Creating]        [101/926] org.symphonyoss.symphony.messageml.MessageMLParser$SplittableData.addAttribute
16:46:14.409 [INFO]   [Creating]        [101/926]   Tests created: 1
16:46:14.665 [INFO]   [Creating]        [102/926] org.symphonyoss.symphony.messageml.MessageMLParser$SplittableData.create
16:46:14.665 [INFO]   [Creating]        [102/926]   Diffblue AI was unable to find a test
16:46:14.867 [INFO]   [Creating]        [103/926] org.symphonyoss.symphony.messageml.MessageMLParser$SplittableData.exists
16:46:14.867 [INFO]   [Creating]        [103/926]   Tests created: 1
16:46:15.061 [INFO]   [Creating]        [104/926] org.symphonyoss.symphony.messageml.MessageMLParser$SplittableData.getAllAttributes
16:46:15.061 [INFO]   [Creating]        [104/926]   Tests created: 1
16:46:15.453 [INFO]   [Creating]        [105/926] org.symphonyoss.symphony.messageml.MessageMLParser$SplittableData.getAllValues
16:46:15.453 [INFO]   [Creating]        [105/926]   Tests created: 1
16:46:15.577 [INFO]   [Creating]        [106/926] org.symphonyoss.symphony.messageml.MessageMLParser$SplittableData.getAttributes
16:46:15.577 [INFO]   [Creating]        [106/926]   Tests created: 1
16:46:15.578 [INFO]   [Creating]     [16/141] org.symphonyoss.symphony.messageml.MessageMLParser$SplittableData
16:46:15.578 [INFO]   [Creating]     [16/141]   Tests created: 6
16:46:15.579 [INFO]   [Creating]    
================================================================================
= Starting analysis for class 'org.symphonyoss.symphony.messageml.bi.BiContext'
================================================================================
16:46:15.579 [INFO]   [Creating]    Filtering out non-testable methods...
16:46:15.582 [INFO]   [Creating]    Filtering of methods complete. Creating analysis request
16:46:15.582 [INFO]   [Creating]    Attempting to get service client, retry 1.
16:46:15.896 [INFO]   [Creating]        [107/926] org.symphonyoss.symphony.messageml.bi.BiContext.<init>
16:46:15.896 [INFO]   [Creating]        [108/926] org.symphonyoss.symphony.messageml.bi.BiContext.getItems
16:46:15.896 [INFO]   [Creating]        [108/926]   Tests created: 1
16:46:16.142 [INFO]   [Creating]        [109/926] org.symphonyoss.symphony.messageml.bi.BiContext.addItem
16:46:16.142 [INFO]   [Creating]        [109/926]   Tests created: 1
16:46:16.764 [INFO]   [Creating]        [110/926] org.symphonyoss.symphony.messageml.bi.BiContext.addItemWithValue
16:46:16.764 [INFO]   [Creating]        [110/926]   Tests created: 1
16:46:17.713 [INFO]   [Creating]        [111/926] org.symphonyoss.symphony.messageml.bi.BiContext.isAttributeSet
16:46:17.713 [INFO]   [Creating]        [111/926]   Tests created: 4
16:46:18.565 [INFO]   [Creating]        [112/926] org.symphonyoss.symphony.messageml.bi.BiContext.updateItemCount
16:46:18.565 [INFO]   [Creating]        [112/926]   Tests created: 6
16:46:20.016 [INFO]   [Creating]        [113/926] org.symphonyoss.symphony.messageml.bi.BiContext.updateItemCount
16:46:20.016 [INFO]   [Creating]        [113/926]   Tests created: 4
16:46:21.285 [INFO]   [Creating]        [114/926] org.symphonyoss.symphony.messageml.bi.BiContext.updateItemCount
16:46:21.285 [INFO]   [Creating]        [114/926]   Tests created: 9
16:46:21.757 [INFO]   [Creating]        [115/926] org.symphonyoss.symphony.messageml.bi.BiContext.updateItemWithMaxValue
16:46:21.757 [INFO]   [Creating]        [115/926]   Tests created: 6
16:46:21.758 [INFO]   [Creating]     [17/141] org.symphonyoss.symphony.messageml.bi.BiContext
16:46:21.758 [INFO]   [Creating]     [17/141]   Tests created: 32
16:46:21.759 [INFO]   [Creating]    
================================================================================
= Starting analysis for class 'org.symphonyoss.symphony.messageml.bi.BiEventType'
================================================================================
16:46:21.759 [INFO]   [Creating]    Filtering out non-testable methods...
16:46:21.761 [INFO]   [Creating]        [116/926] org.symphonyoss.symphony.messageml.bi.BiEventType.valueOf
16:46:21.761 [INFO]   [Creating]        [116/926]   T012: Synthetic method
16:46:21.761 [INFO]   [Creating]        [116/926]     Indicates that the method is synthetic. Currently, this includes methods:
16:46:21.761 [INFO]   [Creating]        [116/926]     - that are marked as synthetic by the compiler
16:46:21.761 [INFO]   [Creating]        [116/926]     - that are not directly callable
16:46:21.761 [INFO]   [Creating]        [116/926]     - that exist on the JDK class but do not appear in the source code
16:46:21.761 [INFO]   [Creating]        [116/926]     Diffblue Cover considers these methods as not directly callable.
16:46:21.762 [INFO]   [Creating]        [117/926] org.symphonyoss.symphony.messageml.bi.BiEventType.values
16:46:21.762 [INFO]   [Creating]        [117/926]   T012: Synthetic method
16:46:21.762 [INFO]   [Creating]        [117/926]     Indicates that the method is synthetic. Currently, this includes methods:
16:46:21.762 [INFO]   [Creating]        [117/926]     - that are marked as synthetic by the compiler
16:46:21.762 [INFO]   [Creating]        [117/926]     - that are not directly callable
16:46:21.762 [INFO]   [Creating]        [117/926]     - that exist on the JDK class but do not appear in the source code
16:46:21.762 [INFO]   [Creating]        [117/926]     Diffblue Cover considers these methods as not directly callable.
16:46:21.762 [INFO]   [Creating]    Filtering of methods complete. Creating analysis request
16:46:21.762 [INFO]   [Creating]    Attempting to get service client, retry 1.
16:46:21.866 [INFO]   [Creating]        [118/926] org.symphonyoss.symphony.messageml.bi.BiEventType.getType
16:46:21.866 [INFO]   [Creating]        [118/926]   Tests created: 1
16:46:21.867 [INFO]   [Creating]     [18/141] org.symphonyoss.symphony.messageml.bi.BiEventType
16:46:21.867 [INFO]   [Creating]     [18/141]   Tests created: 1
16:46:21.867 [INFO]   [Creating]    
================================================================================
= Starting analysis for class 'org.symphonyoss.symphony.messageml.bi.BiFields'
================================================================================
16:46:21.867 [INFO]   [Creating]    Filtering out non-testable methods...
16:46:21.869 [INFO]   [Creating]        [119/926] org.symphonyoss.symphony.messageml.bi.BiFields.valueOf
16:46:21.869 [INFO]   [Creating]        [119/926]   T012: Synthetic method
16:46:21.869 [INFO]   [Creating]        [119/926]     Indicates that the method is synthetic. Currently, this includes methods:
16:46:21.869 [INFO]   [Creating]        [119/926]     - that are marked as synthetic by the compiler
16:46:21.869 [INFO]   [Creating]        [119/926]     - that are not directly callable
16:46:21.869 [INFO]   [Creating]        [119/926]     - that exist on the JDK class but do not appear in the source code
16:46:21.869 [INFO]   [Creating]        [119/926]     Diffblue Cover considers these methods as not directly callable.
16:46:21.870 [INFO]   [Creating]        [120/926] org.symphonyoss.symphony.messageml.bi.BiFields.values
16:46:21.870 [INFO]   [Creating]        [120/926]   T012: Synthetic method
16:46:21.870 [INFO]   [Creating]        [120/926]     Indicates that the method is synthetic. Currently, this includes methods:
16:46:21.870 [INFO]   [Creating]        [120/926]     - that are marked as synthetic by the compiler
16:46:21.870 [INFO]   [Creating]        [120/926]     - that are not directly callable
16:46:21.870 [INFO]   [Creating]        [120/926]     - that exist on the JDK class but do not appear in the source code
16:46:21.870 [INFO]   [Creating]        [120/926]     Diffblue Cover considers these methods as not directly callable.
16:46:21.871 [INFO]   [Creating]    Filtering of methods complete. Creating analysis request
16:46:21.871 [INFO]   [Creating]    Attempting to get service client, retry 1.
16:46:21.974 [INFO]   [Creating]        [121/926] org.symphonyoss.symphony.messageml.bi.BiFields.getDefaultValue
16:46:21.974 [INFO]   [Creating]        [122/926] org.symphonyoss.symphony.messageml.bi.BiFields.getType
16:46:21.974 [INFO]   [Creating]        [123/926] org.symphonyoss.symphony.messageml.bi.BiFields.getValue
16:46:21.974 [INFO]   [Creating]        [123/926]   Tests created: 1
16:46:21.975 [INFO]   [Creating]     [19/141] org.symphonyoss.symphony.messageml.bi.BiFields
16:46:21.975 [INFO]   [Creating]     [19/141]   Tests created: 1
16:46:21.976 [INFO]   [Creating]    
================================================================================
= Starting analysis for class 'org.symphonyoss.symphony.messageml.bi.BiItem'
================================================================================
16:46:21.976 [INFO]   [Creating]    Filtering out non-testable methods...
16:46:21.980 [INFO]   [Creating]    Filtering of methods complete. Creating analysis request
16:46:21.980 [INFO]   [Creating]    Attempting to get service client, retry 1.
16:46:22.748 [INFO]   [Creating]        [124/926] org.symphonyoss.symphony.messageml.bi.BiItem.<init>
16:46:22.748 [INFO]   [Creating]        [125/926] org.symphonyoss.symphony.messageml.bi.BiItem.getAttributes
16:46:22.748 [INFO]   [Creating]        [126/926] org.symphonyoss.symphony.messageml.bi.BiItem.getName
16:46:22.748 [INFO]   [Creating]        [126/926]   Tests created: 1
16:46:23.031 [INFO]   [Creating]        [127/926] org.symphonyoss.symphony.messageml.bi.BiItem.equals
16:46:23.031 [INFO]   [Creating]        [128/926] org.symphonyoss.symphony.messageml.bi.BiItem.hashCode
16:46:23.031 [INFO]   [Creating]        [128/926]   Tests created: 6
16:46:23.385 [INFO]   [Creating]        [129/926] org.symphonyoss.symphony.messageml.bi.BiItem.<init>
16:46:23.385 [INFO]   [Creating]        [129/926]   Tests created: 1
16:46:23.681 [INFO]   [Creating]        [130/926] org.symphonyoss.symphony.messageml.bi.BiItem.increaseAttributeCount
16:46:23.681 [INFO]   [Creating]        [130/926]   Tests created: 1
16:46:23.773 [INFO]   [Creating]        [131/926] org.symphonyoss.symphony.messageml.bi.BiItem.setMaxAttribute
16:46:23.773 [INFO]   [Creating]        [131/926]   Tests created: 2
16:46:23.774 [INFO]   [Creating]     [20/141] org.symphonyoss.symphony.messageml.bi.BiItem
16:46:23.774 [INFO]   [Creating]     [20/141]   Tests created: 11
16:46:23.775 [INFO]   [Creating]    
================================================================================
= Starting analysis for class 'org.symphonyoss.symphony.messageml.elements.Bold'
================================================================================
16:46:23.775 [INFO]   [Creating]    Filtering out non-testable methods...
16:46:23.778 [INFO]   [Creating]    Filtering of methods complete. Creating analysis request
16:46:23.778 [INFO]   [Creating]    Attempting to get service client, retry 1.
16:46:25.283 [INFO]   [Creating]        [132/926] org.symphonyoss.symphony.messageml.elements.Bold.<init>
16:46:25.283 [INFO]   [Creating]        [132/926]   Tests created: 1
16:46:26.621 [INFO]   [Creating]        [133/926] org.symphonyoss.symphony.messageml.elements.Bold.asMarkdown
16:46:26.621 [INFO]   [Creating]        [133/926]   Tests created: 1
16:46:26.725 [INFO]   [Creating]        [134/926] org.symphonyoss.symphony.messageml.elements.Bold.validate
16:46:26.725 [INFO]   [Creating]        [134/926]   Tests created: 3
16:46:26.726 [INFO]   [Creating]     [21/141] org.symphonyoss.symphony.messageml.elements.Bold
16:46:26.726 [INFO]   [Creating]     [21/141]   Tests created: 5
16:46:26.727 [INFO]   [Creating]    
================================================================================
= Starting analysis for class 'org.symphonyoss.symphony.messageml.elements.BulletList'
================================================================================
16:46:26.727 [INFO]   [Creating]    Filtering out non-testable methods...
16:46:26.729 [INFO]   [Creating]    Filtering of methods complete. Creating analysis request
16:46:26.729 [INFO]   [Creating]    Attempting to get service client, retry 1.
16:46:28.127 [INFO]   [Creating]        [135/926] org.symphonyoss.symphony.messageml.elements.BulletList.<init>
16:46:28.127 [INFO]   [Creating]        [135/926]   Tests created: 1
16:46:29.580 [INFO]   [Creating]        [136/926] org.symphonyoss.symphony.messageml.elements.BulletList.asMarkdown
16:46:29.580 [INFO]   [Creating]        [136/926]   Tests created: 1
16:46:31.247 [INFO]   [Creating]        [137/926] org.symphonyoss.symphony.messageml.elements.BulletList.updateBiContext
16:46:31.247 [INFO]   [Creating]        [137/926]   Tests created: 6
16:46:31.346 [INFO]   [Creating]        [138/926] org.symphonyoss.symphony.messageml.elements.BulletList.validate
16:46:31.346 [INFO]   [Creating]        [138/926]   Tests created: 2
16:46:31.347 [INFO]   [Creating]     [22/141] org.symphonyoss.symphony.messageml.elements.BulletList
16:46:31.347 [INFO]   [Creating]     [22/141]   Tests created: 10
16:46:31.347 [INFO]   [Creating]    
================================================================================
= Starting analysis for class 'org.symphonyoss.symphony.messageml.elements.Button'
================================================================================
16:46:31.347 [INFO]   [Creating]    Filtering out non-testable methods...
16:46:31.350 [INFO]   [Creating]    Filtering of methods complete. Creating analysis request
16:46:31.350 [INFO]   [Creating]    Attempting to get service client, retry 1.
16:46:33.130 [INFO]   [Creating]        [139/926] org.symphonyoss.symphony.messageml.elements.Button.<init>
16:46:33.130 [INFO]   [Creating]        [139/926]   Tests created: 1
16:46:40.163 [INFO]   [Creating]        [140/926] org.symphonyoss.symphony.messageml.elements.Button.asMarkdown
16:46:40.163 [INFO]   [Creating]        [140/926]   Tests created: 1
16:46:42.963 [INFO]   [Creating]        [141/926] org.symphonyoss.symphony.messageml.elements.Button.asPresentationML
16:46:42.963 [INFO]   [Creating]        [141/926]   Tests created: 17
16:46:44.251 [INFO]   [Creating]        [142/926] org.symphonyoss.symphony.messageml.elements.Button.buildAttribute
16:46:44.251 [INFO]   [Creating]        [142/926]   Tests created: 3
16:46:45.920 [INFO]   [Creating]        [143/926] org.symphonyoss.symphony.messageml.elements.Button.updateBiContext
16:46:45.920 [INFO]   [Creating]        [143/926]   Tests created: 1
16:46:46.077 [INFO]   [Creating]        [144/926] org.symphonyoss.symphony.messageml.elements.Button.validate
16:46:46.077 [INFO]   [Creating]        [144/926]   Tests created: 2
16:46:46.078 [INFO]   [Creating]     [23/141] org.symphonyoss.symphony.messageml.elements.Button
16:46:46.078 [INFO]   [Creating]     [23/141]   Tests created: 25
16:46:46.079 [INFO]   [Creating]    
================================================================================
= Starting analysis for class 'org.symphonyoss.symphony.messageml.elements.Card'
================================================================================
16:46:46.079 [INFO]   [Creating]    Filtering out non-testable methods...
16:46:46.081 [INFO]   [Creating]    Filtering of methods complete. Creating analysis request
16:46:46.081 [INFO]   [Creating]    Attempting to get service client, retry 1.
16:46:50.998 [INFO]   [Creating]        [145/926] org.symphonyoss.symphony.messageml.elements.Card.<init>
16:46:50.998 [INFO]   [Creating]        [146/926] org.symphonyoss.symphony.messageml.elements.Card.getPresentationMLTag
16:46:50.998 [INFO]   [Creating]        [146/926]   Tests created: 1
16:46:53.237 [INFO]   [Creating]        [147/926] org.symphonyoss.symphony.messageml.elements.Card.asPresentationML
16:46:53.237 [INFO]   [Creating]        [147/926]   Tests created: 17
16:46:54.873 [INFO]   [Creating]        [148/926] org.symphonyoss.symphony.messageml.elements.Card.buildAttribute
16:46:54.873 [INFO]   [Creating]        [148/926]   Tests created: 2
16:46:55.370 [INFO]   [Creating]        [149/926] org.symphonyoss.symphony.messageml.elements.Card.updateBiContext
16:46:55.370 [INFO]   [Creating]        [149/926]   Tests created: 6
16:46:55.371 [INFO]   [Creating]     [24/141] org.symphonyoss.symphony.messageml.elements.Card
16:46:55.371 [INFO]   [Creating]     [24/141]   Tests created: 26
16:46:55.372 [INFO]   [Creating]    
================================================================================
= Starting analysis for class 'org.symphonyoss.symphony.messageml.elements.CardBody'
================================================================================
16:46:55.372 [INFO]   [Creating]    Filtering out non-testable methods...
16:46:55.374 [INFO]   [Creating]    Filtering of methods complete. Creating analysis request
16:46:55.374 [INFO]   [Creating]    Attempting to get service client, retry 1.
16:46:56.204 [INFO]   [Creating]        [150/926] org.symphonyoss.symphony.messageml.elements.CardBody.<init>
16:46:56.204 [INFO]   [Creating]        [151/926] org.symphonyoss.symphony.messageml.elements.CardBody.getPresentationMLTag
16:46:56.204 [INFO]   [Creating]        [151/926]   Tests created: 1
16:47:00.926 [INFO]   [Creating]        [152/926] org.symphonyoss.symphony.messageml.elements.CardBody.asMarkdown
16:47:00.926 [INFO]   [Creating]        [152/926]   Tests created: 1
16:47:02.889 [INFO]   [Creating]        [153/926] org.symphonyoss.symphony.messageml.elements.CardBody.asPresentationML
16:47:02.890 [INFO]   [Creating]        [153/926]   Tests created: 17
16:47:04.349 [INFO]   [Creating]        [154/926] org.symphonyoss.symphony.messageml.elements.CardBody.buildAttribute
16:47:04.349 [INFO]   [Creating]        [154/926]   Tests created: 1
16:47:04.489 [INFO]   [Creating]        [155/926] org.symphonyoss.symphony.messageml.elements.CardBody.validate
16:47:04.489 [INFO]   [Creating]        [155/926]   Tests created: 2
16:47:04.490 [INFO]   [Creating]     [25/141] org.symphonyoss.symphony.messageml.elements.CardBody
16:47:04.490 [INFO]   [Creating]     [25/141]   Tests created: 22
16:47:04.490 [INFO]   [Creating]    
================================================================================
= Starting analysis for class 'org.symphonyoss.symphony.messageml.elements.CardHeader'
================================================================================
16:47:04.491 [INFO]   [Creating]    Filtering out non-testable methods...
16:47:04.492 [INFO]   [Creating]    Filtering of methods complete. Creating analysis request
16:47:04.492 [INFO]   [Creating]    Attempting to get service client, retry 1.
16:47:05.328 [INFO]   [Creating]        [156/926] org.symphonyoss.symphony.messageml.elements.CardHeader.<init>
16:47:05.328 [INFO]   [Creating]        [157/926] org.symphonyoss.symphony.messageml.elements.CardHeader.getPresentationMLTag
16:47:05.328 [INFO]   [Creating]        [157/926]   Tests created: 1
16:47:10.055 [INFO]   [Creating]        [158/926] org.symphonyoss.symphony.messageml.elements.CardHeader.asMarkdown
16:47:10.055 [INFO]   [Creating]        [158/926]   Tests created: 1
16:47:11.984 [INFO]   [Creating]        [159/926] org.symphonyoss.symphony.messageml.elements.CardHeader.asPresentationML
16:47:11.984 [INFO]   [Creating]        [159/926]   Tests created: 17
16:47:13.456 [INFO]   [Creating]        [160/926] org.symphonyoss.symphony.messageml.elements.CardHeader.buildAttribute
16:47:13.456 [INFO]   [Creating]        [160/926]   Tests created: 1
16:47:13.587 [INFO]   [Creating]        [161/926] org.symphonyoss.symphony.messageml.elements.CardHeader.validate
16:47:13.587 [INFO]   [Creating]        [161/926]   Tests created: 2
16:47:13.588 [INFO]   [Creating]     [26/141] org.symphonyoss.symphony.messageml.elements.CardHeader
16:47:13.588 [INFO]   [Creating]     [26/141]   Tests created: 22
16:47:13.589 [INFO]   [Creating]    
================================================================================
= Starting analysis for class 'org.symphonyoss.symphony.messageml.elements.CashTag'
================================================================================
16:47:13.589 [INFO]   [Creating]    Filtering out non-testable methods...
16:47:13.593 [INFO]   [Creating]    Filtering of methods complete. Creating analysis request
16:47:13.593 [INFO]   [Creating]    Attempting to get service client, retry 1.
16:47:14.362 [INFO]   [Creating]        [162/926] org.symphonyoss.symphony.messageml.elements.CashTag.getEntitySubType
16:47:14.362 [INFO]   [Creating]        [163/926] org.symphonyoss.symphony.messageml.elements.CashTag.getEntityType
16:47:14.362 [INFO]   [Creating]        [164/926] org.symphonyoss.symphony.messageml.elements.CashTag.getEntityVersion
16:47:14.362 [INFO]   [Creating]        [165/926] org.symphonyoss.symphony.messageml.elements.CashTag.toString
16:47:14.362 [INFO]   [Creating]        [165/926]   Tests created: 1
16:47:15.023 [INFO]   [Creating]        [166/926] org.symphonyoss.symphony.messageml.elements.CashTag.<init>
16:47:15.023 [INFO]   [Creating]        [166/926]   Tests created: 1
16:47:15.678 [INFO]   [Creating]        [167/926] org.symphonyoss.symphony.messageml.elements.CashTag.<init>
16:47:15.678 [INFO]   [Creating]        [167/926]   Tests created: 1
16:47:16.537 [INFO]   [Creating]        [168/926] org.symphonyoss.symphony.messageml.elements.CashTag.<init>
16:47:16.537 [INFO]   [Creating]        [168/926]   Tests created: 1
16:47:17.387 [INFO]   [Creating]        [169/926] org.symphonyoss.symphony.messageml.elements.CashTag.asMarkdown
16:47:17.387 [INFO]   [Creating]        [169/926]   Tests created: 1
16:47:18.895 [INFO]   [Creating]        [170/926] org.symphonyoss.symphony.messageml.elements.CashTag.asText
16:47:18.895 [INFO]   [Creating]        [170/926]   Tests created: 1
16:47:19.295 [INFO]   [Creating]        [171/926] org.symphonyoss.symphony.messageml.elements.CashTag.updateBiContext
16:47:19.295 [INFO]   [Creating]        [171/926]   Tests created: 6
16:47:19.296 [INFO]   [Creating]     [27/141] org.symphonyoss.symphony.messageml.elements.CashTag
16:47:19.296 [INFO]   [Creating]     [27/141]   Tests created: 12
16:47:19.297 [INFO]   [Creating]    
================================================================================
= Starting analysis for class 'org.symphonyoss.symphony.messageml.elements.Checkbox'
================================================================================
16:47:19.297 [INFO]   [Creating]    Filtering out non-testable methods...
16:47:19.302 [INFO]   [Creating]    Filtering of methods complete. Creating analysis request
16:47:19.302 [INFO]   [Creating]    Attempting to get service client, retry 1.
16:47:21.811 [INFO]   [Creating]        [172/926] org.symphonyoss.symphony.messageml.elements.Checkbox.<init>
16:47:21.811 [INFO]   [Creating]        [173/926] org.symphonyoss.symphony.messageml.elements.Checkbox.getElementId
16:47:21.811 [INFO]   [Creating]        [174/926] org.symphonyoss.symphony.messageml.elements.Checkbox.getPresentationMLDivClass
16:47:21.811 [INFO]   [Creating]        [175/926] org.symphonyoss.symphony.messageml.elements.Checkbox.getPresentationMLInputType
16:47:21.811 [INFO]   [Creating]        [175/926]   Tests created: 1
16:47:23.433 [INFO]   [Creating]        [176/926] org.symphonyoss.symphony.messageml.elements.Checkbox.asMarkdown
16:47:23.433 [INFO]   [Creating]        [176/926]   Tests created: 4
16:47:24.682 [INFO]   [Creating]        [177/926] org.symphonyoss.symphony.messageml.elements.Checkbox.buildAttribute
16:47:24.682 [INFO]   [Creating]        [177/926]   Tests created: 2
16:47:26.316 [INFO]   [Creating]        [178/926] org.symphonyoss.symphony.messageml.elements.Checkbox.updateBiContext
16:47:26.316 [INFO]   [Creating]        [178/926]   Tests created: 4
16:47:26.437 [INFO]   [Creating]        [179/926] org.symphonyoss.symphony.messageml.elements.Checkbox.validate
16:47:26.437 [INFO]   [Creating]        [179/926]   Tests created: 2
16:47:26.438 [INFO]   [Creating]     [28/141] org.symphonyoss.symphony.messageml.elements.Checkbox
16:47:26.438 [INFO]   [Creating]     [28/141]   Tests created: 13
16:47:26.438 [INFO]   [Creating]    
================================================================================
= Starting analysis for class 'org.symphonyoss.symphony.messageml.elements.Chime'
================================================================================
16:47:26.439 [INFO]   [Creating]    Filtering out non-testable methods...
16:47:26.441 [INFO]   [Creating]    Filtering of methods complete. Creating analysis request
16:47:26.441 [INFO]   [Creating]    Attempting to get service client, retry 1.
16:47:26.496 [INFO]   [Creating]        [180/926] org.symphonyoss.symphony.messageml.elements.Chime.getPresentationMLTag
16:47:26.496 [INFO]   [Creating]        [180/926]   R081: Exception in arrange section
16:47:26.496 [INFO]   [Creating]        [180/926]     Diffblue Cover was unable to construct an instance of the class under test using
16:47:26.496 [INFO]   [Creating]        [180/926]     org.symphonyoss.symphony.messageml.elements.Chime.getPresentationMLTag().
16:47:26.496 [INFO]   [Creating]        [180/926]     The arrange section threw
16:47:26.496 [INFO]   [Creating]        [180/926]     org.symphonyoss.symphony.messageml.exceptions.InvalidInputException: Element "chime" has to be the only element in the message.
16:47:26.496 [INFO]   [Creating]        [180/926]         at org.symphonyoss.symphony.messageml.elements.Chime.<init>(Chime.java:46)
16:47:26.496 [INFO]   [Creating]        [180/926]     More information about the exception is provided in the support log.
16:47:26.496 [INFO]   [Creating]        [180/926]     See https://diff.blue/R081 for further troubleshooting of this issue.
16:47:28.903 [INFO]   [Creating]        [181/926] org.symphonyoss.symphony.messageml.elements.Chime.<init>
16:47:28.903 [INFO]   [Creating]        [181/926]   Tests created: 2
16:47:29.881 [INFO]   [Creating]        [182/926] org.symphonyoss.symphony.messageml.elements.Chime.asPresentationML
16:47:29.881 [INFO]   [Creating]        [182/926]   Tests created: 4
16:47:31.116 [INFO]   [Creating]        [183/926] org.symphonyoss.symphony.messageml.elements.Chime.asText
16:47:31.116 [INFO]   [Creating]        [183/926]   Tests created: 1
16:47:32.774 [INFO]   [Creating]        [184/926] org.symphonyoss.symphony.messageml.elements.Chime.buildAttribute
16:47:32.774 [INFO]   [Creating]        [184/926]   Tests created: 2
16:47:34.370 [INFO]   [Creating]        [185/926] org.symphonyoss.symphony.messageml.elements.Chime.updateBiContext
16:47:34.370 [INFO]   [Creating]        [185/926]   Tests created: 6
16:47:34.473 [INFO]   [Creating]        [186/926] org.symphonyoss.symphony.messageml.elements.Chime.validate
16:47:34.473 [INFO]   [Creating]        [186/926]   Tests created: 2
16:47:34.474 [INFO]   [Creating]     [29/141] org.symphonyoss.symphony.messageml.elements.Chime
16:47:34.474 [INFO]   [Creating]     [29/141]   Tests created: 17
16:47:34.475 [INFO]   [Creating]    
================================================================================
= Starting analysis for class 'org.symphonyoss.symphony.messageml.elements.Code'
================================================================================
16:47:34.475 [INFO]   [Creating]    Filtering out non-testable methods...
16:47:34.478 [INFO]   [Creating]    Filtering of methods complete. Creating analysis request
16:47:34.478 [INFO]   [Creating]    Attempting to get service client, retry 1.
16:47:35.734 [INFO]   [Creating]        [187/926] org.symphonyoss.symphony.messageml.elements.Code.<init>
16:47:35.734 [INFO]   [Creating]        [187/926]   Tests created: 1
16:47:36.683 [INFO]   [Creating]        [188/926] org.symphonyoss.symphony.messageml.elements.Code.<init>
16:47:36.683 [INFO]   [Creating]        [188/926]   Tests created: 1
16:47:41.434 [INFO]   [Creating]        [189/926] org.symphonyoss.symphony.messageml.elements.Code.asMarkdown
16:47:41.434 [INFO]   [Creating]        [189/926]   Tests created: 2
16:47:43.514 [INFO]   [Creating]        [190/926] org.symphonyoss.symphony.messageml.elements.Code.asPresentationML
16:47:43.514 [INFO]   [Creating]        [190/926]   Tests created: 17
16:47:44.370 [INFO]   [Creating]        [191/926] org.symphonyoss.symphony.messageml.elements.Code.buildAttribute
16:47:44.370 [INFO]   [Creating]        [191/926]   Tests created: 1
16:47:46.044 [INFO]   [Creating]        [192/926] org.symphonyoss.symphony.messageml.elements.Code.getPresentationMLTag
16:47:46.044 [INFO]   [Creating]        [192/926]   Tests created: 1
16:47:49.545 [INFO]   [Creating]        [193/926] org.symphonyoss.symphony.messageml.elements.Code.updateBiContext
16:47:49.545 [INFO]   [Creating]        [193/926]   Tests created: 6
16:47:49.930 [INFO]   [Creating]        [194/926] org.symphonyoss.symphony.messageml.elements.Code.validate
16:47:49.930 [INFO]   [Creating]        [194/926]   Tests created: 5
16:47:49.931 [INFO]   [Creating]     [30/141] org.symphonyoss.symphony.messageml.elements.Code
16:47:49.931 [INFO]   [Creating]     [30/141]   Tests created: 34
16:47:49.932 [INFO]   [Creating]    
================================================================================
= Starting analysis for class 'org.symphonyoss.symphony.messageml.elements.DatePicker'
================================================================================
16:47:49.932 [INFO]   [Creating]    Filtering out non-testable methods...
16:47:49.935 [INFO]   [Creating]    Filtering of methods complete. Creating analysis request
16:47:49.935 [INFO]   [Creating]    Attempting to get service client, retry 1.
16:47:50.944 [INFO]   [Creating]        [195/926] org.symphonyoss.symphony.messageml.elements.DatePicker.<init>
16:47:50.944 [INFO]   [Creating]        [195/926]   Tests created: 1
16:47:52.862 [INFO]   [Creating]        [196/926] org.symphonyoss.symphony.messageml.elements.DatePicker.asMarkdown
16:47:52.862 [INFO]   [Creating]        [196/926]   Tests created: 1
16:47:55.299 [INFO]   [Creating]        [197/926] org.symphonyoss.symphony.messageml.elements.DatePicker.asPresentationML
16:47:55.299 [INFO]   [Creating]        [197/926]   Tests created: 4
16:47:56.606 [INFO]   [Creating]        [198/926] org.symphonyoss.symphony.messageml.elements.DatePicker.buildAttribute
16:47:56.606 [INFO]   [Creating]        [198/926]   Tests created: 6
16:47:58.333 [INFO]   [Creating]        [199/926] org.symphonyoss.symphony.messageml.elements.DatePicker.updateBiContext
16:47:58.333 [INFO]   [Creating]        [199/926]   Tests created: 1
16:47:58.563 [INFO]   [Creating]        [200/926] org.symphonyoss.symphony.messageml.elements.DatePicker.validate
16:47:58.563 [INFO]   [Creating]        [200/926]   Tests created: 3
16:47:58.563 [INFO]   [Creating]     [31/141] org.symphonyoss.symphony.messageml.elements.DatePicker
16:47:58.563 [INFO]   [Creating]     [31/141]   Tests created: 16
16:47:58.564 [INFO]   [Creating]    
================================================================================
= Starting analysis for class 'org.symphonyoss.symphony.messageml.elements.DateSelector'
================================================================================
16:47:58.564 [INFO]   [Creating]    Filtering out non-testable methods...
16:47:58.567 [INFO]   [Creating]    Filtering of methods complete. Creating analysis request
16:47:58.567 [INFO]   [Creating]    Attempting to get service client, retry 1.
16:47:59.514 [INFO]   [Creating]        [201/926] org.symphonyoss.symphony.messageml.elements.DateSelector.<init>
16:47:59.514 [INFO]   [Creating]        [202/926] org.symphonyoss.symphony.messageml.elements.DateSelector.getPresentationMLTag
16:47:59.514 [INFO]   [Creating]        [202/926]   Tests created: 1
16:48:01.419 [INFO]   [Creating]        [203/926] org.symphonyoss.symphony.messageml.elements.DateSelector.asMarkdown
16:48:01.419 [INFO]   [Creating]        [203/926]   Tests created: 1
16:48:03.541 [INFO]   [Creating]        [204/926] org.symphonyoss.symphony.messageml.elements.DateSelector.asPresentationML
16:48:03.541 [INFO]   [Creating]        [204/926]   Tests created: 4
16:48:04.780 [INFO]   [Creating]        [205/926] org.symphonyoss.symphony.messageml.elements.DateSelector.buildAll
16:48:04.781 [INFO]   [Creating]        [205/926]   Tests created: 4
16:48:06.939 [INFO]   [Creating]        [206/926] org.symphonyoss.symphony.messageml.elements.DateSelector.buildAttribute
16:48:06.939 [INFO]   [Creating]        [206/926]   Tests created: 1
16:48:07.889 [INFO]   [Creating]        [207/926] org.symphonyoss.symphony.messageml.elements.DateSelector.buildElementFromDiv
16:48:07.889 [INFO]   [Creating]        [207/926]   R013: No inputs found that don't throw a trivial exception
16:48:07.889 [INFO]   [Creating]        [207/926]     Diffblue Cover tried to run the arrange/act section, but the test threw
16:48:07.889 [INFO]   [Creating]        [207/926]     javax.imageio.metadata.IIODOMException: No such attribute!
16:48:07.889 [INFO]   [Creating]        [207/926]         at javax.imageio.metadata.IIOMetadataNode.removeAttribute(IIOMetadataNode.java:803)
16:48:07.889 [INFO]   [Creating]        [207/926]         at javax.imageio.metadata.IIOMetadataNode.removeAttribute(IIOMetadataNode.java:787)
16:48:07.889 [INFO]   [Creating]        [207/926]         at org.symphonyoss.symphony.messageml.elements.DateSelector.buildElementFromDiv(DateSelector.java:140)
16:48:07.889 [INFO]   [Creating]        [207/926]     In order to prevent buildElementFromDiv(MessageMLParser, Element)
16:48:07.889 [INFO]   [Creating]        [207/926]     from throwing IIODOMException, add constructors or factory
16:48:07.889 [INFO]   [Creating]        [207/926]     methods that make it easier to construct fully initialized objects used in
16:48:07.889 [INFO]   [Creating]        [207/926]     buildElementFromDiv(MessageMLParser, Element).
16:48:07.889 [INFO]   [Creating]        [207/926]     See https://diff.blue/R013 to resolve this issue.
16:48:09.313 [INFO]   [Creating]        [208/926] org.symphonyoss.symphony.messageml.elements.DateSelector.updateBiContext
16:48:09.314 [INFO]   [Creating]        [208/926]   Tests created: 1
16:48:09.424 [INFO]   [Creating]        [209/926] org.symphonyoss.symphony.messageml.elements.DateSelector.validate
16:48:09.424 [INFO]   [Creating]        [209/926]   Tests created: 2
16:48:09.425 [INFO]   [Creating]     [32/141] org.symphonyoss.symphony.messageml.elements.DateSelector
16:48:09.425 [INFO]   [Creating]     [32/141]   Tests created: 14
16:48:09.426 [INFO]   [Creating]    
================================================================================
= Starting analysis for class 'org.symphonyoss.symphony.messageml.elements.Dialog'
================================================================================
16:48:09.426 [INFO]   [Creating]    Filtering out non-testable methods...
16:48:09.429 [INFO]   [Creating]    Filtering of methods complete. Creating analysis request
16:48:09.429 [INFO]   [Creating]    Attempting to get service client, retry 1.
16:48:10.320 [INFO]   [Creating]        [210/926] org.symphonyoss.symphony.messageml.elements.Dialog.<init>
16:48:10.320 [INFO]   [Creating]        [210/926]   Tests created: 1
16:48:15.980 [INFO]   [Creating]        [211/926] org.symphonyoss.symphony.messageml.elements.Dialog.asMarkdown
16:48:15.980 [INFO]   [Creating]        [211/926]   Tests created: 1
16:48:19.548 [INFO]   [Creating]        [212/926] org.symphonyoss.symphony.messageml.elements.Dialog.asPresentationML
16:48:19.548 [INFO]   [Creating]        [212/926]   Tests created: 18
16:48:22.528 [INFO]   [Creating]        [213/926] org.symphonyoss.symphony.messageml.elements.Dialog.buildAttribute
16:48:22.528 [INFO]   [Creating]        [213/926]   Tests created: 9
16:48:23.257 [INFO]   [Creating]        [214/926] org.symphonyoss.symphony.messageml.elements.Dialog.getPresentationMlIdAttribute
16:48:23.257 [INFO]   [Creating]        [214/926]   Diffblue AI was unable to find a test
16:48:24.987 [INFO]   [Creating]        [215/926] org.symphonyoss.symphony.messageml.elements.Dialog.hasIdAttribute
16:48:24.987 [INFO]   [Creating]        [215/926]   Tests created: 1
16:48:26.763 [INFO]   [Creating]        [216/926] org.symphonyoss.symphony.messageml.elements.Dialog.updateBiContext
16:48:26.763 [INFO]   [Creating]        [216/926]   Tests created: 6
16:48:26.848 [INFO]   [Creating]        [217/926] org.symphonyoss.symphony.messageml.elements.Dialog.validate
16:48:26.848 [INFO]   [Creating]        [217/926]   Tests created: 1
16:48:26.849 [INFO]   [Creating]     [33/141] org.symphonyoss.symphony.messageml.elements.Dialog
16:48:26.849 [INFO]   [Creating]     [33/141]   Tests created: 37
16:48:26.850 [INFO]   [Creating]    
================================================================================
= Starting analysis for class 'org.symphonyoss.symphony.messageml.elements.DialogChild'
================================================================================
16:48:26.850 [INFO]   [Creating]    Filtering out non-testable methods...
16:48:26.852 [INFO]   [Creating]    Filtering of methods complete. Creating analysis request
16:48:26.852 [INFO]   [Creating]    Attempting to get service client, retry 1.
16:48:31.976 [INFO]   [Creating]        [218/926] org.symphonyoss.symphony.messageml.elements.DialogChild.asMarkdown
16:48:31.976 [INFO]   [Creating]        [218/926]   Tests created: 1
16:48:34.201 [INFO]   [Creating]        [219/926] org.symphonyoss.symphony.messageml.elements.DialogChild.asPresentationML
16:48:34.201 [INFO]   [Creating]        [219/926]   Tests created: 15
16:48:34.262 [INFO]   [Creating]        [220/926] org.symphonyoss.symphony.messageml.elements.DialogChild.validate
16:48:34.262 [INFO]   [Creating]        [220/926]   Tests created: 1
16:48:34.262 [INFO]   [Creating]     [34/141] org.symphonyoss.symphony.messageml.elements.DialogChild
16:48:34.262 [INFO]   [Creating]     [34/141]   Tests created: 17
16:48:34.263 [INFO]   [Creating]    
================================================================================
= Starting analysis for class 'org.symphonyoss.symphony.messageml.elements.DialogChild$Body'
================================================================================
16:48:34.263 [INFO]   [Creating]    Filtering out non-testable methods...
16:48:34.264 [INFO]   [Creating]    Filtering of methods complete. Creating analysis request
16:48:34.264 [INFO]   [Creating]    Attempting to get service client, retry 1.
16:48:34.416 [INFO]   [Creating]        [221/926] org.symphonyoss.symphony.messageml.elements.DialogChild$Body.<init>
16:48:34.416 [INFO]   [Creating]        [221/926]   Tests created: 1
16:48:34.417 [INFO]   [Creating]     [35/141] org.symphonyoss.symphony.messageml.elements.DialogChild$Body
16:48:34.417 [INFO]   [Creating]     [35/141]   Tests created: 1
16:48:34.418 [INFO]   [Creating]    
================================================================================
= Starting analysis for class 'org.symphonyoss.symphony.messageml.elements.DialogChild$Footer'
================================================================================
16:48:34.418 [INFO]   [Creating]    Filtering out non-testable methods...
16:48:34.419 [INFO]   [Creating]    Filtering of methods complete. Creating analysis request
16:48:34.419 [INFO]   [Creating]    Attempting to get service client, retry 1.
16:48:34.581 [INFO]   [Creating]        [222/926] org.symphonyoss.symphony.messageml.elements.DialogChild$Footer.<init>
16:48:34.581 [INFO]   [Creating]        [222/926]   Tests created: 1
16:48:34.582 [INFO]   [Creating]     [36/141] org.symphonyoss.symphony.messageml.elements.DialogChild$Footer
16:48:34.582 [INFO]   [Creating]     [36/141]   Tests created: 1
16:48:34.582 [INFO]   [Creating]    
================================================================================
= Starting analysis for class 'org.symphonyoss.symphony.messageml.elements.DialogChild$Title'
================================================================================
16:48:34.582 [INFO]   [Creating]    Filtering out non-testable methods...
16:48:34.583 [INFO]   [Creating]    Filtering of methods complete. Creating analysis request
16:48:34.583 [INFO]   [Creating]    Attempting to get service client, retry 1.
16:48:34.740 [INFO]   [Creating]        [223/926] org.symphonyoss.symphony.messageml.elements.DialogChild$Title.<init>
16:48:34.740 [INFO]   [Creating]        [223/926]   Tests created: 1
16:48:34.741 [INFO]   [Creating]     [37/141] org.symphonyoss.symphony.messageml.elements.DialogChild$Title
16:48:34.741 [INFO]   [Creating]     [37/141]   Tests created: 1
16:48:34.742 [INFO]   [Creating]    
================================================================================
= Starting analysis for class 'org.symphonyoss.symphony.messageml.elements.Div'
================================================================================
16:48:34.742 [INFO]   [Creating]    Filtering out non-testable methods...
16:48:34.744 [INFO]   [Creating]    Filtering of methods complete. Creating analysis request
16:48:34.744 [INFO]   [Creating]    Attempting to get service client, retry 1.
16:48:36.311 [INFO]   [Creating]        [224/926] org.symphonyoss.symphony.messageml.elements.Div.<init>
16:48:36.311 [INFO]   [Creating]        [224/926]   Tests created: 1
16:48:37.020 [INFO]   [Creating]        [225/926] org.symphonyoss.symphony.messageml.elements.Div.asEntityJson
16:48:37.020 [INFO]   [Creating]        [225/926]   Tests created: 1
16:48:38.322 [INFO]   [Creating]        [226/926] org.symphonyoss.symphony.messageml.elements.Div.asMarkdown
16:48:38.322 [INFO]   [Creating]        [226/926]   Tests created: 1
16:48:39.822 [INFO]   [Creating]        [227/926] org.symphonyoss.symphony.messageml.elements.Div.buildAttribute
16:48:39.822 [INFO]   [Creating]        [227/926]   Tests created: 1
16:48:41.484 [INFO]   [Creating]        [228/926] org.symphonyoss.symphony.messageml.elements.Div.updateBiContext
16:48:41.484 [INFO]   [Creating]        [228/926]   Tests created: 6
16:48:41.532 [INFO]   [Creating]        [229/926] org.symphonyoss.symphony.messageml.elements.Div.validate
16:48:41.532 [INFO]   [Creating]        [229/926]   Tests created: 1
16:48:41.532 [INFO]   [Creating]     [38/141] org.symphonyoss.symphony.messageml.elements.Div
16:48:41.532 [INFO]   [Creating]     [38/141]   Tests created: 11
16:48:41.533 [INFO]   [Creating]    
================================================================================
= Starting analysis for class 'org.symphonyoss.symphony.messageml.elements.Element'
================================================================================
16:48:41.533 [INFO]   [Creating]    Filtering out non-testable methods...
16:48:41.605 [INFO]   [Creating]    Filtering of methods complete. Creating analysis request
16:48:41.605 [INFO]   [Creating]    Attempting to get service client, retry 1.
16:48:43.997 [INFO]   [Creating]        [230/926] org.symphonyoss.symphony.messageml.elements.Element.addChild
16:48:43.997 [INFO]   [Creating]        [230/926]   Diffblue AI was unable to find a test
16:48:44.804 [INFO]   [Creating]        [231/926] org.symphonyoss.symphony.messageml.elements.Element.areNestedElementsAllowed
16:48:44.804 [INFO]   [Creating]        [231/926]   Tests created: 1
16:48:51.569 [INFO]   [Creating]        [232/926] org.symphonyoss.symphony.messageml.elements.Element.asEntityJson
16:48:51.569 [INFO]   [Creating]        [232/926]   Tests created: 1
16:48:54.928 [INFO]   [Creating]        [233/926] org.symphonyoss.symphony.messageml.elements.Element.asPresentationML
16:48:54.928 [INFO]   [Creating]        [233/926]   Tests created: 27
16:48:57.751 [INFO]   [Creating]        [234/926] org.symphonyoss.symphony.messageml.elements.Element.asText
16:48:57.751 [INFO]   [Creating]        [234/926]   Tests created: 3
16:48:59.567 [INFO]   [Creating]        [235/926] org.symphonyoss.symphony.messageml.elements.Element.assertAttributeIsBoolean
16:48:59.567 [INFO]   [Creating]        [235/926]   R013: No inputs found that don't throw a trivial exception
16:48:59.567 [INFO]   [Creating]        [235/926]     Diffblue Cover tried to run the arrange/act section, but the test threw
16:48:59.567 [INFO]   [Creating]        [235/926]     java.lang.NullPointerException
16:48:59.567 [INFO]   [Creating]        [235/926]         at org.symphonyoss.symphony.messageml.elements.Element.assertAttributeValue(Element.java:551)
16:48:59.567 [INFO]   [Creating]        [235/926]         at org.symphonyoss.symphony.messageml.elements.Element.assertAttributeIsBoolean(Element.java:566)
16:48:59.567 [INFO]   [Creating]        [235/926]     In order to prevent assertAttributeIsBoolean(String)
16:48:59.567 [INFO]   [Creating]        [235/926]     from throwing NullPointerException, add constructors or factory
16:48:59.567 [INFO]   [Creating]        [235/926]     methods that make it easier to construct fully initialized objects used in
16:48:59.567 [INFO]   [Creating]        [235/926]     assertAttributeIsBoolean(String).
16:48:59.567 [INFO]   [Creating]        [235/926]     See https://diff.blue/R013 to resolve this issue.
16:49:00.590 [INFO]   [Creating]        [236/926] org.symphonyoss.symphony.messageml.elements.Element.assertAttributeMaxLength
16:49:00.590 [INFO]   [Creating]        [236/926]   Diffblue AI was unable to find a test
16:49:02.862 [INFO]   [Creating]        [237/926] org.symphonyoss.symphony.messageml.elements.Element.assertAttributeNotBlank
16:49:02.862 [INFO]   [Creating]        [237/926]   Tests created: 1
16:50:03.202 [INFO]   [Creating]    Service shutdown due to watchdog timeout
16:50:03.209 [INFO]   [Creating]    
== begin thread dump ==

47 threads

Thread 37 'ClassGraph-worker-1':
  java.base@11.0.29/jdk.internal.misc.Unsafe.park(Native Method)
  java.base@11.0.29/java.util.concurrent.locks.LockSupport.park(LockSupport.java:194)
  java.base@11.0.29/java.util.concurrent.locks.AbstractQueuedSynchronizer$ConditionObject.await(AbstractQueuedSynchronizer.java:2081)
  java.base@11.0.29/java.util.concurrent.LinkedBlockingQueue.take(LinkedBlockingQueue.java:433)
  java.base@11.0.29/java.util.concurrent.ThreadPoolExecutor.getTask(ThreadPoolExecutor.java:1054)
  java.base@11.0.29/java.util.concurrent.ThreadPoolExecutor.runWorker(ThreadPoolExecutor.java:1114)
  java.base@11.0.29/java.util.concurrent.ThreadPoolExecutor$Worker.run(ThreadPoolExecutor.java:628)
  java.base@11.0.29/java.lang.Thread.run(Thread.java:829)
Thread 155 'grpc-default-executor-2':
  java.base@11.0.29/jdk.internal.misc.Unsafe.park(Native Method)
  java.base@11.0.29/java.util.concurrent.locks.LockSupport.parkNanos(LockSupport.java:234)
  java.base@11.0.29/java.util.concurrent.SynchronousQueue$TransferStack.awaitFulfill(SynchronousQueue.java:462)
  java.base@11.0.29/java.util.concurrent.SynchronousQueue$TransferStack.transfer(SynchronousQueue.java:361)
  java.base@11.0.29/java.util.concurrent.SynchronousQueue.poll(SynchronousQueue.java:937)
  java.base@11.0.29/java.util.concurrent.ThreadPoolExecutor.getTask(ThreadPoolExecutor.java:1053)
  java.base@11.0.29/java.util.concurrent.ThreadPoolExecutor.runWorker(ThreadPoolExecutor.java:1114)
  java.base@11.0.29/java.util.concurrent.ThreadPoolExecutor$Worker.run(ThreadPoolExecutor.java:628)
  java.base@11.0.29/java.lang.Thread.run(Thread.java:829)
Thread 50 'ClassGraph-worker-14':
  java.base@11.0.29/jdk.internal.misc.Unsafe.park(Native Method)
  java.base@11.0.29/java.util.concurrent.locks.LockSupport.park(LockSupport.java:194)
  java.base@11.0.29/java.util.concurrent.locks.AbstractQueuedSynchronizer$ConditionObject.await(AbstractQueuedSynchronizer.java:2081)
  java.base@11.0.29/java.util.concurrent.LinkedBlockingQueue.take(LinkedBlockingQueue.java:433)
  java.base@11.0.29/java.util.concurrent.ThreadPoolExecutor.getTask(ThreadPoolExecutor.java:1054)
  java.base@11.0.29/java.util.concurrent.ThreadPoolExecutor.runWorker(ThreadPoolExecutor.java:1114)
  java.base@11.0.29/java.util.concurrent.ThreadPoolExecutor$Worker.run(ThreadPoolExecutor.java:628)
  java.base@11.0.29/java.lang.Thread.run(Thread.java:829)
Thread 47 'ClassGraph-worker-11':
  java.base@11.0.29/jdk.internal.misc.Unsafe.park(Native Method)
  java.base@11.0.29/java.util.concurrent.locks.LockSupport.park(LockSupport.java:194)
  java.base@11.0.29/java.util.concurrent.locks.AbstractQueuedSynchronizer$ConditionObject.await(AbstractQueuedSynchronizer.java:2081)
  java.base@11.0.29/java.util.concurrent.LinkedBlockingQueue.take(LinkedBlockingQueue.java:433)
  java.base@11.0.29/java.util.concurrent.ThreadPoolExecutor.getTask(ThreadPoolExecutor.java:1054)
  java.base@11.0.29/java.util.concurrent.ThreadPoolExecutor.runWorker(ThreadPoolExecutor.java:1114)
  java.base@11.0.29/java.util.concurrent.ThreadPoolExecutor$Worker.run(ThreadPoolExecutor.java:628)
  java.base@11.0.29/java.lang.Thread.run(Thread.java:829)
Thread 49 'ClassGraph-worker-13':
  java.base@11.0.29/jdk.internal.misc.Unsafe.park(Native Method)
  java.base@11.0.29/java.util.concurrent.locks.LockSupport.park(LockSupport.java:194)
  java.base@11.0.29/java.util.concurrent.locks.AbstractQueuedSynchronizer$ConditionObject.await(AbstractQueuedSynchronizer.java:2081)
  java.base@11.0.29/java.util.concurrent.LinkedBlockingQueue.take(LinkedBlockingQueue.java:433)
  java.base@11.0.29/java.util.concurrent.ThreadPoolExecutor.getTask(ThreadPoolExecutor.java:1054)
  java.base@11.0.29/java.util.concurrent.ThreadPoolExecutor.runWorker(ThreadPoolExecutor.java:1114)
  java.base@11.0.29/java.util.concurrent.ThreadPoolExecutor$Worker.run(ThreadPoolExecutor.java:628)
  java.base@11.0.29/java.lang.Thread.run(Thread.java:829)
Thread 59 'ClassGraph-worker-23':
  java.base@11.0.29/jdk.internal.misc.Unsafe.park(Native Method)
  java.base@11.0.29/java.util.concurrent.locks.LockSupport.park(LockSupport.java:194)
  java.base@11.0.29/java.util.concurrent.locks.AbstractQueuedSynchronizer$ConditionObject.await(AbstractQueuedSynchronizer.java:2081)
  java.base@11.0.29/java.util.concurrent.LinkedBlockingQueue.take(LinkedBlockingQueue.java:433)
  java.base@11.0.29/java.util.concurrent.ThreadPoolExecutor.getTask(ThreadPoolExecutor.java:1054)
  java.base@11.0.29/java.util.concurrent.ThreadPoolExecutor.runWorker(ThreadPoolExecutor.java:1114)
  java.base@11.0.29/java.util.concurrent.ThreadPoolExecutor$Worker.run(ThreadPoolExecutor.java:628)
  java.base@11.0.29/java.lang.Thread.run(Thread.java:829)
Thread 4 'Signal Dispatcher':
Thread 20 'Service log dispatcher':
  java.base@11.0.29/jdk.internal.misc.Unsafe.park(Native Method)
  java.base@11.0.29/java.util.concurrent.locks.LockSupport.park(LockSupport.java:194)
  java.base@11.0.29/java.util.concurrent.locks.AbstractQueuedSynchronizer$ConditionObject.await(AbstractQueuedSynchronizer.java:2081)
  java.base@11.0.29/java.util.concurrent.LinkedBlockingQueue.take(LinkedBlockingQueue.java:433)
  com.diffblue.cover.logging.RemoteLogAppender$a.run(SourceFile:203)
Thread 42 'ClassGraph-worker-6':
  java.base@11.0.29/jdk.internal.misc.Unsafe.park(Native Method)
  java.base@11.0.29/java.util.concurrent.locks.LockSupport.park(LockSupport.java:194)
  java.base@11.0.29/java.util.concurrent.locks.AbstractQueuedSynchronizer$ConditionObject.await(AbstractQueuedSynchronizer.java:2081)
  java.base@11.0.29/java.util.concurrent.LinkedBlockingQueue.take(LinkedBlockingQueue.java:433)
  java.base@11.0.29/java.util.concurrent.ThreadPoolExecutor.getTask(ThreadPoolExecutor.java:1054)
  java.base@11.0.29/java.util.concurrent.ThreadPoolExecutor.runWorker(ThreadPoolExecutor.java:1114)
  java.base@11.0.29/java.util.concurrent.ThreadPoolExecutor$Worker.run(ThreadPoolExecutor.java:628)
  java.base@11.0.29/java.lang.Thread.run(Thread.java:829)
Thread 575 'TimedExecutor-424':
  java.base@11.0.29/jdk.internal.misc.Unsafe.park(Native Method)
  java.base@11.0.29/java.util.concurrent.locks.LockSupport.park(LockSupport.java:194)
  java.base@11.0.29/java.util.concurrent.locks.AbstractQueuedSynchronizer$ConditionObject.await(AbstractQueuedSynchronizer.java:2081)
  java.base@11.0.29/java.util.concurrent.ArrayBlockingQueue.take(ArrayBlockingQueue.java:417)
  com.diffblue.cover.sandbox.execution.TaskQueueRunner.run(SourceFile:39)
  com.diffblue.cover.sandbox.execution.WorkerThread.run(SourceFile:265)
Thread 2 'Reference Handler':
  java.base@11.0.29/java.lang.ref.Reference.waitForReferencePendingList(Native Method)
  java.base@11.0.29/java.lang.ref.Reference.processPendingReferences(Reference.java:241)
  java.base@11.0.29/java.lang.ref.Reference$ReferenceHandler.run(Reference.java:213)
Thread 26 'Thread-1':
  java.base@11.0.29/java.lang.Thread.sleep(Native Method)
  com.diffblue.cover.service.a.a.a$a.run(SourceFile:248)
Thread 39 'ClassGraph-worker-3':
  java.base@11.0.29/jdk.internal.misc.Unsafe.park(Native Method)
  java.base@11.0.29/java.util.concurrent.locks.LockSupport.park(LockSupport.java:194)
  java.base@11.0.29/java.util.concurrent.locks.AbstractQueuedSynchronizer$ConditionObject.await(AbstractQueuedSynchronizer.java:2081)
  java.base@11.0.29/java.util.concurrent.LinkedBlockingQueue.take(LinkedBlockingQueue.java:433)
  java.base@11.0.29/java.util.concurrent.ThreadPoolExecutor.getTask(ThreadPoolExecutor.java:1054)
  java.base@11.0.29/java.util.concurrent.ThreadPoolExecutor.runWorker(ThreadPoolExecutor.java:1114)
  java.base@11.0.29/java.util.concurrent.ThreadPoolExecutor$Worker.run(ThreadPoolExecutor.java:628)
  java.base@11.0.29/java.lang.Thread.run(Thread.java:829)
Thread 28 'grpc-default-executor-1':
  java.base@11.0.29/jdk.internal.misc.Unsafe.park(Native Method)
  java.base@11.0.29/java.util.concurrent.locks.LockSupport.parkNanos(LockSupport.java:234)
  java.base@11.0.29/java.util.concurrent.SynchronousQueue$TransferStack.awaitFulfill(SynchronousQueue.java:462)
  java.base@11.0.29/java.util.concurrent.SynchronousQueue$TransferStack.transfer(SynchronousQueue.java:361)
  java.base@11.0.29/java.util.concurrent.SynchronousQueue.poll(SynchronousQueue.java:937)
  java.base@11.0.29/java.util.concurrent.ThreadPoolExecutor.getTask(ThreadPoolExecutor.java:1053)
  java.base@11.0.29/java.util.concurrent.ThreadPoolExecutor.runWorker(ThreadPoolExecutor.java:1114)
  java.base@11.0.29/java.util.concurrent.ThreadPoolExecutor$Worker.run(ThreadPoolExecutor.java:628)
  java.base@11.0.29/java.lang.Thread.run(Unknown Source)
Thread 27 'grpc-default-worker-ELG-1-3':
  io.grpc.netty.shaded.io.netty.channel.epoll.Native.epollWait0(Native Method)
  io.grpc.netty.shaded.io.netty.channel.epoll.Native.epollWait(SourceFile:182)
  io.grpc.netty.shaded.io.netty.channel.epoll.EpollEventLoop.epollWait(SourceFile:290)
  io.grpc.netty.shaded.io.netty.channel.epoll.EpollEventLoop.run(SourceFile:354)
  io.grpc.netty.shaded.io.netty.util.concurrent.SingleThreadEventExecutor$4.run(SourceFile:997)
  io.grpc.netty.shaded.io.netty.util.internal.ThreadExecutorMap$2.run(SourceFile:74)
  io.grpc.netty.shaded.io.netty.util.concurrent.FastThreadLocalRunnable.run(SourceFile:30)
  java.base@11.0.29/java.lang.Thread.run(Unknown Source)
Thread 29 'PeriodicWatchdogResetTimer':
  java.base@11.0.29/java.lang.Object.wait(Native Method)
  java.base@11.0.29/java.lang.Object.wait(Object.java:328)
  java.base@11.0.29/java.util.TimerThread.mainLoop(Timer.java:527)
  java.base@11.0.29/java.util.TimerThread.run(Timer.java:506)
Thread 41 'ClassGraph-worker-5':
  java.base@11.0.29/jdk.internal.misc.Unsafe.park(Native Method)
  java.base@11.0.29/java.util.concurrent.locks.LockSupport.park(LockSupport.java:194)
  java.base@11.0.29/java.util.concurrent.locks.AbstractQueuedSynchronizer$ConditionObject.await(AbstractQueuedSynchronizer.java:2081)
  java.base@11.0.29/java.util.concurrent.LinkedBlockingQueue.take(LinkedBlockingQueue.java:433)
  java.base@11.0.29/java.util.concurrent.ThreadPoolExecutor.getTask(ThreadPoolExecutor.java:1054)
  java.base@11.0.29/java.util.concurrent.ThreadPoolExecutor.runWorker(ThreadPoolExecutor.java:1114)
  java.base@11.0.29/java.util.concurrent.ThreadPoolExecutor$Worker.run(ThreadPoolExecutor.java:628)
  java.base@11.0.29/java.lang.Thread.run(Thread.java:829)
Thread 44 'ClassGraph-worker-8':
  java.base@11.0.29/jdk.internal.misc.Unsafe.park(Native Method)
  java.base@11.0.29/java.util.concurrent.locks.LockSupport.park(LockSupport.java:194)
  java.base@11.0.29/java.util.concurrent.locks.AbstractQueuedSynchronizer$ConditionObject.await(AbstractQueuedSynchronizer.java:2081)
  java.base@11.0.29/java.util.concurrent.LinkedBlockingQueue.take(LinkedBlockingQueue.java:433)
  java.base@11.0.29/java.util.concurrent.ThreadPoolExecutor.getTask(ThreadPoolExecutor.java:1054)
  java.base@11.0.29/java.util.concurrent.ThreadPoolExecutor.runWorker(ThreadPoolExecutor.java:1114)
  java.base@11.0.29/java.util.concurrent.ThreadPoolExecutor$Worker.run(ThreadPoolExecutor.java:628)
  java.base@11.0.29/java.lang.Thread.run(Thread.java:829)
Thread 48 'ClassGraph-worker-12':
  java.base@11.0.29/jdk.internal.misc.Unsafe.park(Native Method)
  java.base@11.0.29/java.util.concurrent.locks.LockSupport.park(LockSupport.java:194)
  java.base@11.0.29/java.util.concurrent.locks.AbstractQueuedSynchronizer$ConditionObject.await(AbstractQueuedSynchronizer.java:2081)
  java.base@11.0.29/java.util.concurrent.LinkedBlockingQueue.take(LinkedBlockingQueue.java:433)
  java.base@11.0.29/java.util.concurrent.ThreadPoolExecutor.getTask(ThreadPoolExecutor.java:1054)
  java.base@11.0.29/java.util.concurrent.ThreadPoolExecutor.runWorker(ThreadPoolExecutor.java:1114)
  java.base@11.0.29/java.util.concurrent.ThreadPoolExecutor$Worker.run(ThreadPoolExecutor.java:628)
  java.base@11.0.29/java.lang.Thread.run(Thread.java:829)
Thread 62 'ClassGraph-worker-26':
  java.base@11.0.29/jdk.internal.misc.Unsafe.park(Native Method)
  java.base@11.0.29/java.util.concurrent.locks.LockSupport.park(LockSupport.java:194)
  java.base@11.0.29/java.util.concurrent.locks.AbstractQueuedSynchronizer$ConditionObject.await(AbstractQueuedSynchronizer.java:2081)
  java.base@11.0.29/java.util.concurrent.LinkedBlockingQueue.take(LinkedBlockingQueue.java:433)
  java.base@11.0.29/java.util.concurrent.ThreadPoolExecutor.getTask(ThreadPoolExecutor.java:1054)
  java.base@11.0.29/java.util.concurrent.ThreadPoolExecutor.runWorker(ThreadPoolExecutor.java:1114)
  java.base@11.0.29/java.util.concurrent.ThreadPoolExecutor$Worker.run(ThreadPoolExecutor.java:628)
  java.base@11.0.29/java.lang.Thread.run(Thread.java:829)
Thread 43 'ClassGraph-worker-7':
  java.base@11.0.29/jdk.internal.misc.Unsafe.park(Native Method)
  java.base@11.0.29/java.util.concurrent.locks.LockSupport.park(LockSupport.java:194)
  java.base@11.0.29/java.util.concurrent.locks.AbstractQueuedSynchronizer$ConditionObject.await(AbstractQueuedSynchronizer.java:2081)
  java.base@11.0.29/java.util.concurrent.LinkedBlockingQueue.take(LinkedBlockingQueue.java:433)
  java.base@11.0.29/java.util.concurrent.ThreadPoolExecutor.getTask(ThreadPoolExecutor.java:1054)
  java.base@11.0.29/java.util.concurrent.ThreadPoolExecutor.runWorker(ThreadPoolExecutor.java:1114)
  java.base@11.0.29/java.util.concurrent.ThreadPoolExecutor$Worker.run(ThreadPoolExecutor.java:628)
  java.base@11.0.29/java.lang.Thread.run(Thread.java:829)
Thread 19 'Common-Cleaner':
  java.base@11.0.29/java.lang.Object.wait(Native Method)
  java.base@11.0.29/java.lang.ref.ReferenceQueue.remove(ReferenceQueue.java:155)
  java.base@11.0.29/jdk.internal.ref.CleanerImpl.run(CleanerImpl.java:148)
  java.base@11.0.29/java.lang.Thread.run(Unknown Source)
  java.base@11.0.29/jdk.internal.misc.InnocuousThread.run(InnocuousThread.java:161)
Thread 124 'ForkJoinPool.commonPool-worker-51':
  java.base@11.0.29/jdk.internal.misc.Unsafe.park(Native Method)
  java.base@11.0.29/java.util.concurrent.locks.LockSupport.park(LockSupport.java:194)
  java.base@11.0.29/java.util.concurrent.ForkJoinPool.runWorker(ForkJoinPool.java:1628)
  java.base@11.0.29/java.util.concurrent.ForkJoinWorkerThread.run(ForkJoinWorkerThread.java:183)
Thread 38 'ClassGraph-worker-2':
  java.base@11.0.29/jdk.internal.misc.Unsafe.park(Native Method)
  java.base@11.0.29/java.util.concurrent.locks.LockSupport.park(LockSupport.java:194)
  java.base@11.0.29/java.util.concurrent.locks.AbstractQueuedSynchronizer$ConditionObject.await(AbstractQueuedSynchronizer.java:2081)
  java.base@11.0.29/java.util.concurrent.LinkedBlockingQueue.take(LinkedBlockingQueue.java:433)
  java.base@11.0.29/java.util.concurrent.ThreadPoolExecutor.getTask(ThreadPoolExecutor.java:1054)
  java.base@11.0.29/java.util.concurrent.ThreadPoolExecutor.runWorker(ThreadPoolExecutor.java:1114)
  java.base@11.0.29/java.util.concurrent.ThreadPoolExecutor$Worker.run(ThreadPoolExecutor.java:628)
  java.base@11.0.29/java.lang.Thread.run(Thread.java:829)
Thread 36 'ClassGraph-worker-0':
  java.base@11.0.29/jdk.internal.misc.Unsafe.park(Native Method)
  java.base@11.0.29/java.util.concurrent.locks.LockSupport.park(LockSupport.java:194)
  java.base@11.0.29/java.util.concurrent.locks.AbstractQueuedSynchronizer$ConditionObject.await(AbstractQueuedSynchronizer.java:2081)
  java.base@11.0.29/java.util.concurrent.LinkedBlockingQueue.take(LinkedBlockingQueue.java:433)
  java.base@11.0.29/java.util.concurrent.ThreadPoolExecutor.getTask(ThreadPoolExecutor.java:1054)
  java.base@11.0.29/java.util.concurrent.ThreadPoolExecutor.runWorker(ThreadPoolExecutor.java:1114)
  java.base@11.0.29/java.util.concurrent.ThreadPoolExecutor$Worker.run(ThreadPoolExecutor.java:628)
  java.base@11.0.29/java.lang.Thread.run(Thread.java:829)
Thread 45 'ClassGraph-worker-9':
  java.base@11.0.29/jdk.internal.misc.Unsafe.park(Native Method)
  java.base@11.0.29/java.util.concurrent.locks.LockSupport.park(LockSupport.java:194)
  java.base@11.0.29/java.util.concurrent.locks.AbstractQueuedSynchronizer$ConditionObject.await(AbstractQueuedSynchronizer.java:2081)
  java.base@11.0.29/java.util.concurrent.LinkedBlockingQueue.take(LinkedBlockingQueue.java:433)
  java.base@11.0.29/java.util.concurrent.ThreadPoolExecutor.getTask(ThreadPoolExecutor.java:1054)
  java.base@11.0.29/java.util.concurrent.ThreadPoolExecutor.runWorker(ThreadPoolExecutor.java:1114)
  java.base@11.0.29/java.util.concurrent.ThreadPoolExecutor$Worker.run(ThreadPoolExecutor.java:628)
  java.base@11.0.29/java.lang.Thread.run(Thread.java:829)
Thread 64 'ClassGraph-worker-28':
  java.base@11.0.29/jdk.internal.misc.Unsafe.park(Native Method)
  java.base@11.0.29/java.util.concurrent.locks.LockSupport.park(LockSupport.java:194)
  java.base@11.0.29/java.util.concurrent.locks.AbstractQueuedSynchronizer$ConditionObject.await(AbstractQueuedSynchronizer.java:2081)
  java.base@11.0.29/java.util.concurrent.LinkedBlockingQueue.take(LinkedBlockingQueue.java:433)
  java.base@11.0.29/java.util.concurrent.ThreadPoolExecutor.getTask(ThreadPoolExecutor.java:1054)
  java.base@11.0.29/java.util.concurrent.ThreadPoolExecutor.runWorker(ThreadPoolExecutor.java:1114)
  java.base@11.0.29/java.util.concurrent.ThreadPoolExecutor$Worker.run(ThreadPoolExecutor.java:628)
  java.base@11.0.29/java.lang.Thread.run(Thread.java:829)
Thread 23 'grpc-default-worker-ELG-1-2':
  io.grpc.netty.shaded.io.netty.channel.epoll.Native.epollWait(Native Method)
  io.grpc.netty.shaded.io.netty.channel.epoll.Native.epollWait(SourceFile:209)
  io.grpc.netty.shaded.io.netty.channel.epoll.Native.epollWait(SourceFile:202)
  io.grpc.netty.shaded.io.netty.channel.epoll.EpollEventLoop.epollWaitNoTimerChange(SourceFile:294)
  io.grpc.netty.shaded.io.netty.channel.epoll.EpollEventLoop.run(SourceFile:351)
  io.grpc.netty.shaded.io.netty.util.concurrent.SingleThreadEventExecutor$4.run(SourceFile:997)
  io.grpc.netty.shaded.io.netty.util.internal.ThreadExecutorMap$2.run(SourceFile:74)
  io.grpc.netty.shaded.io.netty.util.concurrent.FastThreadLocalRunnable.run(SourceFile:30)
  java.base@11.0.29/java.lang.Thread.run(Unknown Source)
Thread 61 'ClassGraph-worker-25':
  java.base@11.0.29/jdk.internal.misc.Unsafe.park(Native Method)
  java.base@11.0.29/java.util.concurrent.locks.LockSupport.park(LockSupport.java:194)
  java.base@11.0.29/java.util.concurrent.locks.AbstractQueuedSynchronizer$ConditionObject.await(AbstractQueuedSynchronizer.java:2081)
  java.base@11.0.29/java.util.concurrent.LinkedBlockingQueue.take(LinkedBlockingQueue.java:433)
  java.base@11.0.29/java.util.concurrent.ThreadPoolExecutor.getTask(ThreadPoolExecutor.java:1054)
  java.base@11.0.29/java.util.concurrent.ThreadPoolExecutor.runWorker(ThreadPoolExecutor.java:1114)
  java.base@11.0.29/java.util.concurrent.ThreadPoolExecutor$Worker.run(ThreadPoolExecutor.java:628)
  java.base@11.0.29/java.lang.Thread.run(Thread.java:829)
Thread 40 'ClassGraph-worker-4':
  java.base@11.0.29/jdk.internal.misc.Unsafe.park(Native Method)
  java.base@11.0.29/java.util.concurrent.locks.LockSupport.park(LockSupport.java:194)
  java.base@11.0.29/java.util.concurrent.locks.AbstractQueuedSynchronizer$ConditionObject.await(AbstractQueuedSynchronizer.java:2081)
  java.base@11.0.29/java.util.concurrent.LinkedBlockingQueue.take(LinkedBlockingQueue.java:433)
  java.base@11.0.29/java.util.concurrent.ThreadPoolExecutor.getTask(ThreadPoolExecutor.java:1054)
  java.base@11.0.29/java.util.concurrent.ThreadPoolExecutor.runWorker(ThreadPoolExecutor.java:1114)
  java.base@11.0.29/java.util.concurrent.ThreadPoolExecutor$Worker.run(ThreadPoolExecutor.java:628)
  java.base@11.0.29/java.lang.Thread.run(Thread.java:829)
Thread 46 'ClassGraph-worker-10':
  java.base@11.0.29/jdk.internal.misc.Unsafe.park(Native Method)
  java.base@11.0.29/java.util.concurrent.locks.LockSupport.park(LockSupport.java:194)
  java.base@11.0.29/java.util.concurrent.locks.AbstractQueuedSynchronizer$ConditionObject.await(AbstractQueuedSynchronizer.java:2081)
  java.base@11.0.29/java.util.concurrent.LinkedBlockingQueue.take(LinkedBlockingQueue.java:433)
  java.base@11.0.29/java.util.concurrent.ThreadPoolExecutor.getTask(ThreadPoolExecutor.java:1054)
  java.base@11.0.29/java.util.concurrent.ThreadPoolExecutor.runWorker(ThreadPoolExecutor.java:1114)
  java.base@11.0.29/java.util.concurrent.ThreadPoolExecutor$Worker.run(ThreadPoolExecutor.java:628)
  java.base@11.0.29/java.lang.Thread.run(Thread.java:829)
Thread 24 'grpc-default-executor-0':
  java.base@11.0.29/java.lang.Object.wait(Native Method)
  java.base@11.0.29/java.lang.Thread.join(Thread.java:1300)
  java.base@11.0.29/java.lang.Thread.join(Thread.java:1375)
  com.diffblue.cover.sandbox.execution.WorkerThread.callWorkerThread(SourceFile:183)
  com.diffblue.cover.sandbox.a.a.a(SourceFile:63)
  com.diffblue.fuzztest.g.e.u(SourceFile:786)
  com.diffblue.fuzztest.g.e$$Lambda$673/0x0000000800717c40.call(Unknown Source)
  com.diffblue.cover.sandbox.execution.WrapExceptionsInBaseException.handleException(SourceFile:64)
  com.diffblue.cover.sandbox.execution.WrapThrowableInBaseException.lambda$run$0(SourceFile:26)
  com.diffblue.cover.sandbox.execution.WrapThrowableInBaseException$$Lambda$316/0x00000008004ef840.call(Unknown Source)
  com.diffblue.cover.sandbox.execution.WrapThrowableInBaseException.handleThrowable(SourceFile:37)
  com.diffblue.cover.sandbox.execution.WrapThrowableInBaseException.run(SourceFile:26)
  com.diffblue.fuzztest.g.e.a(SourceFile:785)
  com.diffblue.fuzztest.g.o.a(SourceFile:198)
  com.diffblue.cover.analysis.a.c$a.a(SourceFile:290)
  com.diffblue.cover.analysis.a.c$a$$Lambda$672/0x0000000800717840.get(Unknown Source)
  com.diffblue.cover.analysis.a.c$a.a(SourceFile:124)
  com.diffblue.cover.analysis.a.c$a.tryAdvance(SourceFile:290)
  com.diffblue.cover.service.analyzer.a.c$a.a(SourceFile:2049)
  com.diffblue.cover.service.analyzer.a.a.m$h.invoke(SourceFile:719)
  io.grpc.stub.ServerCalls$UnaryServerCallHandler$UnaryServerCallListener.onHalfClose(SourceFile:182)
  io.grpc.internal.ServerCallImpl$ServerStreamListenerImpl.halfClosed(SourceFile:355)
  io.grpc.internal.ServerImpl$JumpToApplicationThreadServerStreamListener$1HalfClosed.runInContext(SourceFile:867)
  io.grpc.internal.ContextRunnable.run(SourceFile:37)
  io.grpc.internal.SerializingExecutor.run(SourceFile:133)
  java.base@11.0.29/java.util.concurrent.ThreadPoolExecutor.runWorker(ThreadPoolExecutor.java:1128)
  java.base@11.0.29/java.util.concurrent.ThreadPoolExecutor$Worker.run(ThreadPoolExecutor.java:628)
  java.base@11.0.29/java.lang.Thread.run(Unknown Source)
Thread 51 'ClassGraph-worker-15':
  java.base@11.0.29/jdk.internal.misc.Unsafe.park(Native Method)
  java.base@11.0.29/java.util.concurrent.locks.LockSupport.park(LockSupport.java:194)
  java.base@11.0.29/java.util.concurrent.locks.AbstractQueuedSynchronizer$ConditionObject.await(AbstractQueuedSynchronizer.java:2081)
  java.base@11.0.29/java.util.concurrent.LinkedBlockingQueue.take(LinkedBlockingQueue.java:433)
  java.base@11.0.29/java.util.concurrent.ThreadPoolExecutor.getTask(ThreadPoolExecutor.java:1054)
  java.base@11.0.29/java.util.concurrent.ThreadPoolExecutor.runWorker(ThreadPoolExecutor.java:1114)
  java.base@11.0.29/java.util.concurrent.ThreadPoolExecutor$Worker.run(ThreadPoolExecutor.java:628)
  java.base@11.0.29/java.lang.Thread.run(Thread.java:829)
Thread 1 'main':
  java.base@11.0.29/java.lang.Thread.dumpThreads(Native Method)
  java.base@11.0.29/java.lang.Thread.getAllStackTraces(Thread.java:1653)
  com.diffblue.cover.service.a.a.a.d(SourceFile:3190)
  com.diffblue.cover.service.a.a.b.a(SourceFile:180)
  com.diffblue.cover.service.analyzer.Main.main(SourceFile:46)
  java.base@11.0.29/jdk.internal.reflect.NativeMethodAccessorImpl.invoke0(Native Method)
  java.base@11.0.29/jdk.internal.reflect.NativeMethodAccessorImpl.invoke(NativeMethodAccessorImpl.java:62)
  java.base@11.0.29/jdk.internal.reflect.DelegatingMethodAccessorImpl.invoke(DelegatingMethodAccessorImpl.java:43)
  java.base@11.0.29/java.lang.reflect.Method.invoke(Method.java:566)
  com.diffblue.cover.launcher.Launcher.invokeMainMethod(Launcher.java:118)
  com.diffblue.cover.launcher.Launcher.main(Launcher.java:74)
Thread 57 'ClassGraph-worker-21':
  java.base@11.0.29/jdk.internal.misc.Unsafe.park(Native Method)
  java.base@11.0.29/java.util.concurrent.locks.LockSupport.park(LockSupport.java:194)
  java.base@11.0.29/java.util.concurrent.locks.AbstractQueuedSynchronizer$ConditionObject.await(AbstractQueuedSynchronizer.java:2081)
  java.base@11.0.29/java.util.concurrent.LinkedBlockingQueue.take(LinkedBlockingQueue.java:433)
  java.base@11.0.29/java.util.concurrent.ThreadPoolExecutor.getTask(ThreadPoolExecutor.java:1054)
  java.base@11.0.29/java.util.concurrent.ThreadPoolExecutor.runWorker(ThreadPoolExecutor.java:1114)
  java.base@11.0.29/java.util.concurrent.ThreadPoolExecutor$Worker.run(ThreadPoolExecutor.java:628)
  java.base@11.0.29/java.lang.Thread.run(Thread.java:829)
Thread 56 'ClassGraph-worker-20':
  java.base@11.0.29/jdk.internal.misc.Unsafe.park(Native Method)
  java.base@11.0.29/java.util.concurrent.locks.LockSupport.park(LockSupport.java:194)
  java.base@11.0.29/java.util.concurrent.locks.AbstractQueuedSynchronizer$ConditionObject.await(AbstractQueuedSynchronizer.java:2081)
  java.base@11.0.29/java.util.concurrent.LinkedBlockingQueue.take(LinkedBlockingQueue.java:433)
  java.base@11.0.29/java.util.concurrent.ThreadPoolExecutor.getTask(ThreadPoolExecutor.java:1054)
  java.base@11.0.29/java.util.concurrent.ThreadPoolExecutor.runWorker(ThreadPoolExecutor.java:1114)
  java.base@11.0.29/java.util.concurrent.ThreadPoolExecutor$Worker.run(ThreadPoolExecutor.java:628)
  java.base@11.0.29/java.lang.Thread.run(Thread.java:829)
Thread 25 'grpc-default-boss-ELG-3-1':
  io.grpc.netty.shaded.io.netty.channel.epoll.Native.epollWait(Native Method)
  io.grpc.netty.shaded.io.netty.channel.epoll.Native.epollWait(SourceFile:209)
  io.grpc.netty.shaded.io.netty.channel.epoll.Native.epollWait(SourceFile:202)
  io.grpc.netty.shaded.io.netty.channel.epoll.EpollEventLoop.epollWaitNoTimerChange(SourceFile:294)
  io.grpc.netty.shaded.io.netty.channel.epoll.EpollEventLoop.run(SourceFile:351)
  io.grpc.netty.shaded.io.netty.util.concurrent.SingleThreadEventExecutor$4.run(SourceFile:997)
  io.grpc.netty.shaded.io.netty.util.internal.ThreadExecutorMap$2.run(SourceFile:74)
  io.grpc.netty.shaded.io.netty.util.concurrent.FastThreadLocalRunnable.run(SourceFile:30)
  java.base@11.0.29/java.lang.Thread.run(Unknown Source)
Thread 55 'ClassGraph-worker-19':
  java.base@11.0.29/jdk.internal.misc.Unsafe.park(Native Method)
  java.base@11.0.29/java.util.concurrent.locks.LockSupport.park(LockSupport.java:194)
  java.base@11.0.29/java.util.concurrent.locks.AbstractQueuedSynchronizer$ConditionObject.await(AbstractQueuedSynchronizer.java:2081)
  java.base@11.0.29/java.util.concurrent.LinkedBlockingQueue.take(LinkedBlockingQueue.java:433)
  java.base@11.0.29/java.util.concurrent.ThreadPoolExecutor.getTask(ThreadPoolExecutor.java:1054)
  java.base@11.0.29/java.util.concurrent.ThreadPoolExecutor.runWorker(ThreadPoolExecutor.java:1114)
  java.base@11.0.29/java.util.concurrent.ThreadPoolExecutor$Worker.run(ThreadPoolExecutor.java:628)
  java.base@11.0.29/java.lang.Thread.run(Thread.java:829)
Thread 58 'ClassGraph-worker-22':
  java.base@11.0.29/jdk.internal.misc.Unsafe.park(Native Method)
  java.base@11.0.29/java.util.concurrent.locks.LockSupport.park(LockSupport.java:194)
  java.base@11.0.29/java.util.concurrent.locks.AbstractQueuedSynchronizer$ConditionObject.await(AbstractQueuedSynchronizer.java:2081)
  java.base@11.0.29/java.util.concurrent.LinkedBlockingQueue.take(LinkedBlockingQueue.java:433)
  java.base@11.0.29/java.util.concurrent.ThreadPoolExecutor.getTask(ThreadPoolExecutor.java:1054)
  java.base@11.0.29/java.util.concurrent.ThreadPoolExecutor.runWorker(ThreadPoolExecutor.java:1114)
  java.base@11.0.29/java.util.concurrent.ThreadPoolExecutor$Worker.run(ThreadPoolExecutor.java:628)
  java.base@11.0.29/java.lang.Thread.run(Thread.java:829)
Thread 589 'TimedExecutor-438':
  java.base@11.0.29/java.util.Arrays.hashCode(Arrays.java:4685)
  java.base@11.0.29/java.util.Objects.hash(Objects.java:146)
  com.diffblue.cover.commons.reflect.h.hashCode(SourceFile:389)
  java.base@11.0.29/java.util.Arrays.hashCode(Arrays.java:4685)
  java.base@11.0.29/java.util.Objects.hash(Objects.java:146)
  com.diffblue.a.a.c.e.i.hashCode(SourceFile:45)
  java.base@11.0.29/java.util.ArrayList.hashCodeRange(ArrayList.java:627)
  java.base@11.0.29/java.util.ArrayList.hashCode(ArrayList.java:614)
  java.base@11.0.29/java.util.Collections$UnmodifiableList.hashCode(Collections.java:1308)
  java.base@11.0.29/java.util.Arrays.hashCode(Arrays.java:4685)
  java.base@11.0.29/java.util.Objects.hash(Objects.java:146)
  com.diffblue.a.a.c.e.i.hashCode(SourceFile:45)
  java.base@11.0.29/java.util.ArrayList.hashCodeRange(ArrayList.java:627)
  java.base@11.0.29/java.util.ArrayList.hashCode(ArrayList.java:614)
  java.base@11.0.29/java.util.Collections$UnmodifiableList.hashCode(Collections.java:1308)
  java.base@11.0.29/java.util.Arrays.hashCode(Arrays.java:4685)
  java.base@11.0.29/java.util.Objects.hash(Objects.java:146)
  com.diffblue.a.a.c.e.h.hashCode(SourceFile:44)
  java.base@11.0.29/java.util.ArrayList.hashCodeRange(ArrayList.java:627)
  java.base@11.0.29/java.util.ArrayList.hashCode(ArrayList.java:614)
  java.base@11.0.29/java.util.Arrays.hashCode(Arrays.java:4685)
  java.base@11.0.29/java.util.Objects.hash(Objects.java:146)
  com.diffblue.a.a.c.c.b.hashCode(SourceFile:108)
  java.base@11.0.29/java.util.HashMap.hash(HashMap.java:340)
  java.base@11.0.29/java.util.HashMap.computeIfAbsent(HashMap.java:1105)
  com.diffblue.a.a.c.c.a.a(SourceFile:133)
  com.diffblue.a.a.c.c.a$$Lambda$1199/0x000000080084f040.apply(Unknown Source)
  com.diffblue.cover.commons.f.c$a.a(SourceFile:76)
  com.diffblue.cover.commons.f.c$a$$Lambda$1221/0x0000000800859440.get(Unknown Source)
  com.diffblue.cover.commons.f.c$a.a(SourceFile:74)
  com.diffblue.cover.commons.f.c.a(SourceFile:102)
  com.diffblue.a.a.c.c.a.a(SourceFile:140)
  com.diffblue.a.a.c.a.h.a(SourceFile:1258)
  com.diffblue.a.a.c.a.h.b(SourceFile:137)
  com.diffblue.a.a.c.a.h$$Lambda$1196/0x0000000800848040.apply(Unknown Source)
  java.base@11.0.29/java.util.Optional.map(Optional.java:265)
  com.diffblue.a.a.c.a.h.c(SourceFile:135)
  com.diffblue.a.a.c.a.h$$Lambda$1179/0x000000080082b840.call(Unknown Source)
  com.diffblue.cover.sandbox.execution.AbsorbLinkageErrors.run(SourceFile:24)
  com.diffblue.cover.sandbox.execution.SafeExecutor.run(SourceFile:27)
  com.diffblue.a.a.c.a.h.a(SourceFile:130)
  com.diffblue.a.m.a(SourceFile:1481)
  jdk.internal.reflect.GeneratedMethodAccessor181.invoke(Unknown Source)
  java.base@11.0.29/jdk.internal.reflect.DelegatingMethodAccessorImpl.invoke(DelegatingMethodAccessorImpl.java:43)
  java.base@11.0.29/java.lang.reflect.Method.invoke(Method.java:566)
  com.diffblue.a.ad$a.a(SourceFile:96)
  com.diffblue.a.ad$a.invoke(SourceFile:76)
  com.sun.proxy.$Proxy18.a(Unknown Source)
  com.diffblue.fuzztest.d.c.d.a(SourceFile:94)
  com.diffblue.fuzztest.d.c.d$$Lambda$1177/0x000000080082b040.apply(Unknown Source)
  com.diffblue.fuzztest.d.c.d.c(SourceFile:191)
  com.diffblue.fuzztest.d.a.a(SourceFile:55)
  com.diffblue.fuzztest.g.y.a(SourceFile:52)
  com.diffblue.fuzztest.g.i.a(SourceFile:104)
  com.diffblue.fuzztest.g.a.a(SourceFile:46)
  com.diffblue.fuzztest.g.p.a(SourceFile:128)
  com.diffblue.fuzztest.g.a.a(SourceFile:46)
  com.diffblue.fuzztest.g.ae.a(SourceFile:94)
  com.diffblue.fuzztest.g.af.a(SourceFile:162)
  com.diffblue.fuzztest.g.ae.a(SourceFile:193)
  com.diffblue.fuzztest.g.e.r(SourceFile:499)
  com.diffblue.fuzztest.g.e$$Lambda$674/0x0000000800717040.call(Unknown Source)
  com.diffblue.cover.sandbox.a.a$$Lambda$675/0x0000000800717440.call(Unknown Source)
  com.diffblue.cover.sandbox.execution.WorkerThread.lambda$callWorkerThread$3(SourceFile:164)
  com.diffblue.cover.sandbox.execution.WorkerThread$$Lambda$323/0x00000008004edc40.run(Unknown Source)
  com.diffblue.cover.sandbox.execution.WorkerThread.run(SourceFile:265)
Thread 54 'ClassGraph-worker-18':
  java.base@11.0.29/jdk.internal.misc.Unsafe.park(Native Method)
  java.base@11.0.29/java.util.concurrent.locks.LockSupport.park(LockSupport.java:194)
  java.base@11.0.29/java.util.concurrent.locks.AbstractQueuedSynchronizer$ConditionObject.await(AbstractQueuedSynchronizer.java:2081)
  java.base@11.0.29/java.util.concurrent.LinkedBlockingQueue.take(LinkedBlockingQueue.java:433)
  java.base@11.0.29/java.util.concurrent.ThreadPoolExecutor.getTask(ThreadPoolExecutor.java:1054)
  java.base@11.0.29/java.util.concurrent.ThreadPoolExecutor.runWorker(ThreadPoolExecutor.java:1114)
  java.base@11.0.29/java.util.concurrent.ThreadPoolExecutor$Worker.run(ThreadPoolExecutor.java:628)
  java.base@11.0.29/java.lang.Thread.run(Thread.java:829)
Thread 60 'ClassGraph-worker-24':
  java.base@11.0.29/jdk.internal.misc.Unsafe.park(Native Method)
  java.base@11.0.29/java.util.concurrent.locks.LockSupport.park(LockSupport.java:194)
  java.base@11.0.29/java.util.concurrent.locks.AbstractQueuedSynchronizer$ConditionObject.await(AbstractQueuedSynchronizer.java:2081)
  java.base@11.0.29/java.util.concurrent.LinkedBlockingQueue.take(LinkedBlockingQueue.java:433)
  java.base@11.0.29/java.util.concurrent.ThreadPoolExecutor.getTask(ThreadPoolExecutor.java:1054)
  java.base@11.0.29/java.util.concurrent.ThreadPoolExecutor.runWorker(ThreadPoolExecutor.java:1114)
  java.base@11.0.29/java.util.concurrent.ThreadPoolExecutor$Worker.run(ThreadPoolExecutor.java:628)
  java.base@11.0.29/java.lang.Thread.run(Thread.java:829)
Thread 3 'Finalizer':
  java.base@11.0.29/java.lang.Object.wait(Native Method)
  java.base@11.0.29/java.lang.ref.ReferenceQueue.remove(ReferenceQueue.java:155)
  java.base@11.0.29/java.lang.ref.ReferenceQueue.remove(ReferenceQueue.java:176)
  java.base@11.0.29/java.lang.ref.Finalizer$FinalizerThread.run(Finalizer.java:170)
Thread 63 'ClassGraph-worker-27':
  java.base@11.0.29/jdk.internal.misc.Unsafe.park(Native Method)
  java.base@11.0.29/java.util.concurrent.locks.LockSupport.park(LockSupport.java:194)
  java.base@11.0.29/java.util.concurrent.locks.AbstractQueuedSynchronizer$ConditionObject.await(AbstractQueuedSynchronizer.java:2081)
  java.base@11.0.29/java.util.concurrent.LinkedBlockingQueue.take(LinkedBlockingQueue.java:433)
  java.base@11.0.29/java.util.concurrent.ThreadPoolExecutor.getTask(ThreadPoolExecutor.java:1054)
  java.base@11.0.29/java.util.concurrent.ThreadPoolExecutor.runWorker(ThreadPoolExecutor.java:1114)
  java.base@11.0.29/java.util.concurrent.ThreadPoolExecutor$Worker.run(ThreadPoolExecutor.java:628)
  java.base@11.0.29/java.lang.Thread.run(Thread.java:829)
Thread 52 'ClassGraph-worker-16':
  java.base@11.0.29/jdk.internal.misc.Unsafe.park(Native Method)
  java.base@11.0.29/java.util.concurrent.locks.LockSupport.park(LockSupport.java:194)
  java.base@11.0.29/java.util.concurrent.locks.AbstractQueuedSynchronizer$ConditionObject.await(AbstractQueuedSynchronizer.java:2081)
  java.base@11.0.29/java.util.concurrent.LinkedBlockingQueue.take(LinkedBlockingQueue.java:433)
  java.base@11.0.29/java.util.concurrent.ThreadPoolExecutor.getTask(ThreadPoolExecutor.java:1054)
  java.base@11.0.29/java.util.concurrent.ThreadPoolExecutor.runWorker(ThreadPoolExecutor.java:1114)
  java.base@11.0.29/java.util.concurrent.ThreadPoolExecutor$Worker.run(ThreadPoolExecutor.java:628)
  java.base@11.0.29/java.lang.Thread.run(Thread.java:829)
Thread 53 'ClassGraph-worker-17':
  java.base@11.0.29/jdk.internal.misc.Unsafe.park(Native Method)
  java.base@11.0.29/java.util.concurrent.locks.LockSupport.park(LockSupport.java:194)
  java.base@11.0.29/java.util.concurrent.locks.AbstractQueuedSynchronizer$ConditionObject.await(AbstractQueuedSynchronizer.java:2081)
  java.base@11.0.29/java.util.concurrent.LinkedBlockingQueue.take(LinkedBlockingQueue.java:433)
  java.base@11.0.29/java.util.concurrent.ThreadPoolExecutor.getTask(ThreadPoolExecutor.java:1054)
  java.base@11.0.29/java.util.concurrent.ThreadPoolExecutor.runWorker(ThreadPoolExecutor.java:1114)
  java.base@11.0.29/java.util.concurrent.ThreadPoolExecutor$Worker.run(ThreadPoolExecutor.java:628)
  java.base@11.0.29/java.lang.Thread.run(Thread.java:829)
Thread 22 'grpc-default-worker-ELG-1-1':
  io.grpc.netty.shaded.io.netty.channel.epoll.Native.epollWait0(Native Method)
  io.grpc.netty.shaded.io.netty.channel.epoll.Native.epollWait(SourceFile:182)
  io.grpc.netty.shaded.io.netty.channel.epoll.EpollEventLoop.epollWait(SourceFile:290)
  io.grpc.netty.shaded.io.netty.channel.epoll.EpollEventLoop.run(SourceFile:354)
  io.grpc.netty.shaded.io.netty.util.concurrent.SingleThreadEventExecutor$4.run(SourceFile:997)
  io.grpc.netty.shaded.io.netty.util.internal.ThreadExecutorMap$2.run(SourceFile:74)
  io.grpc.netty.shaded.io.netty.util.concurrent.FastThreadLocalRunnable.run(SourceFile:30)
  java.base@11.0.29/java.lang.Thread.run(Unknown Source)
== end thread dump ==

16:50:04.212 [INFO]   [Creating]    Exiting service.
16:50:04.736 [INFO]   [Creating]    Filtering of methods complete. Creating analysis request
16:50:04.736 [INFO]   [Creating]    Attempting to get service client, retry 1.
16:50:04.737 [INFO]   [Creating]    Starting monitoring server.
16:50:04.738 [INFO]   [Creating]    Monitoring server listening on localhost/127.0.0.1:36125
16:50:04.738 [INFO]   [Creating]    Starting analyzer server process...
16:50:04.738 [INFO]   [Creating]    Server command-line: /home/jbergqvist/.sdkman/candidates/java/11.0.29-amzn/bin/java -XX:+IgnoreUnrecognizedVMOptions -XX:StartFlightRecording=duration=300s,filename=.diffblue/cover-flight.jfr -Djdk.attach.allowAttachSelf=true -Djdk.jar.maxSignatureFileSize=100000000 -ea -javaagent:/opt/cover/launcher-shared-jar.jar -Dlogback.configurationFile=/tmp/diffblue/config/logback-remote-service.xml -Dcom.diffblue.springIsolationJar=/opt/cover/cover-isolation-layer.jar -Dcover.jar.path=/opt/cover/cover-service-analyzer.jar -Dcom.diffblue.assertionSuggestionJar=/opt/cover/cover-service-analyzer.jar -Dcover.main.class=com.diffblue.cover.service.analyzer.Main -jar /opt/cover/launcher-shared-jar.jar --service-lifespan 120 --monitoring-service-port 36125 --index-service-port 36125 --debug-log
16:50:04.739 [INFO]   [Creating]    Server started. Waiting up to 300 seconds for a connection to be established...
16:50:05.790 [INFO]   [Creating]    Starting new remote monitor client
16:50:06.442 [INFO]   [Creating]    Attempting to start remote server.
16:50:06.606 [INFO]   [Creating]    Server started, listening on localhost/127.0.0.1:35275
16:50:06.609 [INFO]   [Creating]    Expect analyzer service to be listening on port 35275.
16:50:06.672 [INFO]   [Creating]    Started analyzer service and client retrieved.
16:50:21.846 [INFO]   [Creating]        [238/926] org.symphonyoss.symphony.messageml.elements.Element.assertAttributeValue
16:50:21.847 [INFO]   [Creating]        [238/926]   R013: No inputs found that don't throw a trivial exception
16:50:21.847 [INFO]   [Creating]        [238/926]     Diffblue Cover tried to run the arrange/act section, but the test threw
16:50:21.847 [INFO]   [Creating]        [238/926]     java.lang.NullPointerException
16:50:21.847 [INFO]   [Creating]        [238/926]         at org.symphonyoss.symphony.messageml.elements.Element.assertAttributeValue(Element.java:551)
16:50:21.847 [INFO]   [Creating]        [238/926]     In order to prevent assertAttributeValue(String, Collection)
16:50:21.847 [INFO]   [Creating]        [238/926]     from throwing NullPointerException, add constructors or factory
16:50:21.847 [INFO]   [Creating]        [238/926]     methods that make it easier to construct fully initialized objects used in
16:50:21.847 [INFO]   [Creating]        [238/926]     assertAttributeValue(String, Collection).
16:50:21.847 [INFO]   [Creating]        [238/926]     See https://diff.blue/R013 to resolve this issue.
16:50:22.902 [INFO]   [Creating]        [238/926] org.symphonyoss.symphony.messageml.elements.Element.addChild
16:50:22.902 [INFO]   [Creating]        [238/926]   Diffblue AI was unable to find a test
16:50:24.290 [INFO]   [Creating]        [238/926] org.symphonyoss.symphony.messageml.elements.Element.areNestedElementsAllowed
16:50:24.290 [INFO]   [Creating]        [238/926]   Tests created: 2
16:50:33.833 [INFO]   [Creating]        [238/926] org.symphonyoss.symphony.messageml.elements.Element.asEntityJson
16:50:33.833 [INFO]   [Creating]        [238/926]   Tests created: 2
16:50:38.820 [INFO]   [Creating]        [238/926] org.symphonyoss.symphony.messageml.elements.Element.asPresentationML
16:50:38.820 [INFO]   [Creating]        [238/926]   Tests created: 54
16:50:42.380 [INFO]   [Creating]        [238/926] org.symphonyoss.symphony.messageml.elements.Element.asText
16:50:42.380 [INFO]   [Creating]        [238/926]   Tests created: 6
16:50:44.571 [INFO]   [Creating]        [238/926] org.symphonyoss.symphony.messageml.elements.Element.assertAttributeIsBoolean
16:50:44.571 [INFO]   [Creating]        [238/926]   R013: No inputs found that don't throw a trivial exception
16:50:44.571 [INFO]   [Creating]        [238/926]     Diffblue Cover tried to run the arrange/act section, but the test threw
16:50:44.571 [INFO]   [Creating]        [238/926]     java.lang.NullPointerException
16:50:44.571 [INFO]   [Creating]        [238/926]         at org.symphonyoss.symphony.messageml.elements.Element.assertAttributeValue(Element.java:551)
16:50:44.571 [INFO]   [Creating]        [238/926]         at org.symphonyoss.symphony.messageml.elements.Element.assertAttributeIsBoolean(Element.java:566)
16:50:44.571 [INFO]   [Creating]        [238/926]     In order to prevent assertAttributeIsBoolean(String)
16:50:44.571 [INFO]   [Creating]        [238/926]     from throwing NullPointerException, add constructors or factory
16:50:44.571 [INFO]   [Creating]        [238/926]     methods that make it easier to construct fully initialized objects used in
16:50:44.571 [INFO]   [Creating]        [238/926]     assertAttributeIsBoolean(String).
16:50:44.571 [INFO]   [Creating]        [238/926]     See https://diff.blue/R013 to resolve this issue.
16:50:45.814 [INFO]   [Creating]        [238/926] org.symphonyoss.symphony.messageml.elements.Element.assertAttributeMaxLength
16:50:45.814 [INFO]   [Creating]        [238/926]   Diffblue AI was unable to find a test
16:50:48.470 [INFO]   [Creating]        [238/926] org.symphonyoss.symphony.messageml.elements.Element.assertAttributeNotBlank
16:50:48.470 [INFO]   [Creating]        [238/926]   Tests created: 2
16:51:48.626 [INFO]   [Creating]    Service shutdown due to watchdog timeout
16:51:48.634 [INFO]   [Creating]    
== begin thread dump ==

108 threads

Thread 126 'ClassGraph-worker-85':
  java.base@11.0.29/jdk.internal.misc.Unsafe.park(Native Method)
  java.base@11.0.29/java.util.concurrent.locks.LockSupport.park(LockSupport.java:194)
  java.base@11.0.29/java.util.concurrent.locks.AbstractQueuedSynchronizer$ConditionObject.await(AbstractQueuedSynchronizer.java:2081)
  java.base@11.0.29/java.util.concurrent.LinkedBlockingQueue.take(LinkedBlockingQueue.java:433)
  java.base@11.0.29/java.util.concurrent.ThreadPoolExecutor.getTask(ThreadPoolExecutor.java:1054)
  java.base@11.0.29/java.util.concurrent.ThreadPoolExecutor.runWorker(ThreadPoolExecutor.java:1114)
  java.base@11.0.29/java.util.concurrent.ThreadPoolExecutor$Worker.run(ThreadPoolExecutor.java:628)
  java.base@11.0.29/java.lang.Thread.run(Thread.java:829)
Thread 62 'ClassGraph-worker-21':
  java.base@11.0.29/jdk.internal.misc.Unsafe.park(Native Method)
  java.base@11.0.29/java.util.concurrent.locks.LockSupport.park(LockSupport.java:194)
  java.base@11.0.29/java.util.concurrent.locks.AbstractQueuedSynchronizer$ConditionObject.await(AbstractQueuedSynchronizer.java:2081)
  java.base@11.0.29/java.util.concurrent.LinkedBlockingQueue.take(LinkedBlockingQueue.java:433)
  java.base@11.0.29/java.util.concurrent.ThreadPoolExecutor.getTask(ThreadPoolExecutor.java:1054)
  java.base@11.0.29/java.util.concurrent.ThreadPoolExecutor.runWorker(ThreadPoolExecutor.java:1114)
  java.base@11.0.29/java.util.concurrent.ThreadPoolExecutor$Worker.run(ThreadPoolExecutor.java:628)
  java.base@11.0.29/java.lang.Thread.run(Thread.java:829)
Thread 76 'ClassGraph-worker-35':
  java.base@11.0.29/jdk.internal.misc.Unsafe.park(Native Method)
  java.base@11.0.29/java.util.concurrent.locks.LockSupport.park(LockSupport.java:194)
  java.base@11.0.29/java.util.concurrent.locks.AbstractQueuedSynchronizer$ConditionObject.await(AbstractQueuedSynchronizer.java:2081)
  java.base@11.0.29/java.util.concurrent.LinkedBlockingQueue.take(LinkedBlockingQueue.java:433)
  java.base@11.0.29/java.util.concurrent.ThreadPoolExecutor.getTask(ThreadPoolExecutor.java:1054)
  java.base@11.0.29/java.util.concurrent.ThreadPoolExecutor.runWorker(ThreadPoolExecutor.java:1114)
  java.base@11.0.29/java.util.concurrent.ThreadPoolExecutor$Worker.run(ThreadPoolExecutor.java:628)
  java.base@11.0.29/java.lang.Thread.run(Thread.java:829)
Thread 83 'ClassGraph-worker-42':
  java.base@11.0.29/jdk.internal.misc.Unsafe.park(Native Method)
  java.base@11.0.29/java.util.concurrent.locks.LockSupport.park(LockSupport.java:194)
  java.base@11.0.29/java.util.concurrent.locks.AbstractQueuedSynchronizer$ConditionObject.await(AbstractQueuedSynchronizer.java:2081)
  java.base@11.0.29/java.util.concurrent.LinkedBlockingQueue.take(LinkedBlockingQueue.java:433)
  java.base@11.0.29/java.util.concurrent.ThreadPoolExecutor.getTask(ThreadPoolExecutor.java:1054)
  java.base@11.0.29/java.util.concurrent.ThreadPoolExecutor.runWorker(ThreadPoolExecutor.java:1114)
  java.base@11.0.29/java.util.concurrent.ThreadPoolExecutor$Worker.run(ThreadPoolExecutor.java:628)
  java.base@11.0.29/java.lang.Thread.run(Thread.java:829)
Thread 114 'ClassGraph-worker-73':
  java.base@11.0.29/jdk.internal.misc.Unsafe.park(Native Method)
  java.base@11.0.29/java.util.concurrent.locks.LockSupport.park(LockSupport.java:194)
  java.base@11.0.29/java.util.concurrent.locks.AbstractQueuedSynchronizer$ConditionObject.await(AbstractQueuedSynchronizer.java:2081)
  java.base@11.0.29/java.util.concurrent.LinkedBlockingQueue.take(LinkedBlockingQueue.java:433)
  java.base@11.0.29/java.util.concurrent.ThreadPoolExecutor.getTask(ThreadPoolExecutor.java:1054)
  java.base@11.0.29/java.util.concurrent.ThreadPoolExecutor.runWorker(ThreadPoolExecutor.java:1114)
  java.base@11.0.29/java.util.concurrent.ThreadPoolExecutor$Worker.run(ThreadPoolExecutor.java:628)
  java.base@11.0.29/java.lang.Thread.run(Thread.java:829)
Thread 115 'ClassGraph-worker-74':
  java.base@11.0.29/jdk.internal.misc.Unsafe.park(Native Method)
  java.base@11.0.29/java.util.concurrent.locks.LockSupport.park(LockSupport.java:194)
  java.base@11.0.29/java.util.concurrent.locks.AbstractQueuedSynchronizer$ConditionObject.await(AbstractQueuedSynchronizer.java:2081)
  java.base@11.0.29/java.util.concurrent.LinkedBlockingQueue.take(LinkedBlockingQueue.java:433)
  java.base@11.0.29/java.util.concurrent.ThreadPoolExecutor.getTask(ThreadPoolExecutor.java:1054)
  java.base@11.0.29/java.util.concurrent.ThreadPoolExecutor.runWorker(ThreadPoolExecutor.java:1114)
  java.base@11.0.29/java.util.concurrent.ThreadPoolExecutor$Worker.run(ThreadPoolExecutor.java:628)
  java.base@11.0.29/java.lang.Thread.run(Thread.java:829)
Thread 59 'ClassGraph-worker-18':
  java.base@11.0.29/jdk.internal.misc.Unsafe.park(Native Method)
  java.base@11.0.29/java.util.concurrent.locks.LockSupport.park(LockSupport.java:194)
  java.base@11.0.29/java.util.concurrent.locks.AbstractQueuedSynchronizer$ConditionObject.await(AbstractQueuedSynchronizer.java:2081)
  java.base@11.0.29/java.util.concurrent.LinkedBlockingQueue.take(LinkedBlockingQueue.java:433)
  java.base@11.0.29/java.util.concurrent.ThreadPoolExecutor.getTask(ThreadPoolExecutor.java:1054)
  java.base@11.0.29/java.util.concurrent.ThreadPoolExecutor.runWorker(ThreadPoolExecutor.java:1114)
  java.base@11.0.29/java.util.concurrent.ThreadPoolExecutor$Worker.run(ThreadPoolExecutor.java:628)
  java.base@11.0.29/java.lang.Thread.run(Thread.java:829)
Thread 67 'ClassGraph-worker-26':
  java.base@11.0.29/jdk.internal.misc.Unsafe.park(Native Method)
  java.base@11.0.29/java.util.concurrent.locks.LockSupport.park(LockSupport.java:194)
  java.base@11.0.29/java.util.concurrent.locks.AbstractQueuedSynchronizer$ConditionObject.await(AbstractQueuedSynchronizer.java:2081)
  java.base@11.0.29/java.util.concurrent.LinkedBlockingQueue.take(LinkedBlockingQueue.java:433)
  java.base@11.0.29/java.util.concurrent.ThreadPoolExecutor.getTask(ThreadPoolExecutor.java:1054)
  java.base@11.0.29/java.util.concurrent.ThreadPoolExecutor.runWorker(ThreadPoolExecutor.java:1114)
  java.base@11.0.29/java.util.concurrent.ThreadPoolExecutor$Worker.run(ThreadPoolExecutor.java:628)
  java.base@11.0.29/java.lang.Thread.run(Thread.java:829)
Thread 71 'ClassGraph-worker-30':
  java.base@11.0.29/jdk.internal.misc.Unsafe.park(Native Method)
  java.base@11.0.29/java.util.concurrent.locks.LockSupport.park(LockSupport.java:194)
  java.base@11.0.29/java.util.concurrent.locks.AbstractQueuedSynchronizer$ConditionObject.await(AbstractQueuedSynchronizer.java:2081)
  java.base@11.0.29/java.util.concurrent.LinkedBlockingQueue.take(LinkedBlockingQueue.java:433)
  java.base@11.0.29/java.util.concurrent.ThreadPoolExecutor.getTask(ThreadPoolExecutor.java:1054)
  java.base@11.0.29/java.util.concurrent.ThreadPoolExecutor.runWorker(ThreadPoolExecutor.java:1114)
  java.base@11.0.29/java.util.concurrent.ThreadPoolExecutor$Worker.run(ThreadPoolExecutor.java:628)
  java.base@11.0.29/java.lang.Thread.run(Thread.java:829)
Thread 42 'ClassGraph-worker-1':
  java.base@11.0.29/jdk.internal.misc.Unsafe.park(Native Method)
  java.base@11.0.29/java.util.concurrent.locks.LockSupport.park(LockSupport.java:194)
  java.base@11.0.29/java.util.concurrent.locks.AbstractQueuedSynchronizer$ConditionObject.await(AbstractQueuedSynchronizer.java:2081)
  java.base@11.0.29/java.util.concurrent.LinkedBlockingQueue.take(LinkedBlockingQueue.java:433)
  java.base@11.0.29/java.util.concurrent.ThreadPoolExecutor.getTask(ThreadPoolExecutor.java:1054)
  java.base@11.0.29/java.util.concurrent.ThreadPoolExecutor.runWorker(ThreadPoolExecutor.java:1114)
  java.base@11.0.29/java.util.concurrent.ThreadPoolExecutor$Worker.run(ThreadPoolExecutor.java:628)
  java.base@11.0.29/java.lang.Thread.run(Thread.java:829)
Thread 103 'ClassGraph-worker-62':
  java.base@11.0.29/jdk.internal.misc.Unsafe.park(Native Method)
  java.base@11.0.29/java.util.concurrent.locks.LockSupport.park(LockSupport.java:194)
  java.base@11.0.29/java.util.concurrent.locks.AbstractQueuedSynchronizer$ConditionObject.await(AbstractQueuedSynchronizer.java:2081)
  java.base@11.0.29/java.util.concurrent.LinkedBlockingQueue.take(LinkedBlockingQueue.java:433)
  java.base@11.0.29/java.util.concurrent.ThreadPoolExecutor.getTask(ThreadPoolExecutor.java:1054)
  java.base@11.0.29/java.util.concurrent.ThreadPoolExecutor.runWorker(ThreadPoolExecutor.java:1114)
  java.base@11.0.29/java.util.concurrent.ThreadPoolExecutor$Worker.run(ThreadPoolExecutor.java:628)
  java.base@11.0.29/java.lang.Thread.run(Thread.java:829)
Thread 19 'Common-Cleaner':
  java.base@11.0.29/java.lang.Object.wait(Native Method)
  java.base@11.0.29/java.lang.ref.ReferenceQueue.remove(ReferenceQueue.java:155)
  java.base@11.0.29/jdk.internal.ref.CleanerImpl.run(CleanerImpl.java:148)
  java.base@11.0.29/java.lang.Thread.run(Unknown Source)
  java.base@11.0.29/jdk.internal.misc.InnocuousThread.run(InnocuousThread.java:161)
Thread 127 'ClassGraph-worker-86':
  java.base@11.0.29/jdk.internal.misc.Unsafe.park(Native Method)
  java.base@11.0.29/java.util.concurrent.locks.LockSupport.park(LockSupport.java:194)
  java.base@11.0.29/java.util.concurrent.locks.AbstractQueuedSynchronizer$ConditionObject.await(AbstractQueuedSynchronizer.java:2081)
  java.base@11.0.29/java.util.concurrent.LinkedBlockingQueue.take(LinkedBlockingQueue.java:433)
  java.base@11.0.29/java.util.concurrent.ThreadPoolExecutor.getTask(ThreadPoolExecutor.java:1054)
  java.base@11.0.29/java.util.concurrent.ThreadPoolExecutor.runWorker(ThreadPoolExecutor.java:1114)
  java.base@11.0.29/java.util.concurrent.ThreadPoolExecutor$Worker.run(ThreadPoolExecutor.java:628)
  java.base@11.0.29/java.lang.Thread.run(Thread.java:829)
Thread 53 'ClassGraph-worker-12':
  java.base@11.0.29/jdk.internal.misc.Unsafe.park(Native Method)
  java.base@11.0.29/java.util.concurrent.locks.LockSupport.park(LockSupport.java:194)
  java.base@11.0.29/java.util.concurrent.locks.AbstractQueuedSynchronizer$ConditionObject.await(AbstractQueuedSynchronizer.java:2081)
  java.base@11.0.29/java.util.concurrent.LinkedBlockingQueue.take(LinkedBlockingQueue.java:433)
  java.base@11.0.29/java.util.concurrent.ThreadPoolExecutor.getTask(ThreadPoolExecutor.java:1054)
  java.base@11.0.29/java.util.concurrent.ThreadPoolExecutor.runWorker(ThreadPoolExecutor.java:1114)
  java.base@11.0.29/java.util.concurrent.ThreadPoolExecutor$Worker.run(ThreadPoolExecutor.java:628)
  java.base@11.0.29/java.lang.Thread.run(Thread.java:829)
Thread 118 'ClassGraph-worker-77':
  java.base@11.0.29/jdk.internal.misc.Unsafe.park(Native Method)
  java.base@11.0.29/java.util.concurrent.locks.LockSupport.park(LockSupport.java:194)
  java.base@11.0.29/java.util.concurrent.locks.AbstractQueuedSynchronizer$ConditionObject.await(AbstractQueuedSynchronizer.java:2081)
  java.base@11.0.29/java.util.concurrent.LinkedBlockingQueue.take(LinkedBlockingQueue.java:433)
  java.base@11.0.29/java.util.concurrent.ThreadPoolExecutor.getTask(ThreadPoolExecutor.java:1054)
  java.base@11.0.29/java.util.concurrent.ThreadPoolExecutor.runWorker(ThreadPoolExecutor.java:1114)
  java.base@11.0.29/java.util.concurrent.ThreadPoolExecutor$Worker.run(ThreadPoolExecutor.java:628)
  java.base@11.0.29/java.lang.Thread.run(Thread.java:829)
Thread 98 'ClassGraph-worker-57':
  java.base@11.0.29/jdk.internal.misc.Unsafe.park(Native Method)
  java.base@11.0.29/java.util.concurrent.locks.LockSupport.park(LockSupport.java:194)
  java.base@11.0.29/java.util.concurrent.locks.AbstractQueuedSynchronizer$ConditionObject.await(AbstractQueuedSynchronizer.java:2081)
  java.base@11.0.29/java.util.concurrent.LinkedBlockingQueue.take(LinkedBlockingQueue.java:433)
  java.base@11.0.29/java.util.concurrent.ThreadPoolExecutor.getTask(ThreadPoolExecutor.java:1054)
  java.base@11.0.29/java.util.concurrent.ThreadPoolExecutor.runWorker(ThreadPoolExecutor.java:1114)
  java.base@11.0.29/java.util.concurrent.ThreadPoolExecutor$Worker.run(ThreadPoolExecutor.java:628)
  java.base@11.0.29/java.lang.Thread.run(Thread.java:829)
Thread 24 'JFR Recording Scheduler':
  java.base@11.0.29/java.lang.Object.wait(Native Method)
  java.base@11.0.29/java.util.TimerThread.mainLoop(Unknown Source)
  java.base@11.0.29/java.util.TimerThread.run(Unknown Source)
Thread 55 'ClassGraph-worker-14':
  java.base@11.0.29/jdk.internal.misc.Unsafe.park(Native Method)
  java.base@11.0.29/java.util.concurrent.locks.LockSupport.park(LockSupport.java:194)
  java.base@11.0.29/java.util.concurrent.locks.AbstractQueuedSynchronizer$ConditionObject.await(AbstractQueuedSynchronizer.java:2081)
  java.base@11.0.29/java.util.concurrent.LinkedBlockingQueue.take(LinkedBlockingQueue.java:433)
  java.base@11.0.29/java.util.concurrent.ThreadPoolExecutor.getTask(ThreadPoolExecutor.java:1054)
  java.base@11.0.29/java.util.concurrent.ThreadPoolExecutor.runWorker(ThreadPoolExecutor.java:1114)
  java.base@11.0.29/java.util.concurrent.ThreadPoolExecutor$Worker.run(ThreadPoolExecutor.java:628)
  java.base@11.0.29/java.lang.Thread.run(Thread.java:829)
Thread 46 'ClassGraph-worker-5':
  java.base@11.0.29/jdk.internal.misc.Unsafe.park(Native Method)
  java.base@11.0.29/java.util.concurrent.locks.LockSupport.park(LockSupport.java:194)
  java.base@11.0.29/java.util.concurrent.locks.AbstractQueuedSynchronizer$ConditionObject.await(AbstractQueuedSynchronizer.java:2081)
  java.base@11.0.29/java.util.concurrent.LinkedBlockingQueue.take(LinkedBlockingQueue.java:433)
  java.base@11.0.29/java.util.concurrent.ThreadPoolExecutor.getTask(ThreadPoolExecutor.java:1054)
  java.base@11.0.29/java.util.concurrent.ThreadPoolExecutor.runWorker(ThreadPoolExecutor.java:1114)
  java.base@11.0.29/java.util.concurrent.ThreadPoolExecutor$Worker.run(ThreadPoolExecutor.java:628)
  java.base@11.0.29/java.lang.Thread.run(Thread.java:829)
Thread 80 'ClassGraph-worker-39':
  java.base@11.0.29/jdk.internal.misc.Unsafe.park(Native Method)
  java.base@11.0.29/java.util.concurrent.locks.LockSupport.park(LockSupport.java:194)
  java.base@11.0.29/java.util.concurrent.locks.AbstractQueuedSynchronizer$ConditionObject.await(AbstractQueuedSynchronizer.java:2081)
  java.base@11.0.29/java.util.concurrent.LinkedBlockingQueue.take(LinkedBlockingQueue.java:433)
  java.base@11.0.29/java.util.concurrent.ThreadPoolExecutor.getTask(ThreadPoolExecutor.java:1054)
  java.base@11.0.29/java.util.concurrent.ThreadPoolExecutor.runWorker(ThreadPoolExecutor.java:1114)
  java.base@11.0.29/java.util.concurrent.ThreadPoolExecutor$Worker.run(ThreadPoolExecutor.java:628)
  java.base@11.0.29/java.lang.Thread.run(Thread.java:829)
Thread 92 'ClassGraph-worker-51':
  java.base@11.0.29/jdk.internal.misc.Unsafe.park(Native Method)
  java.base@11.0.29/java.util.concurrent.locks.LockSupport.park(LockSupport.java:194)
  java.base@11.0.29/java.util.concurrent.locks.AbstractQueuedSynchronizer$ConditionObject.await(AbstractQueuedSynchronizer.java:2081)
  java.base@11.0.29/java.util.concurrent.LinkedBlockingQueue.take(LinkedBlockingQueue.java:433)
  java.base@11.0.29/java.util.concurrent.ThreadPoolExecutor.getTask(ThreadPoolExecutor.java:1054)
  java.base@11.0.29/java.util.concurrent.ThreadPoolExecutor.runWorker(ThreadPoolExecutor.java:1114)
  java.base@11.0.29/java.util.concurrent.ThreadPoolExecutor$Worker.run(ThreadPoolExecutor.java:628)
  java.base@11.0.29/java.lang.Thread.run(Thread.java:829)
Thread 51 'ClassGraph-worker-10':
  java.base@11.0.29/jdk.internal.misc.Unsafe.park(Native Method)
  java.base@11.0.29/java.util.concurrent.locks.LockSupport.park(LockSupport.java:194)
  java.base@11.0.29/java.util.concurrent.locks.AbstractQueuedSynchronizer$ConditionObject.await(AbstractQueuedSynchronizer.java:2081)
  java.base@11.0.29/java.util.concurrent.LinkedBlockingQueue.take(LinkedBlockingQueue.java:433)
  java.base@11.0.29/java.util.concurrent.ThreadPoolExecutor.getTask(ThreadPoolExecutor.java:1054)
  java.base@11.0.29/java.util.concurrent.ThreadPoolExecutor.runWorker(ThreadPoolExecutor.java:1114)
  java.base@11.0.29/java.util.concurrent.ThreadPoolExecutor$Worker.run(ThreadPoolExecutor.java:628)
  java.base@11.0.29/java.lang.Thread.run(Thread.java:829)
Thread 101 'ClassGraph-worker-60':
  java.base@11.0.29/jdk.internal.misc.Unsafe.park(Native Method)
  java.base@11.0.29/java.util.concurrent.locks.LockSupport.park(LockSupport.java:194)
  java.base@11.0.29/java.util.concurrent.locks.AbstractQueuedSynchronizer$ConditionObject.await(AbstractQueuedSynchronizer.java:2081)
  java.base@11.0.29/java.util.concurrent.LinkedBlockingQueue.take(LinkedBlockingQueue.java:433)
  java.base@11.0.29/java.util.concurrent.ThreadPoolExecutor.getTask(ThreadPoolExecutor.java:1054)
  java.base@11.0.29/java.util.concurrent.ThreadPoolExecutor.runWorker(ThreadPoolExecutor.java:1114)
  java.base@11.0.29/java.util.concurrent.ThreadPoolExecutor$Worker.run(ThreadPoolExecutor.java:628)
  java.base@11.0.29/java.lang.Thread.run(Thread.java:829)
Thread 47 'ClassGraph-worker-6':
  java.base@11.0.29/jdk.internal.misc.Unsafe.park(Native Method)
  java.base@11.0.29/java.util.concurrent.locks.LockSupport.park(LockSupport.java:194)
  java.base@11.0.29/java.util.concurrent.locks.AbstractQueuedSynchronizer$ConditionObject.await(AbstractQueuedSynchronizer.java:2081)
  java.base@11.0.29/java.util.concurrent.LinkedBlockingQueue.take(LinkedBlockingQueue.java:433)
  java.base@11.0.29/java.util.concurrent.ThreadPoolExecutor.getTask(ThreadPoolExecutor.java:1054)
  java.base@11.0.29/java.util.concurrent.ThreadPoolExecutor.runWorker(ThreadPoolExecutor.java:1114)
  java.base@11.0.29/java.util.concurrent.ThreadPoolExecutor$Worker.run(ThreadPoolExecutor.java:628)
  java.base@11.0.29/java.lang.Thread.run(Thread.java:829)
Thread 21 'JFR Periodic Tasks':
  java.base@11.0.29/java.lang.Object.wait(Native Method)
  jdk.jfr@11.0.29/jdk.jfr.internal.PlatformRecorder.takeNap(PlatformRecorder.java:448)
  jdk.jfr@11.0.29/jdk.jfr.internal.PlatformRecorder.periodicTask(PlatformRecorder.java:441)
  jdk.jfr@11.0.29/jdk.jfr.internal.PlatformRecorder.lambda$startDiskMonitor$1(PlatformRecorder.java:386)
  jdk.jfr@11.0.29/jdk.jfr.internal.PlatformRecorder$$Lambda$64/0x00000008000f8040.run(Unknown Source)
  java.base@11.0.29/java.lang.Thread.run(Unknown Source)
Thread 32 'grpc-default-worker-ELG-1-3':
  io.grpc.netty.shaded.io.netty.channel.epoll.Native.epollWait0(Native Method)
  io.grpc.netty.shaded.io.netty.channel.epoll.Native.epollWait(SourceFile:182)
  io.grpc.netty.shaded.io.netty.channel.epoll.EpollEventLoop.epollWait(SourceFile:290)
  io.grpc.netty.shaded.io.netty.channel.epoll.EpollEventLoop.run(SourceFile:354)
  io.grpc.netty.shaded.io.netty.util.concurrent.SingleThreadEventExecutor$4.run(SourceFile:997)
  io.grpc.netty.shaded.io.netty.util.internal.ThreadExecutorMap$2.run(SourceFile:74)
  io.grpc.netty.shaded.io.netty.util.concurrent.FastThreadLocalRunnable.run(SourceFile:30)
  java.base@11.0.29/java.lang.Thread.run(Unknown Source)
Thread 70 'ClassGraph-worker-29':
  java.base@11.0.29/jdk.internal.misc.Unsafe.park(Native Method)
  java.base@11.0.29/java.util.concurrent.locks.LockSupport.park(LockSupport.java:194)
  java.base@11.0.29/java.util.concurrent.locks.AbstractQueuedSynchronizer$ConditionObject.await(AbstractQueuedSynchronizer.java:2081)
  java.base@11.0.29/java.util.concurrent.LinkedBlockingQueue.take(LinkedBlockingQueue.java:433)
  java.base@11.0.29/java.util.concurrent.ThreadPoolExecutor.getTask(ThreadPoolExecutor.java:1054)
  java.base@11.0.29/java.util.concurrent.ThreadPoolExecutor.runWorker(ThreadPoolExecutor.java:1114)
  java.base@11.0.29/java.util.concurrent.ThreadPoolExecutor$Worker.run(ThreadPoolExecutor.java:628)
  java.base@11.0.29/java.lang.Thread.run(Thread.java:829)
Thread 81 'ClassGraph-worker-40':
  java.base@11.0.29/jdk.internal.misc.Unsafe.park(Native Method)
  java.base@11.0.29/java.util.concurrent.locks.LockSupport.park(LockSupport.java:194)
  java.base@11.0.29/java.util.concurrent.locks.AbstractQueuedSynchronizer$ConditionObject.await(AbstractQueuedSynchronizer.java:2081)
  java.base@11.0.29/java.util.concurrent.LinkedBlockingQueue.take(LinkedBlockingQueue.java:433)
  java.base@11.0.29/java.util.concurrent.ThreadPoolExecutor.getTask(ThreadPoolExecutor.java:1054)
  java.base@11.0.29/java.util.concurrent.ThreadPoolExecutor.runWorker(ThreadPoolExecutor.java:1114)
  java.base@11.0.29/java.util.concurrent.ThreadPoolExecutor$Worker.run(ThreadPoolExecutor.java:628)
  java.base@11.0.29/java.lang.Thread.run(Thread.java:829)
Thread 93 'ClassGraph-worker-52':
  java.base@11.0.29/jdk.internal.misc.Unsafe.park(Native Method)
  java.base@11.0.29/java.util.concurrent.locks.LockSupport.park(LockSupport.java:194)
  java.base@11.0.29/java.util.concurrent.locks.AbstractQueuedSynchronizer$ConditionObject.await(AbstractQueuedSynchronizer.java:2081)
  java.base@11.0.29/java.util.concurrent.LinkedBlockingQueue.take(LinkedBlockingQueue.java:433)
  java.base@11.0.29/java.util.concurrent.ThreadPoolExecutor.getTask(ThreadPoolExecutor.java:1054)
  java.base@11.0.29/java.util.concurrent.ThreadPoolExecutor.runWorker(ThreadPoolExecutor.java:1114)
  java.base@11.0.29/java.util.concurrent.ThreadPoolExecutor$Worker.run(ThreadPoolExecutor.java:628)
  java.base@11.0.29/java.lang.Thread.run(Thread.java:829)
Thread 124 'ClassGraph-worker-83':
  java.base@11.0.29/jdk.internal.misc.Unsafe.park(Native Method)
  java.base@11.0.29/java.util.concurrent.locks.LockSupport.park(LockSupport.java:194)
  java.base@11.0.29/java.util.concurrent.locks.AbstractQueuedSynchronizer$ConditionObject.await(AbstractQueuedSynchronizer.java:2081)
  java.base@11.0.29/java.util.concurrent.LinkedBlockingQueue.take(LinkedBlockingQueue.java:433)
  java.base@11.0.29/java.util.concurrent.ThreadPoolExecutor.getTask(ThreadPoolExecutor.java:1054)
  java.base@11.0.29/java.util.concurrent.ThreadPoolExecutor.runWorker(ThreadPoolExecutor.java:1114)
  java.base@11.0.29/java.util.concurrent.ThreadPoolExecutor$Worker.run(ThreadPoolExecutor.java:628)
  java.base@11.0.29/java.lang.Thread.run(Thread.java:829)
Thread 87 'ClassGraph-worker-46':
  java.base@11.0.29/jdk.internal.misc.Unsafe.park(Native Method)
  java.base@11.0.29/java.util.concurrent.locks.LockSupport.park(LockSupport.java:194)
  java.base@11.0.29/java.util.concurrent.locks.AbstractQueuedSynchronizer$ConditionObject.await(AbstractQueuedSynchronizer.java:2081)
  java.base@11.0.29/java.util.concurrent.LinkedBlockingQueue.take(LinkedBlockingQueue.java:433)
  java.base@11.0.29/java.util.concurrent.ThreadPoolExecutor.getTask(ThreadPoolExecutor.java:1054)
  java.base@11.0.29/java.util.concurrent.ThreadPoolExecutor.runWorker(ThreadPoolExecutor.java:1114)
  java.base@11.0.29/java.util.concurrent.ThreadPoolExecutor$Worker.run(ThreadPoolExecutor.java:628)
  java.base@11.0.29/java.lang.Thread.run(Thread.java:829)
Thread 68 'ClassGraph-worker-27':
  java.base@11.0.29/jdk.internal.misc.Unsafe.park(Native Method)
  java.base@11.0.29/java.util.concurrent.locks.LockSupport.park(LockSupport.java:194)
  java.base@11.0.29/java.util.concurrent.locks.AbstractQueuedSynchronizer$ConditionObject.await(AbstractQueuedSynchronizer.java:2081)
  java.base@11.0.29/java.util.concurrent.LinkedBlockingQueue.take(LinkedBlockingQueue.java:433)
  java.base@11.0.29/java.util.concurrent.ThreadPoolExecutor.getTask(ThreadPoolExecutor.java:1054)
  java.base@11.0.29/java.util.concurrent.ThreadPoolExecutor.runWorker(ThreadPoolExecutor.java:1114)
  java.base@11.0.29/java.util.concurrent.ThreadPoolExecutor$Worker.run(ThreadPoolExecutor.java:628)
  java.base@11.0.29/java.lang.Thread.run(Thread.java:829)
Thread 105 'ClassGraph-worker-64':
  java.base@11.0.29/jdk.internal.misc.Unsafe.park(Native Method)
  java.base@11.0.29/java.util.concurrent.locks.LockSupport.park(LockSupport.java:194)
  java.base@11.0.29/java.util.concurrent.locks.AbstractQueuedSynchronizer$ConditionObject.await(AbstractQueuedSynchronizer.java:2081)
  java.base@11.0.29/java.util.concurrent.LinkedBlockingQueue.take(LinkedBlockingQueue.java:433)
  java.base@11.0.29/java.util.concurrent.ThreadPoolExecutor.getTask(ThreadPoolExecutor.java:1054)
  java.base@11.0.29/java.util.concurrent.ThreadPoolExecutor.runWorker(ThreadPoolExecutor.java:1114)
  java.base@11.0.29/java.util.concurrent.ThreadPoolExecutor$Worker.run(ThreadPoolExecutor.java:628)
  java.base@11.0.29/java.lang.Thread.run(Thread.java:829)
Thread 75 'ClassGraph-worker-34':
  java.base@11.0.29/jdk.internal.misc.Unsafe.park(Native Method)
  java.base@11.0.29/java.util.concurrent.locks.LockSupport.park(LockSupport.java:194)
  java.base@11.0.29/java.util.concurrent.locks.AbstractQueuedSynchronizer$ConditionObject.await(AbstractQueuedSynchronizer.java:2081)
  java.base@11.0.29/java.util.concurrent.LinkedBlockingQueue.take(LinkedBlockingQueue.java:433)
  java.base@11.0.29/java.util.concurrent.ThreadPoolExecutor.getTask(ThreadPoolExecutor.java:1054)
  java.base@11.0.29/java.util.concurrent.ThreadPoolExecutor.runWorker(ThreadPoolExecutor.java:1114)
  java.base@11.0.29/java.util.concurrent.ThreadPoolExecutor$Worker.run(ThreadPoolExecutor.java:628)
  java.base@11.0.29/java.lang.Thread.run(Thread.java:829)
Thread 64 'ClassGraph-worker-23':
  java.base@11.0.29/jdk.internal.misc.Unsafe.park(Native Method)
  java.base@11.0.29/java.util.concurrent.locks.LockSupport.park(LockSupport.java:194)
  java.base@11.0.29/java.util.concurrent.locks.AbstractQueuedSynchronizer$ConditionObject.await(AbstractQueuedSynchronizer.java:2081)
  java.base@11.0.29/java.util.concurrent.LinkedBlockingQueue.take(LinkedBlockingQueue.java:433)
  java.base@11.0.29/java.util.concurrent.ThreadPoolExecutor.getTask(ThreadPoolExecutor.java:1054)
  java.base@11.0.29/java.util.concurrent.ThreadPoolExecutor.runWorker(ThreadPoolExecutor.java:1114)
  java.base@11.0.29/java.util.concurrent.ThreadPoolExecutor$Worker.run(ThreadPoolExecutor.java:628)
  java.base@11.0.29/java.lang.Thread.run(Thread.java:829)
Thread 4 'Signal Dispatcher':
Thread 82 'ClassGraph-worker-41':
  java.base@11.0.29/jdk.internal.misc.Unsafe.park(Native Method)
  java.base@11.0.29/java.util.concurrent.locks.LockSupport.park(LockSupport.java:194)
  java.base@11.0.29/java.util.concurrent.locks.AbstractQueuedSynchronizer$ConditionObject.await(AbstractQueuedSynchronizer.java:2081)
  java.base@11.0.29/java.util.concurrent.LinkedBlockingQueue.take(LinkedBlockingQueue.java:433)
  java.base@11.0.29/java.util.concurrent.ThreadPoolExecutor.getTask(ThreadPoolExecutor.java:1054)
  java.base@11.0.29/java.util.concurrent.ThreadPoolExecutor.runWorker(ThreadPoolExecutor.java:1114)
  java.base@11.0.29/java.util.concurrent.ThreadPoolExecutor$Worker.run(ThreadPoolExecutor.java:628)
  java.base@11.0.29/java.lang.Thread.run(Thread.java:829)
Thread 34 'PeriodicWatchdogResetTimer':
  java.base@11.0.29/java.lang.Object.wait(Native Method)
  java.base@11.0.29/java.lang.Object.wait(Object.java:328)
  java.base@11.0.29/java.util.TimerThread.mainLoop(Timer.java:527)
  java.base@11.0.29/java.util.TimerThread.run(Timer.java:506)
Thread 129 'ForkJoinPool.commonPool-worker-51':
  java.base@11.0.29/jdk.internal.misc.Unsafe.park(Native Method)
  java.base@11.0.29/java.util.concurrent.locks.LockSupport.park(LockSupport.java:194)
  java.base@11.0.29/java.util.concurrent.ForkJoinPool.runWorker(ForkJoinPool.java:1628)
  java.base@11.0.29/java.util.concurrent.ForkJoinWorkerThread.run(ForkJoinWorkerThread.java:183)
Thread 29 'grpc-default-executor-0':
  java.base@11.0.29/jdk.internal.misc.Unsafe.park(Native Method)
  java.base@11.0.29/java.util.concurrent.locks.LockSupport.parkNanos(LockSupport.java:234)
  java.base@11.0.29/java.util.concurrent.SynchronousQueue$TransferStack.awaitFulfill(SynchronousQueue.java:462)
  java.base@11.0.29/java.util.concurrent.SynchronousQueue$TransferStack.transfer(SynchronousQueue.java:361)
  java.base@11.0.29/java.util.concurrent.SynchronousQueue.poll(SynchronousQueue.java:937)
  java.base@11.0.29/java.util.concurrent.ThreadPoolExecutor.getTask(ThreadPoolExecutor.java:1053)
  java.base@11.0.29/java.util.concurrent.ThreadPoolExecutor.runWorker(ThreadPoolExecutor.java:1114)
  java.base@11.0.29/java.util.concurrent.ThreadPoolExecutor$Worker.run(ThreadPoolExecutor.java:628)
  java.base@11.0.29/java.lang.Thread.run(Unknown Source)
Thread 90 'ClassGraph-worker-49':
  java.base@11.0.29/jdk.internal.misc.Unsafe.park(Native Method)
  java.base@11.0.29/java.util.concurrent.locks.LockSupport.park(LockSupport.java:194)
  java.base@11.0.29/java.util.concurrent.locks.AbstractQueuedSynchronizer$ConditionObject.await(AbstractQueuedSynchronizer.java:2081)
  java.base@11.0.29/java.util.concurrent.LinkedBlockingQueue.take(LinkedBlockingQueue.java:433)
  java.base@11.0.29/java.util.concurrent.ThreadPoolExecutor.getTask(ThreadPoolExecutor.java:1054)
  java.base@11.0.29/java.util.concurrent.ThreadPoolExecutor.runWorker(ThreadPoolExecutor.java:1114)
  java.base@11.0.29/java.util.concurrent.ThreadPoolExecutor$Worker.run(ThreadPoolExecutor.java:628)
  java.base@11.0.29/java.lang.Thread.run(Thread.java:829)
Thread 104 'ClassGraph-worker-63':
  java.base@11.0.29/jdk.internal.misc.Unsafe.park(Native Method)
  java.base@11.0.29/java.util.concurrent.locks.LockSupport.park(LockSupport.java:194)
  java.base@11.0.29/java.util.concurrent.locks.AbstractQueuedSynchronizer$ConditionObject.await(AbstractQueuedSynchronizer.java:2081)
  java.base@11.0.29/java.util.concurrent.LinkedBlockingQueue.take(LinkedBlockingQueue.java:433)
  java.base@11.0.29/java.util.concurrent.ThreadPoolExecutor.getTask(ThreadPoolExecutor.java:1054)
  java.base@11.0.29/java.util.concurrent.ThreadPoolExecutor.runWorker(ThreadPoolExecutor.java:1114)
  java.base@11.0.29/java.util.concurrent.ThreadPoolExecutor$Worker.run(ThreadPoolExecutor.java:628)
  java.base@11.0.29/java.lang.Thread.run(Thread.java:829)
Thread 125 'ClassGraph-worker-84':
  java.base@11.0.29/jdk.internal.misc.Unsafe.park(Native Method)
  java.base@11.0.29/java.util.concurrent.locks.LockSupport.park(LockSupport.java:194)
  java.base@11.0.29/java.util.concurrent.locks.AbstractQueuedSynchronizer$ConditionObject.await(AbstractQueuedSynchronizer.java:2081)
  java.base@11.0.29/java.util.concurrent.LinkedBlockingQueue.take(LinkedBlockingQueue.java:433)
  java.base@11.0.29/java.util.concurrent.ThreadPoolExecutor.getTask(ThreadPoolExecutor.java:1054)
  java.base@11.0.29/java.util.concurrent.ThreadPoolExecutor.runWorker(ThreadPoolExecutor.java:1114)
  java.base@11.0.29/java.util.concurrent.ThreadPoolExecutor$Worker.run(ThreadPoolExecutor.java:628)
  java.base@11.0.29/java.lang.Thread.run(Thread.java:829)
Thread 33 'grpc-default-executor-1':
  java.base@11.0.29/java.lang.Object.wait(Native Method)
  java.base@11.0.29/java.lang.Thread.join(Thread.java:1300)
  java.base@11.0.29/java.lang.Thread.join(Thread.java:1375)
  com.diffblue.cover.sandbox.execution.WorkerThread.callWorkerThread(SourceFile:183)
  com.diffblue.cover.sandbox.a.a.a(SourceFile:63)
  com.diffblue.fuzztest.g.e.u(SourceFile:786)
  com.diffblue.fuzztest.g.e$$Lambda$774/0x00000008007f0c40.call(Unknown Source)
  com.diffblue.cover.sandbox.execution.WrapExceptionsInBaseException.handleException(SourceFile:64)
  com.diffblue.cover.sandbox.execution.WrapThrowableInBaseException.lambda$run$0(SourceFile:26)
  com.diffblue.cover.sandbox.execution.WrapThrowableInBaseException$$Lambda$365/0x0000000800521c40.call(Unknown Source)
  com.diffblue.cover.sandbox.execution.WrapThrowableInBaseException.handleThrowable(SourceFile:37)
  com.diffblue.cover.sandbox.execution.WrapThrowableInBaseException.run(SourceFile:26)
  com.diffblue.fuzztest.g.e.a(SourceFile:785)
  com.diffblue.fuzztest.g.o.a(SourceFile:198)
  com.diffblue.cover.analysis.a.c$a.a(SourceFile:290)
  com.diffblue.cover.analysis.a.c$a$$Lambda$771/0x00000008007f0040.get(Unknown Source)
  com.diffblue.cover.analysis.a.c$a.a(SourceFile:124)
  com.diffblue.cover.analysis.a.c$a.tryAdvance(SourceFile:290)
  com.diffblue.cover.service.analyzer.a.c$a.a(SourceFile:2049)
  com.diffblue.cover.service.analyzer.a.a.m$h.invoke(SourceFile:719)
  io.grpc.stub.ServerCalls$UnaryServerCallHandler$UnaryServerCallListener.onHalfClose(SourceFile:182)
  io.grpc.internal.ServerCallImpl$ServerStreamListenerImpl.halfClosed(SourceFile:355)
  io.grpc.internal.ServerImpl$JumpToApplicationThreadServerStreamListener$1HalfClosed.runInContext(SourceFile:867)
  io.grpc.internal.ContextRunnable.run(SourceFile:37)
  io.grpc.internal.SerializingExecutor.run(SourceFile:133)
  java.base@11.0.29/java.util.concurrent.ThreadPoolExecutor.runWorker(ThreadPoolExecutor.java:1128)
  java.base@11.0.29/java.util.concurrent.ThreadPoolExecutor$Worker.run(ThreadPoolExecutor.java:628)
  java.base@11.0.29/java.lang.Thread.run(Unknown Source)
Thread 50 'ClassGraph-worker-9':
  java.base@11.0.29/jdk.internal.misc.Unsafe.park(Native Method)
  java.base@11.0.29/java.util.concurrent.locks.LockSupport.park(LockSupport.java:194)
  java.base@11.0.29/java.util.concurrent.locks.AbstractQueuedSynchronizer$ConditionObject.await(AbstractQueuedSynchronizer.java:2081)
  java.base@11.0.29/java.util.concurrent.LinkedBlockingQueue.take(LinkedBlockingQueue.java:433)
  java.base@11.0.29/java.util.concurrent.ThreadPoolExecutor.getTask(ThreadPoolExecutor.java:1054)
  java.base@11.0.29/java.util.concurrent.ThreadPoolExecutor.runWorker(ThreadPoolExecutor.java:1114)
  java.base@11.0.29/java.util.concurrent.ThreadPoolExecutor$Worker.run(ThreadPoolExecutor.java:628)
  java.base@11.0.29/java.lang.Thread.run(Thread.java:829)
Thread 2 'Reference Handler':
  java.base@11.0.29/java.lang.ref.Reference.waitForReferencePendingList(Native Method)
  java.base@11.0.29/java.lang.ref.Reference.processPendingReferences(Reference.java:241)
  java.base@11.0.29/java.lang.ref.Reference$ReferenceHandler.run(Reference.java:213)
Thread 3 'Finalizer':
  java.base@11.0.29/java.lang.Object.wait(Native Method)
  java.base@11.0.29/java.lang.ref.ReferenceQueue.remove(ReferenceQueue.java:155)
  java.base@11.0.29/java.lang.ref.ReferenceQueue.remove(ReferenceQueue.java:176)
  java.base@11.0.29/java.lang.ref.Finalizer$FinalizerThread.run(Finalizer.java:170)
Thread 123 'ClassGraph-worker-82':
  java.base@11.0.29/jdk.internal.misc.Unsafe.park(Native Method)
  java.base@11.0.29/java.util.concurrent.locks.LockSupport.park(LockSupport.java:194)
  java.base@11.0.29/java.util.concurrent.locks.AbstractQueuedSynchronizer$ConditionObject.await(AbstractQueuedSynchronizer.java:2081)
  java.base@11.0.29/java.util.concurrent.LinkedBlockingQueue.take(LinkedBlockingQueue.java:433)
  java.base@11.0.29/java.util.concurrent.ThreadPoolExecutor.getTask(ThreadPoolExecutor.java:1054)
  java.base@11.0.29/java.util.concurrent.ThreadPoolExecutor.runWorker(ThreadPoolExecutor.java:1114)
  java.base@11.0.29/java.util.concurrent.ThreadPoolExecutor$Worker.run(ThreadPoolExecutor.java:628)
  java.base@11.0.29/java.lang.Thread.run(Thread.java:829)
Thread 54 'ClassGraph-worker-13':
  java.base@11.0.29/jdk.internal.misc.Unsafe.park(Native Method)
  java.base@11.0.29/java.util.concurrent.locks.LockSupport.park(LockSupport.java:194)
  java.base@11.0.29/java.util.concurrent.locks.AbstractQueuedSynchronizer$ConditionObject.await(AbstractQueuedSynchronizer.java:2081)
  java.base@11.0.29/java.util.concurrent.LinkedBlockingQueue.take(LinkedBlockingQueue.java:433)
  java.base@11.0.29/java.util.concurrent.ThreadPoolExecutor.getTask(ThreadPoolExecutor.java:1054)
  java.base@11.0.29/java.util.concurrent.ThreadPoolExecutor.runWorker(ThreadPoolExecutor.java:1114)
  java.base@11.0.29/java.util.concurrent.ThreadPoolExecutor$Worker.run(ThreadPoolExecutor.java:628)
  java.base@11.0.29/java.lang.Thread.run(Thread.java:829)
Thread 160 'grpc-default-executor-2':
  java.base@11.0.29/jdk.internal.misc.Unsafe.park(Native Method)
  java.base@11.0.29/java.util.concurrent.locks.LockSupport.parkNanos(LockSupport.java:234)
  java.base@11.0.29/java.util.concurrent.SynchronousQueue$TransferStack.awaitFulfill(SynchronousQueue.java:462)
  java.base@11.0.29/java.util.concurrent.SynchronousQueue$TransferStack.transfer(SynchronousQueue.java:361)
  java.base@11.0.29/java.util.concurrent.SynchronousQueue.poll(SynchronousQueue.java:937)
  java.base@11.0.29/java.util.concurrent.ThreadPoolExecutor.getTask(ThreadPoolExecutor.java:1053)
  java.base@11.0.29/java.util.concurrent.ThreadPoolExecutor.runWorker(ThreadPoolExecutor.java:1114)
  java.base@11.0.29/java.util.concurrent.ThreadPoolExecutor$Worker.run(ThreadPoolExecutor.java:628)
  java.base@11.0.29/java.lang.Thread.run(Thread.java:829)
Thread 113 'ClassGraph-worker-72':
  java.base@11.0.29/jdk.internal.misc.Unsafe.park(Native Method)
  java.base@11.0.29/java.util.concurrent.locks.LockSupport.park(LockSupport.java:194)
  java.base@11.0.29/java.util.concurrent.locks.AbstractQueuedSynchronizer$ConditionObject.await(AbstractQueuedSynchronizer.java:2081)
  java.base@11.0.29/java.util.concurrent.LinkedBlockingQueue.take(LinkedBlockingQueue.java:433)
  java.base@11.0.29/java.util.concurrent.ThreadPoolExecutor.getTask(ThreadPoolExecutor.java:1054)
  java.base@11.0.29/java.util.concurrent.ThreadPoolExecutor.runWorker(ThreadPoolExecutor.java:1114)
  java.base@11.0.29/java.util.concurrent.ThreadPoolExecutor$Worker.run(ThreadPoolExecutor.java:628)
  java.base@11.0.29/java.lang.Thread.run(Thread.java:829)
Thread 48 'ClassGraph-worker-7':
  java.base@11.0.29/jdk.internal.misc.Unsafe.park(Native Method)
  java.base@11.0.29/java.util.concurrent.locks.LockSupport.park(LockSupport.java:194)
  java.base@11.0.29/java.util.concurrent.locks.AbstractQueuedSynchronizer$ConditionObject.await(AbstractQueuedSynchronizer.java:2081)
  java.base@11.0.29/java.util.concurrent.LinkedBlockingQueue.take(LinkedBlockingQueue.java:433)
  java.base@11.0.29/java.util.concurrent.ThreadPoolExecutor.getTask(ThreadPoolExecutor.java:1054)
  java.base@11.0.29/java.util.concurrent.ThreadPoolExecutor.runWorker(ThreadPoolExecutor.java:1114)
  java.base@11.0.29/java.util.concurrent.ThreadPoolExecutor$Worker.run(ThreadPoolExecutor.java:628)
  java.base@11.0.29/java.lang.Thread.run(Thread.java:829)
Thread 69 'ClassGraph-worker-28':
  java.base@11.0.29/jdk.internal.misc.Unsafe.park(Native Method)
  java.base@11.0.29/java.util.concurrent.locks.LockSupport.park(LockSupport.java:194)
  java.base@11.0.29/java.util.concurrent.locks.AbstractQueuedSynchronizer$ConditionObject.await(AbstractQueuedSynchronizer.java:2081)
  java.base@11.0.29/java.util.concurrent.LinkedBlockingQueue.take(LinkedBlockingQueue.java:433)
  java.base@11.0.29/java.util.concurrent.ThreadPoolExecutor.getTask(ThreadPoolExecutor.java:1054)
  java.base@11.0.29/java.util.concurrent.ThreadPoolExecutor.runWorker(ThreadPoolExecutor.java:1114)
  java.base@11.0.29/java.util.concurrent.ThreadPoolExecutor$Worker.run(ThreadPoolExecutor.java:628)
  java.base@11.0.29/java.lang.Thread.run(Thread.java:829)
Thread 119 'ClassGraph-worker-78':
  java.base@11.0.29/jdk.internal.misc.Unsafe.park(Native Method)
  java.base@11.0.29/java.util.concurrent.locks.LockSupport.park(LockSupport.java:194)
  java.base@11.0.29/java.util.concurrent.locks.AbstractQueuedSynchronizer$ConditionObject.await(AbstractQueuedSynchronizer.java:2081)
  java.base@11.0.29/java.util.concurrent.LinkedBlockingQueue.take(LinkedBlockingQueue.java:433)
  java.base@11.0.29/java.util.concurrent.ThreadPoolExecutor.getTask(ThreadPoolExecutor.java:1054)
  java.base@11.0.29/java.util.concurrent.ThreadPoolExecutor.runWorker(ThreadPoolExecutor.java:1114)
  java.base@11.0.29/java.util.concurrent.ThreadPoolExecutor$Worker.run(ThreadPoolExecutor.java:628)
  java.base@11.0.29/java.lang.Thread.run(Thread.java:829)
Thread 94 'ClassGraph-worker-53':
  java.base@11.0.29/jdk.internal.misc.Unsafe.park(Native Method)
  java.base@11.0.29/java.util.concurrent.locks.LockSupport.park(LockSupport.java:194)
  java.base@11.0.29/java.util.concurrent.locks.AbstractQueuedSynchronizer$ConditionObject.await(AbstractQueuedSynchronizer.java:2081)
  java.base@11.0.29/java.util.concurrent.LinkedBlockingQueue.take(LinkedBlockingQueue.java:433)
  java.base@11.0.29/java.util.concurrent.ThreadPoolExecutor.getTask(ThreadPoolExecutor.java:1054)
  java.base@11.0.29/java.util.concurrent.ThreadPoolExecutor.runWorker(ThreadPoolExecutor.java:1114)
  java.base@11.0.29/java.util.concurrent.ThreadPoolExecutor$Worker.run(ThreadPoolExecutor.java:628)
  java.base@11.0.29/java.lang.Thread.run(Thread.java:829)
Thread 85 'ClassGraph-worker-44':
  java.base@11.0.29/jdk.internal.misc.Unsafe.park(Native Method)
  java.base@11.0.29/java.util.concurrent.locks.LockSupport.park(LockSupport.java:194)
  java.base@11.0.29/java.util.concurrent.locks.AbstractQueuedSynchronizer$ConditionObject.await(AbstractQueuedSynchronizer.java:2081)
  java.base@11.0.29/java.util.concurrent.LinkedBlockingQueue.take(LinkedBlockingQueue.java:433)
  java.base@11.0.29/java.util.concurrent.ThreadPoolExecutor.getTask(ThreadPoolExecutor.java:1054)
  java.base@11.0.29/java.util.concurrent.ThreadPoolExecutor.runWorker(ThreadPoolExecutor.java:1114)
  java.base@11.0.29/java.util.concurrent.ThreadPoolExecutor$Worker.run(ThreadPoolExecutor.java:628)
  java.base@11.0.29/java.lang.Thread.run(Thread.java:829)
Thread 65 'ClassGraph-worker-24':
  java.base@11.0.29/jdk.internal.misc.Unsafe.park(Native Method)
  java.base@11.0.29/java.util.concurrent.locks.LockSupport.park(LockSupport.java:194)
  java.base@11.0.29/java.util.concurrent.locks.AbstractQueuedSynchronizer$ConditionObject.await(AbstractQueuedSynchronizer.java:2081)
  java.base@11.0.29/java.util.concurrent.LinkedBlockingQueue.take(LinkedBlockingQueue.java:433)
  java.base@11.0.29/java.util.concurrent.ThreadPoolExecutor.getTask(ThreadPoolExecutor.java:1054)
  java.base@11.0.29/java.util.concurrent.ThreadPoolExecutor.runWorker(ThreadPoolExecutor.java:1114)
  java.base@11.0.29/java.util.concurrent.ThreadPoolExecutor$Worker.run(ThreadPoolExecutor.java:628)
  java.base@11.0.29/java.lang.Thread.run(Thread.java:829)
Thread 91 'ClassGraph-worker-50':
  java.base@11.0.29/jdk.internal.misc.Unsafe.park(Native Method)
  java.base@11.0.29/java.util.concurrent.locks.LockSupport.park(LockSupport.java:194)
  java.base@11.0.29/java.util.concurrent.locks.AbstractQueuedSynchronizer$ConditionObject.await(AbstractQueuedSynchronizer.java:2081)
  java.base@11.0.29/java.util.concurrent.LinkedBlockingQueue.take(LinkedBlockingQueue.java:433)
  java.base@11.0.29/java.util.concurrent.ThreadPoolExecutor.getTask(ThreadPoolExecutor.java:1054)
  java.base@11.0.29/java.util.concurrent.ThreadPoolExecutor.runWorker(ThreadPoolExecutor.java:1114)
  java.base@11.0.29/java.util.concurrent.ThreadPoolExecutor$Worker.run(ThreadPoolExecutor.java:628)
  java.base@11.0.29/java.lang.Thread.run(Thread.java:829)
Thread 106 'ClassGraph-worker-65':
  java.base@11.0.29/jdk.internal.misc.Unsafe.park(Native Method)
  java.base@11.0.29/java.util.concurrent.locks.LockSupport.park(LockSupport.java:194)
  java.base@11.0.29/java.util.concurrent.locks.AbstractQueuedSynchronizer$ConditionObject.await(AbstractQueuedSynchronizer.java:2081)
  java.base@11.0.29/java.util.concurrent.LinkedBlockingQueue.take(LinkedBlockingQueue.java:433)
  java.base@11.0.29/java.util.concurrent.ThreadPoolExecutor.getTask(ThreadPoolExecutor.java:1054)
  java.base@11.0.29/java.util.concurrent.ThreadPoolExecutor.runWorker(ThreadPoolExecutor.java:1114)
  java.base@11.0.29/java.util.concurrent.ThreadPoolExecutor$Worker.run(ThreadPoolExecutor.java:628)
  java.base@11.0.29/java.lang.Thread.run(Thread.java:829)
Thread 25 'Service log dispatcher':
  java.base@11.0.29/jdk.internal.misc.Unsafe.park(Native Method)
  java.base@11.0.29/java.util.concurrent.locks.LockSupport.park(LockSupport.java:194)
  java.base@11.0.29/java.util.concurrent.locks.AbstractQueuedSynchronizer$ConditionObject.await(AbstractQueuedSynchronizer.java:2081)
  java.base@11.0.29/java.util.concurrent.LinkedBlockingQueue.take(LinkedBlockingQueue.java:433)
  com.diffblue.cover.logging.RemoteLogAppender$a.run(SourceFile:203)
Thread 97 'ClassGraph-worker-56':
  java.base@11.0.29/jdk.internal.misc.Unsafe.park(Native Method)
  java.base@11.0.29/java.util.concurrent.locks.LockSupport.park(LockSupport.java:194)
  java.base@11.0.29/java.util.concurrent.locks.AbstractQueuedSynchronizer$ConditionObject.await(AbstractQueuedSynchronizer.java:2081)
  java.base@11.0.29/java.util.concurrent.LinkedBlockingQueue.take(LinkedBlockingQueue.java:433)
  java.base@11.0.29/java.util.concurrent.ThreadPoolExecutor.getTask(ThreadPoolExecutor.java:1054)
  java.base@11.0.29/java.util.concurrent.ThreadPoolExecutor.runWorker(ThreadPoolExecutor.java:1114)
  java.base@11.0.29/java.util.concurrent.ThreadPoolExecutor$Worker.run(ThreadPoolExecutor.java:628)
  java.base@11.0.29/java.lang.Thread.run(Thread.java:829)
Thread 44 'ClassGraph-worker-3':
  java.base@11.0.29/jdk.internal.misc.Unsafe.park(Native Method)
  java.base@11.0.29/java.util.concurrent.locks.LockSupport.park(LockSupport.java:194)
  java.base@11.0.29/java.util.concurrent.locks.AbstractQueuedSynchronizer$ConditionObject.await(AbstractQueuedSynchronizer.java:2081)
  java.base@11.0.29/java.util.concurrent.LinkedBlockingQueue.take(LinkedBlockingQueue.java:433)
  java.base@11.0.29/java.util.concurrent.ThreadPoolExecutor.getTask(ThreadPoolExecutor.java:1054)
  java.base@11.0.29/java.util.concurrent.ThreadPoolExecutor.runWorker(ThreadPoolExecutor.java:1114)
  java.base@11.0.29/java.util.concurrent.ThreadPoolExecutor$Worker.run(ThreadPoolExecutor.java:628)
  java.base@11.0.29/java.lang.Thread.run(Thread.java:829)
Thread 45 'ClassGraph-worker-4':
  java.base@11.0.29/jdk.internal.misc.Unsafe.park(Native Method)
  java.base@11.0.29/java.util.concurrent.locks.LockSupport.park(LockSupport.java:194)
  java.base@11.0.29/java.util.concurrent.locks.AbstractQueuedSynchronizer$ConditionObject.await(AbstractQueuedSynchronizer.java:2081)
  java.base@11.0.29/java.util.concurrent.LinkedBlockingQueue.take(LinkedBlockingQueue.java:433)
  java.base@11.0.29/java.util.concurrent.ThreadPoolExecutor.getTask(ThreadPoolExecutor.java:1054)
  java.base@11.0.29/java.util.concurrent.ThreadPoolExecutor.runWorker(ThreadPoolExecutor.java:1114)
  java.base@11.0.29/java.util.concurrent.ThreadPoolExecutor$Worker.run(ThreadPoolExecutor.java:628)
  java.base@11.0.29/java.lang.Thread.run(Thread.java:829)
Thread 120 'ClassGraph-worker-79':
  java.base@11.0.29/jdk.internal.misc.Unsafe.park(Native Method)
  java.base@11.0.29/java.util.concurrent.locks.LockSupport.park(LockSupport.java:194)
  java.base@11.0.29/java.util.concurrent.locks.AbstractQueuedSynchronizer$ConditionObject.await(AbstractQueuedSynchronizer.java:2081)
  java.base@11.0.29/java.util.concurrent.LinkedBlockingQueue.take(LinkedBlockingQueue.java:433)
  java.base@11.0.29/java.util.concurrent.ThreadPoolExecutor.getTask(ThreadPoolExecutor.java:1054)
  java.base@11.0.29/java.util.concurrent.ThreadPoolExecutor.runWorker(ThreadPoolExecutor.java:1114)
  java.base@11.0.29/java.util.concurrent.ThreadPoolExecutor$Worker.run(ThreadPoolExecutor.java:628)
  java.base@11.0.29/java.lang.Thread.run(Thread.java:829)
Thread 49 'ClassGraph-worker-8':
  java.base@11.0.29/jdk.internal.misc.Unsafe.park(Native Method)
  java.base@11.0.29/java.util.concurrent.locks.LockSupport.park(LockSupport.java:194)
  java.base@11.0.29/java.util.concurrent.locks.AbstractQueuedSynchronizer$ConditionObject.await(AbstractQueuedSynchronizer.java:2081)
  java.base@11.0.29/java.util.concurrent.LinkedBlockingQueue.take(LinkedBlockingQueue.java:433)
  java.base@11.0.29/java.util.concurrent.ThreadPoolExecutor.getTask(ThreadPoolExecutor.java:1054)
  java.base@11.0.29/java.util.concurrent.ThreadPoolExecutor.runWorker(ThreadPoolExecutor.java:1114)
  java.base@11.0.29/java.util.concurrent.ThreadPoolExecutor$Worker.run(ThreadPoolExecutor.java:628)
  java.base@11.0.29/java.lang.Thread.run(Thread.java:829)
Thread 73 'ClassGraph-worker-32':
  java.base@11.0.29/jdk.internal.misc.Unsafe.park(Native Method)
  java.base@11.0.29/java.util.concurrent.locks.LockSupport.park(LockSupport.java:194)
  java.base@11.0.29/java.util.concurrent.locks.AbstractQueuedSynchronizer$ConditionObject.await(AbstractQueuedSynchronizer.java:2081)
  java.base@11.0.29/java.util.concurrent.LinkedBlockingQueue.take(LinkedBlockingQueue.java:433)
  java.base@11.0.29/java.util.concurrent.ThreadPoolExecutor.getTask(ThreadPoolExecutor.java:1054)
  java.base@11.0.29/java.util.concurrent.ThreadPoolExecutor.runWorker(ThreadPoolExecutor.java:1114)
  java.base@11.0.29/java.util.concurrent.ThreadPoolExecutor$Worker.run(ThreadPoolExecutor.java:628)
  java.base@11.0.29/java.lang.Thread.run(Thread.java:829)
Thread 74 'ClassGraph-worker-33':
  java.base@11.0.29/jdk.internal.misc.Unsafe.park(Native Method)
  java.base@11.0.29/java.util.concurrent.locks.LockSupport.park(LockSupport.java:194)
  java.base@11.0.29/java.util.concurrent.locks.AbstractQueuedSynchronizer$ConditionObject.await(AbstractQueuedSynchronizer.java:2081)
  java.base@11.0.29/java.util.concurrent.LinkedBlockingQueue.take(LinkedBlockingQueue.java:433)
  java.base@11.0.29/java.util.concurrent.ThreadPoolExecutor.getTask(ThreadPoolExecutor.java:1054)
  java.base@11.0.29/java.util.concurrent.ThreadPoolExecutor.runWorker(ThreadPoolExecutor.java:1114)
  java.base@11.0.29/java.util.concurrent.ThreadPoolExecutor$Worker.run(ThreadPoolExecutor.java:628)
  java.base@11.0.29/java.lang.Thread.run(Thread.java:829)
Thread 102 'ClassGraph-worker-61':
  java.base@11.0.29/jdk.internal.misc.Unsafe.park(Native Method)
  java.base@11.0.29/java.util.concurrent.locks.LockSupport.park(LockSupport.java:194)
  java.base@11.0.29/java.util.concurrent.locks.AbstractQueuedSynchronizer$ConditionObject.await(AbstractQueuedSynchronizer.java:2081)
  java.base@11.0.29/java.util.concurrent.LinkedBlockingQueue.take(LinkedBlockingQueue.java:433)
  java.base@11.0.29/java.util.concurrent.ThreadPoolExecutor.getTask(ThreadPoolExecutor.java:1054)
  java.base@11.0.29/java.util.concurrent.ThreadPoolExecutor.runWorker(ThreadPoolExecutor.java:1114)
  java.base@11.0.29/java.util.concurrent.ThreadPoolExecutor$Worker.run(ThreadPoolExecutor.java:628)
  java.base@11.0.29/java.lang.Thread.run(Thread.java:829)
Thread 96 'ClassGraph-worker-55':
  java.base@11.0.29/jdk.internal.misc.Unsafe.park(Native Method)
  java.base@11.0.29/java.util.concurrent.locks.LockSupport.park(LockSupport.java:194)
  java.base@11.0.29/java.util.concurrent.locks.AbstractQueuedSynchronizer$ConditionObject.await(AbstractQueuedSynchronizer.java:2081)
  java.base@11.0.29/java.util.concurrent.LinkedBlockingQueue.take(LinkedBlockingQueue.java:433)
  java.base@11.0.29/java.util.concurrent.ThreadPoolExecutor.getTask(ThreadPoolExecutor.java:1054)
  java.base@11.0.29/java.util.concurrent.ThreadPoolExecutor.runWorker(ThreadPoolExecutor.java:1114)
  java.base@11.0.29/java.util.concurrent.ThreadPoolExecutor$Worker.run(ThreadPoolExecutor.java:628)
  java.base@11.0.29/java.lang.Thread.run(Thread.java:829)
Thread 121 'ClassGraph-worker-80':
  java.base@11.0.29/jdk.internal.misc.Unsafe.park(Native Method)
  java.base@11.0.29/java.util.concurrent.locks.LockSupport.park(LockSupport.java:194)
  java.base@11.0.29/java.util.concurrent.locks.AbstractQueuedSynchronizer$ConditionObject.await(AbstractQueuedSynchronizer.java:2081)
  java.base@11.0.29/java.util.concurrent.LinkedBlockingQueue.take(LinkedBlockingQueue.java:433)
  java.base@11.0.29/java.util.concurrent.ThreadPoolExecutor.getTask(ThreadPoolExecutor.java:1054)
  java.base@11.0.29/java.util.concurrent.ThreadPoolExecutor.runWorker(ThreadPoolExecutor.java:1114)
  java.base@11.0.29/java.util.concurrent.ThreadPoolExecutor$Worker.run(ThreadPoolExecutor.java:628)
  java.base@11.0.29/java.lang.Thread.run(Thread.java:829)
Thread 58 'ClassGraph-worker-17':
  java.base@11.0.29/jdk.internal.misc.Unsafe.park(Native Method)
  java.base@11.0.29/java.util.concurrent.locks.LockSupport.park(LockSupport.java:194)
  java.base@11.0.29/java.util.concurrent.locks.AbstractQueuedSynchronizer$ConditionObject.await(AbstractQueuedSynchronizer.java:2081)
  java.base@11.0.29/java.util.concurrent.LinkedBlockingQueue.take(LinkedBlockingQueue.java:433)
  java.base@11.0.29/java.util.concurrent.ThreadPoolExecutor.getTask(ThreadPoolExecutor.java:1054)
  java.base@11.0.29/java.util.concurrent.ThreadPoolExecutor.runWorker(ThreadPoolExecutor.java:1114)
  java.base@11.0.29/java.util.concurrent.ThreadPoolExecutor$Worker.run(ThreadPoolExecutor.java:628)
  java.base@11.0.29/java.lang.Thread.run(Thread.java:829)
Thread 60 'ClassGraph-worker-19':
  java.base@11.0.29/jdk.internal.misc.Unsafe.park(Native Method)
  java.base@11.0.29/java.util.concurrent.locks.LockSupport.park(LockSupport.java:194)
  java.base@11.0.29/java.util.concurrent.locks.AbstractQueuedSynchronizer$ConditionObject.await(AbstractQueuedSynchronizer.java:2081)
  java.base@11.0.29/java.util.concurrent.LinkedBlockingQueue.take(LinkedBlockingQueue.java:433)
  java.base@11.0.29/java.util.concurrent.ThreadPoolExecutor.getTask(ThreadPoolExecutor.java:1054)
  java.base@11.0.29/java.util.concurrent.ThreadPoolExecutor.runWorker(ThreadPoolExecutor.java:1114)
  java.base@11.0.29/java.util.concurrent.ThreadPoolExecutor$Worker.run(ThreadPoolExecutor.java:628)
  java.base@11.0.29/java.lang.Thread.run(Thread.java:829)
Thread 63 'ClassGraph-worker-22':
  java.base@11.0.29/jdk.internal.misc.Unsafe.park(Native Method)
  java.base@11.0.29/java.util.concurrent.locks.LockSupport.park(LockSupport.java:194)
  java.base@11.0.29/java.util.concurrent.locks.AbstractQueuedSynchronizer$ConditionObject.await(AbstractQueuedSynchronizer.java:2081)
  java.base@11.0.29/java.util.concurrent.LinkedBlockingQueue.take(LinkedBlockingQueue.java:433)
  java.base@11.0.29/java.util.concurrent.ThreadPoolExecutor.getTask(ThreadPoolExecutor.java:1054)
  java.base@11.0.29/java.util.concurrent.ThreadPoolExecutor.runWorker(ThreadPoolExecutor.java:1114)
  java.base@11.0.29/java.util.concurrent.ThreadPoolExecutor$Worker.run(ThreadPoolExecutor.java:628)
  java.base@11.0.29/java.lang.Thread.run(Thread.java:829)
Thread 43 'ClassGraph-worker-2':
  java.base@11.0.29/jdk.internal.misc.Unsafe.park(Native Method)
  java.base@11.0.29/java.util.concurrent.locks.LockSupport.park(LockSupport.java:194)
  java.base@11.0.29/java.util.concurrent.locks.AbstractQueuedSynchronizer$ConditionObject.await(AbstractQueuedSynchronizer.java:2081)
  java.base@11.0.29/java.util.concurrent.LinkedBlockingQueue.take(LinkedBlockingQueue.java:433)
  java.base@11.0.29/java.util.concurrent.ThreadPoolExecutor.getTask(ThreadPoolExecutor.java:1054)
  java.base@11.0.29/java.util.concurrent.ThreadPoolExecutor.runWorker(ThreadPoolExecutor.java:1114)
  java.base@11.0.29/java.util.concurrent.ThreadPoolExecutor$Worker.run(ThreadPoolExecutor.java:628)
  java.base@11.0.29/java.lang.Thread.run(Thread.java:829)
Thread 86 'ClassGraph-worker-45':
  java.base@11.0.29/jdk.internal.misc.Unsafe.park(Native Method)
  java.base@11.0.29/java.util.concurrent.locks.LockSupport.park(LockSupport.java:194)
  java.base@11.0.29/java.util.concurrent.locks.AbstractQueuedSynchronizer$ConditionObject.await(AbstractQueuedSynchronizer.java:2081)
  java.base@11.0.29/java.util.concurrent.LinkedBlockingQueue.take(LinkedBlockingQueue.java:433)
  java.base@11.0.29/java.util.concurrent.ThreadPoolExecutor.getTask(ThreadPoolExecutor.java:1054)
  java.base@11.0.29/java.util.concurrent.ThreadPoolExecutor.runWorker(ThreadPoolExecutor.java:1114)
  java.base@11.0.29/java.util.concurrent.ThreadPoolExecutor$Worker.run(ThreadPoolExecutor.java:628)
  java.base@11.0.29/java.lang.Thread.run(Thread.java:829)
Thread 77 'ClassGraph-worker-36':
  java.base@11.0.29/jdk.internal.misc.Unsafe.park(Native Method)
  java.base@11.0.29/java.util.concurrent.locks.LockSupport.park(LockSupport.java:194)
  java.base@11.0.29/java.util.concurrent.locks.AbstractQueuedSynchronizer$ConditionObject.await(AbstractQueuedSynchronizer.java:2081)
  java.base@11.0.29/java.util.concurrent.LinkedBlockingQueue.take(LinkedBlockingQueue.java:433)
  java.base@11.0.29/java.util.concurrent.ThreadPoolExecutor.getTask(ThreadPoolExecutor.java:1054)
  java.base@11.0.29/java.util.concurrent.ThreadPoolExecutor.runWorker(ThreadPoolExecutor.java:1114)
  java.base@11.0.29/java.util.concurrent.ThreadPoolExecutor$Worker.run(ThreadPoolExecutor.java:628)
  java.base@11.0.29/java.lang.Thread.run(Thread.java:829)
Thread 66 'ClassGraph-worker-25':
  java.base@11.0.29/jdk.internal.misc.Unsafe.park(Native Method)
  java.base@11.0.29/java.util.concurrent.locks.LockSupport.park(LockSupport.java:194)
  java.base@11.0.29/java.util.concurrent.locks.AbstractQueuedSynchronizer$ConditionObject.await(AbstractQueuedSynchronizer.java:2081)
  java.base@11.0.29/java.util.concurrent.LinkedBlockingQueue.take(LinkedBlockingQueue.java:433)
  java.base@11.0.29/java.util.concurrent.ThreadPoolExecutor.getTask(ThreadPoolExecutor.java:1054)
  java.base@11.0.29/java.util.concurrent.ThreadPoolExecutor.runWorker(ThreadPoolExecutor.java:1114)
  java.base@11.0.29/java.util.concurrent.ThreadPoolExecutor$Worker.run(ThreadPoolExecutor.java:628)
  java.base@11.0.29/java.lang.Thread.run(Thread.java:829)
Thread 122 'ClassGraph-worker-81':
  java.base@11.0.29/jdk.internal.misc.Unsafe.park(Native Method)
  java.base@11.0.29/java.util.concurrent.locks.LockSupport.park(LockSupport.java:194)
  java.base@11.0.29/java.util.concurrent.locks.AbstractQueuedSynchronizer$ConditionObject.await(AbstractQueuedSynchronizer.java:2081)
  java.base@11.0.29/java.util.concurrent.LinkedBlockingQueue.take(LinkedBlockingQueue.java:433)
  java.base@11.0.29/java.util.concurrent.ThreadPoolExecutor.getTask(ThreadPoolExecutor.java:1054)
  java.base@11.0.29/java.util.concurrent.ThreadPoolExecutor.runWorker(ThreadPoolExecutor.java:1114)
  java.base@11.0.29/java.util.concurrent.ThreadPoolExecutor$Worker.run(ThreadPoolExecutor.java:628)
  java.base@11.0.29/java.lang.Thread.run(Thread.java:829)
Thread 28 'grpc-default-worker-ELG-1-2':
  io.grpc.netty.shaded.io.netty.channel.epoll.Native.epollWait(Native Method)
  io.grpc.netty.shaded.io.netty.channel.epoll.Native.epollWait(SourceFile:209)
  io.grpc.netty.shaded.io.netty.channel.epoll.Native.epollWait(SourceFile:202)
  io.grpc.netty.shaded.io.netty.channel.epoll.EpollEventLoop.epollWaitNoTimerChange(SourceFile:294)
  io.grpc.netty.shaded.io.netty.channel.epoll.EpollEventLoop.run(SourceFile:351)
  io.grpc.netty.shaded.io.netty.util.concurrent.SingleThreadEventExecutor$4.run(SourceFile:997)
  io.grpc.netty.shaded.io.netty.util.internal.ThreadExecutorMap$2.run(SourceFile:74)
  io.grpc.netty.shaded.io.netty.util.concurrent.FastThreadLocalRunnable.run(SourceFile:30)
  java.base@11.0.29/java.lang.Thread.run(Unknown Source)
Thread 52 'ClassGraph-worker-11':
  java.base@11.0.29/jdk.internal.misc.Unsafe.park(Native Method)
  java.base@11.0.29/java.util.concurrent.locks.LockSupport.park(LockSupport.java:194)
  java.base@11.0.29/java.util.concurrent.locks.AbstractQueuedSynchronizer$ConditionObject.await(AbstractQueuedSynchronizer.java:2081)
  java.base@11.0.29/java.util.concurrent.LinkedBlockingQueue.take(LinkedBlockingQueue.java:433)
  java.base@11.0.29/java.util.concurrent.ThreadPoolExecutor.getTask(ThreadPoolExecutor.java:1054)
  java.base@11.0.29/java.util.concurrent.ThreadPoolExecutor.runWorker(ThreadPoolExecutor.java:1114)
  java.base@11.0.29/java.util.concurrent.ThreadPoolExecutor$Worker.run(ThreadPoolExecutor.java:628)
  java.base@11.0.29/java.lang.Thread.run(Thread.java:829)
Thread 56 'ClassGraph-worker-15':
  java.base@11.0.29/jdk.internal.misc.Unsafe.park(Native Method)
  java.base@11.0.29/java.util.concurrent.locks.LockSupport.park(LockSupport.java:194)
  java.base@11.0.29/java.util.concurrent.locks.AbstractQueuedSynchronizer$ConditionObject.await(AbstractQueuedSynchronizer.java:2081)
  java.base@11.0.29/java.util.concurrent.LinkedBlockingQueue.take(LinkedBlockingQueue.java:433)
  java.base@11.0.29/java.util.concurrent.ThreadPoolExecutor.getTask(ThreadPoolExecutor.java:1054)
  java.base@11.0.29/java.util.concurrent.ThreadPoolExecutor.runWorker(ThreadPoolExecutor.java:1114)
  java.base@11.0.29/java.util.concurrent.ThreadPoolExecutor$Worker.run(ThreadPoolExecutor.java:628)
  java.base@11.0.29/java.lang.Thread.run(Thread.java:829)
Thread 108 'ClassGraph-worker-67':
  java.base@11.0.29/jdk.internal.misc.Unsafe.park(Native Method)
  java.base@11.0.29/java.util.concurrent.locks.LockSupport.park(LockSupport.java:194)
  java.base@11.0.29/java.util.concurrent.locks.AbstractQueuedSynchronizer$ConditionObject.await(AbstractQueuedSynchronizer.java:2081)
  java.base@11.0.29/java.util.concurrent.LinkedBlockingQueue.take(LinkedBlockingQueue.java:433)
  java.base@11.0.29/java.util.concurrent.ThreadPoolExecutor.getTask(ThreadPoolExecutor.java:1054)
  java.base@11.0.29/java.util.concurrent.ThreadPoolExecutor.runWorker(ThreadPoolExecutor.java:1114)
  java.base@11.0.29/java.util.concurrent.ThreadPoolExecutor$Worker.run(ThreadPoolExecutor.java:628)
  java.base@11.0.29/java.lang.Thread.run(Thread.java:829)
Thread 107 'ClassGraph-worker-66':
  java.base@11.0.29/jdk.internal.misc.Unsafe.park(Native Method)
  java.base@11.0.29/java.util.concurrent.locks.LockSupport.park(LockSupport.java:194)
  java.base@11.0.29/java.util.concurrent.locks.AbstractQueuedSynchronizer$ConditionObject.await(AbstractQueuedSynchronizer.java:2081)
  java.base@11.0.29/java.util.concurrent.LinkedBlockingQueue.take(LinkedBlockingQueue.java:433)
  java.base@11.0.29/java.util.concurrent.ThreadPoolExecutor.getTask(ThreadPoolExecutor.java:1054)
  java.base@11.0.29/java.util.concurrent.ThreadPoolExecutor.runWorker(ThreadPoolExecutor.java:1114)
  java.base@11.0.29/java.util.concurrent.ThreadPoolExecutor$Worker.run(ThreadPoolExecutor.java:628)
  java.base@11.0.29/java.lang.Thread.run(Thread.java:829)
Thread 31 'Thread-2':
  java.base@11.0.29/java.lang.Thread.sleep(Native Method)
  com.diffblue.cover.service.a.a.a$a.run(SourceFile:248)
Thread 95 'ClassGraph-worker-54':
  java.base@11.0.29/jdk.internal.misc.Unsafe.park(Native Method)
  java.base@11.0.29/java.util.concurrent.locks.LockSupport.park(LockSupport.java:194)
  java.base@11.0.29/java.util.concurrent.locks.AbstractQueuedSynchronizer$ConditionObject.await(AbstractQueuedSynchronizer.java:2081)
  java.base@11.0.29/java.util.concurrent.LinkedBlockingQueue.take(LinkedBlockingQueue.java:433)
  java.base@11.0.29/java.util.concurrent.ThreadPoolExecutor.getTask(ThreadPoolExecutor.java:1054)
  java.base@11.0.29/java.util.concurrent.ThreadPoolExecutor.runWorker(ThreadPoolExecutor.java:1114)
  java.base@11.0.29/java.util.concurrent.ThreadPoolExecutor$Worker.run(ThreadPoolExecutor.java:628)
  java.base@11.0.29/java.lang.Thread.run(Thread.java:829)
Thread 172 'TimedExecutor-19':
  java.base@11.0.29/java.util.Arrays.hashCode(Arrays.java:4685)
  java.base@11.0.29/java.util.Objects.hash(Objects.java:146)
  com.diffblue.cover.commons.reflect.h.hashCode(SourceFile:389)
  java.base@11.0.29/java.util.Arrays.hashCode(Arrays.java:4685)
  java.base@11.0.29/java.util.Objects.hash(Objects.java:146)
  com.diffblue.a.a.c.c.b.hashCode(SourceFile:108)
  java.base@11.0.29/java.util.HashMap.hash(HashMap.java:340)
  java.base@11.0.29/java.util.HashMap.computeIfAbsent(HashMap.java:1105)
  com.diffblue.a.a.c.c.a.a(SourceFile:133)
  com.diffblue.a.a.c.c.a$$Lambda$1611/0x00000008009d9c40.apply(Unknown Source)
  com.diffblue.cover.commons.f.c$a.a(SourceFile:76)
  com.diffblue.cover.commons.f.c$a$$Lambda$1630/0x0000000800a05440.get(Unknown Source)
  com.diffblue.cover.commons.f.c$a.a(SourceFile:74)
  com.diffblue.cover.commons.f.c.a(SourceFile:102)
  com.diffblue.a.a.c.c.a.a(SourceFile:140)
  com.diffblue.a.a.c.a.h.a(SourceFile:1258)
  com.diffblue.a.a.c.a.h.b(SourceFile:137)
  com.diffblue.a.a.c.a.h$$Lambda$1608/0x00000008009dcc40.apply(Unknown Source)
  java.base@11.0.29/java.util.Optional.map(Optional.java:265)
  com.diffblue.a.a.c.a.h.c(SourceFile:135)
  com.diffblue.a.a.c.a.h$$Lambda$1591/0x00000008009d8440.call(Unknown Source)
  com.diffblue.cover.sandbox.execution.AbsorbLinkageErrors.run(SourceFile:24)
  com.diffblue.cover.sandbox.execution.SafeExecutor.run(SourceFile:27)
  com.diffblue.a.a.c.a.h.a(SourceFile:130)
  com.diffblue.a.m.a(SourceFile:1481)
  jdk.internal.reflect.GeneratedMethodAccessor187.invoke(Unknown Source)
  java.base@11.0.29/jdk.internal.reflect.DelegatingMethodAccessorImpl.invoke(DelegatingMethodAccessorImpl.java:43)
  java.base@11.0.29/java.lang.reflect.Method.invoke(Method.java:566)
  com.diffblue.a.ad$a.a(SourceFile:96)
  com.diffblue.a.ad$a.invoke(SourceFile:76)
  com.sun.proxy.$Proxy40.a(Unknown Source)
  com.diffblue.fuzztest.d.c.d.a(SourceFile:94)
  com.diffblue.fuzztest.d.c.d$$Lambda$1315/0x0000000800965c40.apply(Unknown Source)
  com.diffblue.fuzztest.d.c.d.c(SourceFile:191)
  com.diffblue.fuzztest.d.a.a(SourceFile:55)
  com.diffblue.fuzztest.g.y.a(SourceFile:52)
  com.diffblue.fuzztest.g.i.a(SourceFile:104)
  com.diffblue.fuzztest.g.a.a(SourceFile:46)
  com.diffblue.fuzztest.g.p.a(SourceFile:128)
  com.diffblue.fuzztest.g.a.a(SourceFile:46)
  com.diffblue.fuzztest.g.ae.a(SourceFile:94)
  com.diffblue.fuzztest.g.af.a(SourceFile:162)
  com.diffblue.fuzztest.g.ae.a(SourceFile:193)
  com.diffblue.fuzztest.g.e.r(SourceFile:499)
  com.diffblue.fuzztest.g.e$$Lambda$775/0x00000008007f1040.call(Unknown Source)
  com.diffblue.cover.sandbox.a.a$$Lambda$776/0x00000008007f1440.call(Unknown Source)
  com.diffblue.cover.sandbox.execution.WorkerThread.lambda$callWorkerThread$3(SourceFile:164)
  com.diffblue.cover.sandbox.execution.WorkerThread$$Lambda$372/0x0000000800525840.run(Unknown Source)
  com.diffblue.cover.sandbox.execution.WorkerThread.run(SourceFile:265)
Thread 61 'ClassGraph-worker-20':
  java.base@11.0.29/jdk.internal.misc.Unsafe.park(Native Method)
  java.base@11.0.29/java.util.concurrent.locks.LockSupport.park(LockSupport.java:194)
  java.base@11.0.29/java.util.concurrent.locks.AbstractQueuedSynchronizer$ConditionObject.await(AbstractQueuedSynchronizer.java:2081)
  java.base@11.0.29/java.util.concurrent.LinkedBlockingQueue.take(LinkedBlockingQueue.java:433)
  java.base@11.0.29/java.util.concurrent.ThreadPoolExecutor.getTask(ThreadPoolExecutor.java:1054)
  java.base@11.0.29/java.util.concurrent.ThreadPoolExecutor.runWorker(ThreadPoolExecutor.java:1114)
  java.base@11.0.29/java.util.concurrent.ThreadPoolExecutor$Worker.run(ThreadPoolExecutor.java:628)
  java.base@11.0.29/java.lang.Thread.run(Thread.java:829)
Thread 1 'main':
  java.base@11.0.29/java.lang.Thread.dumpThreads(Native Method)
  java.base@11.0.29/java.lang.Thread.getAllStackTraces(Thread.java:1653)
  com.diffblue.cover.service.a.a.a.d(SourceFile:3190)
  com.diffblue.cover.service.a.a.b.a(SourceFile:180)
  com.diffblue.cover.service.analyzer.Main.main(SourceFile:46)
  java.base@11.0.29/jdk.internal.reflect.NativeMethodAccessorImpl.invoke0(Native Method)
  java.base@11.0.29/jdk.internal.reflect.NativeMethodAccessorImpl.invoke(NativeMethodAccessorImpl.java:62)
  java.base@11.0.29/jdk.internal.reflect.DelegatingMethodAccessorImpl.invoke(DelegatingMethodAccessorImpl.java:43)
  java.base@11.0.29/java.lang.reflect.Method.invoke(Method.java:566)
  com.diffblue.cover.launcher.Launcher.invokeMainMethod(Launcher.java:118)
  com.diffblue.cover.launcher.Launcher.main(Launcher.java:74)
Thread 88 'ClassGraph-worker-47':
  java.base@11.0.29/jdk.internal.misc.Unsafe.park(Native Method)
  java.base@11.0.29/java.util.concurrent.locks.LockSupport.park(LockSupport.java:194)
  java.base@11.0.29/java.util.concurrent.locks.AbstractQueuedSynchronizer$ConditionObject.await(AbstractQueuedSynchronizer.java:2081)
  java.base@11.0.29/java.util.concurrent.LinkedBlockingQueue.take(LinkedBlockingQueue.java:433)
  java.base@11.0.29/java.util.concurrent.ThreadPoolExecutor.getTask(ThreadPoolExecutor.java:1054)
  java.base@11.0.29/java.util.concurrent.ThreadPoolExecutor.runWorker(ThreadPoolExecutor.java:1114)
  java.base@11.0.29/java.util.concurrent.ThreadPoolExecutor$Worker.run(ThreadPoolExecutor.java:628)
  java.base@11.0.29/java.lang.Thread.run(Thread.java:829)
Thread 27 'grpc-default-worker-ELG-1-1':
  io.grpc.netty.shaded.io.netty.channel.epoll.Native.epollWait0(Native Method)
  io.grpc.netty.shaded.io.netty.channel.epoll.Native.epollWait(SourceFile:182)
  io.grpc.netty.shaded.io.netty.channel.epoll.EpollEventLoop.epollWait(SourceFile:290)
  io.grpc.netty.shaded.io.netty.channel.epoll.EpollEventLoop.run(SourceFile:354)
  io.grpc.netty.shaded.io.netty.util.concurrent.SingleThreadEventExecutor$4.run(SourceFile:997)
  io.grpc.netty.shaded.io.netty.util.internal.ThreadExecutorMap$2.run(SourceFile:74)
  io.grpc.netty.shaded.io.netty.util.concurrent.FastThreadLocalRunnable.run(SourceFile:30)
  java.base@11.0.29/java.lang.Thread.run(Unknown Source)
Thread 112 'ClassGraph-worker-71':
  java.base@11.0.29/jdk.internal.misc.Unsafe.park(Native Method)
  java.base@11.0.29/java.util.concurrent.locks.LockSupport.park(LockSupport.java:194)
  java.base@11.0.29/java.util.concurrent.locks.AbstractQueuedSynchronizer$ConditionObject.await(AbstractQueuedSynchronizer.java:2081)
  java.base@11.0.29/java.util.concurrent.LinkedBlockingQueue.take(LinkedBlockingQueue.java:433)
  java.base@11.0.29/java.util.concurrent.ThreadPoolExecutor.getTask(ThreadPoolExecutor.java:1054)
  java.base@11.0.29/java.util.concurrent.ThreadPoolExecutor.runWorker(ThreadPoolExecutor.java:1114)
  java.base@11.0.29/java.util.concurrent.ThreadPoolExecutor$Worker.run(ThreadPoolExecutor.java:628)
  java.base@11.0.29/java.lang.Thread.run(Thread.java:829)
Thread 117 'ClassGraph-worker-76':
  java.base@11.0.29/jdk.internal.misc.Unsafe.park(Native Method)
  java.base@11.0.29/java.util.concurrent.locks.LockSupport.park(LockSupport.java:194)
  java.base@11.0.29/java.util.concurrent.locks.AbstractQueuedSynchronizer$ConditionObject.await(AbstractQueuedSynchronizer.java:2081)
  java.base@11.0.29/java.util.concurrent.LinkedBlockingQueue.take(LinkedBlockingQueue.java:433)
  java.base@11.0.29/java.util.concurrent.ThreadPoolExecutor.getTask(ThreadPoolExecutor.java:1054)
  java.base@11.0.29/java.util.concurrent.ThreadPoolExecutor.runWorker(ThreadPoolExecutor.java:1114)
  java.base@11.0.29/java.util.concurrent.ThreadPoolExecutor$Worker.run(ThreadPoolExecutor.java:628)
  java.base@11.0.29/java.lang.Thread.run(Thread.java:829)
Thread 100 'ClassGraph-worker-59':
  java.base@11.0.29/jdk.internal.misc.Unsafe.park(Native Method)
  java.base@11.0.29/java.util.concurrent.locks.LockSupport.park(LockSupport.java:194)
  java.base@11.0.29/java.util.concurrent.locks.AbstractQueuedSynchronizer$ConditionObject.await(AbstractQueuedSynchronizer.java:2081)
  java.base@11.0.29/java.util.concurrent.LinkedBlockingQueue.take(LinkedBlockingQueue.java:433)
  java.base@11.0.29/java.util.concurrent.ThreadPoolExecutor.getTask(ThreadPoolExecutor.java:1054)
  java.base@11.0.29/java.util.concurrent.ThreadPoolExecutor.runWorker(ThreadPoolExecutor.java:1114)
  java.base@11.0.29/java.util.concurrent.ThreadPoolExecutor$Worker.run(ThreadPoolExecutor.java:628)
  java.base@11.0.29/java.lang.Thread.run(Thread.java:829)
Thread 89 'ClassGraph-worker-48':
  java.base@11.0.29/jdk.internal.misc.Unsafe.park(Native Method)
  java.base@11.0.29/java.util.concurrent.locks.LockSupport.park(LockSupport.java:194)
  java.base@11.0.29/java.util.concurrent.locks.AbstractQueuedSynchronizer$ConditionObject.await(AbstractQueuedSynchronizer.java:2081)
  java.base@11.0.29/java.util.concurrent.LinkedBlockingQueue.take(LinkedBlockingQueue.java:433)
  java.base@11.0.29/java.util.concurrent.ThreadPoolExecutor.getTask(ThreadPoolExecutor.java:1054)
  java.base@11.0.29/java.util.concurrent.ThreadPoolExecutor.runWorker(ThreadPoolExecutor.java:1114)
  java.base@11.0.29/java.util.concurrent.ThreadPoolExecutor$Worker.run(ThreadPoolExecutor.java:628)
  java.base@11.0.29/java.lang.Thread.run(Thread.java:829)
Thread 79 'ClassGraph-worker-38':
  java.base@11.0.29/jdk.internal.misc.Unsafe.park(Native Method)
  java.base@11.0.29/java.util.concurrent.locks.LockSupport.park(LockSupport.java:194)
  java.base@11.0.29/java.util.concurrent.locks.AbstractQueuedSynchronizer$ConditionObject.await(AbstractQueuedSynchronizer.java:2081)
  java.base@11.0.29/java.util.concurrent.LinkedBlockingQueue.take(LinkedBlockingQueue.java:433)
  java.base@11.0.29/java.util.concurrent.ThreadPoolExecutor.getTask(ThreadPoolExecutor.java:1054)
  java.base@11.0.29/java.util.concurrent.ThreadPoolExecutor.runWorker(ThreadPoolExecutor.java:1114)
  java.base@11.0.29/java.util.concurrent.ThreadPoolExecutor$Worker.run(ThreadPoolExecutor.java:628)
  java.base@11.0.29/java.lang.Thread.run(Thread.java:829)
Thread 40 'TimedExecutor-5':
  java.base@11.0.29/jdk.internal.misc.Unsafe.park(Native Method)
  java.base@11.0.29/java.util.concurrent.locks.LockSupport.park(LockSupport.java:194)
  java.base@11.0.29/java.util.concurrent.locks.AbstractQueuedSynchronizer$ConditionObject.await(AbstractQueuedSynchronizer.java:2081)
  java.base@11.0.29/java.util.concurrent.ArrayBlockingQueue.take(ArrayBlockingQueue.java:417)
  com.diffblue.cover.sandbox.execution.TaskQueueRunner.run(SourceFile:39)
  com.diffblue.cover.sandbox.execution.WorkerThread.run(SourceFile:265)
Thread 72 'ClassGraph-worker-31':
  java.base@11.0.29/jdk.internal.misc.Unsafe.park(Native Method)
  java.base@11.0.29/java.util.concurrent.locks.LockSupport.park(LockSupport.java:194)
  java.base@11.0.29/java.util.concurrent.locks.AbstractQueuedSynchronizer$ConditionObject.await(AbstractQueuedSynchronizer.java:2081)
  java.base@11.0.29/java.util.concurrent.LinkedBlockingQueue.take(LinkedBlockingQueue.java:433)
  java.base@11.0.29/java.util.concurrent.ThreadPoolExecutor.getTask(ThreadPoolExecutor.java:1054)
  java.base@11.0.29/java.util.concurrent.ThreadPoolExecutor.runWorker(ThreadPoolExecutor.java:1114)
  java.base@11.0.29/java.util.concurrent.ThreadPoolExecutor$Worker.run(ThreadPoolExecutor.java:628)
  java.base@11.0.29/java.lang.Thread.run(Thread.java:829)
Thread 110 'ClassGraph-worker-69':
  java.base@11.0.29/jdk.internal.misc.Unsafe.park(Native Method)
  java.base@11.0.29/java.util.concurrent.locks.LockSupport.park(LockSupport.java:194)
  java.base@11.0.29/java.util.concurrent.locks.AbstractQueuedSynchronizer$ConditionObject.await(AbstractQueuedSynchronizer.java:2081)
  java.base@11.0.29/java.util.concurrent.LinkedBlockingQueue.take(LinkedBlockingQueue.java:433)
  java.base@11.0.29/java.util.concurrent.ThreadPoolExecutor.getTask(ThreadPoolExecutor.java:1054)
  java.base@11.0.29/java.util.concurrent.ThreadPoolExecutor.runWorker(ThreadPoolExecutor.java:1114)
  java.base@11.0.29/java.util.concurrent.ThreadPoolExecutor$Worker.run(ThreadPoolExecutor.java:628)
  java.base@11.0.29/java.lang.Thread.run(Thread.java:829)
Thread 20 'JFR Recorder Thread':
Thread 41 'ClassGraph-worker-0':
  java.base@11.0.29/jdk.internal.misc.Unsafe.park(Native Method)
  java.base@11.0.29/java.util.concurrent.locks.LockSupport.park(LockSupport.java:194)
  java.base@11.0.29/java.util.concurrent.locks.AbstractQueuedSynchronizer$ConditionObject.await(AbstractQueuedSynchronizer.java:2081)
  java.base@11.0.29/java.util.concurrent.LinkedBlockingQueue.take(LinkedBlockingQueue.java:433)
  java.base@11.0.29/java.util.concurrent.ThreadPoolExecutor.getTask(ThreadPoolExecutor.java:1054)
  java.base@11.0.29/java.util.concurrent.ThreadPoolExecutor.runWorker(ThreadPoolExecutor.java:1114)
  java.base@11.0.29/java.util.concurrent.ThreadPoolExecutor$Worker.run(ThreadPoolExecutor.java:628)
  java.base@11.0.29/java.lang.Thread.run(Thread.java:829)
Thread 57 'ClassGraph-worker-16':
  java.base@11.0.29/jdk.internal.misc.Unsafe.park(Native Method)
  java.base@11.0.29/java.util.concurrent.locks.LockSupport.park(LockSupport.java:194)
  java.base@11.0.29/java.util.concurrent.locks.AbstractQueuedSynchronizer$ConditionObject.await(AbstractQueuedSynchronizer.java:2081)
  java.base@11.0.29/java.util.concurrent.LinkedBlockingQueue.take(LinkedBlockingQueue.java:433)
  java.base@11.0.29/java.util.concurrent.ThreadPoolExecutor.getTask(ThreadPoolExecutor.java:1054)
  java.base@11.0.29/java.util.concurrent.ThreadPoolExecutor.runWorker(ThreadPoolExecutor.java:1114)
  java.base@11.0.29/java.util.concurrent.ThreadPoolExecutor$Worker.run(ThreadPoolExecutor.java:628)
  java.base@11.0.29/java.lang.Thread.run(Thread.java:829)
Thread 116 'ClassGraph-worker-75':
  java.base@11.0.29/jdk.internal.misc.Unsafe.park(Native Method)
  java.base@11.0.29/java.util.concurrent.locks.LockSupport.park(LockSupport.java:194)
  java.base@11.0.29/java.util.concurrent.locks.AbstractQueuedSynchronizer$ConditionObject.await(AbstractQueuedSynchronizer.java:2081)
  java.base@11.0.29/java.util.concurrent.LinkedBlockingQueue.take(LinkedBlockingQueue.java:433)
  java.base@11.0.29/java.util.concurrent.ThreadPoolExecutor.getTask(ThreadPoolExecutor.java:1054)
  java.base@11.0.29/java.util.concurrent.ThreadPoolExecutor.runWorker(ThreadPoolExecutor.java:1114)
  java.base@11.0.29/java.util.concurrent.ThreadPoolExecutor$Worker.run(ThreadPoolExecutor.java:628)
  java.base@11.0.29/java.lang.Thread.run(Thread.java:829)
Thread 99 'ClassGraph-worker-58':
  java.base@11.0.29/jdk.internal.misc.Unsafe.park(Native Method)
  java.base@11.0.29/java.util.concurrent.locks.LockSupport.park(LockSupport.java:194)
  java.base@11.0.29/java.util.concurrent.locks.AbstractQueuedSynchronizer$ConditionObject.await(AbstractQueuedSynchronizer.java:2081)
  java.base@11.0.29/java.util.concurrent.LinkedBlockingQueue.take(LinkedBlockingQueue.java:433)
  java.base@11.0.29/java.util.concurrent.ThreadPoolExecutor.getTask(ThreadPoolExecutor.java:1054)
  java.base@11.0.29/java.util.concurrent.ThreadPoolExecutor.runWorker(ThreadPoolExecutor.java:1114)
  java.base@11.0.29/java.util.concurrent.ThreadPoolExecutor$Worker.run(ThreadPoolExecutor.java:628)
  java.base@11.0.29/java.lang.Thread.run(Thread.java:829)
Thread 78 'ClassGraph-worker-37':
  java.base@11.0.29/jdk.internal.misc.Unsafe.park(Native Method)
  java.base@11.0.29/java.util.concurrent.locks.LockSupport.park(LockSupport.java:194)
  java.base@11.0.29/java.util.concurrent.locks.AbstractQueuedSynchronizer$ConditionObject.await(AbstractQueuedSynchronizer.java:2081)
  java.base@11.0.29/java.util.concurrent.LinkedBlockingQueue.take(LinkedBlockingQueue.java:433)
  java.base@11.0.29/java.util.concurrent.ThreadPoolExecutor.getTask(ThreadPoolExecutor.java:1054)
  java.base@11.0.29/java.util.concurrent.ThreadPoolExecutor.runWorker(ThreadPoolExecutor.java:1114)
  java.base@11.0.29/java.util.concurrent.ThreadPoolExecutor$Worker.run(ThreadPoolExecutor.java:628)
  java.base@11.0.29/java.lang.Thread.run(Thread.java:829)
Thread 109 'ClassGraph-worker-68':
  java.base@11.0.29/jdk.internal.misc.Unsafe.park(Native Method)
  java.base@11.0.29/java.util.concurrent.locks.LockSupport.park(LockSupport.java:194)
  java.base@11.0.29/java.util.concurrent.locks.AbstractQueuedSynchronizer$ConditionObject.await(AbstractQueuedSynchronizer.java:2081)
  java.base@11.0.29/java.util.concurrent.LinkedBlockingQueue.take(LinkedBlockingQueue.java:433)
  java.base@11.0.29/java.util.concurrent.ThreadPoolExecutor.getTask(ThreadPoolExecutor.java:1054)
  java.base@11.0.29/java.util.concurrent.ThreadPoolExecutor.runWorker(ThreadPoolExecutor.java:1114)
  java.base@11.0.29/java.util.concurrent.ThreadPoolExecutor$Worker.run(ThreadPoolExecutor.java:628)
  java.base@11.0.29/java.lang.Thread.run(Thread.java:829)
Thread 111 'ClassGraph-worker-70':
  java.base@11.0.29/jdk.internal.misc.Unsafe.park(Native Method)
  java.base@11.0.29/java.util.concurrent.locks.LockSupport.park(LockSupport.java:194)
  java.base@11.0.29/java.util.concurrent.locks.AbstractQueuedSynchronizer$ConditionObject.await(AbstractQueuedSynchronizer.java:2081)
  java.base@11.0.29/java.util.concurrent.LinkedBlockingQueue.take(LinkedBlockingQueue.java:433)
  java.base@11.0.29/java.util.concurrent.ThreadPoolExecutor.getTask(ThreadPoolExecutor.java:1054)
  java.base@11.0.29/java.util.concurrent.ThreadPoolExecutor.runWorker(ThreadPoolExecutor.java:1114)
  java.base@11.0.29/java.util.concurrent.ThreadPoolExecutor$Worker.run(ThreadPoolExecutor.java:628)
  java.base@11.0.29/java.lang.Thread.run(Thread.java:829)
Thread 84 'ClassGraph-worker-43':
  java.base@11.0.29/jdk.internal.misc.Unsafe.park(Native Method)
  java.base@11.0.29/java.util.concurrent.locks.LockSupport.park(LockSupport.java:194)
  java.base@11.0.29/java.util.concurrent.locks.AbstractQueuedSynchronizer$ConditionObject.await(AbstractQueuedSynchronizer.java:2081)
  java.base@11.0.29/java.util.concurrent.LinkedBlockingQueue.take(LinkedBlockingQueue.java:433)
  java.base@11.0.29/java.util.concurrent.ThreadPoolExecutor.getTask(ThreadPoolExecutor.java:1054)
  java.base@11.0.29/java.util.concurrent.ThreadPoolExecutor.runWorker(ThreadPoolExecutor.java:1114)
  java.base@11.0.29/java.util.concurrent.ThreadPoolExecutor$Worker.run(ThreadPoolExecutor.java:628)
  java.base@11.0.29/java.lang.Thread.run(Thread.java:829)
Thread 30 'grpc-default-boss-ELG-3-1':
  io.grpc.netty.shaded.io.netty.channel.epoll.Native.epollWait(Native Method)
  io.grpc.netty.shaded.io.netty.channel.epoll.Native.epollWait(SourceFile:209)
  io.grpc.netty.shaded.io.netty.channel.epoll.Native.epollWait(SourceFile:202)
  io.grpc.netty.shaded.io.netty.channel.epoll.EpollEventLoop.epollWaitNoTimerChange(SourceFile:294)
  io.grpc.netty.shaded.io.netty.channel.epoll.EpollEventLoop.run(SourceFile:351)
  io.grpc.netty.shaded.io.netty.util.concurrent.SingleThreadEventExecutor$4.run(SourceFile:997)
  io.grpc.netty.shaded.io.netty.util.internal.ThreadExecutorMap$2.run(SourceFile:74)
  io.grpc.netty.shaded.io.netty.util.concurrent.FastThreadLocalRunnable.run(SourceFile:30)
  java.base@11.0.29/java.lang.Thread.run(Unknown Source)
== end thread dump ==

16:51:49.637 [INFO]   [Creating]    Exiting service.
16:51:49.656 [INFO]   [Creating]        [238/926] org.symphonyoss.symphony.messageml.elements.Element.assertAttributeValue
16:51:49.656 [INFO]   [Creating]        [238/926]   R013: No inputs found that don't throw a trivial exception
16:51:49.656 [INFO]   [Creating]        [238/926]     Diffblue Cover tried to run the arrange/act section, but the test threw
16:51:49.656 [INFO]   [Creating]        [238/926]     java.lang.NullPointerException
16:51:49.656 [INFO]   [Creating]        [238/926]         at org.symphonyoss.symphony.messageml.elements.Element.assertAttributeValue(Element.java:551)
16:51:49.656 [INFO]   [Creating]        [238/926]     In order to prevent assertAttributeValue(String, Collection)
16:51:49.656 [INFO]   [Creating]        [238/926]     from throwing NullPointerException, add constructors or factory
16:51:49.656 [INFO]   [Creating]        [238/926]     methods that make it easier to construct fully initialized objects used in
16:51:49.656 [INFO]   [Creating]        [238/926]     assertAttributeValue(String, Collection).
16:51:49.656 [INFO]   [Creating]        [238/926]     See https://diff.blue/R013 to resolve this issue.
16:51:50.775 [INFO]   [Creating]     [39/141] org.symphonyoss.symphony.messageml.elements.Element
16:51:50.775 [INFO]   [Creating]     [39/141]   Tests created: 66
16:51:50.776 [INFO]   [Creating]    
================================================================================
= Starting analysis for class 'org.symphonyoss.symphony.messageml.elements.Emoji'
================================================================================
16:51:50.776 [INFO]   [Creating]    Filtering out non-testable methods...
16:51:50.786 [INFO]   [Creating]    Filtering of methods complete. Creating analysis request
16:51:50.786 [INFO]   [Creating]    Attempting to get service client, retry 1.
16:51:50.787 [INFO]   [Creating]    Starting monitoring server.
16:51:50.788 [INFO]   [Creating]    Monitoring server listening on localhost/127.0.0.1:38953
16:51:50.788 [INFO]   [Creating]    Starting analyzer server process...
16:51:50.788 [INFO]   [Creating]    Server command-line: /home/jbergqvist/.sdkman/candidates/java/11.0.29-amzn/bin/java -XX:+IgnoreUnrecognizedVMOptions -XX:StartFlightRecording=duration=300s,filename=.diffblue/cover-flight.jfr -Djdk.attach.allowAttachSelf=true -Djdk.jar.maxSignatureFileSize=100000000 -ea -javaagent:/opt/cover/launcher-shared-jar.jar -Dlogback.configurationFile=/tmp/diffblue/config/logback-remote-service.xml -Dcom.diffblue.springIsolationJar=/opt/cover/cover-isolation-layer.jar -Dcover.jar.path=/opt/cover/cover-service-analyzer.jar -Dcom.diffblue.assertionSuggestionJar=/opt/cover/cover-service-analyzer.jar -Dcover.main.class=com.diffblue.cover.service.analyzer.Main -jar /opt/cover/launcher-shared-jar.jar --service-lifespan 120 --monitoring-service-port 38953 --index-service-port 38953 --debug-log
16:51:50.789 [INFO]   [Creating]    Server started. Waiting up to 300 seconds for a connection to be established...
16:51:51.791 [INFO]   [Creating]    Starting new remote monitor client
16:51:52.447 [INFO]   [Creating]    Attempting to start remote server.
16:51:52.592 [INFO]   [Creating]    Server started, listening on localhost/127.0.0.1:41495
16:51:52.596 [INFO]   [Creating]    Expect analyzer service to be listening on port 41495.
16:51:52.659 [INFO]   [Creating]    Started analyzer service and client retrieved.
16:52:04.851 [INFO]   [Creating]        [239/926] org.symphonyoss.symphony.messageml.elements.Emoji.getAnnotation
16:52:04.851 [INFO]   [Creating]        [240/926] org.symphonyoss.symphony.messageml.elements.Emoji.getEntityIdPrefix
16:52:04.851 [INFO]   [Creating]        [241/926] org.symphonyoss.symphony.messageml.elements.Emoji.getEntitySubType
16:52:04.851 [INFO]   [Creating]        [242/926] org.symphonyoss.symphony.messageml.elements.Emoji.getEntityType
16:52:04.851 [INFO]   [Creating]        [243/926] org.symphonyoss.symphony.messageml.elements.Emoji.getEntityValue
16:52:04.851 [INFO]   [Creating]        [244/926] org.symphonyoss.symphony.messageml.elements.Emoji.getEntityVersion
16:52:04.851 [INFO]   [Creating]        [245/926] org.symphonyoss.symphony.messageml.elements.Emoji.getFamily
16:52:04.851 [INFO]   [Creating]        [246/926] org.symphonyoss.symphony.messageml.elements.Emoji.getShortCode
16:52:04.851 [INFO]   [Creating]        [247/926] org.symphonyoss.symphony.messageml.elements.Emoji.getSize
16:52:04.851 [INFO]   [Creating]        [248/926] org.symphonyoss.symphony.messageml.elements.Emoji.toString
16:52:04.851 [INFO]   [Creating]        [248/926]   Tests created: 1
16:52:06.111 [INFO]   [Creating]        [249/926] org.symphonyoss.symphony.messageml.elements.Emoji.<init>
16:52:06.111 [INFO]   [Creating]        [249/926]   Tests created: 1
16:52:12.682 [INFO]   [Creating]        [250/926] org.symphonyoss.symphony.messageml.elements.Emoji.<init>
16:52:12.682 [INFO]   [Creating]        [250/926]   Tests created: 1
16:52:13.825 [INFO]   [Creating]        [251/926] org.symphonyoss.symphony.messageml.elements.Emoji.asEntityJson
16:52:13.825 [INFO]   [Creating]        [251/926]   Tests created: 1
16:52:20.947 [INFO]   [Creating]        [252/926] org.symphonyoss.symphony.messageml.elements.Emoji.asMarkdown
16:52:20.947 [INFO]   [Creating]        [252/926]   Tests created: 1
16:52:24.406 [INFO]   [Creating]        [253/926] org.symphonyoss.symphony.messageml.elements.Emoji.asPresentationML
16:52:24.406 [INFO]   [Creating]        [253/926]   Tests created: 15
16:52:25.993 [INFO]   [Creating]        [254/926] org.symphonyoss.symphony.messageml.elements.Emoji.asText
16:52:25.993 [INFO]   [Creating]        [254/926]   Tests created: 4
16:52:28.021 [INFO]   [Creating]        [255/926] org.symphonyoss.symphony.messageml.elements.Emoji.buildAttribute
16:52:28.021 [INFO]   [Creating]        [255/926]   Tests created: 1
16:52:33.048 [INFO]   [Creating]        [256/926] org.symphonyoss.symphony.messageml.elements.Emoji.updateBiContext
16:52:33.048 [INFO]   [Creating]        [256/926]   Tests created: 7
16:52:33.904 [INFO]   [Creating]        [257/926] org.symphonyoss.symphony.messageml.elements.Emoji.validate
16:52:33.904 [INFO]   [Creating]        [257/926]   Tests created: 10
16:52:33.905 [INFO]   [Creating]     [40/141] org.symphonyoss.symphony.messageml.elements.Emoji
16:52:33.905 [INFO]   [Creating]     [40/141]   Tests created: 42
16:52:33.905 [INFO]   [Creating]    
================================================================================
= Starting analysis for class 'org.symphonyoss.symphony.messageml.elements.Entity'
================================================================================
16:52:33.905 [INFO]   [Creating]    Filtering out non-testable methods...
16:52:33.912 [INFO]   [Creating]    Filtering of methods complete. Creating analysis request
16:52:33.912 [INFO]   [Creating]    Attempting to get service client, retry 1.
16:52:37.612 [INFO]   [Creating]        [258/926] org.symphonyoss.symphony.messageml.elements.Entity.buildAttribute
16:52:37.612 [INFO]   [Creating]        [258/926]   Tests created: 1
16:52:41.380 [INFO]   [Creating]        [259/926] org.symphonyoss.symphony.messageml.elements.Entity.validate
16:52:41.380 [INFO]   [Creating]        [259/926]   Tests created: 2
16:52:42.225 [INFO]   [Creating]        [260/926] org.symphonyoss.symphony.messageml.elements.Entity.asEntityJson
16:52:42.225 [INFO]   [Creating]        [260/926]   Tests created: 1
16:52:43.194 [INFO]   [Creating]        [261/926] org.symphonyoss.symphony.messageml.elements.Entity.getEntityId
16:52:43.194 [INFO]   [Creating]        [261/926]   Tests created: 1
16:52:43.235 [INFO]   [Creating]        [262/926] org.symphonyoss.symphony.messageml.elements.Entity.getPresentationMLTag
16:52:43.235 [INFO]   [Creating]        [262/926]   Tests created: 1
16:52:43.236 [INFO]   [Creating]     [41/141] org.symphonyoss.symphony.messageml.elements.Entity
16:52:43.236 [INFO]   [Creating]     [41/141]   Tests created: 6
16:52:43.236 [INFO]   [Creating]    
================================================================================
= Starting analysis for class 'org.symphonyoss.symphony.messageml.elements.ExpandableCard'
================================================================================
16:52:43.236 [INFO]   [Creating]    Filtering out non-testable methods...
16:52:43.238 [INFO]   [Creating]    Filtering of methods complete. Creating analysis request
16:52:43.238 [INFO]   [Creating]    Attempting to get service client, retry 1.
16:52:48.164 [INFO]   [Creating]        [263/926] org.symphonyoss.symphony.messageml.elements.ExpandableCard.<init>
16:52:48.164 [INFO]   [Creating]        [264/926] org.symphonyoss.symphony.messageml.elements.ExpandableCard.getPresentationMLTag
16:52:48.164 [INFO]   [Creating]        [264/926]   Tests created: 1
16:52:50.396 [INFO]   [Creating]        [265/926] org.symphonyoss.symphony.messageml.elements.ExpandableCard.asPresentationML
16:52:50.396 [INFO]   [Creating]        [265/926]   Tests created: 15
16:52:53.424 [INFO]   [Creating]        [266/926] org.symphonyoss.symphony.messageml.elements.ExpandableCard.buildAttribute
16:52:53.424 [INFO]   [Creating]        [266/926]   Tests created: 2
16:52:55.058 [INFO]   [Creating]        [267/926] org.symphonyoss.symphony.messageml.elements.ExpandableCard.updateBiContext
16:52:55.058 [INFO]   [Creating]        [267/926]   Diffblue AI was unable to find a test
16:52:55.137 [INFO]   [Creating]        [268/926] org.symphonyoss.symphony.messageml.elements.ExpandableCard.validate
16:52:55.137 [INFO]   [Creating]        [268/926]   Tests created: 1
16:52:55.138 [INFO]   [Creating]     [42/141] org.symphonyoss.symphony.messageml.elements.ExpandableCard
16:52:55.138 [INFO]   [Creating]     [42/141]   Tests created: 19
16:52:55.138 [INFO]   [Creating]    
================================================================================
= Starting analysis for class 'org.symphonyoss.symphony.messageml.elements.ExpandableCardBody'
================================================================================
16:52:55.138 [INFO]   [Creating]    Filtering out non-testable methods...
16:52:55.140 [INFO]   [Creating]    Filtering of methods complete. Creating analysis request
16:52:55.140 [INFO]   [Creating]    Attempting to get service client, retry 1.
16:52:56.090 [INFO]   [Creating]        [269/926] org.symphonyoss.symphony.messageml.elements.ExpandableCardBody.<init>
16:52:56.090 [INFO]   [Creating]        [270/926] org.symphonyoss.symphony.messageml.elements.ExpandableCardBody.getPresentationMLTag
16:52:56.090 [INFO]   [Creating]        [270/926]   Tests created: 1
16:53:00.678 [INFO]   [Creating]        [271/926] org.symphonyoss.symphony.messageml.elements.ExpandableCardBody.asMarkdown
16:53:00.678 [INFO]   [Creating]        [271/926]   Tests created: 1
16:53:02.592 [INFO]   [Creating]        [272/926] org.symphonyoss.symphony.messageml.elements.ExpandableCardBody.asPresentationML
16:53:02.592 [INFO]   [Creating]        [272/926]   Tests created: 15
16:53:04.016 [INFO]   [Creating]        [273/926] org.symphonyoss.symphony.messageml.elements.ExpandableCardBody.buildAttribute
16:53:04.016 [INFO]   [Creating]        [273/926]   Tests created: 1
16:53:04.074 [INFO]   [Creating]        [274/926] org.symphonyoss.symphony.messageml.elements.ExpandableCardBody.validate
16:53:04.074 [INFO]   [Creating]        [274/926]   Tests created: 1
16:53:04.075 [INFO]   [Creating]     [43/141] org.symphonyoss.symphony.messageml.elements.ExpandableCardBody
16:53:04.075 [INFO]   [Creating]     [43/141]   Tests created: 19
16:53:04.076 [INFO]   [Creating]    
================================================================================
= Starting analysis for class 'org.symphonyoss.symphony.messageml.elements.ExpandableCardHeader'
================================================================================
16:53:04.076 [INFO]   [Creating]    Filtering out non-testable methods...
16:53:04.077 [INFO]   [Creating]    Filtering of methods complete. Creating analysis request
16:53:04.077 [INFO]   [Creating]    Attempting to get service client, retry 1.
16:53:05.001 [INFO]   [Creating]        [275/926] org.symphonyoss.symphony.messageml.elements.ExpandableCardHeader.<init>
16:53:05.001 [INFO]   [Creating]        [276/926] org.symphonyoss.symphony.messageml.elements.ExpandableCardHeader.getPresentationMLTag
16:53:05.001 [INFO]   [Creating]        [276/926]   Tests created: 1
16:53:09.516 [INFO]   [Creating]        [277/926] org.symphonyoss.symphony.messageml.elements.ExpandableCardHeader.asMarkdown
16:53:09.516 [INFO]   [Creating]        [277/926]   Tests created: 1
16:53:11.354 [INFO]   [Creating]        [278/926] org.symphonyoss.symphony.messageml.elements.ExpandableCardHeader.asPresentationML
16:53:11.354 [INFO]   [Creating]        [278/926]   Tests created: 15
16:53:12.959 [INFO]   [Creating]        [279/926] org.symphonyoss.symphony.messageml.elements.ExpandableCardHeader.buildAttribute
16:53:12.959 [INFO]   [Creating]        [279/926]   Tests created: 1
16:53:13.019 [INFO]   [Creating]        [280/926] org.symphonyoss.symphony.messageml.elements.ExpandableCardHeader.validate
16:53:13.019 [INFO]   [Creating]        [280/926]   Tests created: 1
16:53:13.020 [INFO]   [Creating]     [44/141] org.symphonyoss.symphony.messageml.elements.ExpandableCardHeader
16:53:13.020 [INFO]   [Creating]     [44/141]   Tests created: 19
16:53:13.020 [INFO]   [Creating]    
================================================================================
= Starting analysis for class 'org.symphonyoss.symphony.messageml.elements.Form'
================================================================================
16:53:13.020 [INFO]   [Creating]    Filtering out non-testable methods...
16:53:13.022 [INFO]   [Creating]    Filtering of methods complete. Creating analysis request
16:53:13.022 [INFO]   [Creating]    Attempting to get service client, retry 1.
16:53:13.952 [INFO]   [Creating]        [281/926] org.symphonyoss.symphony.messageml.elements.Form.<init>
16:53:13.952 [INFO]   [Creating]        [281/926]   Tests created: 1
16:53:18.574 [INFO]   [Creating]        [282/926] org.symphonyoss.symphony.messageml.elements.Form.asMarkdown
16:53:18.574 [INFO]   [Creating]        [282/926]   Tests created: 1
16:53:20.462 [INFO]   [Creating]        [283/926] org.symphonyoss.symphony.messageml.elements.Form.asPresentationML
16:53:20.462 [INFO]   [Creating]        [283/926]   Tests created: 15
16:53:21.252 [INFO]   [Creating]        [284/926] org.symphonyoss.symphony.messageml.elements.Form.buildAttribute
16:53:21.252 [INFO]   [Creating]        [284/926]   Tests created: 1
16:53:22.332 [INFO]   [Creating]        [285/926] org.symphonyoss.symphony.messageml.elements.Form.hasIdAttribute
16:53:22.332 [INFO]   [Creating]        [285/926]   Tests created: 1
16:53:24.396 [INFO]   [Creating]        [286/926] org.symphonyoss.symphony.messageml.elements.Form.updateBiContext
16:53:24.396 [INFO]   [Creating]        [286/926]   Tests created: 1
16:53:24.749 [INFO]   [Creating]        [287/926] org.symphonyoss.symphony.messageml.elements.Form.validate
16:53:24.749 [INFO]   [Creating]        [287/926]   Tests created: 5
16:53:24.749 [INFO]   [Creating]     [45/141] org.symphonyoss.symphony.messageml.elements.Form
16:53:24.750 [INFO]   [Creating]     [45/141]   Tests created: 25
16:53:24.750 [INFO]   [Creating]    
================================================================================
= Starting analysis for class 'org.symphonyoss.symphony.messageml.elements.FormElement'
================================================================================
16:53:24.750 [INFO]   [Creating]    Filtering out non-testable methods...
16:53:24.751 [INFO]   [Creating]    Filtering of methods complete. Creating analysis request
16:53:24.751 [INFO]   [Creating]    Attempting to get service client, retry 1.
16:53:25.641 [INFO]   [Creating]        [288/926] org.symphonyoss.symphony.messageml.elements.FormElement.<init>
16:53:25.641 [INFO]   [Creating]        [288/926]   Tests created: 1
16:53:29.150 [INFO]   [Creating]        [289/926] org.symphonyoss.symphony.messageml.elements.FormElement.<init>
16:53:29.150 [INFO]   [Creating]        [289/926]   Tests created: 1
16:53:29.308 [INFO]   [Creating]        [290/926] org.symphonyoss.symphony.messageml.elements.FormElement.validate
16:53:29.308 [INFO]   [Creating]        [290/926]   Tests created: 4
16:53:29.308 [INFO]   [Creating]     [46/141] org.symphonyoss.symphony.messageml.elements.FormElement
16:53:29.308 [INFO]   [Creating]     [46/141]   Tests created: 6
16:53:29.309 [INFO]   [Creating]    
================================================================================
= Starting analysis for class 'org.symphonyoss.symphony.messageml.elements.FormatEnum'
================================================================================
16:53:29.309 [INFO]   [Creating]    Filtering out non-testable methods...
16:53:29.310 [INFO]   [Creating]        [291/926] org.symphonyoss.symphony.messageml.elements.FormatEnum.valueOf
16:53:29.310 [INFO]   [Creating]        [291/926]   T012: Synthetic method
16:53:29.310 [INFO]   [Creating]        [291/926]     Indicates that the method is synthetic. Currently, this includes methods:
16:53:29.310 [INFO]   [Creating]        [291/926]     - that are marked as synthetic by the compiler
16:53:29.310 [INFO]   [Creating]        [291/926]     - that are not directly callable
16:53:29.310 [INFO]   [Creating]        [291/926]     - that exist on the JDK class but do not appear in the source code
16:53:29.310 [INFO]   [Creating]        [291/926]     Diffblue Cover considers these methods as not directly callable.
16:53:29.311 [INFO]   [Creating]        [292/926] org.symphonyoss.symphony.messageml.elements.FormatEnum.values
16:53:29.311 [INFO]   [Creating]        [292/926]   T012: Synthetic method
16:53:29.311 [INFO]   [Creating]        [292/926]     Indicates that the method is synthetic. Currently, this includes methods:
16:53:29.311 [INFO]   [Creating]        [292/926]     - that are marked as synthetic by the compiler
16:53:29.311 [INFO]   [Creating]        [292/926]     - that are not directly callable
16:53:29.311 [INFO]   [Creating]        [292/926]     - that exist on the JDK class but do not appear in the source code
16:53:29.311 [INFO]   [Creating]        [292/926]     Diffblue Cover considers these methods as not directly callable.
16:53:29.311 [INFO]   [Creating]     [47/141] org.symphonyoss.symphony.messageml.elements.FormatEnum
16:53:29.311 [INFO]   [Creating]     [47/141]   Tests created: 0
16:53:29.311 [INFO]   [Creating]    No testable methods
16:53:29.311 [INFO]   [Creating]    
================================================================================
= Starting analysis for class 'org.symphonyoss.symphony.messageml.elements.GroupedElement'
================================================================================
16:53:29.311 [INFO]   [Creating]    Filtering out non-testable methods...
16:53:29.314 [INFO]   [Creating]    Filtering of methods complete. Creating analysis request
16:53:29.314 [INFO]   [Creating]    Attempting to get service client, retry 1.
16:53:37.889 [INFO]   [Creating]        [293/926] org.symphonyoss.symphony.messageml.elements.GroupedElement.asPresentationML
16:53:37.889 [INFO]   [Creating]        [293/926]   Tests created: 4
16:53:40.452 [INFO]   [Creating]        [294/926] org.symphonyoss.symphony.messageml.elements.GroupedElement.buildAll
16:53:40.452 [INFO]   [Creating]        [294/926]   Tests created: 8
16:53:41.889 [INFO]   [Creating]        [295/926] org.symphonyoss.symphony.messageml.elements.GroupedElement.buildElementAttrFromInputTag
16:53:41.889 [INFO]   [Creating]        [295/926]   R013: No inputs found that don't throw a trivial exception
16:53:41.889 [INFO]   [Creating]        [295/926]     Diffblue Cover tried to run the arrange/act section, but the test threw
16:53:41.889 [INFO]   [Creating]        [295/926]     org.w3c.dom.DOMException: This NamedNodeMap is read-only!
16:53:41.889 [INFO]   [Creating]        [295/926]         at javax.imageio.metadata.IIONamedNodeMap.removeNamedItem(IIOMetadataNode.java:81)
16:53:41.889 [INFO]   [Creating]        [295/926]         at org.symphonyoss.symphony.messageml.elements.GroupedElement.buildElementAttrFromInputTag(GroupedElement.java:132)
16:53:41.889 [INFO]   [Creating]        [295/926]     In order to prevent buildElementAttrFromInputTag(MessageMLParser, Node)
16:53:41.889 [INFO]   [Creating]        [295/926]     from throwing DOMException, add constructors or factory
16:53:41.889 [INFO]   [Creating]        [295/926]     methods that make it easier to construct fully initialized objects used in
16:53:41.889 [INFO]   [Creating]        [295/926]     buildElementAttrFromInputTag(MessageMLParser, Node).
16:53:41.889 [INFO]   [Creating]        [295/926]     See https://diff.blue/R013 to resolve this issue.
16:53:42.910 [INFO]   [Creating]        [296/926] org.symphonyoss.symphony.messageml.elements.GroupedElement.buildElementFromGroupDiv
16:53:42.910 [INFO]   [Creating]        [296/926]   Tests created: 1
16:53:42.971 [INFO]   [Creating]        [297/926] org.symphonyoss.symphony.messageml.elements.GroupedElement.buildGroupedElementInputAttributes
16:53:42.971 [INFO]   [Creating]        [297/926]   Tests created: 1
16:53:42.972 [INFO]   [Creating]     [48/141] org.symphonyoss.symphony.messageml.elements.GroupedElement
16:53:42.972 [INFO]   [Creating]     [48/141]   Tests created: 14
16:53:42.973 [INFO]   [Creating]    
================================================================================
= Starting analysis for class 'org.symphonyoss.symphony.messageml.elements.HashTag'
================================================================================
16:53:42.973 [INFO]   [Creating]    Filtering out non-testable methods...
16:53:42.976 [INFO]   [Creating]    Filtering of methods complete. Creating analysis request
16:53:42.976 [INFO]   [Creating]    Attempting to get service client, retry 1.
16:53:43.846 [INFO]   [Creating]        [298/926] org.symphonyoss.symphony.messageml.elements.HashTag.getEntitySubType
16:53:43.846 [INFO]   [Creating]        [299/926] org.symphonyoss.symphony.messageml.elements.HashTag.getEntityType
16:53:43.846 [INFO]   [Creating]        [300/926] org.symphonyoss.symphony.messageml.elements.HashTag.getEntityVersion
16:53:43.846 [INFO]   [Creating]        [301/926] org.symphonyoss.symphony.messageml.elements.HashTag.getTagPattern
16:53:43.846 [INFO]   [Creating]        [302/926] org.symphonyoss.symphony.messageml.elements.HashTag.toString
16:53:43.846 [INFO]   [Creating]        [302/926]   Tests created: 1
16:53:44.632 [INFO]   [Creating]        [303/926] org.symphonyoss.symphony.messageml.elements.HashTag.<init>
16:53:44.632 [INFO]   [Creating]        [303/926]   Tests created: 1
16:53:45.387 [INFO]   [Creating]        [304/926] org.symphonyoss.symphony.messageml.elements.HashTag.<init>
16:53:45.387 [INFO]   [Creating]        [304/926]   Tests created: 1
16:53:46.448 [INFO]   [Creating]        [305/926] org.symphonyoss.symphony.messageml.elements.HashTag.<init>
16:53:46.448 [INFO]   [Creating]        [305/926]   Tests created: 1
16:53:47.435 [INFO]   [Creating]        [306/926] org.symphonyoss.symphony.messageml.elements.HashTag.asMarkdown
16:53:47.435 [INFO]   [Creating]        [306/926]   Tests created: 1
16:53:49.072 [INFO]   [Creating]        [307/926] org.symphonyoss.symphony.messageml.elements.HashTag.asText
16:53:49.072 [INFO]   [Creating]        [307/926]   Tests created: 1
16:53:53.458 [INFO]   [Creating]        [308/926] org.symphonyoss.symphony.messageml.elements.HashTag.updateBiContext
16:53:53.458 [INFO]   [Creating]        [308/926]   Tests created: 6
16:53:53.895 [INFO]   [Creating]        [309/926] org.symphonyoss.symphony.messageml.elements.HashTag.validate
16:53:53.895 [INFO]   [Creating]        [309/926]   Tests created: 8
16:53:53.896 [INFO]   [Creating]     [49/141] org.symphonyoss.symphony.messageml.elements.HashTag
16:53:53.896 [INFO]   [Creating]     [49/141]   Tests created: 20
16:53:53.896 [INFO]   [Creating]    
================================================================================
= Starting analysis for class 'org.symphonyoss.symphony.messageml.elements.Header'
================================================================================
16:53:53.896 [INFO]   [Creating]    Filtering out non-testable methods...
16:53:53.897 [INFO]   [Creating]    Filtering of methods complete. Creating analysis request
16:53:53.897 [INFO]   [Creating]    Attempting to get service client, retry 1.
16:53:55.401 [INFO]   [Creating]        [310/926] org.symphonyoss.symphony.messageml.elements.Header.<init>
16:53:55.401 [INFO]   [Creating]        [310/926]   Tests created: 1
16:53:55.534 [INFO]   [Creating]        [311/926] org.symphonyoss.symphony.messageml.elements.Header.asMarkdown
16:53:55.534 [INFO]   [Creating]        [311/926]   Tests created: 1
16:53:57.248 [INFO]   [Creating]        [312/926] org.symphonyoss.symphony.messageml.elements.Header.isHeaderElement
16:53:57.248 [INFO]   [Creating]        [312/926]   Tests created: 2
16:53:59.130 [INFO]   [Creating]        [313/926] org.symphonyoss.symphony.messageml.elements.Header.updateBiContext
16:53:59.130 [INFO]   [Creating]        [313/926]   Tests created: 6
16:53:59.270 [INFO]   [Creating]        [314/926] org.symphonyoss.symphony.messageml.elements.Header.validate
16:53:59.270 [INFO]   [Creating]        [314/926]   Tests created: 3
16:53:59.271 [INFO]   [Creating]     [50/141] org.symphonyoss.symphony.messageml.elements.Header
16:53:59.271 [INFO]   [Creating]     [50/141]   Tests created: 13
16:53:59.413 [INFO]   [Creating]    
================================================================================
= Starting analysis for class 'org.symphonyoss.symphony.messageml.elements.HorizontalRule'
================================================================================
16:53:59.413 [INFO]   [Creating]    Filtering out non-testable methods...
16:53:59.415 [INFO]   [Creating]    Filtering of methods complete. Creating analysis request
16:53:59.415 [INFO]   [Creating]    Attempting to get service client, retry 1.
16:53:59.416 [INFO]   [Creating]    Starting monitoring server.
16:53:59.416 [INFO]   [Creating]    Monitoring server listening on localhost/127.0.0.1:45671
16:53:59.459 [INFO]   [Creating]    Starting analyzer server process...
16:53:59.459 [INFO]   [Creating]    Server command-line: /home/jbergqvist/.sdkman/candidates/java/11.0.29-amzn/bin/java -XX:+IgnoreUnrecognizedVMOptions -Djdk.attach.allowAttachSelf=true -Djdk.jar.maxSignatureFileSize=100000000 -ea -javaagent:/opt/cover/launcher-shared-jar.jar -Dlogback.configurationFile=/tmp/diffblue/config/logback-remote-service.xml -Dcom.diffblue.springIsolationJar=/opt/cover/cover-isolation-layer.jar -Dcover.jar.path=/opt/cover/cover-service-analyzer.jar -Dcom.diffblue.assertionSuggestionJar=/opt/cover/cover-service-analyzer.jar -Dcover.main.class=com.diffblue.cover.service.analyzer.Main -jar /opt/cover/launcher-shared-jar.jar --service-lifespan 120 --monitoring-service-port 45671 --index-service-port 45671 --debug-log
16:53:59.459 [INFO]   [Creating]    Server started. Waiting up to 300 seconds for a connection to be established...
16:54:00.315 [INFO]   [Creating]    Starting new remote monitor client
16:54:00.957 [INFO]   [Creating]    Attempting to start remote server.
16:54:01.104 [INFO]   [Creating]    Server started, listening on localhost/127.0.0.1:39901
16:54:01.107 [INFO]   [Creating]    Expect analyzer service to be listening on port 39901.
16:54:01.166 [INFO]   [Creating]    Started analyzer service and client retrieved.
16:54:12.956 [INFO]   [Creating]        [315/926] org.symphonyoss.symphony.messageml.elements.HorizontalRule.toString
16:54:12.956 [INFO]   [Creating]        [315/926]   Tests created: 1
16:54:13.992 [INFO]   [Creating]        [316/926] org.symphonyoss.symphony.messageml.elements.HorizontalRule.<init>
16:54:13.992 [INFO]   [Creating]        [316/926]   Tests created: 1
16:54:14.994 [INFO]   [Creating]        [317/926] org.symphonyoss.symphony.messageml.elements.HorizontalRule.areNestedElementsAllowed
16:54:14.994 [INFO]   [Creating]        [317/926]   Tests created: 1
16:54:15.923 [INFO]   [Creating]        [318/926] org.symphonyoss.symphony.messageml.elements.HorizontalRule.asMarkdown
16:54:15.923 [INFO]   [Creating]        [318/926]   Tests created: 1
16:54:17.602 [INFO]   [Creating]        [319/926] org.symphonyoss.symphony.messageml.elements.HorizontalRule.asText
16:54:17.602 [INFO]   [Creating]        [319/926]   Tests created: 1
16:54:19.581 [INFO]   [Creating]        [320/926] org.symphonyoss.symphony.messageml.elements.HorizontalRule.buildAttribute
16:54:19.581 [INFO]   [Creating]        [320/926]   Tests created: 1
16:54:19.670 [INFO]   [Creating]        [321/926] org.symphonyoss.symphony.messageml.elements.HorizontalRule.validate
16:54:19.670 [INFO]   [Creating]        [321/926]   Tests created: 2
16:54:19.671 [INFO]   [Creating]     [51/141] org.symphonyoss.symphony.messageml.elements.HorizontalRule
16:54:19.671 [INFO]   [Creating]     [51/141]   Tests created: 8
16:54:19.671 [INFO]   [Creating]    
================================================================================
= Starting analysis for class 'org.symphonyoss.symphony.messageml.elements.Image'
================================================================================
16:54:19.671 [INFO]   [Creating]    Filtering out non-testable methods...
16:54:19.673 [INFO]   [Creating]    Filtering of methods complete. Creating analysis request
16:54:19.673 [INFO]   [Creating]    Attempting to get service client, retry 1.
16:54:21.334 [INFO]   [Creating]        [322/926] org.symphonyoss.symphony.messageml.elements.Image.<init>
16:54:21.334 [INFO]   [Creating]        [322/926]   Tests created: 1
16:54:23.728 [INFO]   [Creating]        [323/926] org.symphonyoss.symphony.messageml.elements.Image.areNestedElementsAllowed
16:54:23.728 [INFO]   [Creating]        [323/926]   Tests created: 1
16:54:25.987 [INFO]   [Creating]        [324/926] org.symphonyoss.symphony.messageml.elements.Image.buildAttribute
16:54:25.987 [INFO]   [Creating]        [324/926]   Tests created: 1
16:54:27.828 [INFO]   [Creating]        [325/926] org.symphonyoss.symphony.messageml.elements.Image.updateBiContext
16:54:27.828 [INFO]   [Creating]        [325/926]   Tests created: 7
16:54:27.933 [INFO]   [Creating]        [326/926] org.symphonyoss.symphony.messageml.elements.Image.validate
16:54:27.933 [INFO]   [Creating]        [326/926]   Tests created: 2
16:54:27.934 [INFO]   [Creating]     [52/141] org.symphonyoss.symphony.messageml.elements.Image
16:54:27.934 [INFO]   [Creating]     [52/141]   Tests created: 12
16:54:27.935 [INFO]   [Creating]    
================================================================================
= Starting analysis for class 'org.symphonyoss.symphony.messageml.elements.Italic'
================================================================================
16:54:27.935 [INFO]   [Creating]    Filtering out non-testable methods...
16:54:27.936 [INFO]   [Creating]    Filtering of methods complete. Creating analysis request
16:54:27.936 [INFO]   [Creating]    Attempting to get service client, retry 1.
16:54:29.500 [INFO]   [Creating]        [327/926] org.symphonyoss.symphony.messageml.elements.Italic.<init>
16:54:29.500 [INFO]   [Creating]        [327/926]   Tests created: 1
16:54:31.075 [INFO]   [Creating]        [328/926] org.symphonyoss.symphony.messageml.elements.Italic.asMarkdown
16:54:31.075 [INFO]   [Creating]        [328/926]   Tests created: 1
16:54:31.182 [INFO]   [Creating]        [329/926] org.symphonyoss.symphony.messageml.elements.Italic.validate
16:54:31.182 [INFO]   [Creating]        [329/926]   Tests created: 3
16:54:31.183 [INFO]   [Creating]     [53/141] org.symphonyoss.symphony.messageml.elements.Italic
16:54:31.183 [INFO]   [Creating]     [53/141]   Tests created: 5
16:54:31.184 [INFO]   [Creating]    
================================================================================
= Starting analysis for class 'org.symphonyoss.symphony.messageml.elements.Keyword'
================================================================================
16:54:31.184 [INFO]   [Creating]    Filtering out non-testable methods...
16:54:31.187 [INFO]   [Creating]    Filtering of methods complete. Creating analysis request
16:54:31.187 [INFO]   [Creating]    Attempting to get service client, retry 1.
16:54:34.802 [INFO]   [Creating]        [330/926] org.symphonyoss.symphony.messageml.elements.Keyword.asPresentationML
16:54:34.802 [INFO]   [Creating]        [330/926]   Tests created: 8
16:54:36.759 [INFO]   [Creating]        [331/926] org.symphonyoss.symphony.messageml.elements.Keyword.getTag
16:54:36.759 [INFO]   [Creating]        [331/926]   Tests created: 1
16:54:36.760 [INFO]   [Creating]        [332/926] org.symphonyoss.symphony.messageml.elements.Keyword.toString
16:54:36.760 [INFO]   [Creating]        [332/926]   R003: Test did not increase coverage
16:54:36.760 [INFO]   [Creating]        [332/926]     Diffblue Cover could not find a test that improves the coverage already
16:54:36.760 [INFO]   [Creating]        [332/926]     provided by existing tests.
16:54:40.591 [INFO]   [Creating]        [333/926] org.symphonyoss.symphony.messageml.elements.Keyword.validate
16:54:40.591 [INFO]   [Creating]        [333/926]   Tests created: 3
16:54:41.416 [INFO]   [Creating]        [334/926] org.symphonyoss.symphony.messageml.elements.Keyword.buildAttribute
16:54:41.416 [INFO]   [Creating]        [334/926]   Tests created: 1
16:54:42.329 [INFO]   [Creating]        [335/926] org.symphonyoss.symphony.messageml.elements.Keyword.getEntityIdPrefix
16:54:42.330 [INFO]   [Creating]        [335/926]   Tests created: 1
16:54:42.376 [INFO]   [Creating]        [336/926] org.symphonyoss.symphony.messageml.elements.Keyword.getEntityValue
16:54:42.376 [INFO]   [Creating]        [336/926]   Tests created: 1
16:54:42.377 [INFO]   [Creating]     [54/141] org.symphonyoss.symphony.messageml.elements.Keyword
16:54:42.377 [INFO]   [Creating]     [54/141]   Tests created: 15
16:54:42.378 [INFO]   [Creating]    
================================================================================
= Starting analysis for class 'org.symphonyoss.symphony.messageml.elements.LabelableElement'
================================================================================
16:54:42.378 [INFO]   [Creating]    Filtering out non-testable methods...
16:54:42.386 [INFO]   [Creating]    Filtering of methods complete. Creating analysis request
16:54:42.386 [INFO]   [Creating]    Attempting to get service client, retry 1.
16:54:44.066 [INFO]   [Creating]        [337/926] org.symphonyoss.symphony.messageml.elements.LabelableElement.getLabelAttribute
16:54:44.066 [INFO]   [Creating]        [337/926]   Tests created: 1
16:54:44.926 [INFO]   [Creating]        [338/926] org.symphonyoss.symphony.messageml.elements.LabelableElement.getPresentationMLLabelTag
16:54:44.926 [INFO]   [Creating]        [338/926]   Tests created: 1
16:54:46.133 [INFO]   [Creating]        [339/926] org.symphonyoss.symphony.messageml.elements.LabelableElement.isLabel
16:54:46.133 [INFO]   [Creating]        [339/926]   Tests created: 1
16:54:47.977 [INFO]   [Creating]        [340/926] org.symphonyoss.symphony.messageml.elements.LabelableElement.isLabelNode
16:54:47.977 [INFO]   [Creating]        [340/926]   Tests created: 2
16:54:48.013 [INFO]   [Creating]        [341/926] org.symphonyoss.symphony.messageml.elements.LabelableElement.validateLabel
16:54:48.013 [INFO]   [Creating]        [341/926]   Tests created: 1
16:54:48.014 [INFO]   [Creating]     [55/141] org.symphonyoss.symphony.messageml.elements.LabelableElement
16:54:48.015 [INFO]   [Creating]     [55/141]   Tests created: 6
16:54:48.015 [INFO]   [Creating]    
================================================================================
= Starting analysis for class 'org.symphonyoss.symphony.messageml.elements.LineBreak'
================================================================================
16:54:48.015 [INFO]   [Creating]    Filtering out non-testable methods...
16:54:48.017 [INFO]   [Creating]    Filtering of methods complete. Creating analysis request
16:54:48.017 [INFO]   [Creating]    Attempting to get service client, retry 1.
16:54:48.819 [INFO]   [Creating]        [342/926] org.symphonyoss.symphony.messageml.elements.LineBreak.toString
16:54:48.819 [INFO]   [Creating]        [342/926]   Tests created: 1
16:54:49.585 [INFO]   [Creating]        [343/926] org.symphonyoss.symphony.messageml.elements.LineBreak.<init>
16:54:49.585 [INFO]   [Creating]        [343/926]   Tests created: 1
16:54:50.347 [INFO]   [Creating]        [344/926] org.symphonyoss.symphony.messageml.elements.LineBreak.areNestedElementsAllowed
16:54:50.347 [INFO]   [Creating]        [344/926]   Tests created: 1
16:54:51.138 [INFO]   [Creating]        [345/926] org.symphonyoss.symphony.messageml.elements.LineBreak.asMarkdown
16:54:51.138 [INFO]   [Creating]        [345/926]   Tests created: 1
16:54:52.276 [INFO]   [Creating]        [346/926] org.symphonyoss.symphony.messageml.elements.LineBreak.asText
16:54:52.276 [INFO]   [Creating]        [346/926]   Tests created: 1
16:54:53.874 [INFO]   [Creating]        [347/926] org.symphonyoss.symphony.messageml.elements.LineBreak.buildAttribute
16:54:53.874 [INFO]   [Creating]        [347/926]   Tests created: 1
16:54:55.547 [INFO]   [Creating]        [348/926] org.symphonyoss.symphony.messageml.elements.LineBreak.updateBiContext
16:54:55.547 [INFO]   [Creating]        [348/926]   Tests created: 6
16:54:55.644 [INFO]   [Creating]        [349/926] org.symphonyoss.symphony.messageml.elements.LineBreak.validate
16:54:55.644 [INFO]   [Creating]        [349/926]   Tests created: 2
16:54:55.645 [INFO]   [Creating]     [56/141] org.symphonyoss.symphony.messageml.elements.LineBreak
16:54:55.645 [INFO]   [Creating]     [56/141]   Tests created: 14
16:54:55.646 [INFO]   [Creating]    
================================================================================
= Starting analysis for class 'org.symphonyoss.symphony.messageml.elements.Link'
================================================================================
16:54:55.646 [INFO]   [Creating]    Filtering out non-testable methods...
16:54:55.648 [INFO]   [Creating]    Filtering of methods complete. Creating analysis request
16:54:55.648 [INFO]   [Creating]    Attempting to get service client, retry 1.
16:54:56.817 [INFO]   [Creating]        [350/926] org.symphonyoss.symphony.messageml.elements.Link.getUri
16:54:56.817 [INFO]   [Creating]        [351/926] org.symphonyoss.symphony.messageml.elements.Link.setUri
16:54:56.817 [INFO]   [Creating]        [351/926]   Tests created: 1
16:54:57.678 [INFO]   [Creating]        [352/926] org.symphonyoss.symphony.messageml.elements.Link.<init>
16:54:57.678 [INFO]   [Creating]        [352/926]   Tests created: 2
16:54:59.297 [INFO]   [Creating]        [353/926] org.symphonyoss.symphony.messageml.elements.Link.<init>
16:54:59.298 [INFO]   [Creating]        [353/926]   Tests created: 1
16:55:04.484 [INFO]   [Creating]        [354/926] org.symphonyoss.symphony.messageml.elements.Link.asMarkdown
16:55:04.484 [INFO]   [Creating]        [354/926]   Tests created: 3
16:55:06.813 [INFO]   [Creating]        [355/926] org.symphonyoss.symphony.messageml.elements.Link.asPresentationML
16:55:06.813 [INFO]   [Creating]        [355/926]   Tests created: 15
16:55:08.742 [INFO]   [Creating]        [356/926] org.symphonyoss.symphony.messageml.elements.Link.buildAttribute
16:55:08.742 [INFO]   [Creating]        [356/926]   Tests created: 1
16:55:13.325 [INFO]   [Creating]        [357/926] org.symphonyoss.symphony.messageml.elements.Link.updateBiContext
16:55:13.325 [INFO]   [Creating]        [357/926]   Tests created: 6
16:55:13.593 [INFO]   [Creating]        [358/926] org.symphonyoss.symphony.messageml.elements.Link.validate
16:55:13.593 [INFO]   [Creating]        [358/926]   Tests created: 3
16:55:13.594 [INFO]   [Creating]     [57/141] org.symphonyoss.symphony.messageml.elements.Link
16:55:13.594 [INFO]   [Creating]     [57/141]   Tests created: 32
16:55:13.595 [INFO]   [Creating]    
================================================================================
= Starting analysis for class 'org.symphonyoss.symphony.messageml.elements.ListItem'
================================================================================
16:55:13.595 [INFO]   [Creating]    Filtering out non-testable methods...
16:55:13.596 [INFO]   [Creating]    Filtering of methods complete. Creating analysis request
16:55:13.596 [INFO]   [Creating]    Attempting to get service client, retry 1.
16:55:15.026 [INFO]   [Creating]        [359/926] org.symphonyoss.symphony.messageml.elements.ListItem.<init>
16:55:15.026 [INFO]   [Creating]        [359/926]   Tests created: 1
16:55:16.444 [INFO]   [Creating]        [360/926] org.symphonyoss.symphony.messageml.elements.ListItem.asMarkdown
16:55:16.444 [INFO]   [Creating]        [360/926]   Tests created: 1
16:55:16.516 [INFO]   [Creating]        [361/926] org.symphonyoss.symphony.messageml.elements.ListItem.validate
16:55:16.516 [INFO]   [Creating]        [361/926]   Tests created: 2
16:55:16.517 [INFO]   [Creating]     [58/141] org.symphonyoss.symphony.messageml.elements.ListItem
16:55:16.517 [INFO]   [Creating]     [58/141]   Tests created: 4
16:55:16.517 [INFO]   [Creating]    
================================================================================
= Starting analysis for class 'org.symphonyoss.symphony.messageml.elements.Mention'
================================================================================
16:55:16.517 [INFO]   [Creating]    Filtering out non-testable methods...
16:55:16.523 [INFO]   [Creating]    Filtering of methods complete. Creating analysis request
16:55:16.523 [INFO]   [Creating]    Attempting to get service client, retry 1.
16:55:17.546 [INFO]   [Creating]        [362/926] org.symphonyoss.symphony.messageml.elements.Mention.getEntityIdPrefix
16:55:17.546 [INFO]   [Creating]        [363/926] org.symphonyoss.symphony.messageml.elements.Mention.getEntitySubType
16:55:17.546 [INFO]   [Creating]        [364/926] org.symphonyoss.symphony.messageml.elements.Mention.getEntityType
16:55:17.546 [INFO]   [Creating]        [365/926] org.symphonyoss.symphony.messageml.elements.Mention.getEntityVersion
16:55:17.546 [INFO]   [Creating]        [366/926] org.symphonyoss.symphony.messageml.elements.Mention.getUserPresentation
16:55:17.546 [INFO]   [Creating]        [366/926]   Tests created: 1
16:55:18.449 [INFO]   [Creating]        [367/926] org.symphonyoss.symphony.messageml.elements.Mention.<init>
16:55:18.449 [INFO]   [Creating]        [367/926]   Tests created: 1
16:55:19.269 [INFO]   [Creating]        [368/926] org.symphonyoss.symphony.messageml.elements.Mention.<init>
16:55:19.269 [INFO]   [Creating]        [368/926]   Tests created: 1
16:55:21.376 [INFO]   [Creating]        [369/926] org.symphonyoss.symphony.messageml.elements.Mention.<init>
16:55:21.376 [INFO]   [Creating]        [369/926]   Tests created: 1
16:55:23.777 [INFO]   [Creating]        [370/926] org.symphonyoss.symphony.messageml.elements.Mention.asEntityJson
16:55:23.777 [INFO]   [Creating]        [370/926]   Tests created: 1
16:55:27.758 [INFO]   [Creating]        [371/926] org.symphonyoss.symphony.messageml.elements.Mention.asMarkdown
16:55:27.758 [INFO]   [Creating]        [371/926]   Tests created: 2
16:55:32.060 [INFO]   [Creating]        [372/926] org.symphonyoss.symphony.messageml.elements.Mention.asPresentationML
16:55:32.060 [INFO]   [Creating]        [372/926]   Tests created: 5
16:55:34.202 [INFO]   [Creating]        [373/926] org.symphonyoss.symphony.messageml.elements.Mention.asText
16:55:34.202 [INFO]   [Creating]        [373/926]   R013: No inputs found that don't throw a trivial exception
16:55:34.203 [INFO]   [Creating]        [373/926]     Diffblue Cover tried to run the arrange/act section, but the test threw
16:55:34.203 [INFO]   [Creating]        [373/926]     java.lang.NullPointerException
16:55:34.203 [INFO]   [Creating]        [373/926]         at org.symphonyoss.symphony.messageml.elements.Mention.asText(Mention.java:168)
16:55:34.203 [INFO]   [Creating]        [373/926]     In order to prevent asText()
16:55:34.203 [INFO]   [Creating]        [373/926]     from throwing NullPointerException, add constructors or factory
16:55:34.203 [INFO]   [Creating]        [373/926]     methods that make it easier to construct fully initialized objects used in
16:55:34.203 [INFO]   [Creating]        [373/926]     asText().
16:55:34.203 [INFO]   [Creating]        [373/926]     See https://diff.blue/R013 to resolve this issue.
16:55:35.639 [INFO]   [Creating]        [374/926] org.symphonyoss.symphony.messageml.elements.Mention.buildAttribute
16:55:35.639 [INFO]   [Creating]        [374/926]   Tests created: 1
16:55:37.254 [INFO]   [Creating]        [375/926] org.symphonyoss.symphony.messageml.elements.Mention.getEntityValue
16:55:37.254 [INFO]   [Creating]        [375/926]   Tests created: 2
16:55:39.191 [INFO]   [Creating]        [376/926] org.symphonyoss.symphony.messageml.elements.Mention.toString
16:55:39.191 [INFO]   [Creating]        [376/926]   Tests created: 2
16:55:44.896 [INFO]   [Creating]        [377/926] org.symphonyoss.symphony.messageml.elements.Mention.updateBiContext
16:55:44.896 [INFO]   [Creating]        [377/926]   Tests created: 6
16:55:45.093 [INFO]   [Creating]        [378/926] org.symphonyoss.symphony.messageml.elements.Mention.validate
16:55:45.093 [INFO]   [Creating]        [378/926]   Tests created: 3
16:55:45.094 [INFO]   [Creating]     [59/141] org.symphonyoss.symphony.messageml.elements.Mention
16:55:45.094 [INFO]   [Creating]     [59/141]   Tests created: 26
16:55:45.094 [INFO]   [Creating]    
================================================================================
= Starting analysis for class 'org.symphonyoss.symphony.messageml.elements.MessageML'
================================================================================
16:55:45.094 [INFO]   [Creating]    Filtering out non-testable methods...
16:55:45.097 [INFO]   [Creating]    Filtering of methods complete. Creating analysis request
16:55:45.097 [INFO]   [Creating]    Attempting to get service client, retry 1.
16:55:47.170 [INFO]   [Creating]        [379/926] org.symphonyoss.symphony.messageml.elements.MessageML.<init>
16:55:47.170 [INFO]   [Creating]        [380/926] org.symphonyoss.symphony.messageml.elements.MessageML.getPresentationMLTag
16:55:47.171 [INFO]   [Creating]        [381/926] org.symphonyoss.symphony.messageml.elements.MessageML.isChime
16:55:47.171 [INFO]   [Creating]        [382/926] org.symphonyoss.symphony.messageml.elements.MessageML.setChime
16:55:47.171 [INFO]   [Creating]        [382/926]   Tests created: 1
16:55:49.894 [INFO]   [Creating]        [383/926] org.symphonyoss.symphony.messageml.elements.MessageML.asEntityJson
16:55:49.894 [INFO]   [Creating]        [383/926]   Tests created: 3
16:55:54.798 [INFO]   [Creating]        [384/926] org.symphonyoss.symphony.messageml.elements.MessageML.asMarkdown
16:55:54.799 [INFO]   [Creating]        [384/926]   Tests created: 9
16:55:58.388 [INFO]   [Creating]        [385/926] org.symphonyoss.symphony.messageml.elements.MessageML.asPresentationML
16:55:58.388 [INFO]   [Creating]        [385/926]   Tests created: 18
16:56:01.988 [INFO]   [Creating]        [386/926] org.symphonyoss.symphony.messageml.elements.MessageML.buildAttribute
16:56:01.988 [INFO]   [Creating]        [386/926]   Tests created: 2
16:56:06.370 [INFO]   [Creating]        [387/926] org.symphonyoss.symphony.messageml.elements.MessageML.enhanceFinancialTags
16:56:06.370 [INFO]   [Creating]        [387/926]   Tests created: 4
16:56:06.809 [INFO]   [Creating]        [388/926] org.symphonyoss.symphony.messageml.elements.MessageML.validate
16:56:06.809 [INFO]   [Creating]        [388/926]   Tests created: 6
16:56:06.809 [INFO]   [Creating]     [60/141] org.symphonyoss.symphony.messageml.elements.MessageML
16:56:06.809 [INFO]   [Creating]     [60/141]   Tests created: 43
16:56:06.810 [INFO]   [Creating]    
================================================================================
= Starting analysis for class 'org.symphonyoss.symphony.messageml.elements.MinMaxLengthElement'
================================================================================
16:56:06.810 [INFO]   [Creating]    Filtering out non-testable methods...
16:56:06.814 [INFO]   [Creating]    Filtering of methods complete. Creating analysis request
16:56:06.814 [INFO]   [Creating]    Attempting to get service client, retry 1.
16:56:09.237 [INFO]   [Creating]        [389/926] org.symphonyoss.symphony.messageml.elements.MinMaxLengthElement.getAttributeAsInteger
16:56:09.237 [INFO]   [Creating]        [389/926]   Tests created: 1
16:56:10.380 [INFO]   [Creating]        [390/926] org.symphonyoss.symphony.messageml.elements.MinMaxLengthElement.getDefaultValueIfCurrentIsNull
16:56:10.380 [INFO]   [Creating]        [390/926]   Tests created: 5
16:56:11.997 [INFO]   [Creating]        [391/926] org.symphonyoss.symphony.messageml.elements.MinMaxLengthElement.getLengthErrorMessage
16:56:11.997 [INFO]   [Creating]        [391/926]   Tests created: 1
16:56:13.305 [INFO]   [Creating]        [392/926] org.symphonyoss.symphony.messageml.elements.MinMaxLengthElement.isLengthOutOfRange
16:56:13.305 [INFO]   [Creating]        [392/926]   Tests created: 3
16:56:14.700 [INFO]   [Creating]        [393/926] org.symphonyoss.symphony.messageml.elements.MinMaxLengthElement.isMinAndMaxLengthCombinationValid
16:56:14.700 [INFO]   [Creating]        [393/926]   Tests created: 4
16:56:16.089 [INFO]   [Creating]        [394/926] org.symphonyoss.symphony.messageml.elements.MinMaxLengthElement.isTextBiggerThanMaxLength
16:56:16.089 [INFO]   [Creating]        [394/926]   Tests created: 4
16:56:17.250 [INFO]   [Creating]        [395/926] org.symphonyoss.symphony.messageml.elements.MinMaxLengthElement.isTextSmallerThanMinLength
16:56:17.250 [INFO]   [Creating]        [395/926]   Tests created: 4
16:56:18.958 [INFO]   [Creating]        [396/926] org.symphonyoss.symphony.messageml.elements.MinMaxLengthElement.validateInitialValueIfFound
16:56:18.958 [INFO]   [Creating]        [396/926]   Tests created: 1
16:56:19.018 [INFO]   [Creating]        [397/926] org.symphonyoss.symphony.messageml.elements.MinMaxLengthElement.validateMinAndMaxLengths
16:56:19.018 [INFO]   [Creating]        [397/926]   Tests created: 1
16:56:19.018 [INFO]   [Creating]     [61/141] org.symphonyoss.symphony.messageml.elements.MinMaxLengthElement
16:56:19.019 [INFO]   [Creating]     [61/141]   Tests created: 24
16:56:19.019 [INFO]   [Creating]    
================================================================================
= Starting analysis for class 'org.symphonyoss.symphony.messageml.elements.Option'
================================================================================
16:56:19.019 [INFO]   [Creating]    Filtering out non-testable methods...
16:56:19.021 [INFO]   [Creating]    Filtering of methods complete. Creating analysis request
16:56:19.021 [INFO]   [Creating]    Attempting to get service client, retry 1.
16:56:20.467 [INFO]   [Creating]        [398/926] org.symphonyoss.symphony.messageml.elements.Option.<init>
16:56:20.467 [INFO]   [Creating]        [398/926]   Tests created: 1
16:56:21.570 [INFO]   [Creating]        [399/926] org.symphonyoss.symphony.messageml.elements.Option.asMarkdown
16:56:21.570 [INFO]   [Creating]        [399/926]   Tests created: 1
16:56:23.090 [INFO]   [Creating]        [400/926] org.symphonyoss.symphony.messageml.elements.Option.buildAttribute
16:56:23.090 [INFO]   [Creating]        [400/926]   Tests created: 1
16:56:23.127 [INFO]   [Creating]        [401/926] org.symphonyoss.symphony.messageml.elements.Option.validate
16:56:23.127 [INFO]   [Creating]        [401/926]   Tests created: 1
16:56:23.128 [INFO]   [Creating]     [62/141] org.symphonyoss.symphony.messageml.elements.Option
16:56:23.128 [INFO]   [Creating]     [62/141]   Tests created: 4
16:56:23.128 [INFO]   [Creating]    
================================================================================
= Starting analysis for class 'org.symphonyoss.symphony.messageml.elements.OrderedList'
================================================================================
16:56:23.128 [INFO]   [Creating]    Filtering out non-testable methods...
16:56:23.129 [INFO]   [Creating]    Filtering of methods complete. Creating analysis request
16:56:23.129 [INFO]   [Creating]    Attempting to get service client, retry 1.
16:56:24.574 [INFO]   [Creating]        [402/926] org.symphonyoss.symphony.messageml.elements.OrderedList.<init>
16:56:24.574 [INFO]   [Creating]        [402/926]   Tests created: 1
16:56:26.072 [INFO]   [Creating]        [403/926] org.symphonyoss.symphony.messageml.elements.OrderedList.asMarkdown
16:56:26.072 [INFO]   [Creating]        [403/926]   Tests created: 1
16:56:27.829 [INFO]   [Creating]        [404/926] org.symphonyoss.symphony.messageml.elements.OrderedList.updateBiContext
16:56:27.829 [INFO]   [Creating]        [404/926]   Tests created: 6
16:56:27.924 [INFO]   [Creating]        [405/926] org.symphonyoss.symphony.messageml.elements.OrderedList.validate
16:56:27.924 [INFO]   [Creating]        [405/926]   Tests created: 2
16:56:27.925 [INFO]   [Creating]     [63/141] org.symphonyoss.symphony.messageml.elements.OrderedList
16:56:27.925 [INFO]   [Creating]     [63/141]   Tests created: 10
16:56:27.925 [INFO]   [Creating]    
================================================================================
= Starting analysis for class 'org.symphonyoss.symphony.messageml.elements.Paragraph'
================================================================================
16:56:27.925 [INFO]   [Creating]    Filtering out non-testable methods...
16:56:27.927 [INFO]   [Creating]    Filtering of methods complete. Creating analysis request
16:56:27.927 [INFO]   [Creating]    Attempting to get service client, retry 1.
16:56:28.681 [INFO]   [Creating]        [406/926] org.symphonyoss.symphony.messageml.elements.Paragraph.toString
16:56:28.682 [INFO]   [Creating]        [406/926]   Tests created: 1
16:56:29.433 [INFO]   [Creating]        [407/926] org.symphonyoss.symphony.messageml.elements.Paragraph.<init>
16:56:29.433 [INFO]   [Creating]        [407/926]   Tests created: 1
16:56:30.187 [INFO]   [Creating]        [408/926] org.symphonyoss.symphony.messageml.elements.Paragraph.asMarkdown
16:56:30.187 [INFO]   [Creating]        [408/926]   Tests created: 1
16:56:31.675 [INFO]   [Creating]        [409/926] org.symphonyoss.symphony.messageml.elements.Paragraph.asText
16:56:31.675 [INFO]   [Creating]        [409/926]   Tests created: 1
16:56:32.004 [INFO]   [Creating]        [410/926] org.symphonyoss.symphony.messageml.elements.Paragraph.updateBiContext
16:56:32.004 [INFO]   [Creating]        [410/926]   Tests created: 6
16:56:32.005 [INFO]   [Creating]     [64/141] org.symphonyoss.symphony.messageml.elements.Paragraph
16:56:32.005 [INFO]   [Creating]     [64/141]   Tests created: 10
16:56:32.006 [INFO]   [Creating]    
================================================================================
= Starting analysis for class 'org.symphonyoss.symphony.messageml.elements.PersonSelector'
================================================================================
16:56:32.006 [INFO]   [Creating]    Filtering out non-testable methods...
16:56:32.008 [INFO]   [Creating]    Filtering of methods complete. Creating analysis request
16:56:32.008 [INFO]   [Creating]    Attempting to get service client, retry 1.
16:56:33.326 [INFO]   [Creating]        [411/926] org.symphonyoss.symphony.messageml.elements.PersonSelector.<init>
16:56:33.326 [INFO]   [Creating]        [412/926] org.symphonyoss.symphony.messageml.elements.PersonSelector.getElementId
16:56:33.326 [INFO]   [Creating]        [413/926] org.symphonyoss.symphony.messageml.elements.PersonSelector.getPresentationMLTag
16:56:33.326 [INFO]   [Creating]        [413/926]   Tests created: 1
16:56:35.337 [INFO]   [Creating]        [414/926] org.symphonyoss.symphony.messageml.elements.PersonSelector.asMarkdown
16:56:35.337 [INFO]   [Creating]        [414/926]   Tests created: 1
16:56:37.731 [INFO]   [Creating]        [415/926] org.symphonyoss.symphony.messageml.elements.PersonSelector.asPresentationML
16:56:37.731 [INFO]   [Creating]        [415/926]   Tests created: 4
16:56:39.449 [INFO]   [Creating]        [416/926] org.symphonyoss.symphony.messageml.elements.PersonSelector.buildAll
16:56:39.449 [INFO]   [Creating]        [416/926]   Tests created: 4
16:56:40.572 [INFO]   [Creating]        [417/926] org.symphonyoss.symphony.messageml.elements.PersonSelector.buildAttribute
16:56:40.572 [INFO]   [Creating]        [417/926]   Tests created: 2
16:56:42.219 [INFO]   [Creating]        [418/926] org.symphonyoss.symphony.messageml.elements.PersonSelector.updateBiContext
16:56:42.219 [INFO]   [Creating]        [418/926]   Tests created: 1
16:56:42.325 [INFO]   [Creating]        [419/926] org.symphonyoss.symphony.messageml.elements.PersonSelector.validate
16:56:42.325 [INFO]   [Creating]        [419/926]   Tests created: 2
16:56:42.326 [INFO]   [Creating]     [65/141] org.symphonyoss.symphony.messageml.elements.PersonSelector
16:56:42.326 [INFO]   [Creating]     [65/141]   Tests created: 15
16:56:42.326 [INFO]   [Creating]    
================================================================================
= Starting analysis for class 'org.symphonyoss.symphony.messageml.elements.Preformatted'
================================================================================
16:56:42.326 [INFO]   [Creating]    Filtering out non-testable methods...
16:56:42.328 [INFO]   [Creating]    Filtering of methods complete. Creating analysis request
16:56:42.328 [INFO]   [Creating]    Attempting to get service client, retry 1.
16:56:43.823 [INFO]   [Creating]        [420/926] org.symphonyoss.symphony.messageml.elements.Preformatted.<init>
16:56:43.823 [INFO]   [Creating]        [420/926]   Tests created: 1
16:56:47.258 [INFO]   [Creating]        [421/926] org.symphonyoss.symphony.messageml.elements.Preformatted.asMarkdown
16:56:47.258 [INFO]   [Creating]        [421/926]   Tests created: 1
16:56:49.024 [INFO]   [Creating]        [422/926] org.symphonyoss.symphony.messageml.elements.Preformatted.asPresentationML
16:56:49.024 [INFO]   [Creating]        [422/926]   Tests created: 7
16:56:50.863 [INFO]   [Creating]        [423/926] org.symphonyoss.symphony.messageml.elements.Preformatted.updateBiContext
16:56:50.863 [INFO]   [Creating]        [423/926]   Tests created: 6
16:56:51.021 [INFO]   [Creating]        [424/926] org.symphonyoss.symphony.messageml.elements.Preformatted.validate
16:56:51.021 [INFO]   [Creating]        [424/926]   Tests created: 3
16:56:51.021 [INFO]   [Creating]     [66/141] org.symphonyoss.symphony.messageml.elements.Preformatted
16:56:51.021 [INFO]   [Creating]     [66/141]   Tests created: 18
16:56:51.022 [INFO]   [Creating]    
================================================================================
= Starting analysis for class 'org.symphonyoss.symphony.messageml.elements.Radio'
================================================================================
16:56:51.022 [INFO]   [Creating]    Filtering out non-testable methods...
16:56:51.024 [INFO]   [Creating]    Filtering of methods complete. Creating analysis request
16:56:51.024 [INFO]   [Creating]    Attempting to get service client, retry 1.
16:56:53.575 [INFO]   [Creating]        [425/926] org.symphonyoss.symphony.messageml.elements.Radio.<init>
16:56:53.575 [INFO]   [Creating]        [426/926] org.symphonyoss.symphony.messageml.elements.Radio.getElementId
16:56:53.575 [INFO]   [Creating]        [427/926] org.symphonyoss.symphony.messageml.elements.Radio.getPresentationMLDivClass
16:56:53.575 [INFO]   [Creating]        [428/926] org.symphonyoss.symphony.messageml.elements.Radio.getPresentationMLInputType
16:56:53.575 [INFO]   [Creating]        [428/926]   Tests created: 1
16:56:55.190 [INFO]   [Creating]        [429/926] org.symphonyoss.symphony.messageml.elements.Radio.asMarkdown
16:56:55.190 [INFO]   [Creating]        [429/926]   Tests created: 4
16:56:56.460 [INFO]   [Creating]        [430/926] org.symphonyoss.symphony.messageml.elements.Radio.buildAttribute
16:56:56.460 [INFO]   [Creating]        [430/926]   Tests created: 2
16:56:58.145 [INFO]   [Creating]        [431/926] org.symphonyoss.symphony.messageml.elements.Radio.updateBiContext
16:56:58.145 [INFO]   [Creating]        [431/926]   Tests created: 4
16:56:58.271 [INFO]   [Creating]        [432/926] org.symphonyoss.symphony.messageml.elements.Radio.validate
16:56:58.271 [INFO]   [Creating]        [432/926]   Tests created: 2
16:56:58.271 [INFO]   [Creating]     [67/141] org.symphonyoss.symphony.messageml.elements.Radio
16:56:58.271 [INFO]   [Creating]     [67/141]   Tests created: 13
16:56:58.272 [INFO]   [Creating]    
================================================================================
= Starting analysis for class 'org.symphonyoss.symphony.messageml.elements.RegexElement'
================================================================================
16:56:58.272 [INFO]   [Creating]    Filtering out non-testable methods...
16:56:58.275 [INFO]   [Creating]    Filtering of methods complete. Creating analysis request
16:56:58.275 [INFO]   [Creating]    Attempting to get service client, retry 1.
16:57:00.111 [INFO]   [Creating]        [433/926] org.symphonyoss.symphony.messageml.elements.RegexElement.getOtherAttributes
16:57:00.111 [INFO]   [Creating]        [433/926]   Tests created: 1
16:57:01.290 [INFO]   [Creating]        [434/926] org.symphonyoss.symphony.messageml.elements.RegexElement.getRegexAttrForPresentationML
16:57:01.290 [INFO]   [Creating]        [434/926]   Tests created: 1
16:57:01.324 [INFO]   [Creating]        [435/926] org.symphonyoss.symphony.messageml.elements.RegexElement.validateRegex
16:57:01.324 [INFO]   [Creating]        [435/926]   Tests created: 1
16:57:01.325 [INFO]   [Creating]     [68/141] org.symphonyoss.symphony.messageml.elements.RegexElement
16:57:01.325 [INFO]   [Creating]     [68/141]   Tests created: 3
16:57:01.326 [INFO]   [Creating]    
================================================================================
= Starting analysis for class 'org.symphonyoss.symphony.messageml.elements.RoomSelector'
================================================================================
16:57:01.326 [INFO]   [Creating]    Filtering out non-testable methods...
16:57:01.328 [INFO]   [Creating]    Filtering of methods complete. Creating analysis request
16:57:01.328 [INFO]   [Creating]    Attempting to get service client, retry 1.
16:57:02.404 [INFO]   [Creating]        [436/926] org.symphonyoss.symphony.messageml.elements.RoomSelector.<init>
16:57:02.404 [INFO]   [Creating]        [437/926] org.symphonyoss.symphony.messageml.elements.RoomSelector.getElementId
16:57:02.404 [INFO]   [Creating]        [438/926] org.symphonyoss.symphony.messageml.elements.RoomSelector.getPresentationMLTag
16:57:02.404 [INFO]   [Creating]        [438/926]   Tests created: 1
16:57:04.433 [INFO]   [Creating]        [439/926] org.symphonyoss.symphony.messageml.elements.RoomSelector.asMarkdown
16:57:04.433 [INFO]   [Creating]        [439/926]   Tests created: 1
16:57:06.667 [INFO]   [Creating]        [440/926] org.symphonyoss.symphony.messageml.elements.RoomSelector.asPresentationML
16:57:06.667 [INFO]   [Creating]        [440/926]   Tests created: 4
16:57:08.354 [INFO]   [Creating]        [441/926] org.symphonyoss.symphony.messageml.elements.RoomSelector.buildAll
16:57:08.354 [INFO]   [Creating]        [441/926]   Tests created: 4
16:57:09.486 [INFO]   [Creating]        [442/926] org.symphonyoss.symphony.messageml.elements.RoomSelector.buildAttribute
16:57:09.486 [INFO]   [Creating]        [442/926]   Tests created: 2
16:57:11.067 [INFO]   [Creating]        [443/926] org.symphonyoss.symphony.messageml.elements.RoomSelector.updateBiContext
16:57:11.067 [INFO]   [Creating]        [443/926]   Tests created: 1
16:57:11.188 [INFO]   [Creating]        [444/926] org.symphonyoss.symphony.messageml.elements.RoomSelector.validate
16:57:11.188 [INFO]   [Creating]        [444/926]   Tests created: 2
16:57:11.189 [INFO]   [Creating]     [69/141] org.symphonyoss.symphony.messageml.elements.RoomSelector
16:57:11.189 [INFO]   [Creating]     [69/141]   Tests created: 15
16:57:11.189 [INFO]   [Creating]    
================================================================================
= Starting analysis for class 'org.symphonyoss.symphony.messageml.elements.Select'
================================================================================
16:57:11.189 [INFO]   [Creating]    Filtering out non-testable methods...
16:57:11.192 [INFO]   [Creating]    Filtering of methods complete. Creating analysis request
16:57:11.192 [INFO]   [Creating]    Attempting to get service client, retry 1.
16:57:11.988 [INFO]   [Creating]        [445/926] org.symphonyoss.symphony.messageml.elements.Select.getElementId
16:57:11.988 [INFO]   [Creating]        [445/926]   Tests created: 1
16:57:12.872 [INFO]   [Creating]        [446/926] org.symphonyoss.symphony.messageml.elements.Select.<init>
16:57:12.872 [INFO]   [Creating]        [446/926]   Tests created: 1
16:57:14.233 [INFO]   [Creating]        [447/926] org.symphonyoss.symphony.messageml.elements.Select.asMarkdown
16:57:14.233 [INFO]   [Creating]        [447/926]   Tests created: 1
16:57:15.734 [INFO]   [Creating]        [448/926] org.symphonyoss.symphony.messageml.elements.Select.buildAttribute
16:57:15.734 [INFO]   [Creating]        [448/926]   Tests created: 1
16:58:55.047 [INFO]   [Creating]        [449/926] org.symphonyoss.symphony.messageml.elements.Select.updateBiContext
16:58:55.047 [INFO]   [Creating]        [449/926]   Tests created: 3
16:58:55.143 [INFO]   [Creating]        [450/926] org.symphonyoss.symphony.messageml.elements.Select.validate
16:58:55.143 [INFO]   [Creating]        [450/926]   Tests created: 2
16:58:55.144 [INFO]   [Creating]     [70/141] org.symphonyoss.symphony.messageml.elements.Select
16:58:55.144 [INFO]   [Creating]     [70/141]   Tests created: 9
16:58:55.144 [INFO]   [Creating]    
================================================================================
= Starting analysis for class 'org.symphonyoss.symphony.messageml.elements.Span'
================================================================================
16:58:55.144 [INFO]   [Creating]    Filtering out non-testable methods...
16:58:55.145 [INFO]   [Creating]    Filtering of methods complete. Creating analysis request
16:58:55.145 [INFO]   [Creating]    Attempting to get service client, retry 1.
16:58:56.781 [INFO]   [Creating]        [451/926] org.symphonyoss.symphony.messageml.elements.Span.<init>
16:58:56.781 [INFO]   [Creating]        [451/926]   Tests created: 1
16:58:58.060 [INFO]   [Creating]        [452/926] org.symphonyoss.symphony.messageml.elements.Span.asEntityJson
16:58:58.060 [INFO]   [Creating]        [452/926]   Tests created: 1
16:58:59.575 [INFO]   [Creating]        [453/926] org.symphonyoss.symphony.messageml.elements.Span.buildAttribute
16:58:59.575 [INFO]   [Creating]        [453/926]   Tests created: 1
16:59:01.275 [INFO]   [Creating]        [454/926] org.symphonyoss.symphony.messageml.elements.Span.updateBiContext
16:59:01.275 [INFO]   [Creating]        [454/926]   Tests created: 6
16:59:01.332 [INFO]   [Creating]        [455/926] org.symphonyoss.symphony.messageml.elements.Span.validate
16:59:01.332 [INFO]   [Creating]        [455/926]   Tests created: 1
16:59:01.333 [INFO]   [Creating]     [71/141] org.symphonyoss.symphony.messageml.elements.Span
16:59:01.333 [INFO]   [Creating]     [71/141]   Tests created: 10
16:59:01.333 [INFO]   [Creating]    
================================================================================
= Starting analysis for class 'org.symphonyoss.symphony.messageml.elements.SplittableElement'
================================================================================
16:59:01.333 [INFO]   [Creating]    Filtering out non-testable methods...
16:59:01.342 [INFO]   [Creating]    Filtering of methods complete. Creating analysis request
16:59:01.342 [INFO]   [Creating]    Attempting to get service client, retry 1.
16:59:04.545 [INFO]   [Creating]        [456/926] org.symphonyoss.symphony.messageml.elements.SplittableElement.getElementId
16:59:04.545 [INFO]   [Creating]        [456/926]   Tests created: 1
16:59:06.111 [INFO]   [Creating]        [457/926] org.symphonyoss.symphony.messageml.elements.SplittableElement.fillAttributes
16:59:06.111 [INFO]   [Creating]        [457/926]   R013: No inputs found that don't throw a trivial exception
16:59:06.111 [INFO]   [Creating]        [457/926]     Diffblue Cover tried to run the arrange/act section, but the test threw
16:59:06.111 [INFO]   [Creating]        [457/926]     org.w3c.dom.DOMException: Method not supported
16:59:06.111 [INFO]   [Creating]        [457/926]         at javax.imageio.metadata.IIOMetadataNode.getTextContent(IIOMetadataNode.java:1097)
16:59:06.111 [INFO]   [Creating]        [457/926]         at org.symphonyoss.symphony.messageml.elements.Element.getStringAttribute(Element.java:484)
16:59:06.111 [INFO]   [Creating]        [457/926]         at org.symphonyoss.symphony.messageml.elements.SplittableElement.fillAttributes(SplittableElement.java:159)
16:59:06.111 [INFO]   [Creating]        [457/926]         at org.symphonyoss.symphony.messageml.elements.SplittableElement.fillAttributes(SplittableElement.java:182)
16:59:06.111 [INFO]   [Creating]        [457/926]     In order to prevent fillAttributes(MessageMLParser, Node)
16:59:06.111 [INFO]   [Creating]        [457/926]     from throwing DOMException, add constructors or factory
16:59:06.111 [INFO]   [Creating]        [457/926]     methods that make it easier to construct fully initialized objects used in
16:59:06.111 [INFO]   [Creating]        [457/926]     fillAttributes(MessageMLParser, Node).
16:59:06.111 [INFO]   [Creating]        [457/926]     See https://diff.blue/R013 to resolve this issue.
16:59:06.922 [INFO]   [Creating]        [458/926] org.symphonyoss.symphony.messageml.elements.SplittableElement.fillAttributes
16:59:06.922 [INFO]   [Creating]        [458/926]   R013: No inputs found that don't throw a trivial exception
16:59:06.922 [INFO]   [Creating]        [458/926]     Diffblue Cover tried to run the arrange/act section, but the test threw
16:59:06.922 [INFO]   [Creating]        [458/926]     org.w3c.dom.DOMException: Method not supported
16:59:06.922 [INFO]   [Creating]        [458/926]         at javax.imageio.metadata.IIOMetadataNode.getTextContent(IIOMetadataNode.java:1097)
16:59:06.922 [INFO]   [Creating]        [458/926]         at org.symphonyoss.symphony.messageml.elements.Element.getStringAttribute(Element.java:484)
16:59:06.922 [INFO]   [Creating]        [458/926]         at org.symphonyoss.symphony.messageml.elements.SplittableElement.fillAttributes(SplittableElement.java:159)
16:59:06.922 [INFO]   [Creating]        [458/926]     In order to prevent fillAttributes(MessageMLParser, Node, Map)
16:59:06.922 [INFO]   [Creating]        [458/926]     from throwing DOMException, add constructors or factory
16:59:06.922 [INFO]   [Creating]        [458/926]     methods that make it easier to construct fully initialized objects used in
16:59:06.922 [INFO]   [Creating]        [458/926]     fillAttributes(MessageMLParser, Node, Map).
16:59:06.922 [INFO]   [Creating]        [458/926]     See https://diff.blue/R013 to resolve this issue.
16:59:08.287 [INFO]   [Creating]        [459/926] org.symphonyoss.symphony.messageml.elements.SplittableElement.isSplittable
16:59:08.287 [INFO]   [Creating]        [459/926]   Tests created: 1
16:59:10.509 [INFO]   [Creating]        [460/926] org.symphonyoss.symphony.messageml.elements.SplittableElement.isSplittableNodeComponent
16:59:10.509 [INFO]   [Creating]        [460/926]   Tests created: 3
16:59:11.465 [INFO]   [Creating]        [461/926] org.symphonyoss.symphony.messageml.elements.SplittableElement.splittableAsPresentationML
16:59:11.465 [INFO]   [Creating]        [461/926]   Tests created: 4
16:59:13.104 [INFO]   [Creating]        [462/926] org.symphonyoss.symphony.messageml.elements.SplittableElement.splittableRemove
16:59:13.104 [INFO]   [Creating]        [462/926]   Tests created: 1
16:59:13.145 [INFO]   [Creating]        [463/926] org.symphonyoss.symphony.messageml.elements.SplittableElement.validateSplittable
16:59:13.145 [INFO]   [Creating]        [463/926]   Tests created: 1
16:59:13.146 [INFO]   [Creating]     [72/141] org.symphonyoss.symphony.messageml.elements.SplittableElement
16:59:13.146 [INFO]   [Creating]     [72/141]   Tests created: 11
16:59:13.147 [INFO]   [Creating]    
================================================================================
= Starting analysis for class 'org.symphonyoss.symphony.messageml.elements.Styles'
================================================================================
16:59:13.147 [INFO]   [Creating]    Filtering out non-testable methods...
16:59:13.148 [INFO]   [Creating]    Filtering of methods complete. Creating analysis request
16:59:13.148 [INFO]   [Creating]    Attempting to get service client, retry 1.
16:59:13.179 [INFO]   [Creating]        [464/926] org.symphonyoss.symphony.messageml.elements.Styles.<init>
16:59:13.179 [INFO]   [Creating]        [464/926]   T005: Trivial constructor
16:59:13.179 [INFO]   [Creating]        [464/926]     See https://diff.blue/T005
16:59:15.610 [INFO]   [Creating]        [465/926] org.symphonyoss.symphony.messageml.elements.Styles.validate
16:59:15.610 [INFO]   [Creating]        [465/926]   Tests created: 4
16:59:15.610 [INFO]   [Creating]     [73/141] org.symphonyoss.symphony.messageml.elements.Styles
16:59:15.610 [INFO]   [Creating]     [73/141]   Tests created: 4
16:59:15.611 [INFO]   [Creating]    
================================================================================
= Starting analysis for class 'org.symphonyoss.symphony.messageml.elements.Subscript'
================================================================================
16:59:15.611 [INFO]   [Creating]    Filtering out non-testable methods...
16:59:15.612 [INFO]   [Creating]    Filtering of methods complete. Creating analysis request
16:59:15.612 [INFO]   [Creating]    Attempting to get service client, retry 1.
16:59:17.076 [INFO]   [Creating]        [466/926] org.symphonyoss.symphony.messageml.elements.Subscript.<init>
16:59:17.076 [INFO]   [Creating]        [466/926]   Tests created: 1
16:59:17.119 [INFO]   [Creating]        [467/926] org.symphonyoss.symphony.messageml.elements.Subscript.asMarkdown
16:59:17.119 [INFO]   [Creating]        [467/926]   Tests created: 1
16:59:17.119 [INFO]   [Creating]     [74/141] org.symphonyoss.symphony.messageml.elements.Subscript
16:59:17.119 [INFO]   [Creating]     [74/141]   Tests created: 2
16:59:17.120 [INFO]   [Creating]    
================================================================================
= Starting analysis for class 'org.symphonyoss.symphony.messageml.elements.Superscript'
================================================================================
16:59:17.120 [INFO]   [Creating]    Filtering out non-testable methods...
16:59:17.121 [INFO]   [Creating]    Filtering of methods complete. Creating analysis request
16:59:17.121 [INFO]   [Creating]    Attempting to get service client, retry 1.
16:59:18.578 [INFO]   [Creating]        [468/926] org.symphonyoss.symphony.messageml.elements.Superscript.<init>
16:59:18.578 [INFO]   [Creating]        [468/926]   Tests created: 1
16:59:18.619 [INFO]   [Creating]        [469/926] org.symphonyoss.symphony.messageml.elements.Superscript.asMarkdown
16:59:18.619 [INFO]   [Creating]        [469/926]   Tests created: 1
16:59:18.620 [INFO]   [Creating]     [75/141] org.symphonyoss.symphony.messageml.elements.Superscript
16:59:18.620 [INFO]   [Creating]     [75/141]   Tests created: 2
16:59:18.621 [INFO]   [Creating]    
================================================================================
= Starting analysis for class 'org.symphonyoss.symphony.messageml.elements.Table'
================================================================================
16:59:18.621 [INFO]   [Creating]    Filtering out non-testable methods...
16:59:18.622 [INFO]   [Creating]    Filtering of methods complete. Creating analysis request
16:59:18.622 [INFO]   [Creating]    Attempting to get service client, retry 1.
16:59:19.384 [INFO]   [Creating]        [470/926] org.symphonyoss.symphony.messageml.elements.Table.toString
16:59:19.384 [INFO]   [Creating]        [470/926]   Tests created: 1
16:59:20.177 [INFO]   [Creating]        [471/926] org.symphonyoss.symphony.messageml.elements.Table.<init>
16:59:20.177 [INFO]   [Creating]        [471/926]   Tests created: 1
16:59:22.490 [INFO]   [Creating]        [472/926] org.symphonyoss.symphony.messageml.elements.Table.asMarkdown
16:59:22.490 [INFO]   [Creating]        [472/926]   Tests created: 1
16:59:24.379 [INFO]   [Creating]        [473/926] org.symphonyoss.symphony.messageml.elements.Table.updateBiContext
16:59:24.379 [INFO]   [Creating]        [473/926]   Tests created: 8
16:59:24.484 [INFO]   [Creating]        [474/926] org.symphonyoss.symphony.messageml.elements.Table.validate
16:59:24.484 [INFO]   [Creating]        [474/926]   Tests created: 2
16:59:24.485 [INFO]   [Creating]     [76/141] org.symphonyoss.symphony.messageml.elements.Table
16:59:24.485 [INFO]   [Creating]     [76/141]   Tests created: 13
16:59:24.486 [INFO]   [Creating]    
================================================================================
= Starting analysis for class 'org.symphonyoss.symphony.messageml.elements.TableBody'
================================================================================
16:59:24.486 [INFO]   [Creating]    Filtering out non-testable methods...
16:59:24.487 [INFO]   [Creating]    Filtering of methods complete. Creating analysis request
16:59:24.487 [INFO]   [Creating]    Attempting to get service client, retry 1.
16:59:25.247 [INFO]   [Creating]        [475/926] org.symphonyoss.symphony.messageml.elements.TableBody.toString
16:59:25.247 [INFO]   [Creating]        [475/926]   Tests created: 1
16:59:26.860 [INFO]   [Creating]        [476/926] org.symphonyoss.symphony.messageml.elements.TableBody.<init>
16:59:26.860 [INFO]   [Creating]        [476/926]   Tests created: 1
16:59:26.928 [INFO]   [Creating]        [477/926] org.symphonyoss.symphony.messageml.elements.TableBody.validate
16:59:26.928 [INFO]   [Creating]        [477/926]   Tests created: 2
16:59:26.929 [INFO]   [Creating]     [77/141] org.symphonyoss.symphony.messageml.elements.TableBody
16:59:26.929 [INFO]   [Creating]     [77/141]   Tests created: 4
16:59:26.929 [INFO]   [Creating]    
================================================================================
= Starting analysis for class 'org.symphonyoss.symphony.messageml.elements.TableCell'
================================================================================
16:59:26.929 [INFO]   [Creating]    Filtering out non-testable methods...
16:59:26.931 [INFO]   [Creating]    Filtering of methods complete. Creating analysis request
16:59:26.931 [INFO]   [Creating]    Attempting to get service client, retry 1.
16:59:27.701 [INFO]   [Creating]        [478/926] org.symphonyoss.symphony.messageml.elements.TableCell.toString
16:59:27.701 [INFO]   [Creating]        [478/926]   Tests created: 1
16:59:28.511 [INFO]   [Creating]        [479/926] org.symphonyoss.symphony.messageml.elements.TableCell.<init>
16:59:28.511 [INFO]   [Creating]        [479/926]   Tests created: 1
16:59:29.773 [INFO]   [Creating]        [480/926] org.symphonyoss.symphony.messageml.elements.TableCell.asMarkdown
16:59:29.773 [INFO]   [Creating]        [480/926]   Tests created: 1
16:59:31.759 [INFO]   [Creating]        [481/926] org.symphonyoss.symphony.messageml.elements.TableCell.buildAttribute
16:59:31.759 [INFO]   [Creating]        [481/926]   Tests created: 1
16:59:31.760 [INFO]   [Creating]        [482/926] org.symphonyoss.symphony.messageml.elements.TableCell.updateBiContext
16:59:31.760 [INFO]   [Creating]        [482/926]   Diffblue AI was unable to find a test
16:59:31.761 [INFO]   [Creating]     [78/141] org.symphonyoss.symphony.messageml.elements.TableCell
16:59:31.761 [INFO]   [Creating]     [78/141]   Tests created: 4
16:59:31.762 [INFO]   [Creating]    
================================================================================
= Starting analysis for class 'org.symphonyoss.symphony.messageml.elements.TableFooter'
================================================================================
16:59:31.762 [INFO]   [Creating]    Filtering out non-testable methods...
16:59:31.763 [INFO]   [Creating]    Filtering of methods complete. Creating analysis request
16:59:31.763 [INFO]   [Creating]    Attempting to get service client, retry 1.
16:59:32.538 [INFO]   [Creating]        [483/926] org.symphonyoss.symphony.messageml.elements.TableFooter.toString
16:59:32.538 [INFO]   [Creating]        [483/926]   Tests created: 1
16:59:34.055 [INFO]   [Creating]        [484/926] org.symphonyoss.symphony.messageml.elements.TableFooter.<init>
16:59:34.055 [INFO]   [Creating]        [484/926]   Tests created: 1
16:59:35.809 [INFO]   [Creating]        [485/926] org.symphonyoss.symphony.messageml.elements.TableFooter.updateBiContext
16:59:35.809 [INFO]   [Creating]        [485/926]   Tests created: 6
16:59:35.905 [INFO]   [Creating]        [486/926] org.symphonyoss.symphony.messageml.elements.TableFooter.validate
16:59:35.905 [INFO]   [Creating]        [486/926]   Tests created: 2
16:59:35.906 [INFO]   [Creating]     [79/141] org.symphonyoss.symphony.messageml.elements.TableFooter
16:59:35.906 [INFO]   [Creating]     [79/141]   Tests created: 10
16:59:35.906 [INFO]   [Creating]    
================================================================================
= Starting analysis for class 'org.symphonyoss.symphony.messageml.elements.TableHeader'
================================================================================
16:59:35.906 [INFO]   [Creating]    Filtering out non-testable methods...
16:59:35.907 [INFO]   [Creating]    Filtering of methods complete. Creating analysis request
16:59:35.907 [INFO]   [Creating]    Attempting to get service client, retry 1.
16:59:36.694 [INFO]   [Creating]        [487/926] org.symphonyoss.symphony.messageml.elements.TableHeader.toString
16:59:36.694 [INFO]   [Creating]        [487/926]   Tests created: 1
16:59:38.170 [INFO]   [Creating]        [488/926] org.symphonyoss.symphony.messageml.elements.TableHeader.<init>
16:59:38.170 [INFO]   [Creating]        [488/926]   Tests created: 1
16:59:39.920 [INFO]   [Creating]        [489/926] org.symphonyoss.symphony.messageml.elements.TableHeader.updateBiContext
16:59:39.920 [INFO]   [Creating]        [489/926]   Tests created: 6
16:59:40.020 [INFO]   [Creating]        [490/926] org.symphonyoss.symphony.messageml.elements.TableHeader.validate
16:59:40.020 [INFO]   [Creating]        [490/926]   Tests created: 2
16:59:40.021 [INFO]   [Creating]     [80/141] org.symphonyoss.symphony.messageml.elements.TableHeader
16:59:40.021 [INFO]   [Creating]     [80/141]   Tests created: 10
16:59:40.021 [INFO]   [Creating]    
================================================================================
= Starting analysis for class 'org.symphonyoss.symphony.messageml.elements.TableHeaderCell'
================================================================================
16:59:40.021 [INFO]   [Creating]    Filtering out non-testable methods...
16:59:40.022 [INFO]   [Creating]    Filtering of methods complete. Creating analysis request
16:59:40.022 [INFO]   [Creating]    Attempting to get service client, retry 1.
16:59:40.772 [INFO]   [Creating]        [491/926] org.symphonyoss.symphony.messageml.elements.TableHeaderCell.toString
16:59:40.772 [INFO]   [Creating]        [491/926]   Tests created: 1
16:59:41.544 [INFO]   [Creating]        [492/926] org.symphonyoss.symphony.messageml.elements.TableHeaderCell.<init>
16:59:41.544 [INFO]   [Creating]        [492/926]   Tests created: 1
16:59:41.586 [INFO]   [Creating]        [493/926] org.symphonyoss.symphony.messageml.elements.TableHeaderCell.asMarkdown
16:59:41.586 [INFO]   [Creating]        [493/926]   Tests created: 1
16:59:41.586 [INFO]   [Creating]     [81/141] org.symphonyoss.symphony.messageml.elements.TableHeaderCell
16:59:41.586 [INFO]   [Creating]     [81/141]   Tests created: 3
16:59:41.587 [INFO]   [Creating]    
================================================================================
= Starting analysis for class 'org.symphonyoss.symphony.messageml.elements.TableRow'
================================================================================
16:59:41.587 [INFO]   [Creating]    Filtering out non-testable methods...
16:59:41.588 [INFO]   [Creating]    Filtering of methods complete. Creating analysis request
16:59:41.588 [INFO]   [Creating]    Attempting to get service client, retry 1.
16:59:42.347 [INFO]   [Creating]        [494/926] org.symphonyoss.symphony.messageml.elements.TableRow.toString
16:59:42.347 [INFO]   [Creating]        [494/926]   Tests created: 1
16:59:43.127 [INFO]   [Creating]        [495/926] org.symphonyoss.symphony.messageml.elements.TableRow.<init>
16:59:43.127 [INFO]   [Creating]        [495/926]   Tests created: 1
16:59:44.919 [INFO]   [Creating]        [496/926] org.symphonyoss.symphony.messageml.elements.TableRow.asMarkdown
16:59:44.919 [INFO]   [Creating]        [496/926]   Tests created: 1
16:59:46.655 [INFO]   [Creating]        [497/926] org.symphonyoss.symphony.messageml.elements.TableRow.updateBiContext
16:59:46.655 [INFO]   [Creating]        [497/926]   Tests created: 6
16:59:46.748 [INFO]   [Creating]        [498/926] org.symphonyoss.symphony.messageml.elements.TableRow.validate
16:59:46.748 [INFO]   [Creating]        [498/926]   Tests created: 2
16:59:46.748 [INFO]   [Creating]     [82/141] org.symphonyoss.symphony.messageml.elements.TableRow
16:59:46.748 [INFO]   [Creating]     [82/141]   Tests created: 11
16:59:46.749 [INFO]   [Creating]    
================================================================================
= Starting analysis for class 'org.symphonyoss.symphony.messageml.elements.Tag'
================================================================================
16:59:46.749 [INFO]   [Creating]    Filtering out non-testable methods...
16:59:46.754 [INFO]   [Creating]    Filtering of methods complete. Creating analysis request
16:59:46.754 [INFO]   [Creating]    Attempting to get service client, retry 1.
16:59:47.614 [INFO]   [Creating]        [499/926] org.symphonyoss.symphony.messageml.elements.Tag.getEntityIdPrefix
16:59:47.614 [INFO]   [Creating]        [500/926] org.symphonyoss.symphony.messageml.elements.Tag.getEntitySubType
16:59:47.614 [INFO]   [Creating]        [501/926] org.symphonyoss.symphony.messageml.elements.Tag.getEntityType
16:59:47.614 [INFO]   [Creating]        [501/926]   Tests created: 1
16:59:58.193 [INFO]   [Creating]        [502/926] org.symphonyoss.symphony.messageml.elements.Tag.<init>
16:59:58.193 [INFO]   [Creating]        [502/926]   Tests created: 1
17:00:03.261 [INFO]   [Creating]        [503/926] org.symphonyoss.symphony.messageml.elements.Tag.asEntityJson
17:00:03.261 [INFO]   [Creating]        [503/926]   Tests created: 1
17:00:07.771 [INFO]   [Creating]        [504/926] org.symphonyoss.symphony.messageml.elements.Tag.asMarkdown
17:00:07.771 [INFO]   [Creating]        [504/926]   Tests created: 7
17:00:10.047 [INFO]   [Creating]        [505/926] org.symphonyoss.symphony.messageml.elements.Tag.asPresentationML
17:00:10.047 [INFO]   [Creating]        [505/926]   Tests created: 8
17:00:12.229 [INFO]   [Creating]        [506/926] org.symphonyoss.symphony.messageml.elements.Tag.asText
17:00:12.229 [INFO]   [Creating]        [506/926]   Tests created: 2
17:00:13.987 [INFO]   [Creating]        [507/926] org.symphonyoss.symphony.messageml.elements.Tag.buildAttribute
17:00:13.987 [INFO]   [Creating]        [507/926]   Tests created: 1
17:00:15.784 [INFO]   [Creating]        [508/926] org.symphonyoss.symphony.messageml.elements.Tag.getEntityValue
17:00:15.784 [INFO]   [Creating]        [508/926]   Tests created: 2
17:00:18.071 [INFO]   [Creating]        [509/926] org.symphonyoss.symphony.messageml.elements.Tag.getEntityVersion
17:00:18.071 [INFO]   [Creating]        [509/926]   Tests created: 2
17:00:26.066 [INFO]   [Creating]        [510/926] org.symphonyoss.symphony.messageml.elements.Tag.updateBiContext
17:00:26.066 [INFO]   [Creating]        [510/926]   Tests created: 6
17:00:31.046 [INFO]   [Creating]        [511/926] org.symphonyoss.symphony.messageml.elements.Tag.validate
17:00:31.046 [INFO]   [Creating]        [511/926]   Tests created: 1
17:00:31.231 [INFO]   [Creating]        [512/926] org.symphonyoss.symphony.messageml.elements.Tag.validateFallBackTicker
17:00:31.231 [INFO]   [Creating]        [512/926]   Tests created: 2
17:00:31.232 [INFO]   [Creating]     [83/141] org.symphonyoss.symphony.messageml.elements.Tag
17:00:31.232 [INFO]   [Creating]     [83/141]   Tests created: 34
17:00:31.233 [INFO]   [Creating]    
================================================================================
= Starting analysis for class 'org.symphonyoss.symphony.messageml.elements.TextArea'
================================================================================
17:00:31.233 [INFO]   [Creating]    Filtering out non-testable methods...
17:00:31.237 [INFO]   [Creating]    Filtering of methods complete. Creating analysis request
17:00:31.237 [INFO]   [Creating]    Attempting to get service client, retry 1.
17:00:33.327 [INFO]   [Creating]        [513/926] org.symphonyoss.symphony.messageml.elements.TextArea.<init>
17:00:33.327 [INFO]   [Creating]        [514/926] org.symphonyoss.symphony.messageml.elements.TextArea.getElementId
17:00:33.327 [INFO]   [Creating]        [515/926] org.symphonyoss.symphony.messageml.elements.TextArea.getElementType
17:00:33.327 [INFO]   [Creating]        [516/926] org.symphonyoss.symphony.messageml.elements.TextArea.getMaxValueAllowed
17:00:33.327 [INFO]   [Creating]        [517/926] org.symphonyoss.symphony.messageml.elements.TextArea.getMinValueAllowed
17:00:33.327 [INFO]   [Creating]        [517/926]   Tests created: 1
17:00:36.539 [INFO]   [Creating]        [518/926] org.symphonyoss.symphony.messageml.elements.TextArea.asMarkdown
17:00:36.539 [INFO]   [Creating]        [518/926]   Tests created: 5
17:00:37.761 [INFO]   [Creating]        [519/926] org.symphonyoss.symphony.messageml.elements.TextArea.buildAttribute
17:00:37.761 [INFO]   [Creating]        [519/926]   Tests created: 4
17:00:41.422 [INFO]   [Creating]        [520/926] org.symphonyoss.symphony.messageml.elements.TextArea.getAttributeValue
17:00:41.422 [INFO]   [Creating]        [520/926]   Tests created: 1
17:00:42.562 [INFO]   [Creating]        [521/926] org.symphonyoss.symphony.messageml.elements.TextArea.getElementInitialValue
17:00:42.562 [INFO]   [Creating]        [521/926]   R013: No inputs found that don't throw a trivial exception
17:00:42.562 [INFO]   [Creating]        [521/926]     Diffblue Cover tried to run the arrange/act section, but the test threw
17:00:42.562 [INFO]   [Creating]        [521/926]     java.lang.IndexOutOfBoundsException: Index 0 out of bounds for length 0
17:00:42.562 [INFO]   [Creating]        [521/926]         at jdk.internal.util.Preconditions.outOfBounds(Preconditions.java:64)
17:00:42.562 [INFO]   [Creating]        [521/926]         at jdk.internal.util.Preconditions.outOfBoundsCheckIndex(Preconditions.java:70)
17:00:42.562 [INFO]   [Creating]        [521/926]         at jdk.internal.util.Preconditions.checkIndex(Preconditions.java:248)
17:00:42.562 [INFO]   [Creating]        [521/926]         at java.util.Objects.checkIndex(Objects.java:374)
17:00:42.562 [INFO]   [Creating]        [521/926]         at java.util.ArrayList.get(ArrayList.java:459)
17:00:42.562 [INFO]   [Creating]        [521/926]         at org.symphonyoss.symphony.messageml.elements.Element.getChild(Element.java:940)
17:00:42.562 [INFO]   [Creating]        [521/926]         at org.symphonyoss.symphony.messageml.elements.TextArea.getElementInitialValue(TextArea.java:139)
17:00:42.562 [INFO]   [Creating]        [521/926]     In order to prevent getElementInitialValue()
17:00:42.562 [INFO]   [Creating]        [521/926]     from throwing IndexOutOfBoundsException, add constructors or factory
17:00:42.562 [INFO]   [Creating]        [521/926]     methods that make it easier to construct fully initialized objects used in
17:00:42.562 [INFO]   [Creating]        [521/926]     getElementInitialValue().
17:00:42.562 [INFO]   [Creating]        [521/926]     See https://diff.blue/R013 to resolve this issue.
17:00:43.927 [INFO]   [Creating]        [522/926] org.symphonyoss.symphony.messageml.elements.TextArea.hasElementInitialValue
17:00:43.927 [INFO]   [Creating]        [522/926]   Tests created: 2
17:00:45.341 [INFO]   [Creating]        [523/926] org.symphonyoss.symphony.messageml.elements.TextArea.updateBiContext
17:00:45.341 [INFO]   [Creating]        [523/926]   Tests created: 2
17:00:45.453 [INFO]   [Creating]        [524/926] org.symphonyoss.symphony.messageml.elements.TextArea.validate
17:00:45.453 [INFO]   [Creating]        [524/926]   Tests created: 2
17:00:45.454 [INFO]   [Creating]     [84/141] org.symphonyoss.symphony.messageml.elements.TextArea
17:00:45.454 [INFO]   [Creating]     [84/141]   Tests created: 17
17:00:45.455 [INFO]   [Creating]    
================================================================================
= Starting analysis for class 'org.symphonyoss.symphony.messageml.elements.TextField'
================================================================================
17:00:45.455 [INFO]   [Creating]    Filtering out non-testable methods...
17:00:45.462 [INFO]   [Creating]    Filtering of methods complete. Creating analysis request
17:00:45.462 [INFO]   [Creating]    Attempting to get service client, retry 1.
17:00:46.464 [INFO]   [Creating]        [525/926] org.symphonyoss.symphony.messageml.elements.TextField.<init>
17:00:46.464 [INFO]   [Creating]        [526/926] org.symphonyoss.symphony.messageml.elements.TextField.getElementId
17:00:46.464 [INFO]   [Creating]        [527/926] org.symphonyoss.symphony.messageml.elements.TextField.getElementType
17:00:46.464 [INFO]   [Creating]        [528/926] org.symphonyoss.symphony.messageml.elements.TextField.getMaxValueAllowed
17:00:46.464 [INFO]   [Creating]        [529/926] org.symphonyoss.symphony.messageml.elements.TextField.getMinValueAllowed
17:00:46.464 [INFO]   [Creating]        [530/926] org.symphonyoss.symphony.messageml.elements.TextField.getPresentationMLTag
17:00:46.464 [INFO]   [Creating]        [530/926]   Tests created: 1
17:00:48.278 [INFO]   [Creating]        [531/926] org.symphonyoss.symphony.messageml.elements.TextField.areNestedElementsAllowed
17:00:48.278 [INFO]   [Creating]        [531/926]   Tests created: 1
17:00:50.959 [INFO]   [Creating]        [532/926] org.symphonyoss.symphony.messageml.elements.TextField.asMarkdown
17:00:50.959 [INFO]   [Creating]        [532/926]   Tests created: 5
17:00:53.098 [INFO]   [Creating]        [533/926] org.symphonyoss.symphony.messageml.elements.TextField.buildAll
17:00:53.098 [INFO]   [Creating]        [533/926]   Tests created: 7
17:00:54.174 [INFO]   [Creating]        [534/926] org.symphonyoss.symphony.messageml.elements.TextField.buildAttribute
17:00:54.174 [INFO]   [Creating]        [534/926]   Tests created: 2
17:00:57.801 [INFO]   [Creating]        [535/926] org.symphonyoss.symphony.messageml.elements.TextField.getAttributeValue
17:00:57.801 [INFO]   [Creating]        [535/926]   Tests created: 1
17:01:00.232 [INFO]   [Creating]        [536/926] org.symphonyoss.symphony.messageml.elements.TextField.getElementInitialValue
17:01:00.232 [INFO]   [Creating]        [536/926]   R013: No inputs found that don't throw a trivial exception
17:01:00.232 [INFO]   [Creating]        [536/926]     Diffblue Cover tried to run the arrange/act section, but the test threw
17:01:00.232 [INFO]   [Creating]        [536/926]     java.lang.IndexOutOfBoundsException: Index 0 out of bounds for length 0
17:01:00.232 [INFO]   [Creating]        [536/926]         at jdk.internal.util.Preconditions.outOfBounds(Preconditions.java:64)
17:01:00.232 [INFO]   [Creating]        [536/926]         at jdk.internal.util.Preconditions.outOfBoundsCheckIndex(Preconditions.java:70)
17:01:00.232 [INFO]   [Creating]        [536/926]         at jdk.internal.util.Preconditions.checkIndex(Preconditions.java:248)
17:01:00.232 [INFO]   [Creating]        [536/926]         at java.util.Objects.checkIndex(Objects.java:374)
17:01:00.232 [INFO]   [Creating]        [536/926]         at java.util.ArrayList.get(ArrayList.java:459)
17:01:00.232 [INFO]   [Creating]        [536/926]         at org.symphonyoss.symphony.messageml.elements.Element.getChild(Element.java:940)
17:01:00.232 [INFO]   [Creating]        [536/926]         at org.symphonyoss.symphony.messageml.elements.TextField.getElementInitialValue(TextField.java:270)
17:01:00.232 [INFO]   [Creating]        [536/926]     In order to prevent getElementInitialValue()
17:01:00.232 [INFO]   [Creating]        [536/926]     from throwing IndexOutOfBoundsException, add constructors or factory
17:01:00.232 [INFO]   [Creating]        [536/926]     methods that make it easier to construct fully initialized objects used in
17:01:00.232 [INFO]   [Creating]        [536/926]     getElementInitialValue().
17:01:00.232 [INFO]   [Creating]        [536/926]     See https://diff.blue/R013 to resolve this issue.
17:01:01.567 [INFO]   [Creating]        [537/926] org.symphonyoss.symphony.messageml.elements.TextField.getOtherAttributes
17:01:01.567 [INFO]   [Creating]        [537/926]   Tests created: 4
17:01:02.935 [INFO]   [Creating]        [538/926] org.symphonyoss.symphony.messageml.elements.TextField.hasElementInitialValue
17:01:02.935 [INFO]   [Creating]        [538/926]   Tests created: 2
17:01:04.564 [INFO]   [Creating]        [539/926] org.symphonyoss.symphony.messageml.elements.TextField.updateBiContext
17:01:04.564 [INFO]   [Creating]        [539/926]   Tests created: 2
17:01:04.716 [INFO]   [Creating]        [540/926] org.symphonyoss.symphony.messageml.elements.TextField.validate
17:01:04.716 [INFO]   [Creating]        [540/926]   Tests created: 2
17:01:04.716 [INFO]   [Creating]     [85/141] org.symphonyoss.symphony.messageml.elements.TextField
17:01:04.716 [INFO]   [Creating]     [85/141]   Tests created: 27
17:01:04.717 [INFO]   [Creating]    
================================================================================
= Starting analysis for class 'org.symphonyoss.symphony.messageml.elements.TextNode'
================================================================================
17:01:04.717 [INFO]   [Creating]    Filtering out non-testable methods...
17:01:04.719 [INFO]   [Creating]    Filtering of methods complete. Creating analysis request
17:01:04.719 [INFO]   [Creating]    Attempting to get service client, retry 1.
17:01:05.543 [INFO]   [Creating]        [541/926] org.symphonyoss.symphony.messageml.elements.TextNode.getText
17:01:05.543 [INFO]   [Creating]        [542/926] org.symphonyoss.symphony.messageml.elements.TextNode.setText
17:01:05.543 [INFO]   [Creating]        [543/926] org.symphonyoss.symphony.messageml.elements.TextNode.toString
17:01:05.543 [INFO]   [Creating]        [543/926]   Tests created: 1
17:01:07.040 [INFO]   [Creating]        [544/926] org.symphonyoss.symphony.messageml.elements.TextNode.<init>
17:01:07.040 [INFO]   [Creating]        [544/926]   Tests created: 1
17:01:07.932 [INFO]   [Creating]        [545/926] org.symphonyoss.symphony.messageml.elements.TextNode.<init>
17:01:07.932 [INFO]   [Creating]        [545/926]   R013: No inputs found that don't throw a trivial exception
17:01:07.932 [INFO]   [Creating]        [545/926]     Diffblue Cover tried to run the arrange/act section, but the test threw
17:01:07.932 [INFO]   [Creating]        [545/926]     java.lang.NullPointerException
17:01:07.932 [INFO]   [Creating]        [545/926]         at org.symphonyoss.symphony.messageml.elements.TextNode.<init>(TextNode.java:34)
17:01:07.932 [INFO]   [Creating]        [545/926]     In order to prevent <init>(Element, Text)
17:01:07.932 [INFO]   [Creating]        [545/926]     from throwing NullPointerException, add constructors or factory
17:01:07.932 [INFO]   [Creating]        [545/926]     methods that make it easier to construct fully initialized objects used in
17:01:07.932 [INFO]   [Creating]        [545/926]     <init>(Element, Text).
17:01:07.932 [INFO]   [Creating]        [545/926]     See https://diff.blue/R013 to resolve this issue.
17:01:09.997 [INFO]   [Creating]        [546/926] org.symphonyoss.symphony.messageml.elements.TextNode.asMarkdown
17:01:09.997 [INFO]   [Creating]        [546/926]   Tests created: 1
17:01:11.160 [INFO]   [Creating]        [547/926] org.symphonyoss.symphony.messageml.elements.TextNode.asPresentationML
17:01:11.160 [INFO]   [Creating]        [547/926]   Tests created: 7
17:01:12.864 [INFO]   [Creating]        [548/926] org.symphonyoss.symphony.messageml.elements.TextNode.asText
17:01:12.864 [INFO]   [Creating]        [548/926]   Tests created: 1
17:01:12.865 [INFO]   [Creating]        [549/926] org.symphonyoss.symphony.messageml.elements.TextNode.buildText
17:01:12.865 [INFO]   [Creating]        [549/926]   R013: No inputs found that don't throw a trivial exception
17:01:12.865 [INFO]   [Creating]        [549/926]     Diffblue Cover tried to run the arrange/act section, but the test threw
17:01:12.865 [INFO]   [Creating]        [549/926]     java.lang.NullPointerException
17:01:12.865 [INFO]   [Creating]        [549/926]         at org.symphonyoss.symphony.messageml.elements.TextNode.buildText(TextNode.java:60)
17:01:12.865 [INFO]   [Creating]        [549/926]     In order to prevent buildText(Text)
17:01:12.865 [INFO]   [Creating]        [549/926]     from throwing NullPointerException, add constructors or factory
17:01:12.866 [INFO]   [Creating]        [549/926]     methods that make it easier to construct fully initialized objects used in
17:01:12.866 [INFO]   [Creating]        [549/926]     buildText(Text).
17:01:12.866 [INFO]   [Creating]        [549/926]     See https://diff.blue/R013 to resolve this issue.
17:01:12.866 [INFO]   [Creating]     [86/141] org.symphonyoss.symphony.messageml.elements.TextNode
17:01:12.866 [INFO]   [Creating]     [86/141]   Tests created: 11
17:01:12.867 [INFO]   [Creating]    
================================================================================
= Starting analysis for class 'org.symphonyoss.symphony.messageml.elements.TimePicker'
================================================================================
17:01:12.867 [INFO]   [Creating]    Filtering out non-testable methods...
17:01:12.869 [INFO]   [Creating]    Filtering of methods complete. Creating analysis request
17:01:12.869 [INFO]   [Creating]    Attempting to get service client, retry 1.
17:01:14.012 [INFO]   [Creating]        [550/926] org.symphonyoss.symphony.messageml.elements.TimePicker.<init>
17:01:14.012 [INFO]   [Creating]        [550/926]   Tests created: 1
17:01:15.959 [INFO]   [Creating]        [551/926] org.symphonyoss.symphony.messageml.elements.TimePicker.asMarkdown
17:01:15.959 [INFO]   [Creating]        [551/926]   Tests created: 1
17:01:19.950 [INFO]   [Creating]        [552/926] org.symphonyoss.symphony.messageml.elements.TimePicker.asPresentationML
17:01:19.950 [INFO]   [Creating]        [552/926]   Tests created: 4
17:01:21.389 [INFO]   [Creating]        [553/926] org.symphonyoss.symphony.messageml.elements.TimePicker.buildAttribute
17:01:21.389 [INFO]   [Creating]        [553/926]   Tests created: 7
17:01:23.121 [INFO]   [Creating]        [554/926] org.symphonyoss.symphony.messageml.elements.TimePicker.updateBiContext
17:01:23.121 [INFO]   [Creating]        [554/926]   Tests created: 1
17:01:23.280 [INFO]   [Creating]        [555/926] org.symphonyoss.symphony.messageml.elements.TimePicker.validate
17:01:23.280 [INFO]   [Creating]        [555/926]   Tests created: 3
17:01:23.281 [INFO]   [Creating]     [87/141] org.symphonyoss.symphony.messageml.elements.TimePicker
17:01:23.281 [INFO]   [Creating]     [87/141]   Tests created: 17
17:01:23.281 [INFO]   [Creating]    
================================================================================
= Starting analysis for class 'org.symphonyoss.symphony.messageml.elements.TimezonePicker'
================================================================================
17:01:23.281 [INFO]   [Creating]    Filtering out non-testable methods...
17:01:23.283 [INFO]   [Creating]    Filtering of methods complete. Creating analysis request
17:01:23.283 [INFO]   [Creating]    Attempting to get service client, retry 1.
17:01:24.713 [INFO]   [Creating]        [556/926] org.symphonyoss.symphony.messageml.elements.TimezonePicker.<init>
17:01:24.713 [INFO]   [Creating]        [556/926]   Tests created: 1
17:01:26.704 [INFO]   [Creating]        [557/926] org.symphonyoss.symphony.messageml.elements.TimezonePicker.asMarkdown
17:01:26.704 [INFO]   [Creating]        [557/926]   Tests created: 2
17:01:30.140 [INFO]   [Creating]        [558/926] org.symphonyoss.symphony.messageml.elements.TimezonePicker.asPresentationML
17:01:30.140 [INFO]   [Creating]        [558/926]   Tests created: 4
17:01:31.610 [INFO]   [Creating]        [559/926] org.symphonyoss.symphony.messageml.elements.TimezonePicker.buildAttribute
17:01:31.610 [INFO]   [Creating]        [559/926]   Tests created: 8
17:01:33.279 [INFO]   [Creating]        [560/926] org.symphonyoss.symphony.messageml.elements.TimezonePicker.updateBiContext
17:01:33.279 [INFO]   [Creating]        [560/926]   Tests created: 1
17:01:33.450 [INFO]   [Creating]        [561/926] org.symphonyoss.symphony.messageml.elements.TimezonePicker.validate
17:01:33.450 [INFO]   [Creating]        [561/926]   Tests created: 3
17:01:33.450 [INFO]   [Creating]     [88/141] org.symphonyoss.symphony.messageml.elements.TimezonePicker
17:01:33.450 [INFO]   [Creating]     [88/141]   Tests created: 19
17:01:33.451 [INFO]   [Creating]    
================================================================================
= Starting analysis for class 'org.symphonyoss.symphony.messageml.elements.TooltipableElement'
================================================================================
17:01:33.451 [INFO]   [Creating]    Filtering out non-testable methods...
17:01:33.458 [INFO]   [Creating]    Filtering of methods complete. Creating analysis request
17:01:33.458 [INFO]   [Creating]    Attempting to get service client, retry 1.
17:01:35.256 [INFO]   [Creating]        [562/926] org.symphonyoss.symphony.messageml.elements.TooltipableElement.getPresentationMLTooltipTag
17:01:35.256 [INFO]   [Creating]        [562/926]   Tests created: 1
17:01:36.103 [INFO]   [Creating]        [563/926] org.symphonyoss.symphony.messageml.elements.TooltipableElement.getTooltipAttributes
17:01:36.103 [INFO]   [Creating]        [563/926]   Tests created: 1
17:01:37.635 [INFO]   [Creating]        [564/926] org.symphonyoss.symphony.messageml.elements.TooltipableElement.isTooltip
17:01:37.635 [INFO]   [Creating]        [564/926]   Tests created: 1
17:01:37.802 [INFO]   [Creating]        [565/926] org.symphonyoss.symphony.messageml.elements.TooltipableElement.validateTooltip
17:01:37.802 [INFO]   [Creating]        [565/926]   Tests created: 1
17:01:37.867 [INFO]   [Creating]        [566/926] org.symphonyoss.symphony.messageml.elements.TooltipableElement.isTooltipNode
17:01:37.867 [INFO]   [Creating]        [566/926]   Tests created: 2
17:01:37.868 [INFO]   [Creating]     [89/141] org.symphonyoss.symphony.messageml.elements.TooltipableElement
17:01:37.868 [INFO]   [Creating]     [89/141]   Tests created: 6
17:01:37.868 [INFO]   [Creating]    
================================================================================
= Starting analysis for class 'org.symphonyoss.symphony.messageml.elements.UIAction'
================================================================================
17:01:37.868 [INFO]   [Creating]    Filtering out non-testable methods...
17:01:37.870 [INFO]   [Creating]    Filtering of methods complete. Creating analysis request
17:01:37.870 [INFO]   [Creating]    Attempting to get service client, retry 1.
17:01:38.731 [INFO]   [Creating]        [567/926] org.symphonyoss.symphony.messageml.elements.UIAction.getPresentationMLTag
17:01:38.731 [INFO]   [Creating]        [567/926]   Tests created: 1
17:01:43.127 [INFO]   [Creating]        [568/926] org.symphonyoss.symphony.messageml.elements.UIAction.<init>
17:01:43.127 [INFO]   [Creating]        [568/926]   Tests created: 1
17:01:45.081 [INFO]   [Creating]        [569/926] org.symphonyoss.symphony.messageml.elements.UIAction.asPresentationML
17:01:45.081 [INFO]   [Creating]        [569/926]   Tests created: 14
17:01:47.162 [INFO]   [Creating]        [570/926] org.symphonyoss.symphony.messageml.elements.UIAction.buildAttribute
17:01:47.162 [INFO]   [Creating]        [570/926]   Tests created: 1
17:01:49.242 [INFO]   [Creating]        [571/926] org.symphonyoss.symphony.messageml.elements.UIAction.updateBiContext
17:01:49.242 [INFO]   [Creating]        [571/926]   Diffblue AI was unable to find a test
17:01:49.414 [INFO]   [Creating]        [572/926] org.symphonyoss.symphony.messageml.elements.UIAction.validate
17:01:49.414 [INFO]   [Creating]        [572/926]   Tests created: 3
17:01:49.415 [INFO]   [Creating]     [90/141] org.symphonyoss.symphony.messageml.elements.UIAction
17:01:49.415 [INFO]   [Creating]     [90/141]   Tests created: 20
17:01:49.416 [INFO]   [Creating]    
================================================================================
= Starting analysis for class 'org.symphonyoss.symphony.messageml.exceptions.InvalidInputException'
================================================================================
17:01:49.416 [INFO]   [Creating]    Filtering out non-testable methods...
17:01:49.417 [INFO]   [Creating]    Filtering of methods complete. Creating analysis request
17:01:49.417 [INFO]   [Creating]    Attempting to get service client, retry 1.
17:01:49.846 [INFO]   [Creating]        [573/926] org.symphonyoss.symphony.messageml.exceptions.InvalidInputException.<init>
17:01:49.846 [INFO]   [Creating]        [574/926] org.symphonyoss.symphony.messageml.exceptions.InvalidInputException.<init>
17:01:49.846 [INFO]   [Creating]        [574/926]   Tests created: 2
17:01:49.880 [INFO]   [Creating]        [575/926] org.symphonyoss.symphony.messageml.exceptions.InvalidInputException.<init>
17:01:49.880 [INFO]   [Creating]        [575/926]   Tests created: 1
17:01:49.881 [INFO]   [Creating]     [91/141] org.symphonyoss.symphony.messageml.exceptions.InvalidInputException
17:01:49.881 [INFO]   [Creating]     [91/141]   Tests created: 3
17:01:49.881 [INFO]   [Creating]    
================================================================================
= Starting analysis for class 'org.symphonyoss.symphony.messageml.exceptions.MessageMLException'
================================================================================
17:01:49.881 [INFO]   [Creating]    Filtering out non-testable methods...
17:01:49.882 [INFO]   [Creating]    Filtering of methods complete. Creating analysis request
17:01:49.882 [INFO]   [Creating]    Attempting to get service client, retry 1.
17:01:50.036 [INFO]   [Creating]        [576/926] org.symphonyoss.symphony.messageml.exceptions.MessageMLException.<init>
17:01:50.036 [INFO]   [Creating]        [577/926] org.symphonyoss.symphony.messageml.exceptions.MessageMLException.<init>
17:01:50.036 [INFO]   [Creating]        [577/926]   Tests created: 2
17:01:50.036 [INFO]   [Creating]     [92/141] org.symphonyoss.symphony.messageml.exceptions.MessageMLException
17:01:50.037 [INFO]   [Creating]     [92/141]   Tests created: 2
17:01:50.037 [INFO]   [Creating]    
================================================================================
= Starting analysis for class 'org.symphonyoss.symphony.messageml.exceptions.ProcessingException'
================================================================================
17:01:50.037 [INFO]   [Creating]    Filtering out non-testable methods...
17:01:50.038 [INFO]   [Creating]    Filtering of methods complete. Creating analysis request
17:01:50.038 [INFO]   [Creating]    Attempting to get service client, retry 1.
17:01:50.190 [INFO]   [Creating]        [578/926] org.symphonyoss.symphony.messageml.exceptions.ProcessingException.<init>
17:01:50.190 [INFO]   [Creating]        [579/926] org.symphonyoss.symphony.messageml.exceptions.ProcessingException.<init>
17:01:50.190 [INFO]   [Creating]        [579/926]   Tests created: 2
17:01:50.191 [INFO]   [Creating]     [93/141] org.symphonyoss.symphony.messageml.exceptions.ProcessingException
17:01:50.191 [INFO]   [Creating]     [93/141]   Tests created: 2
17:01:50.191 [INFO]   [Creating]    
================================================================================
= Starting analysis for class 'org.symphonyoss.symphony.messageml.markdown.EntityDelimiterProcessor'
================================================================================
17:01:50.191 [INFO]   [Creating]    Filtering out non-testable methods...
17:01:50.193 [INFO]   [Creating]    Filtering of methods complete. Creating analysis request
17:01:50.193 [INFO]   [Creating]    Attempting to get service client, retry 1.
17:01:50.296 [INFO]   [Creating]        [580/926] org.symphonyoss.symphony.messageml.markdown.EntityDelimiterProcessor.<init>
17:01:50.296 [INFO]   [Creating]        [581/926] org.symphonyoss.symphony.messageml.markdown.EntityDelimiterProcessor.getMinLength
17:01:50.296 [INFO]   [Creating]        [581/926]   Tests created: 1
17:01:51.018 [INFO]   [Creating]        [582/926] org.symphonyoss.symphony.messageml.markdown.EntityDelimiterProcessor.getClosingCharacter
17:01:51.018 [INFO]   [Creating]        [582/926]   Tests created: 1
17:01:51.093 [INFO]   [Creating]        [583/926] org.symphonyoss.symphony.messageml.markdown.EntityDelimiterProcessor.getDelimiterUse
17:01:51.093 [INFO]   [Creating]        [583/926]   Tests created: 1
17:01:52.707 [INFO]   [Creating]        [584/926] org.symphonyoss.symphony.messageml.markdown.EntityDelimiterProcessor.getOpeningCharacter
17:01:52.707 [INFO]   [Creating]        [584/926]   Tests created: 1
17:01:52.756 [INFO]   [Creating]        [585/926] org.symphonyoss.symphony.messageml.markdown.EntityDelimiterProcessor.process
17:01:52.756 [INFO]   [Creating]        [585/926]   Tests created: 1
17:01:52.756 [INFO]   [Creating]     [94/141] org.symphonyoss.symphony.messageml.markdown.EntityDelimiterProcessor
17:01:52.756 [INFO]   [Creating]     [94/141]   Tests created: 5
17:01:52.757 [INFO]   [Creating]    
================================================================================
= Starting analysis for class 'org.symphonyoss.symphony.messageml.markdown.MarkdownParser'
================================================================================
17:01:52.757 [INFO]   [Creating]    Filtering out non-testable methods...
17:01:52.766 [INFO]   [Creating]    Filtering of methods complete. Creating analysis request
17:01:52.766 [INFO]   [Creating]    Attempting to get service client, retry 1.
17:01:56.073 [INFO]   [Creating]        [586/926] org.symphonyoss.symphony.messageml.markdown.MarkdownParser.<init>
17:01:56.073 [INFO]   [Creating]        [587/926] org.symphonyoss.symphony.messageml.markdown.MarkdownParser.getDataProvider
17:01:56.073 [INFO]   [Creating]        [588/926] org.symphonyoss.symphony.messageml.markdown.MarkdownParser.getIndex
17:01:56.073 [INFO]   [Creating]        [589/926] org.symphonyoss.symphony.messageml.markdown.MarkdownParser.getMessageML
17:01:56.073 [INFO]   [Creating]        [590/926] org.symphonyoss.symphony.messageml.markdown.MarkdownParser.getParent
17:01:56.073 [INFO]   [Creating]        [590/926]   Tests created: 1
17:01:59.171 [INFO]   [Creating]        [591/926] org.symphonyoss.symphony.messageml.markdown.MarkdownParser.parse
17:01:59.171 [INFO]   [Creating]        [591/926]   Tests created: 5
17:02:02.773 [INFO]   [Creating]        [592/926] org.symphonyoss.symphony.messageml.markdown.MarkdownParser.visit
17:02:02.773 [INFO]   [Creating]        [592/926]   Tests created: 13
17:02:04.445 [INFO]   [Creating]        [593/926] org.symphonyoss.symphony.messageml.markdown.MarkdownParser.visit
17:02:04.445 [INFO]   [Creating]        [593/926]   Tests created: 5
17:02:08.050 [INFO]   [Creating]        [594/926] org.symphonyoss.symphony.messageml.markdown.MarkdownParser.visit
17:02:08.050 [INFO]   [Creating]        [594/926]   Tests created: 3
17:02:14.555 [INFO]   [Creating]        [595/926] org.symphonyoss.symphony.messageml.markdown.MarkdownParser.visit
17:02:14.555 [INFO]   [Creating]        [595/926]   Tests created: 8
17:02:18.510 [INFO]   [Creating]        [596/926] org.symphonyoss.symphony.messageml.markdown.MarkdownParser.visit
17:02:18.510 [INFO]   [Creating]        [596/926]   Tests created: 18
17:02:23.009 [INFO]   [Creating]        [597/926] org.symphonyoss.symphony.messageml.markdown.MarkdownParser.visit
17:02:23.009 [INFO]   [Creating]        [597/926]   Tests created: 5
17:02:26.495 [INFO]   [Creating]        [598/926] org.symphonyoss.symphony.messageml.markdown.MarkdownParser.visit
17:02:26.495 [INFO]   [Creating]        [598/926]   Tests created: 11
17:02:29.324 [INFO]   [Creating]        [599/926] org.symphonyoss.symphony.messageml.markdown.MarkdownParser.visit
17:02:29.324 [INFO]   [Creating]        [599/926]   Tests created: 5
17:02:33.005 [INFO]   [Creating]        [600/926] org.symphonyoss.symphony.messageml.markdown.MarkdownParser.visit
17:02:33.005 [INFO]   [Creating]        [600/926]   Tests created: 5
17:02:37.188 [INFO]   [Creating]        [601/926] org.symphonyoss.symphony.messageml.markdown.MarkdownParser.visit
17:02:37.188 [INFO]   [Creating]        [601/926]   Tests created: 8
17:02:42.820 [INFO]   [Creating]        [602/926] org.symphonyoss.symphony.messageml.markdown.MarkdownParser.visit
17:02:42.820 [INFO]   [Creating]        [602/926]   Tests created: 13
17:02:48.461 [INFO]   [Creating]        [603/926] org.symphonyoss.symphony.messageml.markdown.MarkdownParser.visit
17:02:48.461 [INFO]   [Creating]        [603/926]   Tests created: 13
17:02:53.918 [INFO]   [Creating]        [604/926] org.symphonyoss.symphony.messageml.markdown.MarkdownParser.visit
17:02:53.918 [INFO]   [Creating]        [604/926]   Tests created: 14
17:02:57.201 [INFO]   [Creating]        [605/926] org.symphonyoss.symphony.messageml.markdown.MarkdownParser.visit
17:02:57.201 [INFO]   [Creating]        [605/926]   Tests created: 5
17:02:58.636 [INFO]   [Creating]        [606/926] org.symphonyoss.symphony.messageml.markdown.MarkdownParser.visit
17:02:58.636 [INFO]   [Creating]        [606/926]   Tests created: 5
17:02:58.637 [INFO]   [Creating]     [95/141] org.symphonyoss.symphony.messageml.markdown.MarkdownParser
17:02:58.637 [INFO]   [Creating]     [95/141]   Tests created: 137
17:02:58.638 [INFO]   [Creating]    
================================================================================
= Starting analysis for class 'org.symphonyoss.symphony.messageml.markdown.MarkdownRenderer'
================================================================================
17:02:58.638 [INFO]   [Creating]    Filtering out non-testable methods...
17:02:58.648 [INFO]   [Creating]    Filtering of methods complete. Creating analysis request
17:02:58.648 [INFO]   [Creating]    Attempting to get service client, retry 1.
17:03:22.196 [INFO]   [Creating]        [607/926] org.symphonyoss.symphony.messageml.markdown.MarkdownRenderer.getJson
17:03:22.196 [INFO]   [Creating]        [607/926]   Tests created: 1
17:03:24.151 [INFO]   [Creating]        [608/926] org.symphonyoss.symphony.messageml.markdown.MarkdownRenderer.<init>
17:03:24.151 [INFO]   [Creating]        [608/926]   Tests created: 20
17:03:24.728 [INFO]   [Creating]        [609/926] org.symphonyoss.symphony.messageml.markdown.MarkdownRenderer.addEscapeCharacter
17:03:24.728 [INFO]   [Creating]        [609/926]   Tests created: 5
17:03:31.562 [INFO]   [Creating]        [610/926] org.symphonyoss.symphony.messageml.markdown.MarkdownRenderer.getText
17:03:31.562 [INFO]   [Creating]        [610/926]   Tests created: 1
17:03:39.673 [INFO]   [Creating]        [611/926] org.symphonyoss.symphony.messageml.markdown.MarkdownRenderer.visit
17:03:39.673 [INFO]   [Creating]        [611/926]   Tests created: 19
17:03:45.570 [INFO]   [Creating]        [612/926] org.symphonyoss.symphony.messageml.markdown.MarkdownRenderer.visit
17:03:45.570 [INFO]   [Creating]        [612/926]   Tests created: 16
17:04:09.751 [INFO]   [Creating]        [613/926] org.symphonyoss.symphony.messageml.markdown.MarkdownRenderer.visit
17:04:09.751 [INFO]   [Creating]        [613/926]   Tests created: 7
17:04:14.288 [INFO]   [Creating]        [614/926] org.symphonyoss.symphony.messageml.markdown.MarkdownRenderer.visit
17:04:14.288 [INFO]   [Creating]        [614/926]   Tests created: 19
17:04:14.288 [INFO]   [Creating]        [614/926]   Warnings:
17:04:14.288 [INFO]   [Creating]        [614/926]   Diffblue AI was unable to find a test
17:04:37.639 [INFO]   [Creating]        [615/926] org.symphonyoss.symphony.messageml.markdown.MarkdownRenderer.visit
17:04:37.639 [INFO]   [Creating]        [615/926]   Tests created: 5
17:04:39.599 [INFO]   [Creating]        [616/926] org.symphonyoss.symphony.messageml.markdown.MarkdownRenderer.visit
17:04:39.599 [INFO]   [Creating]        [616/926]   Tests created: 4
17:04:39.599 [INFO]   [Creating]        [616/926]   Warnings:
17:04:39.599 [INFO]   [Creating]        [616/926]   Diffblue AI was unable to find a test
17:04:42.252 [INFO]   [Creating]        [617/926] org.symphonyoss.symphony.messageml.markdown.MarkdownRenderer.visit
17:04:42.252 [INFO]   [Creating]        [617/926]   Diffblue AI was unable to find a test
17:04:44.806 [INFO]   [Creating]        [618/926] org.symphonyoss.symphony.messageml.markdown.MarkdownRenderer.visit
17:04:44.806 [INFO]   [Creating]        [618/926]   Tests created: 4
17:04:51.667 [INFO]   [Creating]        [619/926] org.symphonyoss.symphony.messageml.markdown.MarkdownRenderer.visit
17:04:51.667 [INFO]   [Creating]        [619/926]   Diffblue AI was unable to find a test
17:05:27.623 [INFO]   [Creating]        [620/926] org.symphonyoss.symphony.messageml.markdown.MarkdownRenderer.visit
17:05:27.623 [INFO]   [Creating]        [620/926]   Tests created: 19
17:05:33.071 [INFO]   [Creating]        [621/926] org.symphonyoss.symphony.messageml.markdown.MarkdownRenderer.visit
17:05:33.071 [INFO]   [Creating]        [621/926]   Tests created: 19
17:05:33.071 [INFO]   [Creating]        [621/926]   Warnings:
17:05:33.071 [INFO]   [Creating]        [621/926]   Diffblue AI was unable to find a test
17:05:36.242 [INFO]   [Creating]        [622/926] org.symphonyoss.symphony.messageml.markdown.MarkdownRenderer.visit
17:05:36.242 [INFO]   [Creating]        [622/926]   Tests created: 5
17:05:36.845 [INFO]   [Creating]        [623/926] org.symphonyoss.symphony.messageml.markdown.MarkdownRenderer.visit
17:05:36.845 [INFO]   [Creating]        [623/926]   Tests created: 4
17:05:36.846 [INFO]   [Creating]     [96/141] org.symphonyoss.symphony.messageml.markdown.MarkdownRenderer
17:05:36.846 [INFO]   [Creating]     [96/141]   Tests created: 148
17:05:36.847 [INFO]   [Creating]    
================================================================================
= Starting analysis for class 'org.symphonyoss.symphony.messageml.markdown.MarkdownRenderer$TrackingWriter'
================================================================================
17:05:36.847 [INFO]   [Creating]    Filtering out non-testable methods...
17:05:36.848 [INFO]   [Creating]    Filtering of methods complete. Creating analysis request
17:05:36.848 [INFO]   [Creating]    Attempting to get service client, retry 1.
17:05:38.086 [INFO]   [Creating]        [624/926] org.symphonyoss.symphony.messageml.markdown.MarkdownRenderer$TrackingWriter.<init>
17:05:38.086 [INFO]   [Creating]        [625/926] org.symphonyoss.symphony.messageml.markdown.MarkdownRenderer$TrackingWriter.toString
17:05:38.086 [INFO]   [Creating]        [625/926]   Tests created: 1
17:05:39.769 [INFO]   [Creating]        [626/926] org.symphonyoss.symphony.messageml.markdown.MarkdownRenderer$TrackingWriter.doubleLine
17:05:39.769 [INFO]   [Creating]        [626/926]   Tests created: 4
17:05:40.921 [INFO]   [Creating]        [627/926] org.symphonyoss.symphony.messageml.markdown.MarkdownRenderer$TrackingWriter.getLastChar
17:05:40.921 [INFO]   [Creating]        [627/926]   Tests created: 2
17:05:41.080 [INFO]   [Creating]        [628/926] org.symphonyoss.symphony.messageml.markdown.MarkdownRenderer$TrackingWriter.length
17:05:41.080 [INFO]   [Creating]        [628/926]   Tests created: 1
17:05:41.080 [INFO]   [Creating]     [97/141] org.symphonyoss.symphony.messageml.markdown.MarkdownRenderer$TrackingWriter
17:05:41.080 [INFO]   [Creating]     [97/141]   Tests created: 8
17:05:41.081 [INFO]   [Creating]    
================================================================================
= Starting analysis for class 'org.symphonyoss.symphony.messageml.markdown.nodes.EmojiNode'
================================================================================
17:05:41.081 [INFO]   [Creating]    Filtering out non-testable methods...
17:05:41.083 [INFO]   [Creating]    Filtering of methods complete. Creating analysis request
17:05:41.083 [INFO]   [Creating]    Attempting to get service client, retry 1.
17:05:41.321 [INFO]   [Creating]        [629/926] org.symphonyoss.symphony.messageml.markdown.nodes.EmojiNode.getAnnotation
17:05:41.321 [INFO]   [Creating]        [630/926] org.symphonyoss.symphony.messageml.markdown.nodes.EmojiNode.getClosingDelimiter
17:05:41.321 [INFO]   [Creating]        [631/926] org.symphonyoss.symphony.messageml.markdown.nodes.EmojiNode.getOpeningDelimiter
17:05:41.321 [INFO]   [Creating]        [632/926] org.symphonyoss.symphony.messageml.markdown.nodes.EmojiNode.getShortcode
17:05:41.321 [INFO]   [Creating]        [633/926] org.symphonyoss.symphony.messageml.markdown.nodes.EmojiNode.setAnnotation
17:05:41.321 [INFO]   [Creating]        [634/926] org.symphonyoss.symphony.messageml.markdown.nodes.EmojiNode.setShortcode
17:05:41.321 [INFO]   [Creating]        [634/926]   Tests created: 1
17:05:41.489 [INFO]   [Creating]        [635/926] org.symphonyoss.symphony.messageml.markdown.nodes.EmojiNode.<init>
17:05:41.489 [INFO]   [Creating]        [635/926]   Tests created: 1
17:05:42.713 [INFO]   [Creating]        [636/926] org.symphonyoss.symphony.messageml.markdown.nodes.EmojiNode.<init>
17:05:42.713 [INFO]   [Creating]        [636/926]   Tests created: 1
17:05:42.748 [INFO]   [Creating]        [637/926] org.symphonyoss.symphony.messageml.markdown.nodes.EmojiNode.accept
17:05:42.748 [INFO]   [Creating]        [637/926]   Tests created: 1
17:05:42.749 [INFO]   [Creating]     [98/141] org.symphonyoss.symphony.messageml.markdown.nodes.EmojiNode
17:05:42.749 [INFO]   [Creating]     [98/141]   Tests created: 4
17:05:42.749 [INFO]   [Creating]    
================================================================================
= Starting analysis for class 'org.symphonyoss.symphony.messageml.markdown.nodes.KeywordNode'
================================================================================
17:05:42.749 [INFO]   [Creating]    Filtering out non-testable methods...
17:05:42.751 [INFO]   [Creating]    Filtering of methods complete. Creating analysis request
17:05:42.751 [INFO]   [Creating]    Attempting to get service client, retry 1.
17:05:42.850 [INFO]   [Creating]        [638/926] org.symphonyoss.symphony.messageml.markdown.nodes.KeywordNode.<init>
17:05:42.850 [INFO]   [Creating]        [639/926] org.symphonyoss.symphony.messageml.markdown.nodes.KeywordNode.getPrefix
17:05:42.850 [INFO]   [Creating]        [640/926] org.symphonyoss.symphony.messageml.markdown.nodes.KeywordNode.getText
17:05:42.850 [INFO]   [Creating]        [640/926]   Tests created: 1
17:05:42.850 [INFO]   [Creating]     [99/141] org.symphonyoss.symphony.messageml.markdown.nodes.KeywordNode
17:05:42.850 [INFO]   [Creating]     [99/141]   Tests created: 1
17:05:42.851 [INFO]   [Creating]    
================================================================================
= Starting analysis for class 'org.symphonyoss.symphony.messageml.markdown.nodes.MentionNode'
================================================================================
17:05:42.851 [INFO]   [Creating]    Filtering out non-testable methods...
17:05:42.853 [INFO]   [Creating]    Filtering of methods complete. Creating analysis request
17:05:42.853 [INFO]   [Creating]    Attempting to get service client, retry 1.
17:05:43.029 [INFO]   [Creating]        [641/926] org.symphonyoss.symphony.messageml.markdown.nodes.MentionNode.getEmail
17:05:43.029 [INFO]   [Creating]        [642/926] org.symphonyoss.symphony.messageml.markdown.nodes.MentionNode.getPrettyName
17:05:43.029 [INFO]   [Creating]        [643/926] org.symphonyoss.symphony.messageml.markdown.nodes.MentionNode.getScreenName
17:05:43.029 [INFO]   [Creating]        [644/926] org.symphonyoss.symphony.messageml.markdown.nodes.MentionNode.getUid
17:05:43.029 [INFO]   [Creating]        [644/926]   Tests created: 1
17:05:43.201 [INFO]   [Creating]        [645/926] org.symphonyoss.symphony.messageml.markdown.nodes.MentionNode.<init>
17:05:43.201 [INFO]   [Creating]        [645/926]   Tests created: 1
17:05:43.980 [INFO]   [Creating]        [646/926] org.symphonyoss.symphony.messageml.markdown.nodes.MentionNode.<init>
17:05:43.980 [INFO]   [Creating]        [646/926]   Tests created: 1
17:05:44.045 [INFO]   [Creating]        [647/926] org.symphonyoss.symphony.messageml.markdown.nodes.MentionNode.getText
17:05:44.045 [INFO]   [Creating]        [647/926]   Tests created: 2
17:05:44.046 [INFO]   [Creating]    [100/141] org.symphonyoss.symphony.messageml.markdown.nodes.MentionNode
17:05:44.046 [INFO]   [Creating]    [100/141]   Tests created: 5
17:05:44.289 [INFO]   [Creating]    
================================================================================
= Starting analysis for class 'org.symphonyoss.symphony.messageml.markdown.nodes.PreformattedNode'
================================================================================
17:05:44.289 [INFO]   [Creating]    Filtering out non-testable methods...
17:05:44.290 [INFO]   [Creating]    Filtering of methods complete. Creating analysis request
17:05:44.290 [INFO]   [Creating]    Attempting to get service client, retry 1.
17:05:44.290 [INFO]   [Creating]    Starting monitoring server.
17:05:44.291 [INFO]   [Creating]    Monitoring server listening on localhost/127.0.0.1:41993
17:05:44.345 [INFO]   [Creating]    Starting analyzer server process...
17:05:44.345 [INFO]   [Creating]    Server command-line: /home/jbergqvist/.sdkman/candidates/java/11.0.29-amzn/bin/java -XX:+IgnoreUnrecognizedVMOptions -Djdk.attach.allowAttachSelf=true -Djdk.jar.maxSignatureFileSize=100000000 -ea -javaagent:/opt/cover/launcher-shared-jar.jar -Dlogback.configurationFile=/tmp/diffblue/config/logback-remote-service.xml -Dcom.diffblue.springIsolationJar=/opt/cover/cover-isolation-layer.jar -Dcover.jar.path=/opt/cover/cover-service-analyzer.jar -Dcom.diffblue.assertionSuggestionJar=/opt/cover/cover-service-analyzer.jar -Dcover.main.class=com.diffblue.cover.service.analyzer.Main -jar /opt/cover/launcher-shared-jar.jar --service-lifespan 120 --monitoring-service-port 41993 --index-service-port 41993 --debug-log
17:05:44.346 [INFO]   [Creating]    Server started. Waiting up to 300 seconds for a connection to be established...
17:05:45.203 [INFO]   [Creating]    Starting new remote monitor client
17:05:45.842 [INFO]   [Creating]    Attempting to start remote server.
17:05:45.982 [INFO]   [Creating]    Server started, listening on localhost/127.0.0.1:44599
17:05:45.985 [INFO]   [Creating]    Expect analyzer service to be listening on port 44599.
17:05:46.047 [INFO]   [Creating]    Started analyzer service and client retrieved.
17:05:52.024 [INFO]   [Creating]        [648/926] org.symphonyoss.symphony.messageml.markdown.nodes.PreformattedNode.<init>
17:05:52.024 [INFO]   [Creating]        [649/926] org.symphonyoss.symphony.messageml.markdown.nodes.PreformattedNode.getClosingDelimiter
17:05:52.024 [INFO]   [Creating]        [650/926] org.symphonyoss.symphony.messageml.markdown.nodes.PreformattedNode.getOpeningDelimiter
17:05:52.024 [INFO]   [Creating]        [650/926]   Tests created: 1
17:05:52.025 [INFO]   [Creating]    [101/141] org.symphonyoss.symphony.messageml.markdown.nodes.PreformattedNode
17:05:52.025 [INFO]   [Creating]    [101/141]   Tests created: 1
17:05:52.026 [INFO]   [Creating]    
================================================================================
= Starting analysis for class 'org.symphonyoss.symphony.messageml.markdown.nodes.TableCellNode'
================================================================================
17:05:52.026 [INFO]   [Creating]    Filtering out non-testable methods...
17:05:52.026 [INFO]   [Creating]    Filtering of methods complete. Creating analysis request
17:05:52.026 [INFO]   [Creating]    Attempting to get service client, retry 1.
17:05:52.203 [INFO]   [Creating]        [651/926] org.symphonyoss.symphony.messageml.markdown.nodes.TableCellNode.<init>
17:05:52.203 [INFO]   [Creating]        [652/926] org.symphonyoss.symphony.messageml.markdown.nodes.TableCellNode.getDelimiter
17:05:52.203 [INFO]   [Creating]        [652/926]   Tests created: 1
17:05:52.204 [INFO]   [Creating]    [102/141] org.symphonyoss.symphony.messageml.markdown.nodes.TableCellNode
17:05:52.204 [INFO]   [Creating]    [102/141]   Tests created: 1
17:05:52.205 [INFO]   [Creating]    
================================================================================
= Starting analysis for class 'org.symphonyoss.symphony.messageml.markdown.nodes.TableNode'
================================================================================
17:05:52.205 [INFO]   [Creating]    Filtering out non-testable methods...
17:05:52.206 [INFO]   [Creating]    Filtering of methods complete. Creating analysis request
17:05:52.206 [INFO]   [Creating]    Attempting to get service client, retry 1.
17:05:52.380 [INFO]   [Creating]        [653/926] org.symphonyoss.symphony.messageml.markdown.nodes.TableNode.<init>
17:05:52.380 [INFO]   [Creating]        [654/926] org.symphonyoss.symphony.messageml.markdown.nodes.TableNode.getClosingDelimiter
17:05:52.380 [INFO]   [Creating]        [655/926] org.symphonyoss.symphony.messageml.markdown.nodes.TableNode.getOpeningDelimiter
17:05:52.380 [INFO]   [Creating]        [655/926]   Tests created: 1
17:05:52.381 [INFO]   [Creating]    [103/141] org.symphonyoss.symphony.messageml.markdown.nodes.TableNode
17:05:52.381 [INFO]   [Creating]    [103/141]   Tests created: 1
17:05:52.381 [INFO]   [Creating]    
================================================================================
= Starting analysis for class 'org.symphonyoss.symphony.messageml.markdown.nodes.TableRowNode'
================================================================================
17:05:52.381 [INFO]   [Creating]    Filtering out non-testable methods...
17:05:52.382 [INFO]   [Creating]    Filtering of methods complete. Creating analysis request
17:05:52.382 [INFO]   [Creating]    Attempting to get service client, retry 1.
17:05:52.529 [INFO]   [Creating]        [656/926] org.symphonyoss.symphony.messageml.markdown.nodes.TableRowNode.<init>
17:05:52.529 [INFO]   [Creating]        [657/926] org.symphonyoss.symphony.messageml.markdown.nodes.TableRowNode.getDelimiter
17:05:52.529 [INFO]   [Creating]        [657/926]   Tests created: 1
17:05:52.530 [INFO]   [Creating]    [104/141] org.symphonyoss.symphony.messageml.markdown.nodes.TableRowNode
17:05:52.530 [INFO]   [Creating]    [104/141]   Tests created: 1
17:05:52.531 [INFO]   [Creating]    
================================================================================
= Starting analysis for class 'org.symphonyoss.symphony.messageml.markdown.nodes.TagNode'
================================================================================
17:05:52.531 [INFO]   [Creating]    Filtering out non-testable methods...
17:05:52.532 [INFO]   [Creating]    Filtering of methods complete. Creating analysis request
17:05:52.532 [INFO]   [Creating]    Attempting to get service client, retry 1.
17:05:54.955 [INFO]   [Creating]        [658/926] org.symphonyoss.symphony.messageml.markdown.nodes.TagNode.<init>
17:05:54.955 [INFO]   [Creating]        [658/926]   Tests created: 1
17:05:54.956 [INFO]   [Creating]    [105/141] org.symphonyoss.symphony.messageml.markdown.nodes.TagNode
17:05:54.956 [INFO]   [Creating]    [105/141]   Tests created: 1
17:05:54.957 [INFO]   [Creating]    
================================================================================
= Starting analysis for class 'org.symphonyoss.symphony.messageml.markdown.nodes.form.ButtonNode'
================================================================================
17:05:54.957 [INFO]   [Creating]    Filtering out non-testable methods...
17:05:54.958 [INFO]   [Creating]    Filtering of methods complete. Creating analysis request
17:05:54.958 [INFO]   [Creating]    Attempting to get service client, retry 1.
17:05:55.162 [INFO]   [Creating]        [659/926] org.symphonyoss.symphony.messageml.markdown.nodes.form.ButtonNode.<init>
17:05:55.162 [INFO]   [Creating]        [659/926]   Tests created: 1
17:05:55.163 [INFO]   [Creating]    [106/141] org.symphonyoss.symphony.messageml.markdown.nodes.form.ButtonNode
17:05:55.163 [INFO]   [Creating]    [106/141]   Tests created: 1
17:05:55.164 [INFO]   [Creating]    
================================================================================
= Starting analysis for class 'org.symphonyoss.symphony.messageml.markdown.nodes.form.CheckboxNode'
================================================================================
17:05:55.164 [INFO]   [Creating]    Filtering out non-testable methods...
17:05:55.165 [INFO]   [Creating]    Filtering of methods complete. Creating analysis request
17:05:55.165 [INFO]   [Creating]    Attempting to get service client, retry 1.
17:05:57.990 [INFO]   [Creating]        [660/926] org.symphonyoss.symphony.messageml.markdown.nodes.form.CheckboxNode.<init>
17:05:57.990 [INFO]   [Creating]        [661/926] org.symphonyoss.symphony.messageml.markdown.nodes.form.CheckboxNode.<init>
17:05:57.990 [INFO]   [Creating]        [662/926] org.symphonyoss.symphony.messageml.markdown.nodes.form.CheckboxNode.getClosingDelimiter
17:05:57.990 [INFO]   [Creating]        [663/926] org.symphonyoss.symphony.messageml.markdown.nodes.form.CheckboxNode.getOpeningDelimiter
17:05:57.990 [INFO]   [Creating]        [663/926]   Tests created: 2
17:05:58.093 [INFO]   [Creating]        [664/926] org.symphonyoss.symphony.messageml.markdown.nodes.form.CheckboxNode.getText
17:05:58.093 [INFO]   [Creating]        [664/926]   Tests created: 3
17:05:58.094 [INFO]   [Creating]    [107/141] org.symphonyoss.symphony.messageml.markdown.nodes.form.CheckboxNode
17:05:58.094 [INFO]   [Creating]    [107/141]   Tests created: 5
17:05:58.095 [INFO]   [Creating]    
================================================================================
= Starting analysis for class 'org.symphonyoss.symphony.messageml.markdown.nodes.form.DatePickerNode'
================================================================================
17:05:58.095 [INFO]   [Creating]    Filtering out non-testable methods...
17:05:58.097 [INFO]   [Creating]    Filtering of methods complete. Creating analysis request
17:05:58.097 [INFO]   [Creating]    Attempting to get service client, retry 1.
17:05:58.889 [INFO]   [Creating]        [665/926] org.symphonyoss.symphony.messageml.markdown.nodes.form.DatePickerNode.<init>
17:05:58.889 [INFO]   [Creating]        [665/926]   Tests created: 1
17:05:58.923 [INFO]   [Creating]        [666/926] org.symphonyoss.symphony.messageml.markdown.nodes.form.DatePickerNode.getText
17:05:58.923 [INFO]   [Creating]        [666/926]   Tests created: 1
17:05:58.924 [INFO]   [Creating]    [108/141] org.symphonyoss.symphony.messageml.markdown.nodes.form.DatePickerNode
17:05:58.924 [INFO]   [Creating]    [108/141]   Tests created: 2
17:05:58.925 [INFO]   [Creating]    
================================================================================
= Starting analysis for class 'org.symphonyoss.symphony.messageml.markdown.nodes.form.DateSelectorNode'
================================================================================
17:05:58.925 [INFO]   [Creating]    Filtering out non-testable methods...
17:05:58.926 [INFO]   [Creating]    Filtering of methods complete. Creating analysis request
17:05:58.926 [INFO]   [Creating]    Attempting to get service client, retry 1.
17:06:00.020 [INFO]   [Creating]        [667/926] org.symphonyoss.symphony.messageml.markdown.nodes.form.DateSelectorNode.<init>
17:06:00.020 [INFO]   [Creating]        [667/926]   Tests created: 1
17:06:00.082 [INFO]   [Creating]        [668/926] org.symphonyoss.symphony.messageml.markdown.nodes.form.DateSelectorNode.getText
17:06:00.082 [INFO]   [Creating]        [668/926]   Tests created: 2
17:06:00.082 [INFO]   [Creating]    [109/141] org.symphonyoss.symphony.messageml.markdown.nodes.form.DateSelectorNode
17:06:00.082 [INFO]   [Creating]    [109/141]   Tests created: 3
17:06:00.083 [INFO]   [Creating]    
================================================================================
= Starting analysis for class 'org.symphonyoss.symphony.messageml.markdown.nodes.form.DialogNode'
================================================================================
17:06:00.083 [INFO]   [Creating]    Filtering out non-testable methods...
17:06:00.084 [INFO]   [Creating]    Filtering of methods complete. Creating analysis request
17:06:00.084 [INFO]   [Creating]    Attempting to get service client, retry 1.
17:06:01.275 [INFO]   [Creating]        [669/926] org.symphonyoss.symphony.messageml.markdown.nodes.form.DialogNode.<init>
17:06:01.275 [INFO]   [Creating]        [670/926] org.symphonyoss.symphony.messageml.markdown.nodes.form.DialogNode.getClosingDelimiter
17:06:01.275 [INFO]   [Creating]        [671/926] org.symphonyoss.symphony.messageml.markdown.nodes.form.DialogNode.getOpeningDelimiter
17:06:01.275 [INFO]   [Creating]        [671/926]   Tests created: 1
17:06:01.317 [INFO]   [Creating]        [672/926] org.symphonyoss.symphony.messageml.markdown.nodes.form.DialogNode.appendChild
17:06:01.317 [INFO]   [Creating]        [672/926]   Tests created: 1
17:06:01.318 [INFO]   [Creating]    [110/141] org.symphonyoss.symphony.messageml.markdown.nodes.form.DialogNode
17:06:01.318 [INFO]   [Creating]    [110/141]   Tests created: 2
17:06:01.320 [INFO]   [Creating]    
================================================================================
= Starting analysis for class 'org.symphonyoss.symphony.messageml.markdown.nodes.form.FormElementNode'
================================================================================
17:06:01.320 [INFO]   [Creating]    Filtering out non-testable methods...
17:06:01.321 [INFO]   [Creating]    Filtering of methods complete. Creating analysis request
17:06:01.321 [INFO]   [Creating]    Attempting to get service client, retry 1.
17:06:02.443 [INFO]   [Creating]        [673/926] org.symphonyoss.symphony.messageml.markdown.nodes.form.FormElementNode.<init>
17:06:02.443 [INFO]   [Creating]        [674/926] org.symphonyoss.symphony.messageml.markdown.nodes.form.FormElementNode.<init>
17:06:02.443 [INFO]   [Creating]        [675/926] org.symphonyoss.symphony.messageml.markdown.nodes.form.FormElementNode.<init>
17:06:02.443 [INFO]   [Creating]        [676/926] org.symphonyoss.symphony.messageml.markdown.nodes.form.FormElementNode.getClosingDelimiter
17:06:02.443 [INFO]   [Creating]        [677/926] org.symphonyoss.symphony.messageml.markdown.nodes.form.FormElementNode.getText
17:06:02.443 [INFO]   [Creating]        [677/926]   Tests created: 3
17:06:02.478 [INFO]   [Creating]        [678/926] org.symphonyoss.symphony.messageml.markdown.nodes.form.FormElementNode.getOpeningDelimiter
17:06:02.478 [INFO]   [Creating]        [678/926]   Tests created: 1
17:06:02.479 [INFO]   [Creating]    [111/141] org.symphonyoss.symphony.messageml.markdown.nodes.form.FormElementNode
17:06:02.479 [INFO]   [Creating]    [111/141]   Tests created: 4
17:06:02.479 [INFO]   [Creating]    
================================================================================
= Starting analysis for class 'org.symphonyoss.symphony.messageml.markdown.nodes.form.FormNode'
================================================================================
17:06:02.479 [INFO]   [Creating]    Filtering out non-testable methods...
17:06:02.481 [INFO]   [Creating]    Filtering of methods complete. Creating analysis request
17:06:02.481 [INFO]   [Creating]    Attempting to get service client, retry 1.
17:06:02.600 [INFO]   [Creating]        [679/926] org.symphonyoss.symphony.messageml.markdown.nodes.form.FormNode.<init>
17:06:02.600 [INFO]   [Creating]        [680/926] org.symphonyoss.symphony.messageml.markdown.nodes.form.FormNode.getClosingDelimiter
17:06:02.600 [INFO]   [Creating]        [681/926] org.symphonyoss.symphony.messageml.markdown.nodes.form.FormNode.getOpeningDelimiter
17:06:02.600 [INFO]   [Creating]        [681/926]   Tests created: 1
17:06:02.601 [INFO]   [Creating]    [112/141] org.symphonyoss.symphony.messageml.markdown.nodes.form.FormNode
17:06:02.601 [INFO]   [Creating]    [112/141]   Tests created: 1
17:06:02.602 [INFO]   [Creating]    
================================================================================
= Starting analysis for class 'org.symphonyoss.symphony.messageml.markdown.nodes.form.OptionNode'
================================================================================
17:06:02.602 [INFO]   [Creating]    Filtering out non-testable methods...
17:06:02.603 [INFO]   [Creating]    Filtering of methods complete. Creating analysis request
17:06:02.603 [INFO]   [Creating]    Attempting to get service client, retry 1.
17:06:02.725 [INFO]   [Creating]        [682/926] org.symphonyoss.symphony.messageml.markdown.nodes.form.OptionNode.<init>
17:06:02.725 [INFO]   [Creating]        [683/926] org.symphonyoss.symphony.messageml.markdown.nodes.form.OptionNode.getClosingDelimiter
17:06:02.725 [INFO]   [Creating]        [684/926] org.symphonyoss.symphony.messageml.markdown.nodes.form.OptionNode.getOpeningDelimiter
17:06:02.725 [INFO]   [Creating]        [684/926]   Tests created: 1
17:06:02.726 [INFO]   [Creating]    [113/141] org.symphonyoss.symphony.messageml.markdown.nodes.form.OptionNode
17:06:02.726 [INFO]   [Creating]    [113/141]   Tests created: 1
17:06:02.727 [INFO]   [Creating]    
================================================================================
= Starting analysis for class 'org.symphonyoss.symphony.messageml.markdown.nodes.form.PersonSelectorNode'
================================================================================
17:06:02.727 [INFO]   [Creating]    Filtering out non-testable methods...
17:06:02.728 [INFO]   [Creating]    Filtering of methods complete. Creating analysis request
17:06:02.728 [INFO]   [Creating]    Attempting to get service client, retry 1.
17:06:03.275 [INFO]   [Creating]        [685/926] org.symphonyoss.symphony.messageml.markdown.nodes.form.PersonSelectorNode.<init>
17:06:03.275 [INFO]   [Creating]        [685/926]   Tests created: 1
17:06:03.309 [INFO]   [Creating]        [686/926] org.symphonyoss.symphony.messageml.markdown.nodes.form.PersonSelectorNode.getText
17:06:03.309 [INFO]   [Creating]        [686/926]   Tests created: 1
17:06:03.310 [INFO]   [Creating]    [114/141] org.symphonyoss.symphony.messageml.markdown.nodes.form.PersonSelectorNode
17:06:03.311 [INFO]   [Creating]    [114/141]   Tests created: 2
17:06:03.311 [INFO]   [Creating]    
================================================================================
= Starting analysis for class 'org.symphonyoss.symphony.messageml.markdown.nodes.form.PlaceholderLabelTooltipNode'
================================================================================
17:06:03.311 [INFO]   [Creating]    Filtering out non-testable methods...
17:06:03.314 [INFO]   [Creating]    Filtering of methods complete. Creating analysis request
17:06:03.314 [INFO]   [Creating]    Attempting to get service client, retry 1.
17:06:05.019 [INFO]   [Creating]        [687/926] org.symphonyoss.symphony.messageml.markdown.nodes.form.PlaceholderLabelTooltipNode.generateMarkdownPlaceholderLabelAndTooltip
17:06:05.019 [INFO]   [Creating]        [687/926]   Tests created: 2
17:06:05.020 [INFO]   [Creating]    [115/141] org.symphonyoss.symphony.messageml.markdown.nodes.form.PlaceholderLabelTooltipNode
17:06:05.020 [INFO]   [Creating]    [115/141]   Tests created: 2
17:06:05.021 [INFO]   [Creating]    
================================================================================
= Starting analysis for class 'org.symphonyoss.symphony.messageml.markdown.nodes.form.RadioNode'
================================================================================
17:06:05.021 [INFO]   [Creating]    Filtering out non-testable methods...
17:06:05.022 [INFO]   [Creating]    Filtering of methods complete. Creating analysis request
17:06:05.022 [INFO]   [Creating]    Attempting to get service client, retry 1.
17:06:05.908 [INFO]   [Creating]        [688/926] org.symphonyoss.symphony.messageml.markdown.nodes.form.RadioNode.<init>
17:06:05.908 [INFO]   [Creating]        [689/926] org.symphonyoss.symphony.messageml.markdown.nodes.form.RadioNode.<init>
17:06:05.908 [INFO]   [Creating]        [690/926] org.symphonyoss.symphony.messageml.markdown.nodes.form.RadioNode.getClosingDelimiter
17:06:05.908 [INFO]   [Creating]        [691/926] org.symphonyoss.symphony.messageml.markdown.nodes.form.RadioNode.getOpeningDelimiter
17:06:05.908 [INFO]   [Creating]        [691/926]   Tests created: 2
17:06:06.015 [INFO]   [Creating]        [692/926] org.symphonyoss.symphony.messageml.markdown.nodes.form.RadioNode.getText
17:06:06.015 [INFO]   [Creating]        [692/926]   Tests created: 3
17:06:06.015 [INFO]   [Creating]    [116/141] org.symphonyoss.symphony.messageml.markdown.nodes.form.RadioNode
17:06:06.015 [INFO]   [Creating]    [116/141]   Tests created: 5
17:06:06.016 [INFO]   [Creating]    
================================================================================
= Starting analysis for class 'org.symphonyoss.symphony.messageml.markdown.nodes.form.RoomSelectorNode'
================================================================================
17:06:06.016 [INFO]   [Creating]    Filtering out non-testable methods...
17:06:06.017 [INFO]   [Creating]    Filtering of methods complete. Creating analysis request
17:06:06.017 [INFO]   [Creating]    Attempting to get service client, retry 1.
17:06:06.512 [INFO]   [Creating]        [693/926] org.symphonyoss.symphony.messageml.markdown.nodes.form.RoomSelectorNode.<init>
17:06:06.512 [INFO]   [Creating]        [693/926]   Tests created: 1
17:06:06.545 [INFO]   [Creating]        [694/926] org.symphonyoss.symphony.messageml.markdown.nodes.form.RoomSelectorNode.getText
17:06:06.545 [INFO]   [Creating]        [694/926]   Tests created: 1
17:06:06.546 [INFO]   [Creating]    [117/141] org.symphonyoss.symphony.messageml.markdown.nodes.form.RoomSelectorNode
17:06:06.546 [INFO]   [Creating]    [117/141]   Tests created: 2
17:06:06.547 [INFO]   [Creating]    
================================================================================
= Starting analysis for class 'org.symphonyoss.symphony.messageml.markdown.nodes.form.SelectNode'
================================================================================
17:06:06.547 [INFO]   [Creating]    Filtering out non-testable methods...
17:06:06.548 [INFO]   [Creating]    Filtering of methods complete. Creating analysis request
17:06:06.548 [INFO]   [Creating]    Attempting to get service client, retry 1.
17:06:07.324 [INFO]   [Creating]        [695/926] org.symphonyoss.symphony.messageml.markdown.nodes.form.SelectNode.<init>
17:06:07.324 [INFO]   [Creating]        [696/926] org.symphonyoss.symphony.messageml.markdown.nodes.form.SelectNode.getClosingDelimiter
17:06:07.324 [INFO]   [Creating]        [697/926] org.symphonyoss.symphony.messageml.markdown.nodes.form.SelectNode.getOpeningDelimiter
17:06:07.324 [INFO]   [Creating]        [697/926]   Tests created: 1
17:06:07.422 [INFO]   [Creating]        [698/926] org.symphonyoss.symphony.messageml.markdown.nodes.form.SelectNode.getText
17:06:07.422 [INFO]   [Creating]        [698/926]   Tests created: 3
17:06:07.423 [INFO]   [Creating]    [118/141] org.symphonyoss.symphony.messageml.markdown.nodes.form.SelectNode
17:06:07.423 [INFO]   [Creating]    [118/141]   Tests created: 4
17:06:07.423 [INFO]   [Creating]    
================================================================================
= Starting analysis for class 'org.symphonyoss.symphony.messageml.markdown.nodes.form.TextAreaNode'
================================================================================
17:06:07.423 [INFO]   [Creating]    Filtering out non-testable methods...
17:06:07.425 [INFO]   [Creating]    Filtering of methods complete. Creating analysis request
17:06:07.425 [INFO]   [Creating]    Attempting to get service client, retry 1.
17:06:08.127 [INFO]   [Creating]        [699/926] org.symphonyoss.symphony.messageml.markdown.nodes.form.TextAreaNode.<init>
17:06:08.127 [INFO]   [Creating]        [699/926]   Tests created: 1
17:06:08.161 [INFO]   [Creating]        [700/926] org.symphonyoss.symphony.messageml.markdown.nodes.form.TextAreaNode.getText
17:06:08.161 [INFO]   [Creating]        [700/926]   Tests created: 1
17:06:08.162 [INFO]   [Creating]    [119/141] org.symphonyoss.symphony.messageml.markdown.nodes.form.TextAreaNode
17:06:08.162 [INFO]   [Creating]    [119/141]   Tests created: 2
17:06:08.162 [INFO]   [Creating]    
================================================================================
= Starting analysis for class 'org.symphonyoss.symphony.messageml.markdown.nodes.form.TextFieldNode'
================================================================================
17:06:08.162 [INFO]   [Creating]    Filtering out non-testable methods...
17:06:08.164 [INFO]   [Creating]    Filtering of methods complete. Creating analysis request
17:06:08.164 [INFO]   [Creating]    Attempting to get service client, retry 1.
17:06:08.901 [INFO]   [Creating]        [701/926] org.symphonyoss.symphony.messageml.markdown.nodes.form.TextFieldNode.<init>
17:06:08.901 [INFO]   [Creating]        [701/926]   Tests created: 1
17:06:08.935 [INFO]   [Creating]        [702/926] org.symphonyoss.symphony.messageml.markdown.nodes.form.TextFieldNode.getText
17:06:08.935 [INFO]   [Creating]        [702/926]   Tests created: 1
17:06:08.936 [INFO]   [Creating]    [120/141] org.symphonyoss.symphony.messageml.markdown.nodes.form.TextFieldNode
17:06:08.936 [INFO]   [Creating]    [120/141]   Tests created: 2
17:06:08.936 [INFO]   [Creating]    
================================================================================
= Starting analysis for class 'org.symphonyoss.symphony.messageml.markdown.nodes.form.TimePickerNode'
================================================================================
17:06:08.936 [INFO]   [Creating]    Filtering out non-testable methods...
17:06:08.937 [INFO]   [Creating]    Filtering of methods complete. Creating analysis request
17:06:08.937 [INFO]   [Creating]    Attempting to get service client, retry 1.
17:06:09.456 [INFO]   [Creating]        [703/926] org.symphonyoss.symphony.messageml.markdown.nodes.form.TimePickerNode.<init>
17:06:09.456 [INFO]   [Creating]        [703/926]   Tests created: 1
17:06:09.490 [INFO]   [Creating]        [704/926] org.symphonyoss.symphony.messageml.markdown.nodes.form.TimePickerNode.getText
17:06:09.490 [INFO]   [Creating]        [704/926]   Tests created: 1
17:06:09.490 [INFO]   [Creating]    [121/141] org.symphonyoss.symphony.messageml.markdown.nodes.form.TimePickerNode
17:06:09.491 [INFO]   [Creating]    [121/141]   Tests created: 2
17:06:09.491 [INFO]   [Creating]    
================================================================================
= Starting analysis for class 'org.symphonyoss.symphony.messageml.markdown.nodes.form.TimezonePickerNode'
================================================================================
17:06:09.491 [INFO]   [Creating]    Filtering out non-testable methods...
17:06:09.492 [INFO]   [Creating]    Filtering of methods complete. Creating analysis request
17:06:09.492 [INFO]   [Creating]    Attempting to get service client, retry 1.
17:06:09.981 [INFO]   [Creating]        [705/926] org.symphonyoss.symphony.messageml.markdown.nodes.form.TimezonePickerNode.<init>
17:06:09.981 [INFO]   [Creating]        [705/926]   Tests created: 1
17:06:10.014 [INFO]   [Creating]        [706/926] org.symphonyoss.symphony.messageml.markdown.nodes.form.TimezonePickerNode.getText
17:06:10.014 [INFO]   [Creating]        [706/926]   Tests created: 1
17:06:10.015 [INFO]   [Creating]    [122/141] org.symphonyoss.symphony.messageml.markdown.nodes.form.TimezonePickerNode
17:06:10.015 [INFO]   [Creating]    [122/141]   Tests created: 2
17:06:10.016 [INFO]   [Creating]    
================================================================================
= Starting analysis for class 'org.symphonyoss.symphony.messageml.util.AlignedBlock'
================================================================================
17:06:10.016 [INFO]   [Creating]    Filtering out non-testable methods...
17:06:10.018 [INFO]   [Creating]    Filtering of methods complete. Creating analysis request
17:06:10.018 [INFO]   [Creating]    Attempting to get service client, retry 1.
17:06:13.035 [INFO]   [Creating]        [707/926] org.symphonyoss.symphony.messageml.util.AlignedBlock.<init>
17:06:13.035 [INFO]   [Creating]        [708/926] org.symphonyoss.symphony.messageml.util.AlignedBlock.getMaxColumnLength
17:06:13.035 [INFO]   [Creating]        [709/926] org.symphonyoss.symphony.messageml.util.AlignedBlock.getOut
17:06:13.035 [INFO]   [Creating]        [710/926] org.symphonyoss.symphony.messageml.util.AlignedBlock.getRows
17:06:13.035 [INFO]   [Creating]        [710/926]   Tests created: 1
17:06:15.611 [INFO]   [Creating]        [711/926] org.symphonyoss.symphony.messageml.util.AlignedBlock.align
17:06:15.611 [INFO]   [Creating]        [711/926]   Tests created: 2
17:06:15.611 [INFO]   [Creating]        [711/926]   Warnings:
17:06:15.611 [INFO]   [Creating]        [711/926]   Diffblue AI was unable to find a test
17:06:18.035 [INFO]   [Creating]        [712/926] org.symphonyoss.symphony.messageml.util.AlignedBlock.print
17:06:18.035 [INFO]   [Creating]        [712/926]   Tests created: 8
17:06:18.614 [INFO]   [Creating]        [713/926] org.symphonyoss.symphony.messageml.util.AlignedBlock.print
17:06:18.614 [INFO]   [Creating]        [713/926]   Tests created: 12
17:06:18.615 [INFO]   [Creating]    [123/141] org.symphonyoss.symphony.messageml.util.AlignedBlock
17:06:18.615 [INFO]   [Creating]    [123/141]   Tests created: 23
17:06:18.615 [INFO]   [Creating]    
================================================================================
= Starting analysis for class 'org.symphonyoss.symphony.messageml.util.CountedOutputStream'
================================================================================
17:06:18.615 [INFO]   [Creating]    Filtering out non-testable methods...
17:06:18.617 [INFO]   [Creating]    Filtering of methods complete. Creating analysis request
17:06:18.617 [INFO]   [Creating]    Attempting to get service client, retry 1.
17:06:19.413 [INFO]   [Creating]        [714/926] org.symphonyoss.symphony.messageml.util.CountedOutputStream.<init>
17:06:19.413 [INFO]   [Creating]        [715/926] org.symphonyoss.symphony.messageml.util.CountedOutputStream.beginUncounted
17:06:19.413 [INFO]   [Creating]        [716/926] org.symphonyoss.symphony.messageml.util.CountedOutputStream.endUncounted
17:06:19.413 [INFO]   [Creating]        [717/926] org.symphonyoss.symphony.messageml.util.CountedOutputStream.getOffset
17:06:19.413 [INFO]   [Creating]        [717/926]   Tests created: 1
17:06:20.072 [INFO]   [Creating]        [718/926] org.symphonyoss.symphony.messageml.util.CountedOutputStream.close
17:06:20.072 [INFO]   [Creating]        [718/926]   Tests created: 2
17:06:20.793 [INFO]   [Creating]        [719/926] org.symphonyoss.symphony.messageml.util.CountedOutputStream.flush
17:06:20.793 [INFO]   [Creating]        [719/926]   Tests created: 2
17:06:21.928 [INFO]   [Creating]        [720/926] org.symphonyoss.symphony.messageml.util.CountedOutputStream.write
17:06:21.928 [INFO]   [Creating]        [720/926]   Tests created: 3
17:06:23.169 [INFO]   [Creating]        [721/926] org.symphonyoss.symphony.messageml.util.CountedOutputStream.write
17:06:23.169 [INFO]   [Creating]        [721/926]   Tests created: 3
17:06:23.294 [INFO]   [Creating]        [722/926] org.symphonyoss.symphony.messageml.util.CountedOutputStream.write
17:06:23.294 [INFO]   [Creating]        [722/926]   Tests created: 3
17:06:23.295 [INFO]   [Creating]    [124/141] org.symphonyoss.symphony.messageml.util.CountedOutputStream
17:06:23.295 [INFO]   [Creating]    [124/141]   Tests created: 14
17:06:23.296 [INFO]   [Creating]    
================================================================================
= Starting analysis for class 'org.symphonyoss.symphony.messageml.util.EmojiShortcodeToUnicode'
================================================================================
17:06:23.296 [INFO]   [Creating]    Filtering out non-testable methods...
17:06:23.297 [INFO]   [Creating]    Filtering of methods complete. Creating analysis request
17:06:23.297 [INFO]   [Creating]    Attempting to get service client, retry 1.
17:06:23.422 [INFO]   [Creating]        [723/926] org.symphonyoss.symphony.messageml.util.EmojiShortcodeToUnicode.<init>
17:06:23.422 [INFO]   [Creating]        [723/926]   T005: Trivial constructor
17:06:23.422 [INFO]   [Creating]        [723/926]     See https://diff.blue/T005
17:06:23.857 [INFO]   [Creating]        [724/926] org.symphonyoss.symphony.messageml.util.EmojiShortcodeToUnicode.getUnicode
17:06:23.857 [INFO]   [Creating]        [724/926]   Tests created: 1
17:06:23.888 [INFO]   [Creating]        [725/926] org.symphonyoss.symphony.messageml.util.EmojiShortcodeToUnicode.hasUnicodeRepresentation
17:06:23.888 [INFO]   [Creating]        [725/926]   Tests created: 1
17:06:23.888 [INFO]   [Creating]    [125/141] org.symphonyoss.symphony.messageml.util.EmojiShortcodeToUnicode
17:06:23.889 [INFO]   [Creating]    [125/141]   Tests created: 2
17:06:23.889 [INFO]   [Creating]    
================================================================================
= Starting analysis for class 'org.symphonyoss.symphony.messageml.util.IndentedPrintStream'
================================================================================
17:06:23.889 [INFO]   [Creating]    Filtering out non-testable methods...
17:06:23.928 [INFO]   [Creating]    Filtering of methods complete. Creating analysis request
17:06:23.928 [INFO]   [Creating]    Attempting to get service client, retry 1.
17:06:24.383 [INFO]   [Creating]        [726/926] org.symphonyoss.symphony.messageml.util.IndentedPrintStream.getLinePrefix
17:06:24.383 [INFO]   [Creating]        [727/926] org.symphonyoss.symphony.messageml.util.IndentedPrintStream.getPrintOffsets
17:06:24.383 [INFO]   [Creating]        [728/926] org.symphonyoss.symphony.messageml.util.IndentedPrintStream.indent
17:06:24.383 [INFO]   [Creating]        [729/926] org.symphonyoss.symphony.messageml.util.IndentedPrintStream.isNoIndent
17:06:24.383 [INFO]   [Creating]        [730/926] org.symphonyoss.symphony.messageml.util.IndentedPrintStream.isNoNl
17:06:24.383 [INFO]   [Creating]        [731/926] org.symphonyoss.symphony.messageml.util.IndentedPrintStream.isRemoveNl
17:06:24.383 [INFO]   [Creating]        [732/926] org.symphonyoss.symphony.messageml.util.IndentedPrintStream.outdent
17:06:24.383 [INFO]   [Creating]        [733/926] org.symphonyoss.symphony.messageml.util.IndentedPrintStream.setNoIndent
17:06:24.383 [INFO]   [Creating]        [734/926] org.symphonyoss.symphony.messageml.util.IndentedPrintStream.setNoNl
17:06:24.383 [INFO]   [Creating]        [735/926] org.symphonyoss.symphony.messageml.util.IndentedPrintStream.setPrintOffsets
17:06:24.383 [INFO]   [Creating]        [736/926] org.symphonyoss.symphony.messageml.util.IndentedPrintStream.setRemoveNl
17:06:24.383 [INFO]   [Creating]        [737/926] org.symphonyoss.symphony.messageml.util.IndentedPrintStream.setoNlCr
17:06:24.383 [INFO]   [Creating]        [737/926]   Tests created: 1
17:06:28.829 [INFO]   [Creating]        [738/926] org.symphonyoss.symphony.messageml.util.IndentedPrintStream.<init>
17:06:28.829 [INFO]   [Creating]        [738/926]   Tests created: 2
17:06:30.801 [INFO]   [Creating]        [739/926] org.symphonyoss.symphony.messageml.util.IndentedPrintStream.align
17:06:30.801 [INFO]   [Creating]        [739/926]   Diffblue AI was unable to find a test
17:06:33.129 [INFO]   [Creating]        [740/926] org.symphonyoss.symphony.messageml.util.IndentedPrintStream.closeBlock
17:06:33.129 [INFO]   [Creating]        [740/926]   Tests created: 8
17:06:35.691 [INFO]   [Creating]        [741/926] org.symphonyoss.symphony.messageml.util.IndentedPrintStream.closeBlock
17:06:35.691 [INFO]   [Creating]        [741/926]   Tests created: 8
17:06:38.308 [INFO]   [Creating]        [742/926] org.symphonyoss.symphony.messageml.util.IndentedPrintStream.continueBlock
17:06:38.308 [INFO]   [Creating]        [742/926]   Tests created: 10
17:06:39.300 [INFO]   [Creating]        [743/926] org.symphonyoss.symphony.messageml.util.IndentedPrintStream.forceNewLine
17:06:39.300 [INFO]   [Creating]        [743/926]   Tests created: 3
17:06:40.633 [INFO]   [Creating]        [744/926] org.symphonyoss.symphony.messageml.util.IndentedPrintStream.getOffset
17:06:40.633 [INFO]   [Creating]        [744/926]   Tests created: 1
17:06:42.564 [INFO]   [Creating]        [745/926] org.symphonyoss.symphony.messageml.util.IndentedPrintStream.isoNlCr
17:06:42.564 [INFO]   [Creating]        [745/926]   Tests created: 1
17:06:45.255 [INFO]   [Creating]        [746/926] org.symphonyoss.symphony.messageml.util.IndentedPrintStream.openBlock
17:06:45.255 [INFO]   [Creating]        [746/926]   Tests created: 8
17:06:47.612 [INFO]   [Creating]        [747/926] org.symphonyoss.symphony.messageml.util.IndentedPrintStream.openBlock
17:06:47.612 [INFO]   [Creating]        [747/926]   Tests created: 10
17:06:49.715 [INFO]   [Creating]        [748/926] org.symphonyoss.symphony.messageml.util.IndentedPrintStream.print
17:06:49.715 [INFO]   [Creating]        [748/926]   Tests created: 6
17:06:51.860 [INFO]   [Creating]        [749/926] org.symphonyoss.symphony.messageml.util.IndentedPrintStream.print
17:06:51.860 [INFO]   [Creating]        [749/926]   Tests created: 6
17:06:54.000 [INFO]   [Creating]        [750/926] org.symphonyoss.symphony.messageml.util.IndentedPrintStream.print
17:06:54.000 [INFO]   [Creating]        [750/926]   Tests created: 6
17:06:56.601 [INFO]   [Creating]        [751/926] org.symphonyoss.symphony.messageml.util.IndentedPrintStream.print
17:06:56.601 [INFO]   [Creating]        [751/926]   Tests created: 6
17:06:59.187 [INFO]   [Creating]        [752/926] org.symphonyoss.symphony.messageml.util.IndentedPrintStream.print
17:06:59.187 [INFO]   [Creating]        [752/926]   Tests created: 6
17:07:01.827 [INFO]   [Creating]        [753/926] org.symphonyoss.symphony.messageml.util.IndentedPrintStream.print
17:07:01.827 [INFO]   [Creating]        [753/926]   Tests created: 6
17:07:04.470 [INFO]   [Creating]        [754/926] org.symphonyoss.symphony.messageml.util.IndentedPrintStream.print
17:07:04.470 [INFO]   [Creating]        [754/926]   Tests created: 6
17:07:07.148 [INFO]   [Creating]        [755/926] org.symphonyoss.symphony.messageml.util.IndentedPrintStream.print
17:07:07.148 [INFO]   [Creating]        [755/926]   Tests created: 6
17:07:09.995 [INFO]   [Creating]        [756/926] org.symphonyoss.symphony.messageml.util.IndentedPrintStream.print
17:07:09.995 [INFO]   [Creating]        [756/926]   Tests created: 6
17:07:12.947 [INFO]   [Creating]        [757/926] org.symphonyoss.symphony.messageml.util.IndentedPrintStream.print
17:07:12.947 [INFO]   [Creating]        [757/926]   Tests created: 7
17:07:15.759 [INFO]   [Creating]        [758/926] org.symphonyoss.symphony.messageml.util.IndentedPrintStream.print
17:07:15.759 [INFO]   [Creating]        [758/926]   Tests created: 7
17:07:18.508 [INFO]   [Creating]        [759/926] org.symphonyoss.symphony.messageml.util.IndentedPrintStream.print
17:07:18.508 [INFO]   [Creating]        [759/926]   Tests created: 7
17:07:21.589 [INFO]   [Creating]        [760/926] org.symphonyoss.symphony.messageml.util.IndentedPrintStream.print
17:07:21.589 [INFO]   [Creating]        [760/926]   Tests created: 6
17:07:24.076 [INFO]   [Creating]        [761/926] org.symphonyoss.symphony.messageml.util.IndentedPrintStream.print
17:07:24.076 [INFO]   [Creating]        [761/926]   Tests created: 7
17:07:26.520 [INFO]   [Creating]        [762/926] org.symphonyoss.symphony.messageml.util.IndentedPrintStream.print
17:07:26.520 [INFO]   [Creating]        [762/926]   Tests created: 6
17:07:29.254 [INFO]   [Creating]        [763/926] org.symphonyoss.symphony.messageml.util.IndentedPrintStream.print
17:07:29.254 [INFO]   [Creating]        [763/926]   Tests created: 7
17:07:31.899 [INFO]   [Creating]        [764/926] org.symphonyoss.symphony.messageml.util.IndentedPrintStream.print
17:07:31.899 [INFO]   [Creating]        [764/926]   Tests created: 7
17:07:34.379 [INFO]   [Creating]        [765/926] org.symphonyoss.symphony.messageml.util.IndentedPrintStream.print
17:07:34.379 [INFO]   [Creating]        [765/926]   Tests created: 7
17:07:36.989 [INFO]   [Creating]        [766/926] org.symphonyoss.symphony.messageml.util.IndentedPrintStream.print
17:07:36.989 [INFO]   [Creating]        [766/926]   Tests created: 6
17:07:39.713 [INFO]   [Creating]        [767/926] org.symphonyoss.symphony.messageml.util.IndentedPrintStream.print
17:07:39.713 [INFO]   [Creating]        [767/926]   Tests created: 7
17:07:42.759 [INFO]   [Creating]        [768/926] org.symphonyoss.symphony.messageml.util.IndentedPrintStream.printAlignedBlock
17:07:42.759 [INFO]   [Creating]        [768/926]   Tests created: 7
17:07:45.050 [INFO]   [Creating]        [769/926] org.symphonyoss.symphony.messageml.util.IndentedPrintStream.printlines
17:07:45.050 [INFO]   [Creating]        [769/926]   Tests created: 10
17:07:47.177 [INFO]   [Creating]        [770/926] org.symphonyoss.symphony.messageml.util.IndentedPrintStream.println
17:07:47.177 [INFO]   [Creating]        [770/926]   Tests created: 3
17:07:49.772 [INFO]   [Creating]        [771/926] org.symphonyoss.symphony.messageml.util.IndentedPrintStream.println
17:07:49.772 [INFO]   [Creating]        [771/926]   Tests created: 6
17:07:52.665 [INFO]   [Creating]        [772/926] org.symphonyoss.symphony.messageml.util.IndentedPrintStream.println
17:07:52.665 [INFO]   [Creating]        [772/926]   Tests created: 8
17:07:55.529 [INFO]   [Creating]        [773/926] org.symphonyoss.symphony.messageml.util.IndentedPrintStream.println
17:07:55.529 [INFO]   [Creating]        [773/926]   Tests created: 8
17:07:58.665 [INFO]   [Creating]        [774/926] org.symphonyoss.symphony.messageml.util.IndentedPrintStream.println
17:07:58.665 [INFO]   [Creating]        [774/926]   Tests created: 8
17:08:01.751 [INFO]   [Creating]        [775/926] org.symphonyoss.symphony.messageml.util.IndentedPrintStream.println
17:08:01.751 [INFO]   [Creating]        [775/926]   Tests created: 6
17:08:05.224 [INFO]   [Creating]        [776/926] org.symphonyoss.symphony.messageml.util.IndentedPrintStream.println
17:08:05.224 [INFO]   [Creating]        [776/926]   Tests created: 8
17:08:08.835 [INFO]   [Creating]        [777/926] org.symphonyoss.symphony.messageml.util.IndentedPrintStream.println
17:08:08.835 [INFO]   [Creating]        [777/926]   Tests created: 8
17:08:12.419 [INFO]   [Creating]        [778/926] org.symphonyoss.symphony.messageml.util.IndentedPrintStream.println
17:08:12.419 [INFO]   [Creating]        [778/926]   Tests created: 8
17:08:15.917 [INFO]   [Creating]        [779/926] org.symphonyoss.symphony.messageml.util.IndentedPrintStream.println
17:08:15.917 [INFO]   [Creating]        [779/926]   Tests created: 8
17:08:19.821 [INFO]   [Creating]        [780/926] org.symphonyoss.symphony.messageml.util.IndentedPrintStream.println
17:08:19.821 [INFO]   [Creating]        [780/926]   Tests created: 10
17:08:23.604 [INFO]   [Creating]        [781/926] org.symphonyoss.symphony.messageml.util.IndentedPrintStream.println
17:08:23.604 [INFO]   [Creating]        [781/926]   Tests created: 10
17:08:27.698 [INFO]   [Creating]        [782/926] org.symphonyoss.symphony.messageml.util.IndentedPrintStream.println
17:08:27.698 [INFO]   [Creating]        [782/926]   Tests created: 10
17:08:31.488 [INFO]   [Creating]        [783/926] org.symphonyoss.symphony.messageml.util.IndentedPrintStream.println
17:08:31.488 [INFO]   [Creating]        [783/926]   Tests created: 8
17:08:34.665 [INFO]   [Creating]        [784/926] org.symphonyoss.symphony.messageml.util.IndentedPrintStream.println
17:08:34.665 [INFO]   [Creating]        [784/926]   Tests created: 7
17:08:38.210 [INFO]   [Creating]        [785/926] org.symphonyoss.symphony.messageml.util.IndentedPrintStream.println
17:08:38.210 [INFO]   [Creating]        [785/926]   Tests created: 8
17:08:42.294 [INFO]   [Creating]        [786/926] org.symphonyoss.symphony.messageml.util.IndentedPrintStream.println
17:08:42.294 [INFO]   [Creating]        [786/926]   Tests created: 10
17:08:46.150 [INFO]   [Creating]        [787/926] org.symphonyoss.symphony.messageml.util.IndentedPrintStream.println
17:08:46.150 [INFO]   [Creating]        [787/926]   Tests created: 10
17:08:50.716 [INFO]   [Creating]        [788/926] org.symphonyoss.symphony.messageml.util.IndentedPrintStream.println
17:08:50.716 [INFO]   [Creating]        [788/926]   Tests created: 10
17:08:54.419 [INFO]   [Creating]        [789/926] org.symphonyoss.symphony.messageml.util.IndentedPrintStream.println
17:08:54.419 [INFO]   [Creating]        [789/926]   Tests created: 8
17:08:54.419 [INFO]   [Creating]        [789/926]   Warnings:
17:08:54.419 [INFO]   [Creating]        [789/926]   Diffblue AI was unable to find a test
17:08:58.097 [INFO]   [Creating]        [790/926] org.symphonyoss.symphony.messageml.util.IndentedPrintStream.println
17:08:58.097 [INFO]   [Creating]        [790/926]   Tests created: 8
17:09:02.134 [INFO]   [Creating]        [791/926] org.symphonyoss.symphony.messageml.util.IndentedPrintStream.println
17:09:02.134 [INFO]   [Creating]        [791/926]   Tests created: 7
17:09:02.594 [INFO]   [Creating]        [792/926] org.symphonyoss.symphony.messageml.util.IndentedPrintStream.setLinePrefix
17:09:02.594 [INFO]   [Creating]        [792/926]   Tests created: 2
17:09:02.595 [INFO]   [Creating]    [126/141] org.symphonyoss.symphony.messageml.util.IndentedPrintStream
17:09:02.595 [INFO]   [Creating]    [126/141]   Tests created: 376
17:09:02.596 [INFO]   [Creating]    
================================================================================
= Starting analysis for class 'org.symphonyoss.symphony.messageml.util.NoOpDataProvider'
================================================================================
17:09:02.596 [INFO]   [Creating]    Filtering out non-testable methods...
17:09:02.597 [INFO]   [Creating]    Filtering of methods complete. Creating analysis request
17:09:02.597 [INFO]   [Creating]    Attempting to get service client, retry 1.
17:09:03.978 [INFO]   [Creating]        [793/926] org.symphonyoss.symphony.messageml.util.NoOpDataProvider.<init>
17:09:03.978 [INFO]   [Creating]        [794/926] org.symphonyoss.symphony.messageml.util.NoOpDataProvider.validateURI
17:09:03.978 [INFO]   [Creating]        [794/926]   R002: Missing observers
17:09:03.978 [INFO]   [Creating]        [794/926]     Diffblue Cover was unable to create an assertion.
17:09:03.978 [INFO]   [Creating]        [794/926]     There are no fields that could be asserted on.
17:09:04.260 [INFO]   [Creating]        [795/926] org.symphonyoss.symphony.messageml.util.NoOpDataProvider.getFinTagPresentation
17:09:04.260 [INFO]   [Creating]        [795/926]   Tests created: 3
17:09:04.681 [INFO]   [Creating]        [796/926] org.symphonyoss.symphony.messageml.util.NoOpDataProvider.getUserPresentation
17:09:04.681 [INFO]   [Creating]        [796/926]   Diffblue AI was unable to find a test
17:09:04.683 [INFO]   [Creating]        [797/926] org.symphonyoss.symphony.messageml.util.NoOpDataProvider.getUserPresentation
17:09:04.683 [INFO]   [Creating]        [797/926]   Diffblue AI was unable to find a test
17:09:04.684 [INFO]   [Creating]    [127/141] org.symphonyoss.symphony.messageml.util.NoOpDataProvider
17:09:04.684 [INFO]   [Creating]    [127/141]   Tests created: 3
17:09:04.684 [INFO]   [Creating]    
================================================================================
= Starting analysis for class 'org.symphonyoss.symphony.messageml.util.NoOpEntityResolver'
================================================================================
17:09:04.684 [INFO]   [Creating]    Filtering out non-testable methods...
17:09:04.685 [INFO]   [Creating]    Filtering of methods complete. Creating analysis request
17:09:04.685 [INFO]   [Creating]    Attempting to get service client, retry 1.
17:09:04.799 [INFO]   [Creating]        [798/926] org.symphonyoss.symphony.messageml.util.NoOpEntityResolver.<init>
17:09:04.799 [INFO]   [Creating]        [798/926]   R002: Missing observers
17:09:04.799 [INFO]   [Creating]        [798/926]     Diffblue Cover was unable to create an assertion.
17:09:04.799 [INFO]   [Creating]        [798/926]     There are no fields that could be asserted on.
17:09:04.842 [INFO]   [Creating]        [799/926] org.symphonyoss.symphony.messageml.util.NoOpEntityResolver.resolveEntity
17:09:04.842 [INFO]   [Creating]        [799/926]   Diffblue AI was unable to find a test
17:09:04.842 [INFO]   [Creating]        [799/926]   Warnings:
17:09:04.842 [INFO]   [Creating]        [799/926]   Diffblue AI was unable to find a test
17:09:04.843 [INFO]   [Creating]    [128/141] org.symphonyoss.symphony.messageml.util.NoOpEntityResolver
17:09:04.843 [INFO]   [Creating]    [128/141]   Tests created: 0
17:09:04.844 [INFO]   [Creating]    
================================================================================
= Starting analysis for class 'org.symphonyoss.symphony.messageml.util.NullDataProvider'
================================================================================
17:09:04.844 [INFO]   [Creating]    Filtering out non-testable methods...
17:09:04.845 [INFO]   [Creating]    Filtering of methods complete. Creating analysis request
17:09:04.845 [INFO]   [Creating]    Attempting to get service client, retry 1.
17:09:06.142 [INFO]   [Creating]        [800/926] org.symphonyoss.symphony.messageml.util.NullDataProvider.<init>
17:09:06.142 [INFO]   [Creating]        [801/926] org.symphonyoss.symphony.messageml.util.NullDataProvider.validateURI
17:09:06.142 [INFO]   [Creating]        [801/926]   R002: Missing observers
17:09:06.142 [INFO]   [Creating]        [801/926]     Diffblue Cover was unable to create an assertion.
17:09:06.142 [INFO]   [Creating]        [801/926]     There are no fields that could be asserted on.
17:09:06.419 [INFO]   [Creating]        [802/926] org.symphonyoss.symphony.messageml.util.NullDataProvider.getFinTagPresentation
17:09:06.419 [INFO]   [Creating]        [802/926]   Tests created: 3
17:09:06.834 [INFO]   [Creating]        [803/926] org.symphonyoss.symphony.messageml.util.NullDataProvider.getUserPresentation
17:09:06.834 [INFO]   [Creating]        [803/926]   Diffblue AI was unable to find a test
17:09:06.835 [INFO]   [Creating]        [804/926] org.symphonyoss.symphony.messageml.util.NullDataProvider.getUserPresentation
17:09:06.835 [INFO]   [Creating]        [804/926]   Diffblue AI was unable to find a test
17:09:06.836 [INFO]   [Creating]    [129/141] org.symphonyoss.symphony.messageml.util.NullDataProvider
17:09:06.836 [INFO]   [Creating]    [129/141]   Tests created: 3
17:09:06.837 [INFO]   [Creating]    
================================================================================
= Starting analysis for class 'org.symphonyoss.symphony.messageml.util.NullErrorHandler'
================================================================================
17:09:06.837 [INFO]   [Creating]    Filtering out non-testable methods...
17:09:06.838 [INFO]   [Creating]    Filtering of methods complete. Creating analysis request
17:09:06.838 [INFO]   [Creating]    Attempting to get service client, retry 1.
17:09:07.001 [INFO]   [Creating]        [805/926] org.symphonyoss.symphony.messageml.util.NullErrorHandler.<init>
17:09:07.001 [INFO]   [Creating]        [806/926] org.symphonyoss.symphony.messageml.util.NullErrorHandler.error
17:09:07.001 [INFO]   [Creating]        [807/926] org.symphonyoss.symphony.messageml.util.NullErrorHandler.fatalError
17:09:07.001 [INFO]   [Creating]        [808/926] org.symphonyoss.symphony.messageml.util.NullErrorHandler.warning
17:09:07.001 [INFO]   [Creating]        [808/926]   R002: Missing observers
17:09:07.001 [INFO]   [Creating]        [808/926]     Diffblue Cover was unable to create an assertion.
17:09:07.001 [INFO]   [Creating]        [808/926]     There are no fields that could be asserted on.
17:09:07.002 [INFO]   [Creating]    [130/141] org.symphonyoss.symphony.messageml.util.NullErrorHandler
17:09:07.002 [INFO]   [Creating]    [130/141]   Tests created: 0
17:09:07.003 [INFO]   [Creating]    
================================================================================
= Starting analysis for class 'org.symphonyoss.symphony.messageml.util.ShortID'
================================================================================
17:09:07.003 [INFO]   [Creating]    Filtering out non-testable methods...
17:09:07.005 [INFO]   [Creating]    Filtering of methods complete. Creating analysis request
17:09:07.005 [INFO]   [Creating]    Attempting to get service client, retry 1.
17:09:07.314 [INFO]   [Creating]        [809/926] org.symphonyoss.symphony.messageml.util.ShortID.getClusterWorkerId
17:09:07.314 [INFO]   [Creating]        [810/926] org.symphonyoss.symphony.messageml.util.ShortID.getCounter
17:09:07.314 [INFO]   [Creating]        [811/926] org.symphonyoss.symphony.messageml.util.ShortID.getPreviousSeconds
17:09:07.314 [INFO]   [Creating]        [812/926] org.symphonyoss.symphony.messageml.util.ShortID.getRandom
17:09:07.314 [INFO]   [Creating]        [813/926] org.symphonyoss.symphony.messageml.util.ShortID.getReduceTime
17:09:07.314 [INFO]   [Creating]        [814/926] org.symphonyoss.symphony.messageml.util.ShortID.getShuffled
17:09:07.314 [INFO]   [Creating]        [815/926] org.symphonyoss.symphony.messageml.util.ShortID.getVersion
17:09:07.314 [INFO]   [Creating]        [815/926]   Diffblue AI was unable to find a test
17:09:07.589 [INFO]   [Creating]        [816/926] org.symphonyoss.symphony.messageml.util.ShortID.<init>
17:09:07.589 [INFO]   [Creating]        [816/926]   Diffblue AI was unable to find a test
17:09:07.589 [INFO]   [Creating]        [816/926]   Warnings:
17:09:07.589 [INFO]   [Creating]        [816/926]   Diffblue AI was unable to find a test
17:09:07.598 [INFO]   [Creating]        [817/926] org.symphonyoss.symphony.messageml.util.ShortID.generate
17:09:07.598 [INFO]   [Creating]        [817/926]   R031: Method may be time-sensitive
17:09:07.598 [INFO]   [Creating]        [817/926]     Diffblue Cover was only able to write tests that are time-sensitive.
17:09:07.598 [INFO]   [Creating]        [817/926]     The assertions don't pass when run at an alternate date, time, and
17:09:07.598 [INFO]   [Creating]        [817/926]     timezone. Try refactoring the method to take a 'java.time.Clock' instance so
17:09:07.598 [INFO]   [Creating]        [817/926]     that the time can be parameterized during testing.
17:09:07.598 [INFO]   [Creating]        [817/926]     See Working with code R031 (https://diff.blue/R031) for details.
17:09:07.599 [INFO]   [Creating]    [131/141] org.symphonyoss.symphony.messageml.util.ShortID
17:09:07.599 [INFO]   [Creating]    [131/141]   Tests created: 0
17:09:07.599 [INFO]   [Creating]    
================================================================================
= Starting analysis for class 'org.symphonyoss.symphony.messageml.util.TagAttributes'
================================================================================
17:09:07.599 [INFO]   [Creating]    Filtering out non-testable methods...
17:09:07.600 [INFO]   [Creating]    Filtering of methods complete. Creating analysis request
17:09:07.600 [INFO]   [Creating]    Attempting to get service client, retry 1.
17:09:07.683 [INFO]   [Creating]        [818/926] org.symphonyoss.symphony.messageml.util.TagAttributes.<init>
17:09:07.683 [INFO]   [Creating]        [818/926]   Tests created: 1
17:09:07.684 [INFO]   [Creating]    [132/141] org.symphonyoss.symphony.messageml.util.TagAttributes
17:09:07.684 [INFO]   [Creating]    [132/141]   Tests created: 1
17:09:07.685 [INFO]   [Creating]    
================================================================================
= Starting analysis for class 'org.symphonyoss.symphony.messageml.util.XMLAttribute'
================================================================================
17:09:07.685 [INFO]   [Creating]    Filtering out non-testable methods...
17:09:07.686 [INFO]   [Creating]    Filtering of methods complete. Creating analysis request
17:09:07.686 [INFO]   [Creating]    Attempting to get service client, retry 1.
17:09:07.852 [INFO]   [Creating]        [819/926] org.symphonyoss.symphony.messageml.util.XMLAttribute.getFormat
17:09:07.852 [INFO]   [Creating]        [820/926] org.symphonyoss.symphony.messageml.util.XMLAttribute.toString
17:09:07.852 [INFO]   [Creating]        [820/926]   Tests created: 1
17:09:07.927 [INFO]   [Creating]        [821/926] org.symphonyoss.symphony.messageml.util.XMLAttribute.of
17:09:07.927 [INFO]   [Creating]        [821/926]   Tests created: 2
17:09:07.927 [INFO]   [Creating]    [133/141] org.symphonyoss.symphony.messageml.util.XMLAttribute
17:09:07.927 [INFO]   [Creating]    [133/141]   Tests created: 3
17:09:07.928 [INFO]   [Creating]    
================================================================================
= Starting analysis for class 'org.symphonyoss.symphony.messageml.util.XMLAttribute$Format'
================================================================================
17:09:07.928 [INFO]   [Creating]    Filtering out non-testable methods...
17:09:07.929 [INFO]   [Creating]        [822/926] org.symphonyoss.symphony.messageml.util.XMLAttribute$Format.valueOf
17:09:07.929 [INFO]   [Creating]        [822/926]   T012: Synthetic method
17:09:07.929 [INFO]   [Creating]        [822/926]     Indicates that the method is synthetic. Currently, this includes methods:
17:09:07.929 [INFO]   [Creating]        [822/926]     - that are marked as synthetic by the compiler
17:09:07.929 [INFO]   [Creating]        [822/926]     - that are not directly callable
17:09:07.929 [INFO]   [Creating]        [822/926]     - that exist on the JDK class but do not appear in the source code
17:09:07.929 [INFO]   [Creating]        [822/926]     Diffblue Cover considers these methods as not directly callable.
17:09:07.930 [INFO]   [Creating]        [823/926] org.symphonyoss.symphony.messageml.util.XMLAttribute$Format.values
17:09:07.930 [INFO]   [Creating]        [823/926]   T012: Synthetic method
17:09:07.930 [INFO]   [Creating]        [823/926]     Indicates that the method is synthetic. Currently, this includes methods:
17:09:07.930 [INFO]   [Creating]        [823/926]     - that are marked as synthetic by the compiler
17:09:07.930 [INFO]   [Creating]        [823/926]     - that are not directly callable
17:09:07.930 [INFO]   [Creating]        [823/926]     - that exist on the JDK class but do not appear in the source code
17:09:07.930 [INFO]   [Creating]        [823/926]     Diffblue Cover considers these methods as not directly callable.
17:09:07.930 [INFO]   [Creating]    [134/141] org.symphonyoss.symphony.messageml.util.XMLAttribute$Format
17:09:07.930 [INFO]   [Creating]    [134/141]   Tests created: 0
17:09:07.930 [INFO]   [Creating]    No testable methods
17:09:07.930 [INFO]   [Creating]    
================================================================================
= Starting analysis for class 'org.symphonyoss.symphony.messageml.util.XmlPrintStream'
================================================================================
17:09:07.930 [INFO]   [Creating]    Filtering out non-testable methods...
17:09:07.935 [INFO]   [Creating]    Filtering of methods complete. Creating analysis request
17:09:07.935 [INFO]   [Creating]    Attempting to get service client, retry 1.
17:09:14.055 [INFO]   [Creating]        [824/926] org.symphonyoss.symphony.messageml.util.XmlPrintStream.<init>
17:09:14.055 [INFO]   [Creating]        [824/926]   Tests created: 2
17:09:15.359 [INFO]   [Creating]        [825/926] org.symphonyoss.symphony.messageml.util.XmlPrintStream.closeElement
17:09:15.359 [INFO]   [Creating]        [825/926]   R013: No inputs found that don't throw a trivial exception
17:09:15.359 [INFO]   [Creating]        [825/926]     Diffblue Cover tried to run the arrange/act section, but the test threw
17:09:15.359 [INFO]   [Creating]        [825/926]     java.util.NoSuchElementException
17:09:15.359 [INFO]   [Creating]        [825/926]         at java.util.LinkedList.removeFirst(LinkedList.java:274)
17:09:15.359 [INFO]   [Creating]        [825/926]         at java.util.LinkedList.pop(LinkedList.java:805)
17:09:15.359 [INFO]   [Creating]        [825/926]         at org.symphonyoss.symphony.messageml.util.XmlPrintStream.closeElement(XmlPrintStream.java:104)
17:09:15.359 [INFO]   [Creating]        [825/926]     In order to prevent closeElement()
17:09:15.359 [INFO]   [Creating]        [825/926]     from throwing NoSuchElementException, add constructors or factory
17:09:15.359 [INFO]   [Creating]        [825/926]     methods that make it easier to construct fully initialized objects used in
17:09:15.359 [INFO]   [Creating]        [825/926]     closeElement().
17:09:15.359 [INFO]   [Creating]        [825/926]     See https://diff.blue/R013 to resolve this issue.
17:09:16.601 [INFO]   [Creating]        [826/926] org.symphonyoss.symphony.messageml.util.XmlPrintStream.escape
17:09:16.601 [INFO]   [Creating]        [826/926]   Tests created: 2
17:09:18.443 [INFO]   [Creating]        [827/926] org.symphonyoss.symphony.messageml.util.XmlPrintStream.escape
17:09:18.443 [INFO]   [Creating]        [827/926]   Tests created: 2
17:09:20.948 [INFO]   [Creating]        [828/926] org.symphonyoss.symphony.messageml.util.XmlPrintStream.openElement
17:09:20.948 [INFO]   [Creating]        [828/926]   Tests created: 8
17:09:23.156 [INFO]   [Creating]        [829/926] org.symphonyoss.symphony.messageml.util.XmlPrintStream.openElement
17:09:23.156 [INFO]   [Creating]        [829/926]   Tests created: 12
17:09:25.633 [INFO]   [Creating]        [830/926] org.symphonyoss.symphony.messageml.util.XmlPrintStream.openElement
17:09:25.633 [INFO]   [Creating]        [830/926]   Tests created: 15
17:09:27.733 [INFO]   [Creating]        [831/926] org.symphonyoss.symphony.messageml.util.XmlPrintStream.printComment
17:09:27.733 [INFO]   [Creating]        [831/926]   Tests created: 8
17:09:29.995 [INFO]   [Creating]        [832/926] org.symphonyoss.symphony.messageml.util.XmlPrintStream.printElement
17:09:29.995 [INFO]   [Creating]        [832/926]   Tests created: 8
17:09:32.332 [INFO]   [Creating]        [833/926] org.symphonyoss.symphony.messageml.util.XmlPrintStream.printElement
17:09:32.332 [INFO]   [Creating]        [833/926]   Tests created: 11
17:09:35.057 [INFO]   [Creating]        [834/926] org.symphonyoss.symphony.messageml.util.XmlPrintStream.printElement
17:09:35.057 [INFO]   [Creating]        [834/926]   Tests created: 12
17:09:37.596 [INFO]   [Creating]        [835/926] org.symphonyoss.symphony.messageml.util.XmlPrintStream.printElement
17:09:37.596 [INFO]   [Creating]        [835/926]   Tests created: 16
17:09:38.689 [INFO]   [Creating]        [836/926] org.symphonyoss.symphony.messageml.util.XmlPrintStream.printElement
17:09:38.689 [INFO]   [Creating]        [836/926]   Tests created: 11
17:09:38.856 [INFO]   [Creating]        [837/926] org.symphonyoss.symphony.messageml.util.XmlPrintStream.removeNewLines
17:09:38.856 [INFO]   [Creating]        [837/926]   Tests created: 2
17:09:38.857 [INFO]   [Creating]    [135/141] org.symphonyoss.symphony.messageml.util.XmlPrintStream
17:09:38.857 [INFO]   [Creating]    [135/141]   Tests created: 109
17:09:38.858 [INFO]   [Creating]    
================================================================================
= Starting analysis for class 'org.symphonyoss.symphony.messageml.util.instrument.resolver.Instrument'
================================================================================
17:09:38.858 [INFO]   [Creating]    Filtering out non-testable methods...
17:09:38.858 [INFO]   [Creating]    Filtering of methods complete. Creating analysis request
17:09:38.858 [INFO]   [Creating]    Attempting to get service client, retry 1.
17:09:38.973 [INFO]   [Creating]        [838/926] org.symphonyoss.symphony.messageml.util.instrument.resolver.Instrument.<init>
17:09:38.973 [INFO]   [Creating]        [838/926]   Tests created: 1
17:09:38.974 [INFO]   [Creating]    [136/141] org.symphonyoss.symphony.messageml.util.instrument.resolver.Instrument
17:09:38.974 [INFO]   [Creating]    [136/141]   Tests created: 1
17:09:38.974 [INFO]   [Creating]    
================================================================================
= Starting analysis for class 'org.symphonyoss.symphony.messageml.util.instrument.resolver.InstrumentKind'
================================================================================
17:09:38.974 [INFO]   [Creating]    Filtering out non-testable methods...
17:09:38.976 [INFO]   [Creating]        [839/926] org.symphonyoss.symphony.messageml.util.instrument.resolver.InstrumentKind.valueOf
17:09:38.976 [INFO]   [Creating]        [839/926]   T012: Synthetic method
17:09:38.976 [INFO]   [Creating]        [839/926]     Indicates that the method is synthetic. Currently, this includes methods:
17:09:38.976 [INFO]   [Creating]        [839/926]     - that are marked as synthetic by the compiler
17:09:38.976 [INFO]   [Creating]        [839/926]     - that are not directly callable
17:09:38.976 [INFO]   [Creating]        [839/926]     - that exist on the JDK class but do not appear in the source code
17:09:38.976 [INFO]   [Creating]        [839/926]     Diffblue Cover considers these methods as not directly callable.
17:09:38.976 [INFO]   [Creating]        [840/926] org.symphonyoss.symphony.messageml.util.instrument.resolver.InstrumentKind.values
17:09:38.976 [INFO]   [Creating]        [840/926]   T012: Synthetic method
17:09:38.976 [INFO]   [Creating]        [840/926]     Indicates that the method is synthetic. Currently, this includes methods:
17:09:38.976 [INFO]   [Creating]        [840/926]     - that are marked as synthetic by the compiler
17:09:38.976 [INFO]   [Creating]        [840/926]     - that are not directly callable
17:09:38.976 [INFO]   [Creating]        [840/926]     - that exist on the JDK class but do not appear in the source code
17:09:38.976 [INFO]   [Creating]        [840/926]     Diffblue Cover considers these methods as not directly callable.
17:09:38.977 [INFO]   [Creating]    Filtering of methods complete. Creating analysis request
17:09:38.977 [INFO]   [Creating]    Attempting to get service client, retry 1.
17:09:39.243 [INFO]   [Creating]        [841/926] org.symphonyoss.symphony.messageml.util.instrument.resolver.InstrumentKind.fromValue
17:09:39.243 [INFO]   [Creating]        [841/926]   Tests created: 2
17:09:39.278 [INFO]   [Creating]        [842/926] org.symphonyoss.symphony.messageml.util.instrument.resolver.InstrumentKind.toValues
17:09:39.278 [INFO]   [Creating]        [842/926]   Tests created: 1
17:09:39.279 [INFO]   [Creating]    [137/141] org.symphonyoss.symphony.messageml.util.instrument.resolver.InstrumentKind
17:09:39.279 [INFO]   [Creating]    [137/141]   Tests created: 3
17:09:39.280 [INFO]   [Creating]    
================================================================================
= Starting analysis for class 'org.symphonyoss.symphony.messageml.util.instrument.resolver.MarketSector'
================================================================================
17:09:39.280 [INFO]   [Creating]    Filtering out non-testable methods...
17:09:39.281 [INFO]   [Creating]        [843/926] org.symphonyoss.symphony.messageml.util.instrument.resolver.MarketSector.valueOf
17:09:39.281 [INFO]   [Creating]        [843/926]   T012: Synthetic method
17:09:39.281 [INFO]   [Creating]        [843/926]     Indicates that the method is synthetic. Currently, this includes methods:
17:09:39.281 [INFO]   [Creating]        [843/926]     - that are marked as synthetic by the compiler
17:09:39.281 [INFO]   [Creating]        [843/926]     - that are not directly callable
17:09:39.281 [INFO]   [Creating]        [843/926]     - that exist on the JDK class but do not appear in the source code
17:09:39.281 [INFO]   [Creating]        [843/926]     Diffblue Cover considers these methods as not directly callable.
17:09:39.282 [INFO]   [Creating]        [844/926] org.symphonyoss.symphony.messageml.util.instrument.resolver.MarketSector.values
17:09:39.282 [INFO]   [Creating]        [844/926]   T012: Synthetic method
17:09:39.282 [INFO]   [Creating]        [844/926]     Indicates that the method is synthetic. Currently, this includes methods:
17:09:39.282 [INFO]   [Creating]        [844/926]     - that are marked as synthetic by the compiler
17:09:39.282 [INFO]   [Creating]        [844/926]     - that are not directly callable
17:09:39.282 [INFO]   [Creating]        [844/926]     - that exist on the JDK class but do not appear in the source code
17:09:39.282 [INFO]   [Creating]        [844/926]     Diffblue Cover considers these methods as not directly callable.
17:09:39.282 [INFO]   [Creating]    Filtering of methods complete. Creating analysis request
17:09:39.282 [INFO]   [Creating]    Attempting to get service client, retry 1.
17:09:39.555 [INFO]   [Creating]        [845/926] org.symphonyoss.symphony.messageml.util.instrument.resolver.MarketSector.fromValue
17:09:39.555 [INFO]   [Creating]        [845/926]   Tests created: 2
17:09:39.596 [INFO]   [Creating]        [846/926] org.symphonyoss.symphony.messageml.util.instrument.resolver.MarketSector.toValues
17:09:39.596 [INFO]   [Creating]        [846/926]   Tests created: 1
17:09:39.597 [INFO]   [Creating]    [138/141] org.symphonyoss.symphony.messageml.util.instrument.resolver.MarketSector
17:09:39.597 [INFO]   [Creating]    [138/141]   Tests created: 3
17:09:39.597 [INFO]   [Creating]    
================================================================================
= Starting analysis for class 'org.symphonyoss.symphony.messageml.util.instrument.resolver.ProviderId'
================================================================================
17:09:39.597 [INFO]   [Creating]    Filtering out non-testable methods...
17:09:39.599 [INFO]   [Creating]        [847/926] org.symphonyoss.symphony.messageml.util.instrument.resolver.ProviderId.valueOf
17:09:39.599 [INFO]   [Creating]        [847/926]   T012: Synthetic method
17:09:39.599 [INFO]   [Creating]        [847/926]     Indicates that the method is synthetic. Currently, this includes methods:
17:09:39.599 [INFO]   [Creating]        [847/926]     - that are marked as synthetic by the compiler
17:09:39.599 [INFO]   [Creating]        [847/926]     - that are not directly callable
17:09:39.599 [INFO]   [Creating]        [847/926]     - that exist on the JDK class but do not appear in the source code
17:09:39.599 [INFO]   [Creating]        [847/926]     Diffblue Cover considers these methods as not directly callable.
17:09:39.600 [INFO]   [Creating]        [848/926] org.symphonyoss.symphony.messageml.util.instrument.resolver.ProviderId.values
17:09:39.600 [INFO]   [Creating]        [848/926]   T012: Synthetic method
17:09:39.600 [INFO]   [Creating]        [848/926]     Indicates that the method is synthetic. Currently, this includes methods:
17:09:39.600 [INFO]   [Creating]        [848/926]     - that are marked as synthetic by the compiler
17:09:39.600 [INFO]   [Creating]        [848/926]     - that are not directly callable
17:09:39.600 [INFO]   [Creating]        [848/926]     - that exist on the JDK class but do not appear in the source code
17:09:39.600 [INFO]   [Creating]        [848/926]     Diffblue Cover considers these methods as not directly callable.
17:09:39.600 [INFO]   [Creating]    Filtering of methods complete. Creating analysis request
17:09:39.600 [INFO]   [Creating]    Attempting to get service client, retry 1.
17:09:39.785 [INFO]   [Creating]        [849/926] org.symphonyoss.symphony.messageml.util.instrument.resolver.ProviderId.fromValue
17:09:39.785 [INFO]   [Creating]        [849/926]   Tests created: 2
17:09:39.786 [INFO]   [Creating]    [139/141] org.symphonyoss.symphony.messageml.util.instrument.resolver.ProviderId
17:09:39.786 [INFO]   [Creating]    [139/141]   Tests created: 2
17:09:39.786 [INFO]   [Creating]    
================================================================================
= Starting analysis for class 'org.symphonyoss.symphony.messageml.util.pojo.DateInterval'
================================================================================
17:09:39.786 [INFO]   [Creating]    Filtering out non-testable methods...
17:09:39.789 [INFO]   [Creating]    Filtering of methods complete. Creating analysis request
17:09:39.789 [INFO]   [Creating]    Attempting to get service client, retry 1.
17:09:42.967 [INFO]   [Creating]        [850/926] org.symphonyoss.symphony.messageml.util.pojo.DateInterval.<init>
17:09:42.967 [INFO]   [Creating]        [851/926] org.symphonyoss.symphony.messageml.util.pojo.DateInterval.getDay
17:09:42.967 [INFO]   [Creating]        [852/926] org.symphonyoss.symphony.messageml.util.pojo.DateInterval.getDaysOfWeek
17:09:42.967 [INFO]   [Creating]        [853/926] org.symphonyoss.symphony.messageml.util.pojo.DateInterval.getFrom
17:09:42.967 [INFO]   [Creating]        [854/926] org.symphonyoss.symphony.messageml.util.pojo.DateInterval.getTo
17:09:42.967 [INFO]   [Creating]        [855/926] org.symphonyoss.symphony.messageml.util.pojo.DateInterval.setDay
17:09:42.967 [INFO]   [Creating]        [856/926] org.symphonyoss.symphony.messageml.util.pojo.DateInterval.setDaysOfWeek
17:09:42.967 [INFO]   [Creating]        [857/926] org.symphonyoss.symphony.messageml.util.pojo.DateInterval.setFrom
17:09:42.967 [INFO]   [Creating]        [858/926] org.symphonyoss.symphony.messageml.util.pojo.DateInterval.setTo
17:09:42.967 [INFO]   [Creating]        [858/926]   Tests created: 1
17:09:45.619 [INFO]   [Creating]        [859/926] org.symphonyoss.symphony.messageml.util.pojo.DateInterval.assertIsValid
17:09:45.619 [INFO]   [Creating]        [859/926]   Tests created: 9
17:09:45.856 [INFO]   [Creating]        [860/926] org.symphonyoss.symphony.messageml.util.pojo.DateInterval.getType
17:09:45.856 [INFO]   [Creating]        [860/926]   Tests created: 6
17:09:45.856 [INFO]   [Creating]    [140/141] org.symphonyoss.symphony.messageml.util.pojo.DateInterval
17:09:45.856 [INFO]   [Creating]    [140/141]   Tests created: 16
17:09:45.857 [INFO]   [Creating]    
================================================================================
= Starting analysis for class 'org.symphonyoss.symphony.messageml.util.pojo.TimeInterval'
================================================================================
17:09:45.857 [INFO]   [Creating]    Filtering out non-testable methods...
17:09:45.859 [INFO]   [Creating]    Filtering of methods complete. Creating analysis request
17:09:45.859 [INFO]   [Creating]    Attempting to get service client, retry 1.
17:09:47.710 [INFO]   [Creating]        [861/926] org.symphonyoss.symphony.messageml.util.pojo.TimeInterval.<init>
17:09:47.710 [INFO]   [Creating]        [862/926] org.symphonyoss.symphony.messageml.util.pojo.TimeInterval.getFrom
17:09:47.710 [INFO]   [Creating]        [863/926] org.symphonyoss.symphony.messageml.util.pojo.TimeInterval.getTime
17:09:47.710 [INFO]   [Creating]        [864/926] org.symphonyoss.symphony.messageml.util.pojo.TimeInterval.getTo
17:09:47.710 [INFO]   [Creating]        [865/926] org.symphonyoss.symphony.messageml.util.pojo.TimeInterval.setFrom
17:09:47.710 [INFO]   [Creating]        [866/926] org.symphonyoss.symphony.messageml.util.pojo.TimeInterval.setTime
17:09:47.710 [INFO]   [Creating]        [867/926] org.symphonyoss.symphony.messageml.util.pojo.TimeInterval.setTo
17:09:47.710 [INFO]   [Creating]        [867/926]   Tests created: 1
17:09:49.284 [INFO]   [Creating]        [868/926] org.symphonyoss.symphony.messageml.util.pojo.TimeInterval.assertIsValid
17:09:49.284 [INFO]   [Creating]        [868/926]   Tests created: 6
17:09:49.490 [INFO]   [Creating]        [869/926] org.symphonyoss.symphony.messageml.util.pojo.TimeInterval.getType
17:09:49.490 [INFO]   [Creating]        [869/926]   Tests created: 6
17:09:49.491 [INFO]   [Creating]    [141/141] org.symphonyoss.symphony.messageml.util.pojo.TimeInterval
17:09:49.491 [INFO]   [Creating]    [141/141]   Tests created: 13
17:09:49.502 [INFO]   [Reporting]   
17:09:49.502 [INFO]   [Reporting]   Test creation summary for module: org.symphonyoss.symphony:messageml
17:09:49.502 [INFO]   [Reporting]   --------------------------------------------------------------------
17:09:49.502 [INFO]   [Reporting]   Total:                                             926 methods
17:09:49.502 [INFO]   [Reporting]   2,180 tests created for:                           777 methods
17:09:49.502 [INFO]   [Reporting]   
17:09:49.502 [INFO]   [Reporting]   Tested indirectly via other methods:                 2 methods
17:09:49.502 [INFO]   [Reporting]       2 T005: Trivial constructor
17:09:49.502 [INFO]   [Reporting]   No tests created for:                              138 methods
17:09:49.502 [INFO]   [Reporting]      20 R013: No inputs found that don't throw a trivial exception
17:09:49.502 [INFO]   [Reporting]      12 R081: Exception in arrange section
17:09:49.502 [INFO]   [Reporting]       9 R002: Missing observers
17:09:49.502 [INFO]   [Reporting]       8 R083: Can't find a suitable constructor
17:09:49.502 [INFO]   [Reporting]       5 R011: Sandboxing policy violation
17:09:49.502 [INFO]   [Reporting]       2 R003: Test did not increase coverage
17:09:49.502 [INFO]   [Reporting]       1 R031: Method may be time-sensitive
17:09:49.660 [INFO]   [Validating]  
17:09:49.660 [INFO]   [Validating]  Running validation command.
17:09:49.660 [INFO]   [Validating]  Using default build rules as no custom rules found in any of [/home/jbergqvist/diffblue/finos-messageml-utils]
17:09:49.660 [INFO]   [Validating]  Attempting to invoke /home/jbergqvist/diffblue/finos-messageml-utils/mvnw in working directory: /home/jbergqvist/diffblue/finos-messageml-utils
17:09:49.661 [INFO]   [Validating]  Started "/home/jbergqvist/diffblue/finos-messageml-utils/mvnw -Dmaven.ext.class.path=/opt/cover/cover-buildsystem-maven-spy-jar-with-dependencies.jar -Dcom.diffblue.cover.skipTests=true -DskipTestOptimizer --batch-mode --projects=org.symphonyoss.symphony:messageml --global-settings=/home/jbergqvist/.sdkman/candidates/maven/current/conf/settings.xml validate --also-make"
17:09:50.298 [INFO]   [Validating]  out: [INFO] Scanning for projects...
17:09:50.337 [INFO]   [Validating]  out: [INFO] 
17:09:50.337 [INFO]   [Validating]  out: [INFO] -----------------< org.symphonyoss.symphony:messageml >-----------------
17:09:50.337 [INFO]   [Validating]  out: [INFO] Building MessageML Utils 0.13.0
17:09:50.337 [INFO]   [Validating]  out: [INFO] --------------------------------[ jar ]---------------------------------
17:09:50.472 [INFO]   [Validating]  deserializing line [DIFFBLUE]{"__type":"com.diffblue.cover.buildsystem.model.DefaultProjectModuleMessage","project":{"__type":"DefaultProjectModule","junitReport":["/home/jbergqvist/diffblue/finos-messageml-utils/target/surefire-reports"],"jacocoReport":["/home/jbergqvist/diffblue/finos-messageml-utils/target/site/jacoco/jacoco.xml"],"jacocoDestFile":["/home/jbergqvist/diffblue/finos-messageml-utils/target/jacoco.exec"],"jacocoFormats":["xml"],"jacocoSkipped":false,"classpath":["/home/jbergqvist/diffblue/finos-messageml-utils/target/classes"],"complianceLevel":"1.8","productionSources":["/home/jbergqvist/diffblue/finos-messageml-utils/src/main/java"],"testSources":["/home/jbergqvist/diffblue/finos-messageml-utils/src/test/java"],"productionClasses":"/home/jbergqvist/diffblue/finos-messageml-utils/target/classes","testClasses":"/home/jbergqvist/diffblue/finos-messageml-utils/target/test-classes","sourceToBuildPathMap":null,"testSourceToBuildPathMap":null,"buildDirectory":"/home/jbergqvist/diffblue/finos-messageml-utils/target","plugins":[{"__type":"DefaultPlugin","groupId":"org.apache.maven.plugins","artefactId":"maven-surefire-plugin","version":"2.22.2","pluginClassName":null},{"__type":"DefaultPlugin","groupId":"org.apache.maven.plugins","artefactId":"maven-clean-plugin","version":"2.5","pluginClassName":null},{"__type":"DefaultPlugin","groupId":"org.apache.maven.plugins","artefactId":"maven-resources-plugin","version":"2.6","pluginClassName":null},{"__type":"DefaultPlugin","groupId":"org.apache.maven.plugins","artefactId":"maven-jar-plugin","version":"3.2.2","pluginClassName":null},{"__type":"DefaultPlugin","groupId":"org.apache.maven.plugins","artefactId":"maven-compiler-plugin","version":"3.1","pluginClassName":null},{"__type":"DefaultPlugin","groupId":"org.apache.maven.plugins","artefactId":"maven-install-plugin","version":"2.4","pluginClassName":null},{"__type":"DefaultPlugin","groupId":"org.apache.maven.plugins","artefactId":"maven-deploy-plugin","version":"3.0.0-M1","pluginClassName":null},{"__type":"DefaultPlugin","groupId":"org.apache.maven.plugins","artefactId":"maven-site-plugin","version":"3.3","pluginClassName":null}],"version":"3.8.4","encoding":"UTF-8","name":"maven","subModules":[],"simpleModuleName":null,"parentModuleName":null,"location":"/home/jbergqvist/diffblue/finos-messageml-utils","fullModuleName":"org.symphonyoss.symphony:messageml"}}
17:09:50.476 [INFO]   [Validating]  out: [INFO] ------------------------------------------------------------------------
17:09:50.476 [INFO]   [Validating]  out: [INFO] BUILD SUCCESS
17:09:50.476 [INFO]   [Validating]  out: [INFO] ------------------------------------------------------------------------
17:09:50.476 [INFO]   [Validating]  out: [INFO] Total time:  0.187 s
17:09:50.476 [INFO]   [Validating]  out: [INFO] Finished at: 2026-01-09T17:09:50Z
17:09:50.476 [INFO]   [Validating]  out: [INFO] ------------------------------------------------------------------------
17:09:50.476 [INFO]   [Validating]  deserializing line [DIFFBLUE]{"__type":"com.diffblue.cover.buildsystem.model.ProjectInfoMessage","projectName":"org.symphonyoss.symphony:messageml","productionSources":["/home/jbergqvist/diffblue/finos-messageml-utils/src/main/java"],"testSources":["/home/jbergqvist/diffblue/finos-messageml-utils/src/test/java"],"location":"/home/jbergqvist/diffblue/finos-messageml-utils"}
17:09:50.494 [INFO]   [Validating]  maven:err process not stopped, joining thread
17:09:50.495 [INFO]   [Validating]  maven:out process not stopped, joining thread
17:09:50.495 [INFO]   [Validating]  This can take a couple of minutes.
17:09:50.496 [INFO]   [Validating]  Using default build rules as no custom rules found in any of [/home/jbergqvist/diffblue/finos-messageml-utils]
17:09:50.496 [INFO]   [Validating]  Attempting to invoke /home/jbergqvist/diffblue/finos-messageml-utils/mvnw in working directory: /home/jbergqvist/diffblue/finos-messageml-utils
17:09:50.497 [INFO]   [Validating]  Started "/home/jbergqvist/diffblue/finos-messageml-utils/mvnw -Dmaven.ext.class.path=/opt/cover/cover-buildsystem-maven-spy-jar-with-dependencies.jar -Dcom.diffblue.cover.skipTests=true -DskipTestOptimizer --batch-mode --projects=org.symphonyoss.symphony:messageml --global-settings=/home/jbergqvist/.sdkman/candidates/maven/current/conf/settings.xml clean test"
17:09:51.129 [INFO]   [Validating]  out: [INFO] Scanning for projects...
17:09:51.167 [INFO]   [Validating]  out: [INFO] 
17:09:51.167 [INFO]   [Validating]  out: [INFO] -----------------< org.symphonyoss.symphony:messageml >-----------------
17:09:51.167 [INFO]   [Validating]  out: [INFO] Building MessageML Utils 0.13.0
17:09:51.167 [INFO]   [Validating]  out: [INFO] --------------------------------[ jar ]---------------------------------
17:09:51.437 [INFO]   [Validating]  deserializing line [DIFFBLUE]{"__type":"com.diffblue.cover.buildsystem.model.DefaultEventMessage","project":"org.symphonyoss.symphony:messageml","goal":"clean","cause":null,"state":"STARTED"}
17:09:51.438 [INFO]   [Validating]  out: [INFO] 
17:09:51.438 [INFO]   [Validating]  out: [INFO] --- maven-clean-plugin:2.5:clean (default-clean) @ messageml ---
17:09:51.465 [INFO]   [Validating]  out: [INFO] Deleting /home/jbergqvist/diffblue/finos-messageml-utils/target
17:09:51.493 [INFO]   [Validating]  deserializing line [DIFFBLUE]{"__type":"com.diffblue.cover.buildsystem.model.DefaultEventMessage","project":"org.symphonyoss.symphony:messageml","goal":"clean","cause":null,"state":"SUCCESS"}
17:09:51.494 [INFO]   [Validating]  deserializing line [DIFFBLUE]{"__type":"com.diffblue.cover.buildsystem.model.DefaultEventMessage","project":"org.symphonyoss.symphony:messageml","goal":"resources","cause":null,"state":"STARTED"}
17:09:51.495 [INFO]   [Validating]  out: [INFO] 
17:09:51.495 [INFO]   [Validating]  out: [INFO] --- maven-resources-plugin:2.6:resources (default-resources) @ messageml ---
17:09:51.555 [INFO]   [Validating]  out: [INFO] Using 'UTF-8' encoding to copy filtered resources.
17:09:51.557 [INFO]   [Validating]  out: [INFO] Copying 1 resource
17:09:51.561 [INFO]   [Validating]  deserializing line [DIFFBLUE]{"__type":"com.diffblue.cover.buildsystem.model.DefaultEventMessage","project":"org.symphonyoss.symphony:messageml","goal":"resources","cause":null,"state":"SUCCESS"}
17:09:51.562 [INFO]   [Validating]  deserializing line [DIFFBLUE]{"__type":"com.diffblue.cover.buildsystem.model.DefaultEventMessage","project":"org.symphonyoss.symphony:messageml","goal":"compile","cause":null,"state":"STARTED"}
17:09:51.563 [INFO]   [Validating]  out: [INFO] 
17:09:51.564 [INFO]   [Validating]  out: [INFO] --- maven-compiler-plugin:3.1:compile (default-compile) @ messageml ---
17:09:51.666 [INFO]   [Validating]  out: [INFO] Changes detected - recompiling the module!
17:09:51.668 [INFO]   [Validating]  out: [INFO] Compiling 143 source files to /home/jbergqvist/diffblue/finos-messageml-utils/target/classes
17:09:53.759 [INFO]   [Validating]  deserializing line [DIFFBLUE]{"__type":"com.diffblue.cover.buildsystem.model.DefaultEventMessage","project":"org.symphonyoss.symphony:messageml","goal":"compile","cause":null,"state":"SUCCESS"}
17:09:53.760 [INFO]   [Validating]  deserializing line [DIFFBLUE]{"__type":"com.diffblue.cover.buildsystem.model.DefaultEventMessage","project":"org.symphonyoss.symphony:messageml","goal":"testResources","cause":null,"state":"STARTED"}
17:09:53.762 [INFO]   [Validating]  out: [INFO] 
17:09:53.762 [INFO]   [Validating]  out: [INFO] --- maven-resources-plugin:2.6:testResources (default-testResources) @ messageml ---
17:09:53.762 [INFO]   [Validating]  out: [INFO] Using 'UTF-8' encoding to copy filtered resources.
17:09:53.765 [INFO]   [Validating]  out: [INFO] Copying 36 resources
17:09:53.769 [INFO]   [Validating]  deserializing line [DIFFBLUE]{"__type":"com.diffblue.cover.buildsystem.model.DefaultEventMessage","project":"org.symphonyoss.symphony:messageml","goal":"testResources","cause":null,"state":"SUCCESS"}
17:09:53.772 [INFO]   [Validating]  deserializing line [DIFFBLUE]{"__type":"com.diffblue.cover.buildsystem.model.DefaultEventMessage","project":"org.symphonyoss.symphony:messageml","goal":"testCompile","cause":null,"state":"STARTED"}
17:09:53.774 [INFO]   [Validating]  out: [INFO] 
17:09:53.774 [INFO]   [Validating]  out: [INFO] --- maven-compiler-plugin:3.1:testCompile (default-testCompile) @ messageml ---
17:09:53.781 [INFO]   [Validating]  out: [INFO] Changes detected - recompiling the module!
17:09:53.781 [INFO]   [Validating]  out: [INFO] Compiling 188 source files to /home/jbergqvist/diffblue/finos-messageml-utils/target/test-classes
17:09:56.959 [INFO]   [Validating]  out: [WARNING] /home/jbergqvist/diffblue/finos-messageml-utils/src/test/java/org/symphonyoss/symphony/messageml/elements/ElementTest.java: Some input files use or override a deprecated API.
17:09:56.959 [INFO]   [Validating]  out: [WARNING] /home/jbergqvist/diffblue/finos-messageml-utils/src/test/java/org/symphonyoss/symphony/messageml/elements/ElementTest.java: Recompile with -Xlint:deprecation for details.
17:09:56.959 [INFO]   [Validating]  out: [WARNING] /home/jbergqvist/diffblue/finos-messageml-utils/src/test/java/org/symphonyoss/symphony/messageml/MessageMLContextTest.java: /home/jbergqvist/diffblue/finos-messageml-utils/src/test/java/org/symphonyoss/symphony/messageml/MessageMLContextTest.java uses unchecked or unsafe operations.
17:09:56.959 [INFO]   [Validating]  out: [WARNING] /home/jbergqvist/diffblue/finos-messageml-utils/src/test/java/org/symphonyoss/symphony/messageml/MessageMLContextTest.java: Recompile with -Xlint:unchecked for details.
17:09:56.960 [INFO]   [Validating]  deserializing line [DIFFBLUE]{"__type":"com.diffblue.cover.buildsystem.model.DefaultEventMessage","project":"org.symphonyoss.symphony:messageml","goal":"testCompile","cause":null,"state":"SUCCESS"}
17:09:56.962 [INFO]   [Validating]  deserializing line [DIFFBLUE]{"__type":"com.diffblue.cover.buildsystem.model.DefaultEventMessage","project":"org.symphonyoss.symphony:messageml","goal":"test","cause":null,"state":"STARTED"}
17:09:56.962 [INFO]   [Validating]  out: [INFO] 
17:09:56.963 [INFO]   [Validating]  out: [INFO] --- maven-surefire-plugin:2.22.2:test (default-test) @ messageml ---
17:09:57.089 [INFO]   [Validating]  out: [INFO] 
17:09:57.089 [INFO]   [Validating]  out: [INFO] -------------------------------------------------------
17:09:57.089 [INFO]   [Validating]  out: [INFO]  T E S T S
17:09:57.089 [INFO]   [Validating]  out: [INFO] -------------------------------------------------------
17:09:57.928 [INFO]   [Validating]  out: [INFO] Running org.symphonyoss.symphony.messageml.elements.form.DatePickerTest
17:09:58.164 [INFO]   [Validating]  out: 17:09:58.162 [main] WARN org.symphonyoss.symphony.messageml.bi.BiContext - Failed to extract the messageML library version.
17:09:58.255 [INFO]   [Validating]  out: [INFO] Tests run: 2, Failures: 0, Errors: 0, Skipped: 0, Time elapsed: 0.32 s - in org.symphonyoss.symphony.messageml.elements.form.DatePickerTest
17:09:58.256 [INFO]   [Validating]  out: [INFO] Running org.symphonyoss.symphony.messageml.elements.form.TextAreaTest
17:09:58.258 [INFO]   [Validating]  out: [INFO] Tests run: 2, Failures: 0, Errors: 0, Skipped: 0, Time elapsed: 0 s - in org.symphonyoss.symphony.messageml.elements.form.TextAreaTest
17:09:58.258 [INFO]   [Validating]  out: [INFO] Running org.symphonyoss.symphony.messageml.elements.form.CheckboxTest
17:09:58.266 [INFO]   [Validating]  out: [INFO] Tests run: 2, Failures: 0, Errors: 0, Skipped: 0, Time elapsed: 0.006 s - in org.symphonyoss.symphony.messageml.elements.form.CheckboxTest
17:09:58.266 [INFO]   [Validating]  out: [INFO] Running org.symphonyoss.symphony.messageml.elements.form.TimezonePickerTest
17:09:58.278 [INFO]   [Validating]  out: [INFO] Tests run: 2, Failures: 0, Errors: 0, Skipped: 0, Time elapsed: 0.011 s - in org.symphonyoss.symphony.messageml.elements.form.TimezonePickerTest
17:09:58.279 [INFO]   [Validating]  out: [INFO] Running org.symphonyoss.symphony.messageml.elements.form.RadioTest
17:09:58.285 [INFO]   [Validating]  out: [INFO] Tests run: 2, Failures: 0, Errors: 0, Skipped: 0, Time elapsed: 0.004 s - in org.symphonyoss.symphony.messageml.elements.form.RadioTest
17:09:58.285 [INFO]   [Validating]  out: [INFO] Running org.symphonyoss.symphony.messageml.elements.form.TextFieldTest
17:09:58.293 [INFO]   [Validating]  out: [INFO] Tests run: 3, Failures: 0, Errors: 0, Skipped: 0, Time elapsed: 0.006 s - in org.symphonyoss.symphony.messageml.elements.form.TextFieldTest
17:09:58.293 [INFO]   [Validating]  out: [INFO] Running org.symphonyoss.symphony.messageml.elements.form.TimePickerTest
17:09:58.299 [INFO]   [Validating]  out: [INFO] Tests run: 2, Failures: 0, Errors: 0, Skipped: 0, Time elapsed: 0.005 s - in org.symphonyoss.symphony.messageml.elements.form.TimePickerTest
17:09:58.299 [INFO]   [Validating]  out: [INFO] Running org.symphonyoss.symphony.messageml.elements.CodeLanguageTest
17:09:58.366 [INFO]   [Validating]  out: [INFO] Tests run: 61, Failures: 0, Errors: 0, Skipped: 0, Time elapsed: 0.064 s - in org.symphonyoss.symphony.messageml.elements.CodeLanguageTest
17:09:58.366 [INFO]   [Validating]  out: [INFO] Running org.symphonyoss.symphony.messageml.markdown.MarkdownParserTest
17:09:58.369 [INFO]   [Validating]  out: [INFO] Tests run: 1, Failures: 0, Errors: 0, Skipped: 0, Time elapsed: 0.001 s - in org.symphonyoss.symphony.messageml.markdown.MarkdownParserTest
17:09:58.376 [INFO]   [Validating]  out: [INFO] Running org.symphonyoss.symphony.entityjson.EntityJsonParserDiffblueTest
17:09:58.536 [INFO]   [Validating]  out: [INFO] Tests run: 10, Failures: 0, Errors: 0, Skipped: 0, Time elapsed: 0.158 s - in org.symphonyoss.symphony.entityjson.EntityJsonParserDiffblueTest
17:09:58.536 [INFO]   [Validating]  out: [INFO] Running org.symphonyoss.symphony.entityjson.NoSchemaExceptionDiffblueTest
17:09:58.748 [INFO]   [Validating]  out: [INFO] Tests run: 5, Failures: 0, Errors: 0, Skipped: 0, Time elapsed: 0.212 s - in org.symphonyoss.symphony.entityjson.NoSchemaExceptionDiffblueTest
17:09:58.749 [INFO]   [Validating]  out: [INFO] Running org.symphonyoss.symphony.entityjson.EntityJsonParserBuilderDiffblueTest
17:09:58.749 [INFO]   [Validating]  out: [INFO] Tests run: 1, Failures: 0, Errors: 0, Skipped: 0, Time elapsed: 0 s - in org.symphonyoss.symphony.entityjson.EntityJsonParserBuilderDiffblueTest
17:09:58.749 [INFO]   [Validating]  out: [INFO] Running org.symphonyoss.symphony.entityjson.TestValidSchemas
17:09:58.894 [INFO]   [Validating]  out: [ERROR] Tests run: 9, Failures: 0, Errors: 9, Skipped: 0, Time elapsed: 0.143 s <<< FAILURE! - in org.symphonyoss.symphony.entityjson.TestValidSchemas
17:09:58.894 [INFO]   [Validating]  out: [ERROR] testStructuredObject  Time elapsed: 0.129 s  <<< ERROR!
17:09:58.894 [INFO]   [Validating]  out: org.symphonyoss.symphony.entityjson.InvalidInstanceException: java.net.UnknownHostException: schemas.oss.symphony.com
17:09:58.894 [INFO]   [Validating]  out: 	at org.symphonyoss.symphony.entityjson.TestValidSchemas.testStructuredObject(TestValidSchemas.java:65)
17:09:58.894 [INFO]   [Validating]  out: Caused by: java.net.UnknownHostException: schemas.oss.symphony.com
17:09:58.894 [INFO]   [Validating]  out: 	at org.symphonyoss.symphony.entityjson.TestValidSchemas.testStructuredObject(TestValidSchemas.java:65)
17:09:58.894 [INFO]   [Validating]  out: 
17:09:58.894 [INFO]   [Validating]  out: [ERROR] testBondRfq  Time elapsed: 0.002 s  <<< ERROR!
17:09:58.894 [INFO]   [Validating]  out: org.symphonyoss.symphony.entityjson.InvalidInstanceException: java.net.UnknownHostException: schemas.oss.symphony.com
17:09:58.894 [INFO]   [Validating]  out: 	at org.symphonyoss.symphony.entityjson.TestValidSchemas.testBondRfq(TestValidSchemas.java:78)
17:09:58.894 [INFO]   [Validating]  out: Caused by: java.net.UnknownHostException: schemas.oss.symphony.com
17:09:58.894 [INFO]   [Validating]  out: 	at org.symphonyoss.symphony.entityjson.TestValidSchemas.testBondRfq(TestValidSchemas.java:78)
17:09:58.894 [INFO]   [Validating]  out: 
17:09:58.894 [INFO]   [Validating]  out: [ERROR] testJsonSchema  Time elapsed: 0.003 s  <<< ERROR!
17:09:58.894 [INFO]   [Validating]  out: org.symphonyoss.symphony.entityjson.InvalidInstanceException: java.net.UnknownHostException: schemas.oss.symphony.com
17:09:58.894 [INFO]   [Validating]  out: 	at org.symphonyoss.symphony.entityjson.TestValidSchemas.testJsonSchema(TestValidSchemas.java:46)
17:09:58.894 [INFO]   [Validating]  out: Caused by: java.net.UnknownHostException: schemas.oss.symphony.com
17:09:58.894 [INFO]   [Validating]  out: 	at org.symphonyoss.symphony.entityjson.TestValidSchemas.testJsonSchema(TestValidSchemas.java:46)
17:09:58.894 [INFO]   [Validating]  out: 
17:09:58.895 [INFO]   [Validating]  out: [ERROR] testEntityJsonSchema  Time elapsed: 0.002 s  <<< ERROR!
17:09:58.895 [INFO]   [Validating]  out: org.symphonyoss.symphony.entityjson.InvalidInstanceException: java.net.UnknownHostException: schemas.oss.symphony.com
17:09:58.895 [INFO]   [Validating]  out: 	at org.symphonyoss.symphony.entityjson.TestValidSchemas.testEntityJsonSchema(TestValidSchemas.java:52)
17:09:58.895 [INFO]   [Validating]  out: Caused by: java.net.UnknownHostException: schemas.oss.symphony.com
17:09:58.895 [INFO]   [Validating]  out: 	at org.symphonyoss.symphony.entityjson.TestValidSchemas.testEntityJsonSchema(TestValidSchemas.java:52)
17:09:58.895 [INFO]   [Validating]  out: 
17:09:58.895 [INFO]   [Validating]  out: [ERROR] testSingleJira  Time elapsed: 0.002 s  <<< ERROR!
17:09:58.895 [INFO]   [Validating]  out: java.lang.RuntimeException: org.symphonyoss.symphony.entityjson.InvalidSchemaException: java.net.UnknownHostException: schemas.oss.symphony.com
17:09:58.895 [INFO]   [Validating]  out: 	at org.symphonyoss.symphony.entityjson.TestValidSchemas.test(TestValidSchemas.java:107)
17:09:58.895 [INFO]   [Validating]  out: 	at org.symphonyoss.symphony.entityjson.TestValidSchemas.testSingleJira(TestValidSchemas.java:96)
17:09:58.895 [INFO]   [Validating]  out: Caused by: org.symphonyoss.symphony.entityjson.InvalidSchemaException: java.net.UnknownHostException: schemas.oss.symphony.com
17:09:58.895 [INFO]   [Validating]  out: 	at org.symphonyoss.symphony.entityjson.TestValidSchemas.test(TestValidSchemas.java:107)
17:09:58.895 [INFO]   [Validating]  out: 	at org.symphonyoss.symphony.entityjson.TestValidSchemas.testSingleJira(TestValidSchemas.java:96)
17:09:58.895 [INFO]   [Validating]  out: Caused by: java.net.UnknownHostException: schemas.oss.symphony.com
17:09:58.895 [INFO]   [Validating]  out: 	at org.symphonyoss.symphony.entityjson.TestValidSchemas.test(TestValidSchemas.java:107)
17:09:58.895 [INFO]   [Validating]  out: 	at org.symphonyoss.symphony.entityjson.TestValidSchemas.testSingleJira(TestValidSchemas.java:96)
17:09:58.895 [INFO]   [Validating]  out: 
17:09:58.895 [INFO]   [Validating]  out: [ERROR] testExpandedJira  Time elapsed: 0.001 s  <<< ERROR!
17:09:58.895 [INFO]   [Validating]  out: java.lang.RuntimeException: org.symphonyoss.symphony.entityjson.InvalidSchemaException: java.net.UnknownHostException: schemas.oss.symphony.com
17:09:58.895 [INFO]   [Validating]  out: 	at org.symphonyoss.symphony.entityjson.TestValidSchemas.test(TestValidSchemas.java:107)
17:09:58.895 [INFO]   [Validating]  out: 	at org.symphonyoss.symphony.entityjson.TestValidSchemas.testExpandedJira(TestValidSchemas.java:102)
17:09:58.895 [INFO]   [Validating]  out: Caused by: org.symphonyoss.symphony.entityjson.InvalidSchemaException: java.net.UnknownHostException: schemas.oss.symphony.com
17:09:58.895 [INFO]   [Validating]  out: 	at org.symphonyoss.symphony.entityjson.TestValidSchemas.test(TestValidSchemas.java:107)
17:09:58.896 [INFO]   [Validating]  out: 	at org.symphonyoss.symphony.entityjson.TestValidSchemas.testExpandedJira(TestValidSchemas.java:102)
17:09:58.896 [INFO]   [Validating]  out: Caused by: java.net.UnknownHostException: schemas.oss.symphony.com
17:09:58.896 [INFO]   [Validating]  out: 	at org.symphonyoss.symphony.entityjson.TestValidSchemas.test(TestValidSchemas.java:107)
17:09:58.896 [INFO]   [Validating]  out: 	at org.symphonyoss.symphony.entityjson.TestValidSchemas.testExpandedJira(TestValidSchemas.java:102)
17:09:58.896 [INFO]   [Validating]  out: 
17:09:58.896 [INFO]   [Validating]  out: [ERROR] testBondRfqObject  Time elapsed: 0.001 s  <<< ERROR!
17:09:58.896 [INFO]   [Validating]  out: org.symphonyoss.symphony.entityjson.InvalidInstanceException: java.net.UnknownHostException: schemas.oss.symphony.com
17:09:58.896 [INFO]   [Validating]  out: 	at org.symphonyoss.symphony.entityjson.TestValidSchemas.testBondRfqObject(TestValidSchemas.java:84)
17:09:58.896 [INFO]   [Validating]  out: Caused by: java.net.UnknownHostException: schemas.oss.symphony.com
17:09:58.896 [INFO]   [Validating]  out: 	at org.symphonyoss.symphony.entityjson.TestValidSchemas.testBondRfqObject(TestValidSchemas.java:84)
17:09:58.896 [INFO]   [Validating]  out: 
17:09:58.896 [INFO]   [Validating]  out: [ERROR] testBondRfqSchema  Time elapsed: 0.001 s  <<< ERROR!
17:09:58.896 [INFO]   [Validating]  out: org.symphonyoss.symphony.entityjson.InvalidInstanceException: java.net.UnknownHostException: schemas.oss.symphony.com
17:09:58.896 [INFO]   [Validating]  out: 	at org.symphonyoss.symphony.entityjson.TestValidSchemas.testBondRfqSchema(TestValidSchemas.java:72)
17:09:58.896 [INFO]   [Validating]  out: Caused by: java.net.UnknownHostException: schemas.oss.symphony.com
17:09:58.896 [INFO]   [Validating]  out: 	at org.symphonyoss.symphony.entityjson.TestValidSchemas.testBondRfqSchema(TestValidSchemas.java:72)
17:09:58.896 [INFO]   [Validating]  out: 
17:09:58.896 [INFO]   [Validating]  out: [ERROR] testEntityJson  Time elapsed: 0.001 s  <<< ERROR!
17:09:58.896 [INFO]   [Validating]  out: org.symphonyoss.symphony.entityjson.InvalidInstanceException: java.net.UnknownHostException: schemas.oss.symphony.com
17:09:58.896 [INFO]   [Validating]  out: 	at org.symphonyoss.symphony.entityjson.TestValidSchemas.testEntityJson(TestValidSchemas.java:58)
17:09:58.897 [INFO]   [Validating]  out: Caused by: java.net.UnknownHostException: schemas.oss.symphony.com
17:09:58.897 [INFO]   [Validating]  out: 	at org.symphonyoss.symphony.entityjson.TestValidSchemas.testEntityJson(TestValidSchemas.java:58)
17:09:58.897 [INFO]   [Validating]  out: 
17:09:58.897 [INFO]   [Validating]  out: [INFO] Running org.symphonyoss.symphony.entityjson.StructuredObjectIdDiffblueTest
17:09:59.082 [INFO]   [Validating]  out: [INFO] Tests run: 2, Failures: 0, Errors: 0, Skipped: 0, Time elapsed: 0.187 s - in org.symphonyoss.symphony.entityjson.StructuredObjectIdDiffblueTest
17:09:59.082 [INFO]   [Validating]  out: [INFO] Running org.symphonyoss.symphony.entityjson.SchemaValidationExceptionDiffblueTest
17:09:59.083 [INFO]   [Validating]  out: [INFO] Tests run: 5, Failures: 0, Errors: 0, Skipped: 0, Time elapsed: 0 s - in org.symphonyoss.symphony.entityjson.SchemaValidationExceptionDiffblueTest
17:09:59.083 [INFO]   [Validating]  out: [INFO] Running org.symphonyoss.symphony.entityjson.UntrustedSchemaSourceExceptionDiffblueTest
17:09:59.084 [INFO]   [Validating]  out: [INFO] Tests run: 5, Failures: 0, Errors: 0, Skipped: 0, Time elapsed: 0 s - in org.symphonyoss.symphony.entityjson.UntrustedSchemaSourceExceptionDiffblueTest
17:09:59.084 [INFO]   [Validating]  out: [INFO] Running org.symphonyoss.symphony.entityjson.StructuredObjectDiffblueTest
17:09:59.091 [INFO]   [Validating]  out: [INFO] Tests run: 5, Failures: 0, Errors: 0, Skipped: 0, Time elapsed: 0.006 s - in org.symphonyoss.symphony.entityjson.StructuredObjectDiffblueTest
17:09:59.091 [INFO]   [Validating]  out: [INFO] Running org.symphonyoss.symphony.entityjson.TestInvalidSchemas
17:09:59.098 [INFO]   [Validating]  out: [ERROR] Tests run: 6, Failures: 0, Errors: 6, Skipped: 0, Time elapsed: 0.006 s <<< FAILURE! - in org.symphonyoss.symphony.entityjson.TestInvalidSchemas
17:09:59.098 [INFO]   [Validating]  out: [ERROR] testInvalidTypeVersion  Time elapsed: 0.001 s  <<< ERROR!
17:09:59.098 [INFO]   [Validating]  out: java.lang.Exception: Unexpected exception, expected<org.symphonyoss.symphony.entityjson.SchemaValidationException> but was<java.lang.RuntimeException>
17:09:59.098 [INFO]   [Validating]  out: 	at org.symphonyoss.symphony.entityjson.TestInvalidSchemas.testInvalidTypeVersion(TestInvalidSchemas.java:44)
17:09:59.098 [INFO]   [Validating]  out: Caused by: org.symphonyoss.symphony.entityjson.InvalidSchemaException: java.net.UnknownHostException: schemas.oss.symphony.com
17:09:59.098 [INFO]   [Validating]  out: 	at org.symphonyoss.symphony.entityjson.TestInvalidSchemas.testInvalidTypeVersion(TestInvalidSchemas.java:44)
17:09:59.098 [INFO]   [Validating]  out: Caused by: java.net.UnknownHostException: schemas.oss.symphony.com
17:09:59.098 [INFO]   [Validating]  out: 	at org.symphonyoss.symphony.entityjson.TestInvalidSchemas.testInvalidTypeVersion(TestInvalidSchemas.java:44)
17:09:59.098 [INFO]   [Validating]  out: 
17:09:59.098 [INFO]   [Validating]  out: [ERROR] testMissingTypeVersion  Time elapsed: 0 s  <<< ERROR!
17:09:59.099 [INFO]   [Validating]  out: java.lang.Exception: Unexpected exception, expected<org.symphonyoss.symphony.entityjson.SchemaValidationException> but was<java.lang.RuntimeException>
17:09:59.099 [INFO]   [Validating]  out: 	at org.symphonyoss.symphony.entityjson.TestInvalidSchemas.testMissingTypeVersion(TestInvalidSchemas.java:66)
17:09:59.099 [INFO]   [Validating]  out: Caused by: org.symphonyoss.symphony.entityjson.InvalidSchemaException: java.net.UnknownHostException: schemas.oss.symphony.com
17:09:59.099 [INFO]   [Validating]  out: 	at org.symphonyoss.symphony.entityjson.TestInvalidSchemas.testMissingTypeVersion(TestInvalidSchemas.java:66)
17:09:59.099 [INFO]   [Validating]  out: Caused by: java.net.UnknownHostException: schemas.oss.symphony.com
17:09:59.099 [INFO]   [Validating]  out: 	at org.symphonyoss.symphony.entityjson.TestInvalidSchemas.testMissingTypeVersion(TestInvalidSchemas.java:66)
17:09:59.099 [INFO]   [Validating]  out: 
17:09:59.099 [INFO]   [Validating]  out: [ERROR] testMissingTypeId  Time elapsed: 0.001 s  <<< ERROR!
17:09:59.099 [INFO]   [Validating]  out: java.lang.Exception: Unexpected exception, expected<org.symphonyoss.symphony.entityjson.SchemaValidationException> but was<java.lang.RuntimeException>
17:09:59.099 [INFO]   [Validating]  out: 	at org.symphonyoss.symphony.entityjson.TestInvalidSchemas.testMissingTypeId(TestInvalidSchemas.java:85)
17:09:59.099 [INFO]   [Validating]  out: Caused by: org.symphonyoss.symphony.entityjson.InvalidSchemaException: java.net.UnknownHostException: schemas.oss.symphony.com
17:09:59.099 [INFO]   [Validating]  out: 	at org.symphonyoss.symphony.entityjson.TestInvalidSchemas.testMissingTypeId(TestInvalidSchemas.java:85)
17:09:59.099 [INFO]   [Validating]  out: Caused by: java.net.UnknownHostException: schemas.oss.symphony.com
17:09:59.099 [INFO]   [Validating]  out: 	at org.symphonyoss.symphony.entityjson.TestInvalidSchemas.testMissingTypeId(TestInvalidSchemas.java:85)
17:09:59.099 [INFO]   [Validating]  out: 
17:09:59.099 [INFO]   [Validating]  out: [ERROR] testIdExtraAttributes  Time elapsed: 0.002 s  <<< ERROR!
17:09:59.099 [INFO]   [Validating]  out: java.lang.Exception: Unexpected exception, expected<org.symphonyoss.symphony.entityjson.SchemaValidationException> but was<java.lang.RuntimeException>
17:09:59.099 [INFO]   [Validating]  out: 	at org.symphonyoss.symphony.entityjson.TestInvalidSchemas.testIdExtraAttributes(TestInvalidSchemas.java:137)
17:09:59.099 [INFO]   [Validating]  out: Caused by: org.symphonyoss.symphony.entityjson.InvalidSchemaException: java.net.UnknownHostException: schemas.oss.symphony.com
17:09:59.099 [INFO]   [Validating]  out: 	at org.symphonyoss.symphony.entityjson.TestInvalidSchemas.testIdExtraAttributes(TestInvalidSchemas.java:137)
17:09:59.099 [INFO]   [Validating]  out: Caused by: java.net.UnknownHostException: schemas.oss.symphony.com
17:09:59.099 [INFO]   [Validating]  out: 	at org.symphonyoss.symphony.entityjson.TestInvalidSchemas.testIdExtraAttributes(TestInvalidSchemas.java:137)
17:09:59.099 [INFO]   [Validating]  out: 
17:09:59.099 [INFO]   [Validating]  out: [ERROR] testObjectIdObject  Time elapsed: 0 s  <<< ERROR!
17:09:59.099 [INFO]   [Validating]  out: java.lang.Exception: Unexpected exception, expected<org.symphonyoss.symphony.entityjson.SchemaValidationException> but was<java.lang.RuntimeException>
17:09:59.099 [INFO]   [Validating]  out: 	at org.symphonyoss.symphony.entityjson.TestInvalidSchemas.testObjectIdObject(TestInvalidSchemas.java:119)
17:09:59.100 [INFO]   [Validating]  out: Caused by: org.symphonyoss.symphony.entityjson.InvalidSchemaException: java.net.UnknownHostException: schemas.oss.symphony.com
17:09:59.100 [INFO]   [Validating]  out: 	at org.symphonyoss.symphony.entityjson.TestInvalidSchemas.testObjectIdObject(TestInvalidSchemas.java:119)
17:09:59.100 [INFO]   [Validating]  out: Caused by: java.net.UnknownHostException: schemas.oss.symphony.com
17:09:59.100 [INFO]   [Validating]  out: 	at org.symphonyoss.symphony.entityjson.TestInvalidSchemas.testObjectIdObject(TestInvalidSchemas.java:119)
17:09:59.100 [INFO]   [Validating]  out: 
17:09:59.100 [INFO]   [Validating]  out: [ERROR] testObjectIdString  Time elapsed: 0.001 s  <<< ERROR!
17:09:59.100 [INFO]   [Validating]  out: java.lang.Exception: Unexpected exception, expected<org.symphonyoss.symphony.entityjson.SchemaValidationException> but was<java.lang.RuntimeException>
17:09:59.100 [INFO]   [Validating]  out: 	at org.symphonyoss.symphony.entityjson.TestInvalidSchemas.testObjectIdString(TestInvalidSchemas.java:104)
17:09:59.100 [INFO]   [Validating]  out: Caused by: org.symphonyoss.symphony.entityjson.InvalidSchemaException: java.net.UnknownHostException: schemas.oss.symphony.com
17:09:59.100 [INFO]   [Validating]  out: 	at org.symphonyoss.symphony.entityjson.TestInvalidSchemas.testObjectIdString(TestInvalidSchemas.java:104)
17:09:59.100 [INFO]   [Validating]  out: Caused by: java.net.UnknownHostException: schemas.oss.symphony.com
17:09:59.100 [INFO]   [Validating]  out: 	at org.symphonyoss.symphony.entityjson.TestInvalidSchemas.testObjectIdString(TestInvalidSchemas.java:104)
17:09:59.100 [INFO]   [Validating]  out: 
17:09:59.100 [INFO]   [Validating]  out: [INFO] Running org.symphonyoss.symphony.entityjson.InvalidInstanceExceptionDiffblueTest
17:09:59.100 [INFO]   [Validating]  out: [INFO] Tests run: 5, Failures: 0, Errors: 0, Skipped: 0, Time elapsed: 0 s - in org.symphonyoss.symphony.entityjson.InvalidInstanceExceptionDiffblueTest
17:09:59.100 [INFO]   [Validating]  out: [INFO] Running org.symphonyoss.symphony.entityjson.EntityJsonDiffblueTest
17:09:59.101 [INFO]   [Validating]  out: [INFO] Tests run: 6, Failures: 0, Errors: 0, Skipped: 0, Time elapsed: 0.001 s - in org.symphonyoss.symphony.entityjson.EntityJsonDiffblueTest
17:09:59.101 [INFO]   [Validating]  out: [INFO] Running org.symphonyoss.symphony.entityjson.EntityJsonContextDiffblueTest
17:09:59.196 [INFO]   [Validating]  out: [INFO] Tests run: 3, Failures: 0, Errors: 0, Skipped: 0, Time elapsed: 0.093 s - in org.symphonyoss.symphony.entityjson.EntityJsonContextDiffblueTest
17:09:59.196 [INFO]   [Validating]  out: [INFO] Running org.symphonyoss.symphony.entityjson.InvalidSchemaExceptionDiffblueTest
17:09:59.197 [INFO]   [Validating]  out: [INFO] Tests run: 5, Failures: 0, Errors: 0, Skipped: 0, Time elapsed: 0.001 s - in org.symphonyoss.symphony.entityjson.InvalidSchemaExceptionDiffblueTest
17:09:59.197 [INFO]   [Validating]  out: [INFO] Running org.symphonyoss.symphony.messageml.bi.BiEventTypeDiffblueTest
17:09:59.198 [INFO]   [Validating]  out: [INFO] Tests run: 1, Failures: 0, Errors: 0, Skipped: 0, Time elapsed: 0 s - in org.symphonyoss.symphony.messageml.bi.BiEventTypeDiffblueTest
17:09:59.198 [INFO]   [Validating]  out: [INFO] Running org.symphonyoss.symphony.messageml.bi.BiContextTest
17:09:59.199 [INFO]   [Validating]  out: [INFO] Tests run: 6, Failures: 0, Errors: 0, Skipped: 0, Time elapsed: 0 s - in org.symphonyoss.symphony.messageml.bi.BiContextTest
17:09:59.199 [INFO]   [Validating]  out: [INFO] Running org.symphonyoss.symphony.messageml.bi.BiFieldsDiffblueTest
17:09:59.200 [INFO]   [Validating]  out: [INFO] Tests run: 1, Failures: 0, Errors: 0, Skipped: 0, Time elapsed: 0 s - in org.symphonyoss.symphony.messageml.bi.BiFieldsDiffblueTest
17:09:59.200 [INFO]   [Validating]  out: [INFO] Running org.symphonyoss.symphony.messageml.bi.BiContextDiffblueTest
17:09:59.200 [INFO]   [Validating]  out: 17:09:59.196 [main] WARN org.symphonyoss.symphony.messageml.bi.BiContext - Attribute count for element Item Name does not contain an integer value. The count will not be increased.
17:09:59.200 [INFO]   [Validating]  out: 17:09:59.199 [main] WARN org.symphonyoss.symphony.messageml.bi.BiContext - Attribute count for element Item Name does not contain an integer value. The count will not be increased.
17:09:59.200 [INFO]   [Validating]  out: 17:09:59.199 [main] WARN org.symphonyoss.symphony.messageml.bi.BiContext - Attribute count for element Item Name does not contain an integer value. The count will not be increased.
17:09:59.202 [INFO]   [Validating]  out: [INFO] Tests run: 32, Failures: 0, Errors: 0, Skipped: 0, Time elapsed: 0 s - in org.symphonyoss.symphony.messageml.bi.BiContextDiffblueTest
17:09:59.203 [INFO]   [Validating]  out: [INFO] Running org.symphonyoss.symphony.messageml.bi.BiItemDiffblueTest
17:09:59.204 [INFO]   [Validating]  out: [INFO] Tests run: 11, Failures: 0, Errors: 0, Skipped: 0, Time elapsed: 0.001 s - in org.symphonyoss.symphony.messageml.bi.BiItemDiffblueTest
17:09:59.204 [INFO]   [Validating]  out: [INFO] Running org.symphonyoss.symphony.messageml.bi.BiItemTest
17:09:59.204 [INFO]   [Validating]  out: 17:09:59.200 [main] WARN org.symphonyoss.symphony.messageml.bi.BiContext - Attribute attribute1 for element element1 does not contain an integer value. The count will not be increased.
17:09:59.204 [INFO]   [Validating]  out: 17:09:59.200 [main] WARN org.symphonyoss.symphony.messageml.bi.BiContext - Attribute attribute1 for element element1 does not contain an integer value. The count will not be increased.
17:09:59.205 [INFO]   [Validating]  out: [INFO] Tests run: 6, Failures: 0, Errors: 0, Skipped: 0, Time elapsed: 0 s - in org.symphonyoss.symphony.messageml.bi.BiItemTest
17:09:59.205 [INFO]   [Validating]  out: [INFO] Running org.symphonyoss.symphony.messageml.exceptions.InvalidInputExceptionDiffblueTest
17:09:59.205 [INFO]   [Validating]  out: [INFO] Tests run: 3, Failures: 0, Errors: 0, Skipped: 0, Time elapsed: 0 s - in org.symphonyoss.symphony.messageml.exceptions.InvalidInputExceptionDiffblueTest
17:09:59.205 [INFO]   [Validating]  out: [INFO] Running org.symphonyoss.symphony.messageml.exceptions.ProcessingExceptionDiffblueTest
17:09:59.206 [INFO]   [Validating]  out: [INFO] Tests run: 2, Failures: 0, Errors: 0, Skipped: 0, Time elapsed: 0 s - in org.symphonyoss.symphony.messageml.exceptions.ProcessingExceptionDiffblueTest
17:09:59.206 [INFO]   [Validating]  out: [INFO] Running org.symphonyoss.symphony.messageml.exceptions.MessageMLExceptionDiffblueTest
17:09:59.206 [INFO]   [Validating]  out: [INFO] Tests run: 2, Failures: 0, Errors: 0, Skipped: 0, Time elapsed: 0 s - in org.symphonyoss.symphony.messageml.exceptions.MessageMLExceptionDiffblueTest
17:09:59.206 [INFO]   [Validating]  out: [INFO] Running org.symphonyoss.symphony.messageml.MessageMLParserDiffblueTest
17:09:59.288 [INFO]   [Validating]  out: [INFO] Tests run: 78, Failures: 0, Errors: 0, Skipped: 0, Time elapsed: 0.08 s - in org.symphonyoss.symphony.messageml.MessageMLParserDiffblueTest
17:09:59.288 [INFO]   [Validating]  out: [INFO] Running org.symphonyoss.symphony.messageml.MessageMLContextTest
17:09:59.487 [INFO]   [Validating]  out: [INFO] Tests run: 59, Failures: 0, Errors: 0, Skipped: 0, Time elapsed: 0.198 s - in org.symphonyoss.symphony.messageml.MessageMLContextTest
17:09:59.488 [INFO]   [Validating]  out: [INFO] Running org.symphonyoss.symphony.messageml.MessageMLContextDiffblueTest
17:09:59.491 [INFO]   [Validating]  out: [INFO] Tests run: 17, Failures: 0, Errors: 0, Skipped: 0, Time elapsed: 0.002 s - in org.symphonyoss.symphony.messageml.MessageMLContextDiffblueTest
17:09:59.491 [INFO]   [Validating]  out: [INFO] Running org.symphonyoss.symphony.messageml.elements.DivTest
17:09:59.501 [INFO]   [Validating]  out: [INFO] Tests run: 19, Failures: 0, Errors: 0, Skipped: 0, Time elapsed: 0.009 s - in org.symphonyoss.symphony.messageml.elements.DivTest
17:09:59.502 [INFO]   [Validating]  out: [INFO] Running org.symphonyoss.symphony.messageml.elements.HorizontalRuleTest
17:09:59.508 [INFO]   [Validating]  out: [INFO] Tests run: 16, Failures: 0, Errors: 0, Skipped: 0, Time elapsed: 0.005 s - in org.symphonyoss.symphony.messageml.elements.HorizontalRuleTest
17:09:59.508 [INFO]   [Validating]  out: [INFO] Running org.symphonyoss.symphony.messageml.elements.form.ButtonTest
17:09:59.511 [INFO]   [Validating]  out: 17:09:59.511 [main] INFO org.symphonyoss.symphony.messageml.elements.Button - Button class cannot be a destructive one, replacing it accordingly.
17:09:59.512 [INFO]   [Validating]  out: 17:09:59.511 [main] INFO org.symphonyoss.symphony.messageml.elements.Button - Button class cannot be a destructive one, replacing it accordingly.
17:09:59.514 [INFO]   [Validating]  out: 17:09:59.514 [main] INFO org.symphonyoss.symphony.messageml.elements.Button - Button class cannot be a destructive one, replacing it accordingly.
17:09:59.514 [INFO]   [Validating]  out: 17:09:59.514 [main] INFO org.symphonyoss.symphony.messageml.elements.Button - Button class cannot be a destructive one, replacing it accordingly.
17:09:59.524 [INFO]   [Validating]  out: [INFO] Tests run: 37, Failures: 0, Errors: 0, Skipped: 0, Time elapsed: 0.014 s - in org.symphonyoss.symphony.messageml.elements.form.ButtonTest
17:09:59.524 [INFO]   [Validating]  out: [INFO] Running org.symphonyoss.symphony.messageml.elements.form.DatePickerTest
17:09:59.550 [INFO]   [Validating]  out: [INFO] Tests run: 31, Failures: 0, Errors: 0, Skipped: 0, Time elapsed: 0.025 s - in org.symphonyoss.symphony.messageml.elements.form.DatePickerTest
17:09:59.550 [INFO]   [Validating]  out: [INFO] Running org.symphonyoss.symphony.messageml.elements.form.TextAreaTest
17:09:59.565 [INFO]   [Validating]  out: [INFO] Tests run: 40, Failures: 0, Errors: 0, Skipped: 0, Time elapsed: 0.014 s - in org.symphonyoss.symphony.messageml.elements.form.TextAreaTest
17:09:59.566 [INFO]   [Validating]  out: [INFO] Running org.symphonyoss.symphony.messageml.elements.form.DateSelectorTest
17:09:59.574 [INFO]   [Validating]  out: [INFO] Tests run: 23, Failures: 0, Errors: 0, Skipped: 0, Time elapsed: 0.008 s - in org.symphonyoss.symphony.messageml.elements.form.DateSelectorTest
17:09:59.575 [INFO]   [Validating]  out: [INFO] Running org.symphonyoss.symphony.messageml.elements.form.CheckboxTest
17:09:59.593 [INFO]   [Validating]  out: [INFO] Tests run: 40, Failures: 0, Errors: 0, Skipped: 0, Time elapsed: 0.017 s - in org.symphonyoss.symphony.messageml.elements.form.CheckboxTest
17:09:59.593 [INFO]   [Validating]  out: [INFO] Running org.symphonyoss.symphony.messageml.elements.form.SelectOptionTest
17:09:59.615 [INFO]   [Validating]  out: [INFO] Tests run: 57, Failures: 0, Errors: 0, Skipped: 0, Time elapsed: 0.02 s - in org.symphonyoss.symphony.messageml.elements.form.SelectOptionTest
17:09:59.615 [INFO]   [Validating]  out: [INFO] Running org.symphonyoss.symphony.messageml.elements.form.FormTest
17:09:59.624 [INFO]   [Validating]  out: [INFO] Tests run: 24, Failures: 0, Errors: 0, Skipped: 0, Time elapsed: 0.007 s - in org.symphonyoss.symphony.messageml.elements.form.FormTest
17:09:59.624 [INFO]   [Validating]  out: [INFO] Running org.symphonyoss.symphony.messageml.elements.form.TimezonePickerTest
17:09:59.633 [INFO]   [Validating]  out: [INFO] Tests run: 23, Failures: 0, Errors: 0, Skipped: 0, Time elapsed: 0.007 s - in org.symphonyoss.symphony.messageml.elements.form.TimezonePickerTest
17:09:59.633 [INFO]   [Validating]  out: [INFO] Running org.symphonyoss.symphony.messageml.elements.form.PersonSelectorTest
17:09:59.650 [INFO]   [Validating]  out: [INFO] Tests run: 29, Failures: 0, Errors: 0, Skipped: 0, Time elapsed: 0.015 s - in org.symphonyoss.symphony.messageml.elements.form.PersonSelectorTest
17:09:59.650 [INFO]   [Validating]  out: [INFO] Running org.symphonyoss.symphony.messageml.elements.form.RadioTest
17:09:59.661 [INFO]   [Validating]  out: [INFO] Tests run: 38, Failures: 0, Errors: 0, Skipped: 0, Time elapsed: 0.011 s - in org.symphonyoss.symphony.messageml.elements.form.RadioTest
17:09:59.661 [INFO]   [Validating]  out: [INFO] Running org.symphonyoss.symphony.messageml.elements.form.TextFieldTest
17:09:59.676 [INFO]   [Validating]  out: [INFO] Tests run: 53, Failures: 0, Errors: 0, Skipped: 0, Time elapsed: 0.013 s - in org.symphonyoss.symphony.messageml.elements.form.TextFieldTest
17:09:59.676 [INFO]   [Validating]  out: [INFO] Running org.symphonyoss.symphony.messageml.elements.form.TimePickerTest
17:09:59.676 [INFO]   [Validating]  out: 17:09:59.674 [main] WARN org.symphonyoss.symphony.messageml.elements.Element - Attribute step for element TimePicker should be an integer value. The property will not be put in BI context.
17:09:59.682 [INFO]   [Validating]  out: 17:09:59.682 [main] WARN org.symphonyoss.symphony.messageml.elements.Element - Attribute step for element TimePicker should be an integer value. The property will not be put in BI context.
17:09:59.687 [INFO]   [Validating]  out: [INFO] Tests run: 35, Failures: 0, Errors: 0, Skipped: 0, Time elapsed: 0.01 s - in org.symphonyoss.symphony.messageml.elements.form.TimePickerTest
17:09:59.687 [INFO]   [Validating]  out: [INFO] Running org.symphonyoss.symphony.messageml.elements.form.RoomSelectorTest
17:09:59.696 [INFO]   [Validating]  out: [INFO] Tests run: 29, Failures: 0, Errors: 0, Skipped: 0, Time elapsed: 0.008 s - in org.symphonyoss.symphony.messageml.elements.form.RoomSelectorTest
17:09:59.696 [INFO]   [Validating]  out: [INFO] Running org.symphonyoss.symphony.messageml.elements.ListTest
17:09:59.704 [INFO]   [Validating]  out: [INFO] Tests run: 25, Failures: 0, Errors: 0, Skipped: 0, Time elapsed: 0.007 s - in org.symphonyoss.symphony.messageml.elements.ListTest
17:09:59.704 [INFO]   [Validating]  out: [INFO] Running org.symphonyoss.symphony.messageml.elements.SubscriptTest
17:09:59.708 [INFO]   [Validating]  out: [INFO] Tests run: 17, Failures: 0, Errors: 0, Skipped: 0, Time elapsed: 0.003 s - in org.symphonyoss.symphony.messageml.elements.SubscriptTest
17:09:59.708 [INFO]   [Validating]  out: [INFO] Running org.symphonyoss.symphony.messageml.elements.CodeDiffblueTest
17:09:59.709 [INFO]   [Validating]  out: 17:09:59.709 [main] WARN org.symphonyoss.symphony.messageml.bi.BiContext - Attribute count for element codes does not contain an integer value. The count will not be increased.
17:09:59.720 [INFO]   [Validating]  out: 17:09:59.720 [main] WARN org.symphonyoss.symphony.messageml.bi.BiContext - Attribute count for element codes does not contain an integer value. The count will not be increased.
17:09:59.723 [INFO]   [Validating]  out: [INFO] Tests run: 34, Failures: 0, Errors: 0, Skipped: 0, Time elapsed: 0.014 s - in org.symphonyoss.symphony.messageml.elements.CodeDiffblueTest
17:09:59.723 [INFO]   [Validating]  out: [INFO] Running org.symphonyoss.symphony.messageml.elements.HeaderDiffblueTest
17:09:59.723 [INFO]   [Validating]  out: 17:09:59.722 [main] WARN org.symphonyoss.symphony.messageml.bi.BiContext - Attribute count for element headers does not contain an integer value. The count will not be increased.
17:09:59.723 [INFO]   [Validating]  out: 17:09:59.722 [main] WARN org.symphonyoss.symphony.messageml.bi.BiContext - Attribute count for element headers does not contain an integer value. The count will not be increased.
17:09:59.724 [INFO]   [Validating]  out: [INFO] Tests run: 13, Failures: 0, Errors: 0, Skipped: 0, Time elapsed: 0 s - in org.symphonyoss.symphony.messageml.elements.HeaderDiffblueTest
17:09:59.724 [INFO]   [Validating]  out: [INFO] Running org.symphonyoss.symphony.messageml.elements.LabelableElementDiffblueTest
17:09:59.724 [INFO]   [Validating]  out: [INFO] Tests run: 6, Failures: 0, Errors: 0, Skipped: 0, Time elapsed: 0 s - in org.symphonyoss.symphony.messageml.elements.LabelableElementDiffblueTest
17:09:59.725 [INFO]   [Validating]  out: [INFO] Running org.symphonyoss.symphony.messageml.elements.TableDiffblueTest
17:09:59.725 [INFO]   [Validating]  out: 17:09:59.724 [main] WARN org.symphonyoss.symphony.messageml.bi.BiContext - Attribute count for element table_rows_max does not contain an integer value. The count will not be increased.
17:09:59.725 [INFO]   [Validating]  out: 17:09:59.724 [main] WARN org.symphonyoss.symphony.messageml.bi.BiContext - Attribute count for element tables does not contain an integer value. The count will not be increased.
17:09:59.725 [INFO]   [Validating]  out: 17:09:59.724 [main] WARN org.symphonyoss.symphony.messageml.bi.BiContext - Attribute count for element tables does not contain an integer value. The count will not be increased.
17:09:59.726 [INFO]   [Validating]  out: [INFO] Tests run: 13, Failures: 0, Errors: 0, Skipped: 0, Time elapsed: 0.001 s - in org.symphonyoss.symphony.messageml.elements.TableDiffblueTest
17:09:59.726 [INFO]   [Validating]  out: [INFO] Running org.symphonyoss.symphony.messageml.elements.SplittableElementDiffblueTest
17:09:59.727 [INFO]   [Validating]  out: [INFO] Tests run: 11, Failures: 0, Errors: 0, Skipped: 0, Time elapsed: 0 s - in org.symphonyoss.symphony.messageml.elements.SplittableElementDiffblueTest
17:09:59.727 [INFO]   [Validating]  out: [INFO] Running org.symphonyoss.symphony.messageml.elements.TooltipableElementDiffblueTest
17:09:59.727 [INFO]   [Validating]  out: [INFO] Tests run: 6, Failures: 0, Errors: 0, Skipped: 0, Time elapsed: 0 s - in org.symphonyoss.symphony.messageml.elements.TooltipableElementDiffblueTest
17:09:59.727 [INFO]   [Validating]  out: [INFO] Running org.symphonyoss.symphony.messageml.elements.PreformattedTest
17:09:59.732 [INFO]   [Validating]  out: [INFO] Tests run: 18, Failures: 0, Errors: 0, Skipped: 0, Time elapsed: 0.004 s - in org.symphonyoss.symphony.messageml.elements.PreformattedTest
17:09:59.732 [INFO]   [Validating]  out: [INFO] Running org.symphonyoss.symphony.messageml.elements.ParagraphTest
17:09:59.736 [INFO]   [Validating]  out: [INFO] Tests run: 16, Failures: 0, Errors: 0, Skipped: 0, Time elapsed: 0.003 s - in org.symphonyoss.symphony.messageml.elements.ParagraphTest
17:09:59.736 [INFO]   [Validating]  out: [INFO] Running org.symphonyoss.symphony.messageml.elements.ParagraphDiffblueTest
17:09:59.736 [INFO]   [Validating]  out: 17:09:59.736 [main] WARN org.symphonyoss.symphony.messageml.bi.BiContext - Attribute count for element paragraphs does not contain an integer value. The count will not be increased.
17:09:59.736 [INFO]   [Validating]  out: 17:09:59.736 [main] WARN org.symphonyoss.symphony.messageml.bi.BiContext - Attribute count for element paragraphs does not contain an integer value. The count will not be increased.
17:09:59.737 [INFO]   [Validating]  out: [INFO] Tests run: 10, Failures: 0, Errors: 0, Skipped: 0, Time elapsed: 0 s - in org.symphonyoss.symphony.messageml.elements.ParagraphDiffblueTest
17:09:59.737 [INFO]   [Validating]  out: [INFO] Running org.symphonyoss.symphony.messageml.elements.HashTagDiffblueTest
17:09:59.737 [INFO]   [Validating]  out: 17:09:59.737 [main] WARN org.symphonyoss.symphony.messageml.bi.BiContext - Attribute count for element hashtags does not contain an integer value. The count will not be increased.
17:09:59.738 [INFO]   [Validating]  out: 17:09:59.738 [main] WARN org.symphonyoss.symphony.messageml.bi.BiContext - Attribute count for element hashtags does not contain an integer value. The count will not be increased.
17:09:59.739 [INFO]   [Validating]  out: [INFO] Tests run: 20, Failures: 0, Errors: 0, Skipped: 0, Time elapsed: 0.002 s - in org.symphonyoss.symphony.messageml.elements.HashTagDiffblueTest
17:09:59.739 [INFO]   [Validating]  out: [INFO] Running org.symphonyoss.symphony.messageml.elements.TimePickerDiffblueTest
17:09:59.781 [INFO]   [Validating]  out: [INFO] Tests run: 17, Failures: 0, Errors: 0, Skipped: 0, Time elapsed: 0.04 s - in org.symphonyoss.symphony.messageml.elements.TimePickerDiffblueTest
17:09:59.781 [INFO]   [Validating]  out: [INFO] Running org.symphonyoss.symphony.messageml.elements.KeywordDiffblueTest
17:09:59.782 [INFO]   [Validating]  out: [INFO] Tests run: 15, Failures: 0, Errors: 0, Skipped: 0, Time elapsed: 0 s - in org.symphonyoss.symphony.messageml.elements.KeywordDiffblueTest
17:09:59.782 [INFO]   [Validating]  out: [INFO] Running org.symphonyoss.symphony.messageml.elements.RegexElementDiffblueTest
17:09:59.782 [INFO]   [Validating]  out: [INFO] Tests run: 3, Failures: 0, Errors: 0, Skipped: 0, Time elapsed: 0 s - in org.symphonyoss.symphony.messageml.elements.RegexElementDiffblueTest
17:09:59.782 [INFO]   [Validating]  out: [INFO] Running org.symphonyoss.symphony.messageml.elements.SpanDiffblueTest
17:09:59.783 [INFO]   [Validating]  out: 17:09:59.782 [main] WARN org.symphonyoss.symphony.messageml.bi.BiContext - Attribute count for element spans does not contain an integer value. The count will not be increased.
17:09:59.783 [INFO]   [Validating]  out: 17:09:59.782 [main] WARN org.symphonyoss.symphony.messageml.bi.BiContext - Attribute count for element spans does not contain an integer value. The count will not be increased.
17:09:59.783 [INFO]   [Validating]  out: [INFO] Tests run: 10, Failures: 0, Errors: 0, Skipped: 0, Time elapsed: 0.001 s - in org.symphonyoss.symphony.messageml.elements.SpanDiffblueTest
17:09:59.783 [INFO]   [Validating]  out: [INFO] Running org.symphonyoss.symphony.messageml.elements.CashTagDiffblueTest
17:09:59.783 [INFO]   [Validating]  out: 17:09:59.783 [main] WARN org.symphonyoss.symphony.messageml.bi.BiContext - Attribute count for element cashtags does not contain an integer value. The count will not be increased.
17:09:59.783 [INFO]   [Validating]  out: 17:09:59.783 [main] WARN org.symphonyoss.symphony.messageml.bi.BiContext - Attribute count for element cashtags does not contain an integer value. The count will not be increased.
17:09:59.784 [INFO]   [Validating]  out: [INFO] Tests run: 12, Failures: 0, Errors: 0, Skipped: 0, Time elapsed: 0.001 s - in org.symphonyoss.symphony.messageml.elements.CashTagDiffblueTest
17:09:59.784 [INFO]   [Validating]  out: [INFO] Running org.symphonyoss.symphony.messageml.elements.CashtagTest
17:09:59.793 [INFO]   [Validating]  out: [INFO] Tests run: 24, Failures: 0, Errors: 0, Skipped: 0, Time elapsed: 0.007 s - in org.symphonyoss.symphony.messageml.elements.CashtagTest
17:09:59.793 [INFO]   [Validating]  out: [INFO] Running org.symphonyoss.symphony.messageml.elements.ListItemTest
17:09:59.796 [INFO]   [Validating]  out: [INFO] Tests run: 14, Failures: 0, Errors: 0, Skipped: 0, Time elapsed: 0.002 s - in org.symphonyoss.symphony.messageml.elements.ListItemTest
17:09:59.796 [INFO]   [Validating]  out: [INFO] Running org.symphonyoss.symphony.messageml.elements.TableHeaderCellDiffblueTest
17:09:59.796 [INFO]   [Validating]  out: [INFO] Tests run: 3, Failures: 0, Errors: 0, Skipped: 0, Time elapsed: 0 s - in org.symphonyoss.symphony.messageml.elements.TableHeaderCellDiffblueTest
17:09:59.796 [INFO]   [Validating]  out: [INFO] Running org.symphonyoss.symphony.messageml.elements.MinMaxLengthElementDiffblueTest
17:09:59.797 [INFO]   [Validating]  out: [INFO] Tests run: 24, Failures: 0, Errors: 0, Skipped: 0, Time elapsed: 0.001 s - in org.symphonyoss.symphony.messageml.elements.MinMaxLengthElementDiffblueTest
17:09:59.797 [INFO]   [Validating]  out: [INFO] Running org.symphonyoss.symphony.messageml.elements.BulletListTest
17:09:59.802 [INFO]   [Validating]  out: [INFO] Tests run: 16, Failures: 0, Errors: 0, Skipped: 0, Time elapsed: 0.004 s - in org.symphonyoss.symphony.messageml.elements.BulletListTest
17:09:59.802 [INFO]   [Validating]  out: [INFO] Running org.symphonyoss.symphony.messageml.elements.ElementDiffblueTest
17:09:59.808 [INFO]   [Validating]  out: [INFO] Tests run: 66, Failures: 0, Errors: 0, Skipped: 0, Time elapsed: 0.005 s - in org.symphonyoss.symphony.messageml.elements.ElementDiffblueTest
17:09:59.808 [INFO]   [Validating]  out: [INFO] Running org.symphonyoss.symphony.messageml.elements.ListItemDiffblueTest
17:09:59.808 [INFO]   [Validating]  out: [INFO] Tests run: 4, Failures: 0, Errors: 0, Skipped: 0, Time elapsed: 0 s - in org.symphonyoss.symphony.messageml.elements.ListItemDiffblueTest
17:09:59.809 [INFO]   [Validating]  out: [INFO] Running org.symphonyoss.symphony.messageml.elements.LineBreakTest
17:09:59.813 [INFO]   [Validating]  out: [INFO] Tests run: 18, Failures: 0, Errors: 0, Skipped: 0, Time elapsed: 0.004 s - in org.symphonyoss.symphony.messageml.elements.LineBreakTest
17:09:59.813 [INFO]   [Validating]  out: [INFO] Running org.symphonyoss.symphony.messageml.elements.EmojiTest
17:09:59.819 [INFO]   [Validating]  out: [INFO] Tests run: 22, Failures: 0, Errors: 0, Skipped: 0, Time elapsed: 0.005 s - in org.symphonyoss.symphony.messageml.elements.EmojiTest
17:09:59.819 [INFO]   [Validating]  out: [INFO] Running org.symphonyoss.symphony.messageml.elements.SuperscriptTest
17:09:59.823 [INFO]   [Validating]  out: [INFO] Tests run: 17, Failures: 0, Errors: 0, Skipped: 0, Time elapsed: 0.003 s - in org.symphonyoss.symphony.messageml.elements.SuperscriptTest
17:09:59.823 [INFO]   [Validating]  out: [INFO] Running org.symphonyoss.symphony.messageml.elements.ExpandableCardHeaderDiffblueTest
17:09:59.826 [INFO]   [Validating]  out: [INFO] Tests run: 19, Failures: 0, Errors: 0, Skipped: 0, Time elapsed: 0.002 s - in org.symphonyoss.symphony.messageml.elements.ExpandableCardHeaderDiffblueTest
17:09:59.826 [INFO]   [Validating]  out: [INFO] Running org.symphonyoss.symphony.messageml.elements.ChimeTest
17:09:59.831 [INFO]   [Validating]  out: [INFO] Tests run: 21, Failures: 0, Errors: 0, Skipped: 0, Time elapsed: 0.004 s - in org.symphonyoss.symphony.messageml.elements.ChimeTest
17:09:59.831 [INFO]   [Validating]  out: [INFO] Running org.symphonyoss.symphony.messageml.elements.CardBodyDiffblueTest
17:09:59.834 [INFO]   [Validating]  out: [INFO] Tests run: 22, Failures: 0, Errors: 0, Skipped: 0, Time elapsed: 0.001 s - in org.symphonyoss.symphony.messageml.elements.CardBodyDiffblueTest
17:09:59.834 [INFO]   [Validating]  out: [INFO] Running org.symphonyoss.symphony.messageml.elements.OrderedListTest
17:09:59.837 [INFO]   [Validating]  out: [INFO] Tests run: 16, Failures: 0, Errors: 0, Skipped: 0, Time elapsed: 0.002 s - in org.symphonyoss.symphony.messageml.elements.OrderedListTest
17:09:59.837 [INFO]   [Validating]  out: [INFO] Running org.symphonyoss.symphony.messageml.elements.RadioDiffblueTest
17:09:59.839 [INFO]   [Validating]  out: [INFO] Tests run: 13, Failures: 0, Errors: 0, Skipped: 0, Time elapsed: 0.001 s - in org.symphonyoss.symphony.messageml.elements.RadioDiffblueTest
17:09:59.839 [INFO]   [Validating]  out: [INFO] Running org.symphonyoss.symphony.messageml.elements.ImageTest
17:09:59.843 [INFO]   [Validating]  out: [INFO] Tests run: 18, Failures: 0, Errors: 0, Skipped: 0, Time elapsed: 0.003 s - in org.symphonyoss.symphony.messageml.elements.ImageTest
17:09:59.843 [INFO]   [Validating]  out: [INFO] Running org.symphonyoss.symphony.messageml.elements.PreformattedDiffblueTest
17:09:59.843 [INFO]   [Validating]  out: 17:09:59.843 [main] WARN org.symphonyoss.symphony.messageml.bi.BiContext - Attribute count for element pres does not contain an integer value. The count will not be increased.
17:09:59.843 [INFO]   [Validating]  out: 17:09:59.843 [main] WARN org.symphonyoss.symphony.messageml.bi.BiContext - Attribute count for element pres does not contain an integer value. The count will not be increased.
17:09:59.845 [INFO]   [Validating]  out: [INFO] Tests run: 18, Failures: 0, Errors: 0, Skipped: 0, Time elapsed: 0.001 s - in org.symphonyoss.symphony.messageml.elements.PreformattedDiffblueTest
17:09:59.845 [INFO]   [Validating]  out: [INFO] Running org.symphonyoss.symphony.messageml.elements.SelectDiffblueTest
17:09:59.847 [INFO]   [Validating]  out: [INFO] Tests run: 9, Failures: 0, Errors: 0, Skipped: 0, Time elapsed: 0.001 s - in org.symphonyoss.symphony.messageml.elements.SelectDiffblueTest
17:09:59.847 [INFO]   [Validating]  out: [INFO] Running org.symphonyoss.symphony.messageml.elements.CardDiffblueTest
17:09:59.847 [INFO]   [Validating]  out: 17:09:59.847 [main] WARN org.symphonyoss.symphony.messageml.bi.BiContext - Attribute count for element cards does not contain an integer value. The count will not be increased.
17:09:59.847 [INFO]   [Validating]  out: 17:09:59.847 [main] WARN org.symphonyoss.symphony.messageml.bi.BiContext - Attribute count for element cards does not contain an integer value. The count will not be increased.
17:09:59.849 [INFO]   [Validating]  out: [INFO] Tests run: 26, Failures: 0, Errors: 0, Skipped: 0, Time elapsed: 0.001 s - in org.symphonyoss.symphony.messageml.elements.CardDiffblueTest
17:09:59.849 [INFO]   [Validating]  out: [INFO] Running org.symphonyoss.symphony.messageml.elements.LinkDiffblueTest
17:09:59.849 [INFO]   [Validating]  out: 17:09:59.849 [main] WARN org.symphonyoss.symphony.messageml.bi.BiContext - Attribute count for element links does not contain an integer value. The count will not be increased.
17:09:59.850 [INFO]   [Validating]  out: 17:09:59.850 [main] WARN org.symphonyoss.symphony.messageml.bi.BiContext - Attribute count for element links does not contain an integer value. The count will not be increased.
17:09:59.858 [INFO]   [Validating]  out: [INFO] Tests run: 32, Failures: 0, Errors: 0, Skipped: 0, Time elapsed: 0.008 s - in org.symphonyoss.symphony.messageml.elements.LinkDiffblueTest
17:09:59.859 [INFO]   [Validating]  out: [INFO] Running org.symphonyoss.symphony.messageml.elements.TableBodyDiffblueTest
17:09:59.859 [INFO]   [Validating]  out: [INFO] Tests run: 4, Failures: 0, Errors: 0, Skipped: 0, Time elapsed: 0 s - in org.symphonyoss.symphony.messageml.elements.TableBodyDiffblueTest
17:09:59.859 [INFO]   [Validating]  out: [INFO] Running org.symphonyoss.symphony.messageml.elements.FormElementDiffblueTest
17:09:59.860 [INFO]   [Validating]  out: [INFO] Tests run: 6, Failures: 0, Errors: 0, Skipped: 0, Time elapsed: 0 s - in org.symphonyoss.symphony.messageml.elements.FormElementDiffblueTest
17:09:59.860 [INFO]   [Validating]  out: [INFO] Running org.symphonyoss.symphony.messageml.elements.MessageMLDiffblueTest
17:09:59.891 [INFO]   [Validating]  out: [INFO] Tests run: 43, Failures: 0, Errors: 0, Skipped: 0, Time elapsed: 0.03 s - in org.symphonyoss.symphony.messageml.elements.MessageMLDiffblueTest
17:09:59.891 [INFO]   [Validating]  out: [INFO] Running org.symphonyoss.symphony.messageml.elements.TableCellDiffblueTest
17:09:59.892 [INFO]   [Validating]  out: [INFO] Tests run: 4, Failures: 0, Errors: 0, Skipped: 0, Time elapsed: 0 s - in org.symphonyoss.symphony.messageml.elements.TableCellDiffblueTest
17:09:59.892 [INFO]   [Validating]  out: [INFO] Running org.symphonyoss.symphony.messageml.elements.TableFooterDiffblueTest
17:09:59.892 [INFO]   [Validating]  out: 17:09:59.890 [main] WARN org.symphonyoss.symphony.messageml.bi.BiContext - Attribute count for element table_footers does not contain an integer value. The count will not be increased.
17:09:59.892 [INFO]   [Validating]  out: 17:09:59.890 [main] WARN org.symphonyoss.symphony.messageml.bi.BiContext - Attribute count for element table_footers does not contain an integer value. The count will not be increased.
17:09:59.893 [INFO]   [Validating]  out: [INFO] Tests run: 10, Failures: 0, Errors: 0, Skipped: 0, Time elapsed: 0 s - in org.symphonyoss.symphony.messageml.elements.TableFooterDiffblueTest
17:09:59.893 [INFO]   [Validating]  out: [INFO] Running org.symphonyoss.symphony.messageml.elements.EmojiDiffblueTest
17:09:59.893 [INFO]   [Validating]  out: 17:09:59.892 [main] WARN org.symphonyoss.symphony.messageml.bi.BiContext - Attribute count for element emojis does not contain an integer value. The count will not be increased.
17:09:59.893 [INFO]   [Validating]  out: 17:09:59.892 [main] WARN org.symphonyoss.symphony.messageml.bi.BiContext - Attribute count for element emojis does not contain an integer value. The count will not be increased.
17:09:59.896 [INFO]   [Validating]  out: [INFO] Tests run: 42, Failures: 0, Errors: 0, Skipped: 0, Time elapsed: 0.002 s - in org.symphonyoss.symphony.messageml.elements.EmojiDiffblueTest
17:09:59.896 [INFO]   [Validating]  out: [INFO] Running org.symphonyoss.symphony.messageml.elements.TimezonePickerDiffblueTest
17:09:59.899 [INFO]   [Validating]  out: [INFO] Tests run: 19, Failures: 0, Errors: 0, Skipped: 0, Time elapsed: 0.002 s - in org.symphonyoss.symphony.messageml.elements.TimezonePickerDiffblueTest
17:09:59.899 [INFO]   [Validating]  out: [INFO] Running org.symphonyoss.symphony.messageml.elements.CodeTest
17:09:59.899 [INFO]   [Validating]  out: <div data-format="PresentationML" data-version="2.0">This is code:<code>val message: String = &quot;Hello world&quot;
17:09:59.899 [INFO]   [Validating]  out: println message</code><br/>This is text</div>
17:09:59.911 [INFO]   [Validating]  out: [INFO] Tests run: 33, Failures: 0, Errors: 0, Skipped: 0, Time elapsed: 0.011 s - in org.symphonyoss.symphony.messageml.elements.CodeTest
17:09:59.911 [INFO]   [Validating]  out: [INFO] Running org.symphonyoss.symphony.messageml.elements.UIActionTest
17:09:59.929 [INFO]   [Validating]  out: [INFO] Tests run: 42, Failures: 0, Errors: 0, Skipped: 0, Time elapsed: 0.016 s - in org.symphonyoss.symphony.messageml.elements.UIActionTest
17:09:59.929 [INFO]   [Validating]  out: [INFO] Running org.symphonyoss.symphony.messageml.elements.TableHeaderDiffblueTest
17:09:59.929 [INFO]   [Validating]  out: 17:09:59.927 [main] WARN org.symphonyoss.symphony.messageml.bi.BiContext - Attribute count for element table_headers does not contain an integer value. The count will not be increased.
17:09:59.929 [INFO]   [Validating]  out: 17:09:59.928 [main] WARN org.symphonyoss.symphony.messageml.bi.BiContext - Attribute count for element table_headers does not contain an integer value. The count will not be increased.
17:09:59.930 [INFO]   [Validating]  out: [INFO] Tests run: 10, Failures: 0, Errors: 0, Skipped: 0, Time elapsed: 0 s - in org.symphonyoss.symphony.messageml.elements.TableHeaderDiffblueTest
17:09:59.930 [INFO]   [Validating]  out: [INFO] Running org.symphonyoss.symphony.messageml.elements.EntityDiffblueTest
17:09:59.931 [INFO]   [Validating]  out: [INFO] Tests run: 6, Failures: 0, Errors: 0, Skipped: 0, Time elapsed: 0 s - in org.symphonyoss.symphony.messageml.elements.EntityDiffblueTest
17:09:59.931 [INFO]   [Validating]  out: [INFO] Running org.symphonyoss.symphony.messageml.elements.FormDiffblueTest
17:09:59.937 [INFO]   [Validating]  out: [INFO] Tests run: 25, Failures: 0, Errors: 0, Skipped: 0, Time elapsed: 0.004 s - in org.symphonyoss.symphony.messageml.elements.FormDiffblueTest
17:09:59.937 [INFO]   [Validating]  out: [INFO] Running org.symphonyoss.symphony.messageml.elements.DateSelectorDiffblueTest
17:09:59.943 [INFO]   [Validating]  out: [INFO] Tests run: 14, Failures: 0, Errors: 0, Skipped: 0, Time elapsed: 0.005 s - in org.symphonyoss.symphony.messageml.elements.DateSelectorDiffblueTest
17:09:59.943 [INFO]   [Validating]  out: [INFO] Running org.symphonyoss.symphony.messageml.elements.RoomSelectorDiffblueTest
17:09:59.949 [INFO]   [Validating]  out: [INFO] Tests run: 15, Failures: 0, Errors: 0, Skipped: 0, Time elapsed: 0.005 s - in org.symphonyoss.symphony.messageml.elements.RoomSelectorDiffblueTest
17:09:59.949 [INFO]   [Validating]  out: [INFO] Running org.symphonyoss.symphony.messageml.elements.CardTest
17:09:59.957 [INFO]   [Validating]  out: [INFO] Tests run: 22, Failures: 0, Errors: 0, Skipped: 0, Time elapsed: 0.007 s - in org.symphonyoss.symphony.messageml.elements.CardTest
17:09:59.957 [INFO]   [Validating]  out: [INFO] Running org.symphonyoss.symphony.messageml.elements.MentionDiffblueTest
17:09:59.957 [INFO]   [Validating]  out: 17:09:59.957 [main] WARN org.symphonyoss.symphony.messageml.bi.BiContext - Attribute count for element mentions does not contain an integer value. The count will not be increased.
17:09:59.959 [INFO]   [Validating]  out: 17:09:59.959 [main] WARN org.symphonyoss.symphony.messageml.bi.BiContext - Attribute count for element mentions does not contain an integer value. The count will not be increased.
17:09:59.960 [INFO]   [Validating]  out: [INFO] Tests run: 26, Failures: 0, Errors: 0, Skipped: 0, Time elapsed: 0.002 s - in org.symphonyoss.symphony.messageml.elements.MentionDiffblueTest
17:09:59.960 [INFO]   [Validating]  out: [INFO] Running org.symphonyoss.symphony.messageml.elements.SuperscriptDiffblueTest
17:09:59.961 [INFO]   [Validating]  out: [INFO] Tests run: 2, Failures: 0, Errors: 0, Skipped: 0, Time elapsed: 0 s - in org.symphonyoss.symphony.messageml.elements.SuperscriptDiffblueTest
17:09:59.961 [INFO]   [Validating]  out: [INFO] Running org.symphonyoss.symphony.messageml.elements.OptionDiffblueTest
17:09:59.961 [INFO]   [Validating]  out: [INFO] Tests run: 4, Failures: 0, Errors: 0, Skipped: 0, Time elapsed: 0 s - in org.symphonyoss.symphony.messageml.elements.OptionDiffblueTest
17:09:59.962 [INFO]   [Validating]  out: [INFO] Running org.symphonyoss.symphony.messageml.elements.ExpandableCardBodyDiffblueTest
17:09:59.964 [INFO]   [Validating]  out: [INFO] Tests run: 19, Failures: 0, Errors: 0, Skipped: 0, Time elapsed: 0.002 s - in org.symphonyoss.symphony.messageml.elements.ExpandableCardBodyDiffblueTest
17:09:59.964 [INFO]   [Validating]  out: [INFO] Running org.symphonyoss.symphony.messageml.elements.DialogDiffblueTest
17:09:59.964 [INFO]   [Validating]  out: 17:09:59.964 [main] WARN org.symphonyoss.symphony.messageml.bi.BiContext - Attribute count for element popups does not contain an integer value. The count will not be increased.
17:09:59.965 [INFO]   [Validating]  out: 17:09:59.965 [main] WARN org.symphonyoss.symphony.messageml.bi.BiContext - Attribute count for element popups does not contain an integer value. The count will not be increased.
17:09:59.967 [INFO]   [Validating]  out: [INFO] Tests run: 37, Failures: 0, Errors: 0, Skipped: 0, Time elapsed: 0.002 s - in org.symphonyoss.symphony.messageml.elements.DialogDiffblueTest
17:09:59.967 [INFO]   [Validating]  out: [INFO] Running org.symphonyoss.symphony.messageml.elements.HorizontalRuleDiffblueTest
17:09:59.968 [INFO]   [Validating]  out: [INFO] Tests run: 8, Failures: 0, Errors: 0, Skipped: 0, Time elapsed: 0 s - in org.symphonyoss.symphony.messageml.elements.HorizontalRuleDiffblueTest
17:09:59.968 [INFO]   [Validating]  out: [INFO] Running org.symphonyoss.symphony.messageml.elements.BoldDiffblueTest
17:09:59.968 [INFO]   [Validating]  out: [INFO] Tests run: 5, Failures: 0, Errors: 0, Skipped: 0, Time elapsed: 0 s - in org.symphonyoss.symphony.messageml.elements.BoldDiffblueTest
17:09:59.968 [INFO]   [Validating]  out: [INFO] Running org.symphonyoss.symphony.messageml.elements.ExpandableCardTest
17:09:59.976 [INFO]   [Validating]  out: [INFO] Tests run: 22, Failures: 0, Errors: 0, Skipped: 0, Time elapsed: 0.006 s - in org.symphonyoss.symphony.messageml.elements.ExpandableCardTest
17:09:59.976 [INFO]   [Validating]  out: [INFO] Running org.symphonyoss.symphony.messageml.elements.BoldTest
17:09:59.981 [INFO]   [Validating]  out: [INFO] Tests run: 18, Failures: 0, Errors: 0, Skipped: 0, Time elapsed: 0.004 s - in org.symphonyoss.symphony.messageml.elements.BoldTest
17:09:59.981 [INFO]   [Validating]  out: [INFO] Running org.symphonyoss.symphony.messageml.elements.HeaderTest
17:09:59.989 [INFO]   [Validating]  out: [INFO] Tests run: 19, Failures: 0, Errors: 0, Skipped: 0, Time elapsed: 0.007 s - in org.symphonyoss.symphony.messageml.elements.HeaderTest
17:09:59.989 [INFO]   [Validating]  out: [INFO] Running org.symphonyoss.symphony.messageml.elements.TagDiffblueTest
17:09:59.996 [INFO]   [Validating]  out: 17:09:59.996 [main] WARN org.symphonyoss.symphony.messageml.bi.BiContext - Attribute count for element hashtags does not contain an integer value. The count will not be increased.
17:09:59.997 [INFO]   [Validating]  out: 17:09:59.997 [main] WARN org.symphonyoss.symphony.messageml.bi.BiContext - Attribute count for element hashtags does not contain an integer value. The count will not be increased.
17:09:59.999 [INFO]   [Validating]  out: [INFO] Tests run: 34, Failures: 0, Errors: 0, Skipped: 0, Time elapsed: 0.009 s - in org.symphonyoss.symphony.messageml.elements.TagDiffblueTest
17:09:59.999 [INFO]   [Validating]  out: [INFO] Running org.symphonyoss.symphony.messageml.elements.TableTest
17:10:00.007 [INFO]   [Validating]  out: [INFO] Tests run: 35, Failures: 0, Errors: 0, Skipped: 0, Time elapsed: 0.008 s - in org.symphonyoss.symphony.messageml.elements.TableTest
17:10:00.007 [INFO]   [Validating]  out: [INFO] Running org.symphonyoss.symphony.messageml.elements.TableRowDiffblueTest
17:10:00.007 [INFO]   [Validating]  out: 17:10:00.007 [main] WARN org.symphonyoss.symphony.messageml.bi.BiContext - Attribute count for element table_columns_max does not contain an integer value. The count will not be increased.
17:10:00.008 [INFO]   [Validating]  out: [INFO] Tests run: 11, Failures: 0, Errors: 0, Skipped: 0, Time elapsed: 0.001 s - in org.symphonyoss.symphony.messageml.elements.TableRowDiffblueTest
17:10:00.008 [INFO]   [Validating]  out: [INFO] Running org.symphonyoss.symphony.messageml.elements.DivDiffblueTest
17:10:00.008 [INFO]   [Validating]  out: 17:10:00.008 [main] WARN org.symphonyoss.symphony.messageml.bi.BiContext - Attribute count for element divs does not contain an integer value. The count will not be increased.
17:10:00.008 [INFO]   [Validating]  out: 17:10:00.008 [main] WARN org.symphonyoss.symphony.messageml.bi.BiContext - Attribute count for element divs does not contain an integer value. The count will not be increased.
17:10:00.009 [INFO]   [Validating]  out: [INFO] Tests run: 11, Failures: 0, Errors: 0, Skipped: 0, Time elapsed: 0 s - in org.symphonyoss.symphony.messageml.elements.DivDiffblueTest
17:10:00.009 [INFO]   [Validating]  out: [INFO] Running org.symphonyoss.symphony.messageml.elements.CheckboxDiffblueTest
17:10:00.011 [INFO]   [Validating]  out: [INFO] Tests run: 13, Failures: 0, Errors: 0, Skipped: 0, Time elapsed: 0.001 s - in org.symphonyoss.symphony.messageml.elements.CheckboxDiffblueTest
17:10:00.011 [INFO]   [Validating]  out: [INFO] Running org.symphonyoss.symphony.messageml.elements.CardHeaderDiffblueTest
17:10:00.013 [INFO]   [Validating]  out: [INFO] Tests run: 22, Failures: 0, Errors: 0, Skipped: 0, Time elapsed: 0.001 s - in org.symphonyoss.symphony.messageml.elements.CardHeaderDiffblueTest
17:10:00.013 [INFO]   [Validating]  out: [INFO] Running org.symphonyoss.symphony.messageml.elements.ElementTest
17:10:00.016 [INFO]   [Validating]  out: [INFO] Tests run: 13, Failures: 0, Errors: 0, Skipped: 0, Time elapsed: 0.002 s - in org.symphonyoss.symphony.messageml.elements.ElementTest
17:10:00.016 [INFO]   [Validating]  out: [INFO] Running org.symphonyoss.symphony.messageml.elements.OrderedListDiffblueTest
17:10:00.016 [INFO]   [Validating]  out: 17:10:00.016 [main] WARN org.symphonyoss.symphony.messageml.bi.BiContext - Attribute count for element lists does not contain an integer value. The count will not be increased.
17:10:00.016 [INFO]   [Validating]  out: 17:10:00.016 [main] WARN org.symphonyoss.symphony.messageml.bi.BiContext - Attribute count for element lists does not contain an integer value. The count will not be increased.
17:10:00.017 [INFO]   [Validating]  out: [INFO] Tests run: 10, Failures: 0, Errors: 0, Skipped: 0, Time elapsed: 0 s - in org.symphonyoss.symphony.messageml.elements.OrderedListDiffblueTest
17:10:00.017 [INFO]   [Validating]  out: [INFO] Running org.symphonyoss.symphony.messageml.elements.DatePickerDiffblueTest
17:10:00.020 [INFO]   [Validating]  out: [INFO] Tests run: 16, Failures: 0, Errors: 0, Skipped: 0, Time elapsed: 0.002 s - in org.symphonyoss.symphony.messageml.elements.DatePickerDiffblueTest
17:10:00.020 [INFO]   [Validating]  out: [INFO] Running org.symphonyoss.symphony.messageml.elements.ChimeDiffblueTest
17:10:00.020 [INFO]   [Validating]  out: 17:10:00.019 [main] WARN org.symphonyoss.symphony.messageml.bi.BiContext - Attribute count for element chimes does not contain an integer value. The count will not be increased.
17:10:00.020 [INFO]   [Validating]  out: 17:10:00.020 [main] WARN org.symphonyoss.symphony.messageml.bi.BiContext - Attribute count for element chimes does not contain an integer value. The count will not be increased.
17:10:00.021 [INFO]   [Validating]  out: [INFO] Tests run: 17, Failures: 0, Errors: 0, Skipped: 0, Time elapsed: 0 s - in org.symphonyoss.symphony.messageml.elements.ChimeDiffblueTest
17:10:00.021 [INFO]   [Validating]  out: [INFO] Running org.symphonyoss.symphony.messageml.elements.LinkTest
17:10:00.030 [INFO]   [Validating]  out: [INFO] Tests run: 23, Failures: 0, Errors: 0, Skipped: 0, Time elapsed: 0.009 s - in org.symphonyoss.symphony.messageml.elements.LinkTest
17:10:00.031 [INFO]   [Validating]  out: [INFO] Running org.symphonyoss.symphony.messageml.elements.LineBreakDiffblueTest
17:10:00.031 [INFO]   [Validating]  out: 17:10:00.030 [main] WARN org.symphonyoss.symphony.messageml.bi.BiContext - Attribute count for element linebreaks does not contain an integer value. The count will not be increased.
17:10:00.031 [INFO]   [Validating]  out: 17:10:00.031 [main] WARN org.symphonyoss.symphony.messageml.bi.BiContext - Attribute count for element linebreaks does not contain an integer value. The count will not be increased.
17:10:00.031 [INFO]   [Validating]  out: [INFO] Tests run: 14, Failures: 0, Errors: 0, Skipped: 0, Time elapsed: 0.001 s - in org.symphonyoss.symphony.messageml.elements.LineBreakDiffblueTest
17:10:00.032 [INFO]   [Validating]  out: [INFO] Running org.symphonyoss.symphony.messageml.elements.TagTest
17:10:00.045 [INFO]   [Validating]  out: [INFO] Tests run: 17, Failures: 0, Errors: 0, Skipped: 0, Time elapsed: 0.014 s - in org.symphonyoss.symphony.messageml.elements.TagTest
17:10:00.046 [INFO]   [Validating]  out: [INFO] Running org.symphonyoss.symphony.messageml.elements.StylesDiffblueTest
17:10:00.046 [INFO]   [Validating]  out: [INFO] Tests run: 4, Failures: 0, Errors: 0, Skipped: 0, Time elapsed: 0 s - in org.symphonyoss.symphony.messageml.elements.StylesDiffblueTest
17:10:00.046 [INFO]   [Validating]  out: [INFO] Running org.symphonyoss.symphony.messageml.elements.TextFieldDiffblueTest
17:10:00.050 [INFO]   [Validating]  out: [INFO] Tests run: 27, Failures: 0, Errors: 0, Skipped: 0, Time elapsed: 0.004 s - in org.symphonyoss.symphony.messageml.elements.TextFieldDiffblueTest
17:10:00.051 [INFO]   [Validating]  out: [INFO] Running org.symphonyoss.symphony.messageml.elements.ItalicDiffblueTest
17:10:00.051 [INFO]   [Validating]  out: [INFO] Tests run: 5, Failures: 0, Errors: 0, Skipped: 0, Time elapsed: 0 s - in org.symphonyoss.symphony.messageml.elements.ItalicDiffblueTest
17:10:00.051 [INFO]   [Validating]  out: [INFO] Running org.symphonyoss.symphony.messageml.elements.ExpandableCardDiffblueTest
17:10:00.052 [INFO]   [Validating]  out: [INFO] Tests run: 19, Failures: 0, Errors: 0, Skipped: 0, Time elapsed: 0.001 s - in org.symphonyoss.symphony.messageml.elements.ExpandableCardDiffblueTest
17:10:00.052 [INFO]   [Validating]  out: [INFO] Running org.symphonyoss.symphony.messageml.elements.HashtagTest
17:10:00.060 [INFO]   [Validating]  out: [INFO] Tests run: 25, Failures: 0, Errors: 0, Skipped: 0, Time elapsed: 0.007 s - in org.symphonyoss.symphony.messageml.elements.HashtagTest
17:10:00.060 [INFO]   [Validating]  out: [INFO] Running org.symphonyoss.symphony.messageml.elements.PersonSelectorDiffblueTest
17:10:00.063 [INFO]   [Validating]  out: [INFO] Tests run: 15, Failures: 0, Errors: 0, Skipped: 0, Time elapsed: 0.002 s - in org.symphonyoss.symphony.messageml.elements.PersonSelectorDiffblueTest
17:10:00.063 [INFO]   [Validating]  out: [INFO] Running org.symphonyoss.symphony.messageml.elements.TextNodeDiffblueTest
17:10:00.063 [INFO]   [Validating]  out: [INFO] Tests run: 11, Failures: 0, Errors: 0, Skipped: 0, Time elapsed: 0 s - in org.symphonyoss.symphony.messageml.elements.TextNodeDiffblueTest
17:10:00.063 [INFO]   [Validating]  out: [INFO] Running org.symphonyoss.symphony.messageml.elements.StylesTest
17:10:00.067 [INFO]   [Validating]  out: [INFO] Tests run: 17, Failures: 0, Errors: 0, Skipped: 0, Time elapsed: 0.003 s - in org.symphonyoss.symphony.messageml.elements.StylesTest
17:10:00.067 [INFO]   [Validating]  out: [INFO] Running org.symphonyoss.symphony.messageml.elements.ItalicTest
17:10:00.071 [INFO]   [Validating]  out: [INFO] Tests run: 17, Failures: 0, Errors: 0, Skipped: 0, Time elapsed: 0.003 s - in org.symphonyoss.symphony.messageml.elements.ItalicTest
17:10:00.071 [INFO]   [Validating]  out: [INFO] Running org.symphonyoss.symphony.messageml.elements.MentionTest
17:10:00.087 [INFO]   [Validating]  out: [INFO] Tests run: 35, Failures: 0, Errors: 0, Skipped: 0, Time elapsed: 0.015 s - in org.symphonyoss.symphony.messageml.elements.MentionTest
17:10:00.087 [INFO]   [Validating]  out: [INFO] Running org.symphonyoss.symphony.messageml.elements.DialogChildDiffblueTest
17:10:00.088 [INFO]   [Validating]  out: [INFO] Tests run: 20, Failures: 0, Errors: 0, Skipped: 0, Time elapsed: 0.001 s - in org.symphonyoss.symphony.messageml.elements.DialogChildDiffblueTest
17:10:00.089 [INFO]   [Validating]  out: [INFO] Running org.symphonyoss.symphony.messageml.elements.BulletListDiffblueTest
17:10:00.089 [INFO]   [Validating]  out: 17:10:00.088 [main] WARN org.symphonyoss.symphony.messageml.bi.BiContext - Attribute count for element lists does not contain an integer value. The count will not be increased.
17:10:00.089 [INFO]   [Validating]  out: 17:10:00.088 [main] WARN org.symphonyoss.symphony.messageml.bi.BiContext - Attribute count for element lists does not contain an integer value. The count will not be increased.
17:10:00.089 [INFO]   [Validating]  out: [INFO] Tests run: 10, Failures: 0, Errors: 0, Skipped: 0, Time elapsed: 0.001 s - in org.symphonyoss.symphony.messageml.elements.BulletListDiffblueTest
17:10:00.089 [INFO]   [Validating]  out: [INFO] Running org.symphonyoss.symphony.messageml.elements.DialogTest
17:10:00.099 [INFO]   [Validating]  out: [INFO] Tests run: 43, Failures: 0, Errors: 0, Skipped: 0, Time elapsed: 0.009 s - in org.symphonyoss.symphony.messageml.elements.DialogTest
17:10:00.099 [INFO]   [Validating]  out: [INFO] Running org.symphonyoss.symphony.messageml.elements.SpanTest
17:10:00.103 [INFO]   [Validating]  out: [INFO] Tests run: 17, Failures: 0, Errors: 0, Skipped: 0, Time elapsed: 0.003 s - in org.symphonyoss.symphony.messageml.elements.SpanTest
17:10:00.103 [INFO]   [Validating]  out: [INFO] Running org.symphonyoss.symphony.messageml.elements.ButtonDiffblueTest
17:10:00.106 [INFO]   [Validating]  out: [ERROR] Tests run: 25, Failures: 1, Errors: 0, Skipped: 0, Time elapsed: 0.002 s <<< FAILURE! - in org.symphonyoss.symphony.messageml.elements.ButtonDiffblueTest
17:10:00.106 [INFO]   [Validating]  out: [ERROR] testUpdateBiContext_thenButtonWithParentIsBoldAndFormatIsMessagemlLoggerLogger  Time elapsed: 0.001 s  <<< FAILURE!
17:10:00.106 [INFO]   [Validating]  out: java.lang.AssertionError: expected:<6> but was:<4>
17:10:00.106 [INFO]   [Validating]  out: 	at org.symphonyoss.symphony.messageml.elements.ButtonDiffblueTest.testUpdateBiContext_thenButtonWithParentIsBoldAndFormatIsMessagemlLoggerLogger(ButtonDiffblueTest.java:732)
17:10:00.106 [INFO]   [Validating]  out: 
17:10:00.106 [INFO]   [Validating]  out: [INFO] Running org.symphonyoss.symphony.messageml.elements.SubscriptDiffblueTest
17:10:00.107 [INFO]   [Validating]  out: [INFO] Tests run: 2, Failures: 0, Errors: 0, Skipped: 0, Time elapsed: 0 s - in org.symphonyoss.symphony.messageml.elements.SubscriptDiffblueTest
17:10:00.107 [INFO]   [Validating]  out: [INFO] Running org.symphonyoss.symphony.messageml.elements.GroupedElementDiffblueTest
17:10:00.109 [INFO]   [Validating]  out: [INFO] Tests run: 14, Failures: 0, Errors: 0, Skipped: 0, Time elapsed: 0.002 s - in org.symphonyoss.symphony.messageml.elements.GroupedElementDiffblueTest
17:10:00.109 [INFO]   [Validating]  out: [INFO] Running org.symphonyoss.symphony.messageml.elements.TextAreaDiffblueTest
17:10:00.112 [INFO]   [Validating]  out: [INFO] Tests run: 17, Failures: 0, Errors: 0, Skipped: 0, Time elapsed: 0.002 s - in org.symphonyoss.symphony.messageml.elements.TextAreaDiffblueTest
17:10:00.112 [INFO]   [Validating]  out: [INFO] Running org.symphonyoss.symphony.messageml.elements.ImageDiffblueTest
17:10:00.112 [INFO]   [Validating]  out: 17:10:00.111 [main] WARN org.symphonyoss.symphony.messageml.bi.BiContext - Attribute count for element images does not contain an integer value. The count will not be increased.
17:10:00.112 [INFO]   [Validating]  out: 17:10:00.111 [main] WARN org.symphonyoss.symphony.messageml.bi.BiContext - Attribute count for element images does not contain an integer value. The count will not be increased.
17:10:00.113 [INFO]   [Validating]  out: [INFO] Tests run: 12, Failures: 0, Errors: 0, Skipped: 0, Time elapsed: 0 s - in org.symphonyoss.symphony.messageml.elements.ImageDiffblueTest
17:10:00.113 [INFO]   [Validating]  out: [INFO] Running org.symphonyoss.symphony.messageml.elements.UIActionDiffblueTest
17:10:00.115 [INFO]   [Validating]  out: [INFO] Tests run: 20, Failures: 0, Errors: 0, Skipped: 0, Time elapsed: 0.001 s - in org.symphonyoss.symphony.messageml.elements.UIActionDiffblueTest
17:10:00.115 [INFO]   [Validating]  out: [INFO] Running org.symphonyoss.symphony.messageml.util.EmojiShortcodeToUnicodeDiffblueTest
17:10:00.115 [INFO]   [Validating]  out: [INFO] Tests run: 2, Failures: 0, Errors: 0, Skipped: 0, Time elapsed: 0 s - in org.symphonyoss.symphony.messageml.util.EmojiShortcodeToUnicodeDiffblueTest
17:10:00.116 [INFO]   [Validating]  out: [INFO] Running org.symphonyoss.symphony.messageml.util.IndentedPrintStreamTest
17:10:00.118 [INFO]   [Validating]  out: [INFO] Tests run: 53, Failures: 0, Errors: 0, Skipped: 0, Time elapsed: 0.002 s - in org.symphonyoss.symphony.messageml.util.IndentedPrintStreamTest
17:10:00.118 [INFO]   [Validating]  out: [INFO] Running org.symphonyoss.symphony.messageml.util.TagAttributesDiffblueTest
17:10:00.119 [INFO]   [Validating]  out: [INFO] Tests run: 1, Failures: 0, Errors: 0, Skipped: 0, Time elapsed: 0 s - in org.symphonyoss.symphony.messageml.util.TagAttributesDiffblueTest
17:10:00.119 [INFO]   [Validating]  out: [INFO] Running org.symphonyoss.symphony.messageml.util.IndentedPrintStreamDiffblueTest
17:10:00.134 [INFO]   [Validating]  out: [INFO] Tests run: 376, Failures: 0, Errors: 0, Skipped: 0, Time elapsed: 0.011 s - in org.symphonyoss.symphony.messageml.util.IndentedPrintStreamDiffblueTest
17:10:00.134 [INFO]   [Validating]  out: [INFO] Running org.symphonyoss.symphony.messageml.util.instrument.resolver.ProviderIdDiffblueTest
17:10:00.135 [INFO]   [Validating]  out: [INFO] Tests run: 2, Failures: 0, Errors: 0, Skipped: 0, Time elapsed: 0 s - in org.symphonyoss.symphony.messageml.util.instrument.resolver.ProviderIdDiffblueTest
17:10:00.135 [INFO]   [Validating]  out: [INFO] Running org.symphonyoss.symphony.messageml.util.instrument.resolver.MarketSectorDiffblueTest
17:10:00.136 [INFO]   [Validating]  out: [INFO] Tests run: 3, Failures: 0, Errors: 0, Skipped: 0, Time elapsed: 0 s - in org.symphonyoss.symphony.messageml.util.instrument.resolver.MarketSectorDiffblueTest
17:10:00.136 [INFO]   [Validating]  out: [INFO] Running org.symphonyoss.symphony.messageml.util.instrument.resolver.InstrumentDiffblueTest
17:10:00.137 [INFO]   [Validating]  out: [INFO] Tests run: 1, Failures: 0, Errors: 0, Skipped: 0, Time elapsed: 0 s - in org.symphonyoss.symphony.messageml.util.instrument.resolver.InstrumentDiffblueTest
17:10:00.137 [INFO]   [Validating]  out: [INFO] Running org.symphonyoss.symphony.messageml.util.instrument.resolver.InstrumentKindDiffblueTest
17:10:00.138 [INFO]   [Validating]  out: [INFO] Tests run: 3, Failures: 0, Errors: 0, Skipped: 0, Time elapsed: 0 s - in org.symphonyoss.symphony.messageml.util.instrument.resolver.InstrumentKindDiffblueTest
17:10:00.138 [INFO]   [Validating]  out: [INFO] Running org.symphonyoss.symphony.messageml.util.XmlPrintStreamDiffblueTest
17:10:00.140 [INFO]   [Validating]  out: [INFO] Tests run: 109, Failures: 0, Errors: 0, Skipped: 0, Time elapsed: 0 s - in org.symphonyoss.symphony.messageml.util.XmlPrintStreamDiffblueTest
17:10:00.140 [INFO]   [Validating]  out: [INFO] Running org.symphonyoss.symphony.messageml.util.XMLAttributeDiffblueTest
17:10:00.141 [INFO]   [Validating]  out: [INFO] Tests run: 3, Failures: 0, Errors: 0, Skipped: 0, Time elapsed: 0 s - in org.symphonyoss.symphony.messageml.util.XMLAttributeDiffblueTest
17:10:00.141 [INFO]   [Validating]  out: [INFO] Running org.symphonyoss.symphony.messageml.util.NoOpDataProviderDiffblueTest
17:10:00.142 [INFO]   [Validating]  out: [INFO] Tests run: 3, Failures: 0, Errors: 0, Skipped: 0, Time elapsed: 0 s - in org.symphonyoss.symphony.messageml.util.NoOpDataProviderDiffblueTest
17:10:00.142 [INFO]   [Validating]  out: [INFO] Running org.symphonyoss.symphony.messageml.util.AlignedBlockDiffblueTest
17:10:00.142 [INFO]   [Validating]  out: [INFO] Tests run: 23, Failures: 0, Errors: 0, Skipped: 0, Time elapsed: 0 s - in org.symphonyoss.symphony.messageml.util.AlignedBlockDiffblueTest
17:10:00.142 [INFO]   [Validating]  out: [INFO] Running org.symphonyoss.symphony.messageml.util.CountedOutputStreamTest
17:10:00.143 [INFO]   [Validating]  out: [INFO] Tests run: 5, Failures: 0, Errors: 0, Skipped: 0, Time elapsed: 0 s - in org.symphonyoss.symphony.messageml.util.CountedOutputStreamTest
17:10:00.143 [INFO]   [Validating]  out: [INFO] Running org.symphonyoss.symphony.messageml.util.pojo.TimeIntervalDiffblueTest
17:10:00.143 [INFO]   [Validating]  out: [INFO] Tests run: 13, Failures: 0, Errors: 0, Skipped: 0, Time elapsed: 0 s - in org.symphonyoss.symphony.messageml.util.pojo.TimeIntervalDiffblueTest
17:10:00.144 [INFO]   [Validating]  out: [INFO] Running org.symphonyoss.symphony.messageml.util.pojo.DateIntervalDiffblueTest
17:10:00.144 [INFO]   [Validating]  out: [INFO] Tests run: 16, Failures: 0, Errors: 0, Skipped: 0, Time elapsed: 0.001 s - in org.symphonyoss.symphony.messageml.util.pojo.DateIntervalDiffblueTest
17:10:00.144 [INFO]   [Validating]  out: [INFO] Running org.symphonyoss.symphony.messageml.util.NullDataProviderDiffblueTest
17:10:00.145 [INFO]   [Validating]  out: [INFO] Tests run: 3, Failures: 0, Errors: 0, Skipped: 0, Time elapsed: 0 s - in org.symphonyoss.symphony.messageml.util.NullDataProviderDiffblueTest
17:10:00.145 [INFO]   [Validating]  out: [INFO] Running org.symphonyoss.symphony.messageml.util.CountedOutputStreamDiffblueTest
17:10:00.151 [INFO]   [Validating]  out: [INFO] Tests run: 14, Failures: 0, Errors: 0, Skipped: 0, Time elapsed: 0.005 s - in org.symphonyoss.symphony.messageml.util.CountedOutputStreamDiffblueTest
17:10:00.151 [INFO]   [Validating]  out: [INFO] Running org.symphonyoss.symphony.messageml.markdown.nodes.EmojiNodeDiffblueTest
17:10:00.151 [INFO]   [Validating]  out: [INFO] Tests run: 4, Failures: 0, Errors: 0, Skipped: 0, Time elapsed: 0 s - in org.symphonyoss.symphony.messageml.markdown.nodes.EmojiNodeDiffblueTest
17:10:00.151 [INFO]   [Validating]  out: [INFO] Running org.symphonyoss.symphony.messageml.markdown.nodes.form.TextFieldNodeDiffblueTest
17:10:00.152 [INFO]   [Validating]  out: [INFO] Tests run: 2, Failures: 0, Errors: 0, Skipped: 0, Time elapsed: 0 s - in org.symphonyoss.symphony.messageml.markdown.nodes.form.TextFieldNodeDiffblueTest
17:10:00.152 [INFO]   [Validating]  out: [INFO] Running org.symphonyoss.symphony.messageml.markdown.nodes.form.TimezonePickerNodeDiffblueTest
17:10:00.152 [INFO]   [Validating]  out: [INFO] Tests run: 2, Failures: 0, Errors: 0, Skipped: 0, Time elapsed: 0 s - in org.symphonyoss.symphony.messageml.markdown.nodes.form.TimezonePickerNodeDiffblueTest
17:10:00.152 [INFO]   [Validating]  out: [INFO] Running org.symphonyoss.symphony.messageml.markdown.nodes.form.RoomSelectorNodeDiffblueTest
17:10:00.153 [INFO]   [Validating]  out: [INFO] Tests run: 2, Failures: 0, Errors: 0, Skipped: 0, Time elapsed: 0 s - in org.symphonyoss.symphony.messageml.markdown.nodes.form.RoomSelectorNodeDiffblueTest
17:10:00.153 [INFO]   [Validating]  out: [INFO] Running org.symphonyoss.symphony.messageml.markdown.nodes.form.FormNodeDiffblueTest
17:10:00.154 [INFO]   [Validating]  out: [INFO] Tests run: 1, Failures: 0, Errors: 0, Skipped: 0, Time elapsed: 0 s - in org.symphonyoss.symphony.messageml.markdown.nodes.form.FormNodeDiffblueTest
17:10:00.154 [INFO]   [Validating]  out: [INFO] Running org.symphonyoss.symphony.messageml.markdown.nodes.form.OptionNodeDiffblueTest
17:10:00.155 [INFO]   [Validating]  out: [INFO] Tests run: 1, Failures: 0, Errors: 0, Skipped: 0, Time elapsed: 0 s - in org.symphonyoss.symphony.messageml.markdown.nodes.form.OptionNodeDiffblueTest
17:10:00.155 [INFO]   [Validating]  out: [INFO] Running org.symphonyoss.symphony.messageml.markdown.nodes.form.FormElementNodeDiffblueTest
17:10:00.156 [INFO]   [Validating]  out: [INFO] Tests run: 4, Failures: 0, Errors: 0, Skipped: 0, Time elapsed: 0 s - in org.symphonyoss.symphony.messageml.markdown.nodes.form.FormElementNodeDiffblueTest
17:10:00.156 [INFO]   [Validating]  out: [INFO] Running org.symphonyoss.symphony.messageml.markdown.nodes.form.PlaceholderLabelTooltipNodeDiffblueTest
17:10:00.157 [INFO]   [Validating]  out: [INFO] Tests run: 2, Failures: 0, Errors: 0, Skipped: 0, Time elapsed: 0 s - in org.symphonyoss.symphony.messageml.markdown.nodes.form.PlaceholderLabelTooltipNodeDiffblueTest
17:10:00.157 [INFO]   [Validating]  out: [INFO] Running org.symphonyoss.symphony.messageml.markdown.nodes.form.DatePickerNodeDiffblueTest
17:10:00.157 [INFO]   [Validating]  out: [INFO] Tests run: 2, Failures: 0, Errors: 0, Skipped: 0, Time elapsed: 0 s - in org.symphonyoss.symphony.messageml.markdown.nodes.form.DatePickerNodeDiffblueTest
17:10:00.157 [INFO]   [Validating]  out: [INFO] Running org.symphonyoss.symphony.messageml.markdown.nodes.form.SelectNodeDiffblueTest
17:10:00.158 [INFO]   [Validating]  out: [INFO] Tests run: 4, Failures: 0, Errors: 0, Skipped: 0, Time elapsed: 0 s - in org.symphonyoss.symphony.messageml.markdown.nodes.form.SelectNodeDiffblueTest
17:10:00.158 [INFO]   [Validating]  out: [INFO] Running org.symphonyoss.symphony.messageml.markdown.nodes.form.PersonSelectorNodeDiffblueTest
17:10:00.159 [INFO]   [Validating]  out: [INFO] Tests run: 2, Failures: 0, Errors: 0, Skipped: 0, Time elapsed: 0 s - in org.symphonyoss.symphony.messageml.markdown.nodes.form.PersonSelectorNodeDiffblueTest
17:10:00.159 [INFO]   [Validating]  out: [INFO] Running org.symphonyoss.symphony.messageml.markdown.nodes.form.TextAreaNodeDiffblueTest
17:10:00.160 [INFO]   [Validating]  out: [INFO] Tests run: 2, Failures: 0, Errors: 0, Skipped: 0, Time elapsed: 0 s - in org.symphonyoss.symphony.messageml.markdown.nodes.form.TextAreaNodeDiffblueTest
17:10:00.160 [INFO]   [Validating]  out: [INFO] Running org.symphonyoss.symphony.messageml.markdown.nodes.form.TimePickerNodeDiffblueTest
17:10:00.160 [INFO]   [Validating]  out: [INFO] Tests run: 2, Failures: 0, Errors: 0, Skipped: 0, Time elapsed: 0 s - in org.symphonyoss.symphony.messageml.markdown.nodes.form.TimePickerNodeDiffblueTest
17:10:00.160 [INFO]   [Validating]  out: [INFO] Running org.symphonyoss.symphony.messageml.markdown.nodes.form.RadioNodeDiffblueTest
17:10:00.161 [INFO]   [Validating]  out: [INFO] Tests run: 5, Failures: 0, Errors: 0, Skipped: 0, Time elapsed: 0 s - in org.symphonyoss.symphony.messageml.markdown.nodes.form.RadioNodeDiffblueTest
17:10:00.161 [INFO]   [Validating]  out: [INFO] Running org.symphonyoss.symphony.messageml.markdown.nodes.form.CheckboxNodeDiffblueTest
17:10:00.162 [INFO]   [Validating]  out: [INFO] Tests run: 5, Failures: 0, Errors: 0, Skipped: 0, Time elapsed: 0 s - in org.symphonyoss.symphony.messageml.markdown.nodes.form.CheckboxNodeDiffblueTest
17:10:00.162 [INFO]   [Validating]  out: [INFO] Running org.symphonyoss.symphony.messageml.markdown.nodes.form.ButtonNodeDiffblueTest
17:10:00.163 [INFO]   [Validating]  out: [INFO] Tests run: 1, Failures: 0, Errors: 0, Skipped: 0, Time elapsed: 0 s - in org.symphonyoss.symphony.messageml.markdown.nodes.form.ButtonNodeDiffblueTest
17:10:00.163 [INFO]   [Validating]  out: [INFO] Running org.symphonyoss.symphony.messageml.markdown.nodes.form.DialogNodeDiffblueTest
17:10:00.163 [INFO]   [Validating]  out: [INFO] Tests run: 2, Failures: 0, Errors: 0, Skipped: 0, Time elapsed: 0 s - in org.symphonyoss.symphony.messageml.markdown.nodes.form.DialogNodeDiffblueTest
17:10:00.163 [INFO]   [Validating]  out: [INFO] Running org.symphonyoss.symphony.messageml.markdown.nodes.form.DateSelectorNodeDiffblueTest
17:10:00.164 [INFO]   [Validating]  out: [INFO] Tests run: 3, Failures: 0, Errors: 0, Skipped: 0, Time elapsed: 0 s - in org.symphonyoss.symphony.messageml.markdown.nodes.form.DateSelectorNodeDiffblueTest
17:10:00.164 [INFO]   [Validating]  out: [INFO] Running org.symphonyoss.symphony.messageml.markdown.nodes.TableRowNodeDiffblueTest
17:10:00.165 [INFO]   [Validating]  out: [INFO] Tests run: 1, Failures: 0, Errors: 0, Skipped: 0, Time elapsed: 0 s - in org.symphonyoss.symphony.messageml.markdown.nodes.TableRowNodeDiffblueTest
17:10:00.165 [INFO]   [Validating]  out: [INFO] Running org.symphonyoss.symphony.messageml.markdown.nodes.TagNodeDiffblueTest
17:10:00.166 [INFO]   [Validating]  out: [INFO] Tests run: 1, Failures: 0, Errors: 0, Skipped: 0, Time elapsed: 0 s - in org.symphonyoss.symphony.messageml.markdown.nodes.TagNodeDiffblueTest
17:10:00.166 [INFO]   [Validating]  out: [INFO] Running org.symphonyoss.symphony.messageml.markdown.nodes.TableNodeDiffblueTest
17:10:00.167 [INFO]   [Validating]  out: [INFO] Tests run: 1, Failures: 0, Errors: 0, Skipped: 0, Time elapsed: 0 s - in org.symphonyoss.symphony.messageml.markdown.nodes.TableNodeDiffblueTest
17:10:00.167 [INFO]   [Validating]  out: [INFO] Running org.symphonyoss.symphony.messageml.markdown.nodes.PreformattedNodeDiffblueTest
17:10:00.168 [INFO]   [Validating]  out: [INFO] Tests run: 1, Failures: 0, Errors: 0, Skipped: 0, Time elapsed: 0 s - in org.symphonyoss.symphony.messageml.markdown.nodes.PreformattedNodeDiffblueTest
17:10:00.168 [INFO]   [Validating]  out: [INFO] Running org.symphonyoss.symphony.messageml.markdown.nodes.TableCellNodeDiffblueTest
17:10:00.168 [INFO]   [Validating]  out: [INFO] Tests run: 1, Failures: 0, Errors: 0, Skipped: 0, Time elapsed: 0 s - in org.symphonyoss.symphony.messageml.markdown.nodes.TableCellNodeDiffblueTest
17:10:00.169 [INFO]   [Validating]  out: [INFO] Running org.symphonyoss.symphony.messageml.markdown.nodes.KeywordNodeDiffblueTest
17:10:00.169 [INFO]   [Validating]  out: [INFO] Tests run: 1, Failures: 0, Errors: 0, Skipped: 0, Time elapsed: 0.001 s - in org.symphonyoss.symphony.messageml.markdown.nodes.KeywordNodeDiffblueTest
17:10:00.169 [INFO]   [Validating]  out: [INFO] Running org.symphonyoss.symphony.messageml.markdown.nodes.MentionNodeDiffblueTest
17:10:00.170 [INFO]   [Validating]  out: [INFO] Tests run: 5, Failures: 0, Errors: 0, Skipped: 0, Time elapsed: 0 s - in org.symphonyoss.symphony.messageml.markdown.nodes.MentionNodeDiffblueTest
17:10:00.170 [INFO]   [Validating]  out: [INFO] Running org.symphonyoss.symphony.messageml.markdown.EntityDelimiterProcessorDiffblueTest
17:10:00.171 [INFO]   [Validating]  out: [INFO] Tests run: 5, Failures: 0, Errors: 0, Skipped: 0, Time elapsed: 0 s - in org.symphonyoss.symphony.messageml.markdown.EntityDelimiterProcessorDiffblueTest
17:10:00.171 [INFO]   [Validating]  out: [INFO] Running org.symphonyoss.symphony.messageml.markdown.MarkdownParserDiffblueTest
17:10:00.178 [INFO]   [Validating]  out: [INFO] Tests run: 137, Failures: 0, Errors: 0, Skipped: 0, Time elapsed: 0.005 s - in org.symphonyoss.symphony.messageml.markdown.MarkdownParserDiffblueTest
17:10:00.178 [INFO]   [Validating]  out: [INFO] Running org.symphonyoss.symphony.messageml.markdown.MarkdownRendererDiffblueTest
17:10:00.199 [INFO]   [Validating]  out: [INFO] Tests run: 156, Failures: 0, Errors: 0, Skipped: 0, Time elapsed: 0.019 s - in org.symphonyoss.symphony.messageml.markdown.MarkdownRendererDiffblueTest
17:10:00.544 [INFO]   [Validating]  out: [INFO] 
17:10:00.545 [INFO]   [Validating]  out: [INFO] Results:
17:10:00.545 [INFO]   [Validating]  out: [INFO] 
17:10:00.545 [INFO]   [Validating]  out: [ERROR] Failures: 
17:10:00.545 [INFO]   [Validating]  out: [ERROR]   ButtonDiffblueTest.testUpdateBiContext_thenButtonWithParentIsBoldAndFormatIsMessagemlLoggerLogger:732 expected:<6> but was:<4>
17:10:00.545 [INFO]   [Validating]  out: [ERROR] Errors: 
17:10:00.545 [INFO]   [Validating]  out: [ERROR]   TestInvalidSchemas.testIdExtraAttributes »  Unexpected exception, expected<org...
17:10:00.545 [INFO]   [Validating]  out: [ERROR]   TestInvalidSchemas.testInvalidTypeVersion »  Unexpected exception, expected<or...
17:10:00.545 [INFO]   [Validating]  out: [ERROR]   TestInvalidSchemas.testMissingTypeId »  Unexpected exception, expected<org.sym...
17:10:00.545 [INFO]   [Validating]  out: [ERROR]   TestInvalidSchemas.testMissingTypeVersion »  Unexpected exception, expected<or...
17:10:00.545 [INFO]   [Validating]  out: [ERROR]   TestInvalidSchemas.testObjectIdObject »  Unexpected exception, expected<org.sy...
17:10:00.545 [INFO]   [Validating]  out: [ERROR]   TestInvalidSchemas.testObjectIdString »  Unexpected exception, expected<org.sy...
17:10:00.545 [INFO]   [Validating]  out: [ERROR]   TestValidSchemas.testBondRfq:78 » InvalidInstance java.net.UnknownHostExceptio...
17:10:00.545 [INFO]   [Validating]  out: [ERROR]   TestValidSchemas.testBondRfqObject:84 » InvalidInstance java.net.UnknownHostEx...
17:10:00.545 [INFO]   [Validating]  out: [ERROR]   TestValidSchemas.testBondRfqSchema:72 » InvalidInstance java.net.UnknownHostEx...
17:10:00.545 [INFO]   [Validating]  out: [ERROR]   TestValidSchemas.testEntityJson:58 » InvalidInstance java.net.UnknownHostExcep...
17:10:00.545 [INFO]   [Validating]  out: [ERROR]   TestValidSchemas.testEntityJsonSchema:52 » InvalidInstance java.net.UnknownHos...
17:10:00.545 [INFO]   [Validating]  out: [ERROR]   TestValidSchemas.testExpandedJira:102->test:107 » Runtime org.symphonyoss.symp...
17:10:00.545 [INFO]   [Validating]  out: [ERROR]   TestValidSchemas.testJsonSchema:46 » InvalidInstance java.net.UnknownHostExcep...
17:10:00.545 [INFO]   [Validating]  out: [ERROR]   TestValidSchemas.testSingleJira:96->test:107 » Runtime org.symphonyoss.symphon...
17:10:00.545 [INFO]   [Validating]  out: [ERROR]   TestValidSchemas.testStructuredObject:65 » InvalidInstance java.net.UnknownHos...
17:10:00.545 [INFO]   [Validating]  out: [INFO] 
17:10:00.545 [INFO]   [Validating]  out: [ERROR] Tests run: 3535, Failures: 1, Errors: 15, Skipped: 0
17:10:00.545 [INFO]   [Validating]  out: [INFO] 
17:10:00.603 [INFO]   [Validating]  deserializing line [DIFFBLUE]{"__type":"com.diffblue.cover.buildsystem.model.DefaultProjectModuleMessage","project":{"__type":"DefaultProjectModule","junitReport":["/home/jbergqvist/diffblue/finos-messageml-utils/target/surefire-reports"],"jacocoReport":["/home/jbergqvist/diffblue/finos-messageml-utils/target/site/jacoco/jacoco.xml"],"jacocoDestFile":["/home/jbergqvist/diffblue/finos-messageml-utils/target/jacoco.exec"],"jacocoFormats":["xml"],"jacocoSkipped":false,"classpath":["/home/jbergqvist/diffblue/finos-messageml-utils/target/classes","/home/jbergqvist/.m2/repository/org/projectlombok/lombok/1.18.42/lombok-1.18.42.jar","/home/jbergqvist/.m2/repository/com/github/java-json-tools/json-schema-validator/2.2.14/json-schema-validator-2.2.14.jar","/home/jbergqvist/.m2/repository/com/github/java-json-tools/jackson-coreutils-equivalence/1.0/jackson-coreutils-equivalence-1.0.jar","/home/jbergqvist/.m2/repository/com/github/java-json-tools/jackson-coreutils/2.0/jackson-coreutils-2.0.jar","/home/jbergqvist/.m2/repository/com/github/java-json-tools/msg-simple/1.2/msg-simple-1.2.jar","/home/jbergqvist/.m2/repository/com/github/java-json-tools/btf/1.3/btf-1.3.jar","/home/jbergqvist/.m2/repository/com/github/java-json-tools/json-schema-core/1.2.14/json-schema-core-1.2.14.jar","/home/jbergqvist/.m2/repository/com/github/java-json-tools/uri-template/0.10/uri-template-0.10.jar","/home/jbergqvist/.m2/repository/com/sun/mail/mailapi/1.6.2/mailapi-1.6.2.jar","/home/jbergqvist/.m2/repository/joda-time/joda-time/2.10.5/joda-time-2.10.5.jar","/home/jbergqvist/.m2/repository/com/googlecode/libphonenumber/libphonenumber/8.11.1/libphonenumber-8.11.1.jar","/home/jbergqvist/.m2/repository/com/google/code/findbugs/jsr305/3.0.2/jsr305-3.0.2.jar","/home/jbergqvist/.m2/repository/net/sf/jopt-simple/jopt-simple/5.0.4/jopt-simple-5.0.4.jar","/home/jbergqvist/.m2/repository/org/mozilla/rhino/1.7.13/rhino-1.7.13.jar","/home/jbergqvist/.m2/repository/com/google/guava/guava/32.1.2-jre/guava-32.1.2-jre.jar","/home/jbergqvist/.m2/repository/com/google/guava/failureaccess/1.0.1/failureaccess-1.0.1.jar","/home/jbergqvist/.m2/repository/com/google/guava/listenablefuture/9999.0-empty-to-avoid-conflict-with-guava/listenablefuture-9999.0-empty-to-avoid-conflict-with-guava.jar","/home/jbergqvist/.m2/repository/org/checkerframework/checker-qual/3.33.0/checker-qual-3.33.0.jar","/home/jbergqvist/.m2/repository/com/google/errorprone/error_prone_annotations/2.18.0/error_prone_annotations-2.18.0.jar","/home/jbergqvist/.m2/repository/com/google/j2objc/j2objc-annotations/2.8/j2objc-annotations-2.8.jar","/home/jbergqvist/.m2/repository/com/fasterxml/jackson/core/jackson-core/2.15.2/jackson-core-2.15.2.jar","/home/jbergqvist/.m2/repository/com/fasterxml/jackson/core/jackson-databind/2.15.2/jackson-databind-2.15.2.jar","/home/jbergqvist/.m2/repository/com/fasterxml/jackson/core/jackson-annotations/2.15.2/jackson-annotations-2.15.2.jar","/home/jbergqvist/.m2/repository/commons-io/commons-io/2.11.0/commons-io-2.11.0.jar","/home/jbergqvist/.m2/repository/org/apache/commons/commons-lang3/3.12.0/commons-lang3-3.12.0.jar","/home/jbergqvist/.m2/repository/org/freemarker/freemarker/2.3.31/freemarker-2.3.31.jar","/home/jbergqvist/.m2/repository/org/slf4j/slf4j-api/1.7.32/slf4j-api-1.7.32.jar","/home/jbergqvist/.m2/repository/com/diffblue/cover/cover-annotations/1.8.0/cover-annotations-1.8.0.jar","/home/jbergqvist/.m2/repository/com/atlassian/commonmark/commonmark/0.15.2/commonmark-0.15.2.jar","/home/jbergqvist/.m2/repository/org/junit/jupiter/junit-jupiter-api/5.8.2/junit-jupiter-api-5.8.2.jar","/home/jbergqvist/.m2/repository/org/opentest4j/opentest4j/1.2.0/opentest4j-1.2.0.jar","/home/jbergqvist/.m2/repository/org/junit/platform/junit-platform-commons/1.8.2/junit-platform-commons-1.8.2.jar","/home/jbergqvist/.m2/repository/org/apiguardian/apiguardian-api/1.1.2/apiguardian-api-1.1.2.jar","/home/jbergqvist/.m2/repository/org/junit/jupiter/junit-jupiter-params/5.8.2/junit-jupiter-params-5.8.2.jar","/home/jbergqvist/.m2/repository/org/junit/jupiter/junit-jupiter-engine/5.8.2/junit-jupiter-engine-5.8.2.jar","/home/jbergqvist/.m2/repository/org/junit/platform/junit-platform-engine/1.8.2/junit-platform-engine-1.8.2.jar","/home/jbergqvist/.m2/repository/org/junit/vintage/junit-vintage-engine/5.8.2/junit-vintage-engine-5.8.2.jar","/home/jbergqvist/.m2/repository/junit/junit/4.13.2/junit-4.13.2.jar","/home/jbergqvist/.m2/repository/org/hamcrest/hamcrest-core/1.3/hamcrest-core-1.3.jar","/home/jbergqvist/.m2/repository/org/mockito/mockito-core/4.0.0/mockito-core-4.0.0.jar","/home/jbergqvist/.m2/repository/net/bytebuddy/byte-buddy/1.11.19/byte-buddy-1.11.19.jar","/home/jbergqvist/.m2/repository/net/bytebuddy/byte-buddy-agent/1.11.19/byte-buddy-agent-1.11.19.jar","/home/jbergqvist/.m2/repository/org/objenesis/objenesis/3.2/objenesis-3.2.jar","/home/jbergqvist/.m2/repository/org/openjdk/jmh/jmh-core/1.33/jmh-core-1.33.jar","/home/jbergqvist/.m2/repository/org/apache/commons/commons-math3/3.2/commons-math3-3.2.jar","/home/jbergqvist/.m2/repository/org/openjdk/jmh/jmh-generator-annprocess/1.33/jmh-generator-annprocess-1.33.jar","/home/jbergqvist/.m2/repository/org/xmlunit/xmlunit-core/2.8.3/xmlunit-core-2.8.3.jar","/home/jbergqvist/.m2/repository/jakarta/xml/bind/jakarta.xml.bind-api/2.3.3/jakarta.xml.bind-api-2.3.3.jar","/home/jbergqvist/.m2/repository/jakarta/activation/jakarta.activation-api/1.2.2/jakarta.activation-api-1.2.2.jar","/home/jbergqvist/.m2/repository/ch/qos/logback/logback-classic/1.2.9/logback-classic-1.2.9.jar","/home/jbergqvist/.m2/repository/ch/qos/logback/logback-core/1.2.9/logback-core-1.2.9.jar"],"complianceLevel":"1.8","productionSources":["/home/jbergqvist/diffblue/finos-messageml-utils/src/main/java"],"testSources":["/home/jbergqvist/diffblue/finos-messageml-utils/src/test/java"],"productionClasses":"/home/jbergqvist/diffblue/finos-messageml-utils/target/classes","testClasses":"/home/jbergqvist/diffblue/finos-messageml-utils/target/test-classes","sourceToBuildPathMap":null,"testSourceToBuildPathMap":null,"buildDirectory":"/home/jbergqvist/diffblue/finos-messageml-utils/target","plugins":[{"__type":"DefaultPlugin","groupId":"org.apache.maven.plugins","artefactId":"maven-surefire-plugin","version":"2.22.2","pluginClassName":null},{"__type":"DefaultPlugin","groupId":"org.apache.maven.plugins","artefactId":"maven-clean-plugin","version":"2.5","pluginClassName":null},{"__type":"DefaultPlugin","groupId":"org.apache.maven.plugins","artefactId":"maven-resources-plugin","version":"2.6","pluginClassName":null},{"__type":"DefaultPlugin","groupId":"org.apache.maven.plugins","artefactId":"maven-jar-plugin","version":"3.2.2","pluginClassName":null},{"__type":"DefaultPlugin","groupId":"org.apache.maven.plugins","artefactId":"maven-compiler-plugin","version":"3.1","pluginClassName":null},{"__type":"DefaultPlugin","groupId":"org.apache.maven.plugins","artefactId":"maven-install-plugin","version":"2.4","pluginClassName":null},{"__type":"DefaultPlugin","groupId":"org.apache.maven.plugins","artefactId":"maven-deploy-plugin","version":"3.0.0-M1","pluginClassName":null},{"__type":"DefaultPlugin","groupId":"org.apache.maven.plugins","artefactId":"maven-site-plugin","version":"3.3","pluginClassName":null}],"version":"3.8.4","encoding":"UTF-8","name":"maven","subModules":[],"simpleModuleName":null,"parentModuleName":null,"location":"/home/jbergqvist/diffblue/finos-messageml-utils","fullModuleName":"org.symphonyoss.symphony:messageml"}}
17:10:00.606 [INFO]   [Validating]  out: [INFO] ------------------------------------------------------------------------
17:10:00.606 [INFO]   [Validating]  out: [INFO] BUILD FAILURE
17:10:00.606 [INFO]   [Validating]  out: [INFO] ------------------------------------------------------------------------
17:10:00.606 [INFO]   [Validating]  out: [INFO] Total time:  9.487 s
17:10:00.606 [INFO]   [Validating]  out: [INFO] Finished at: 2026-01-09T17:10:00Z
17:10:00.606 [INFO]   [Validating]  out: [INFO] ------------------------------------------------------------------------
17:10:00.606 [INFO]   [Validating]  deserializing line [DIFFBLUE]{"__type":"com.diffblue.cover.buildsystem.model.ProjectInfoMessage","projectName":"org.symphonyoss.symphony:messageml","productionSources":["/home/jbergqvist/diffblue/finos-messageml-utils/src/main/java"],"testSources":["/home/jbergqvist/diffblue/finos-messageml-utils/src/test/java"],"location":"/home/jbergqvist/diffblue/finos-messageml-utils"}
17:10:00.607 [INFO]   [Validating]  out: [ERROR] Failed to execute goal org.apache.maven.plugins:maven-surefire-plugin:2.22.2:test (default-test) on project messageml: There are test failures.
17:10:00.607 [INFO]   [Validating]  out: [ERROR] 
17:10:00.607 [INFO]   [Validating]  out: [ERROR] Please refer to /home/jbergqvist/diffblue/finos-messageml-utils/target/surefire-reports for the individual test results.
17:10:00.607 [INFO]   [Validating]  out: [ERROR] Please refer to dump files (if any exist) [date].dump, [date]-jvmRun[N].dump and [date].dumpstream.
17:10:00.607 [INFO]   [Validating]  out: [ERROR] -> [Help 1]
17:10:00.607 [INFO]   [Validating]  out: [ERROR] 
17:10:00.607 [INFO]   [Validating]  out: [ERROR] To see the full stack trace of the errors, re-run Maven with the -e switch.
17:10:00.607 [INFO]   [Validating]  out: [ERROR] Re-run Maven using the -X switch to enable full debug logging.
17:10:00.607 [INFO]   [Validating]  out: [ERROR] 
17:10:00.607 [INFO]   [Validating]  out: [ERROR] For more information about the errors and possible solutions, please read the following articles:
17:10:00.607 [INFO]   [Validating]  out: [ERROR] [Help 1] http://cwiki.apache.org/confluence/display/MAVEN/MojoFailureException
17:10:00.664 [INFO]   [Validating]  maven:err process not stopped, joining thread
17:10:00.664 [INFO]   [Validating]  maven:out process not stopped, joining thread
17:10:01.644 [INFO]   [Validating]  Test execution failed, analyzing...
17:10:01.644 [INFO]   [Validating]  1 individual tests did not pass and were removed.
17:10:01.649 [INFO]   [Validating]    
17:10:01.649 [INFO]   [Validating]  Using default build rules as no custom rules found in any of [/home/jbergqvist/diffblue/finos-messageml-utils]
17:10:01.650 [INFO]   [Validating]  Attempting to invoke /home/jbergqvist/diffblue/finos-messageml-utils/mvnw in working directory: /home/jbergqvist/diffblue/finos-messageml-utils
17:10:01.650 [INFO]   [Validating]  Started "/home/jbergqvist/diffblue/finos-messageml-utils/mvnw -Dmaven.ext.class.path=/opt/cover/cover-buildsystem-maven-spy-jar-with-dependencies.jar -Dcom.diffblue.cover.skipTests=true -DskipTestOptimizer --batch-mode --projects=org.symphonyoss.symphony:messageml --global-settings=/home/jbergqvist/.sdkman/candidates/maven/current/conf/settings.xml clean test"
17:10:02.267 [INFO]   [Validating]  out: [INFO] Scanning for projects...
17:10:02.306 [INFO]   [Validating]  out: [INFO] 
17:10:02.306 [INFO]   [Validating]  out: [INFO] -----------------< org.symphonyoss.symphony:messageml >-----------------
17:10:02.306 [INFO]   [Validating]  out: [INFO] Building MessageML Utils 0.13.0
17:10:02.306 [INFO]   [Validating]  out: [INFO] --------------------------------[ jar ]---------------------------------
17:10:02.581 [INFO]   [Validating]  deserializing line [DIFFBLUE]{"__type":"com.diffblue.cover.buildsystem.model.DefaultEventMessage","project":"org.symphonyoss.symphony:messageml","goal":"clean","cause":null,"state":"STARTED"}
17:10:02.583 [INFO]   [Validating]  out: [INFO] 
17:10:02.583 [INFO]   [Validating]  out: [INFO] --- maven-clean-plugin:2.5:clean (default-clean) @ messageml ---
17:10:02.612 [INFO]   [Validating]  out: [INFO] Deleting /home/jbergqvist/diffblue/finos-messageml-utils/target
17:10:02.623 [INFO]   [Validating]  deserializing line [DIFFBLUE]{"__type":"com.diffblue.cover.buildsystem.model.DefaultEventMessage","project":"org.symphonyoss.symphony:messageml","goal":"clean","cause":null,"state":"SUCCESS"}
17:10:02.625 [INFO]   [Validating]  deserializing line [DIFFBLUE]{"__type":"com.diffblue.cover.buildsystem.model.DefaultEventMessage","project":"org.symphonyoss.symphony:messageml","goal":"resources","cause":null,"state":"STARTED"}
17:10:02.626 [INFO]   [Validating]  out: [INFO] 
17:10:02.626 [INFO]   [Validating]  out: [INFO] --- maven-resources-plugin:2.6:resources (default-resources) @ messageml ---
17:10:02.694 [INFO]   [Validating]  out: [INFO] Using 'UTF-8' encoding to copy filtered resources.
17:10:02.695 [INFO]   [Validating]  out: [INFO] Copying 1 resource
17:10:02.699 [INFO]   [Validating]  deserializing line [DIFFBLUE]{"__type":"com.diffblue.cover.buildsystem.model.DefaultEventMessage","project":"org.symphonyoss.symphony:messageml","goal":"resources","cause":null,"state":"SUCCESS"}
17:10:02.701 [INFO]   [Validating]  deserializing line [DIFFBLUE]{"__type":"com.diffblue.cover.buildsystem.model.DefaultEventMessage","project":"org.symphonyoss.symphony:messageml","goal":"compile","cause":null,"state":"STARTED"}
17:10:02.702 [INFO]   [Validating]  out: [INFO] 
17:10:02.702 [INFO]   [Validating]  out: [INFO] --- maven-compiler-plugin:3.1:compile (default-compile) @ messageml ---
17:10:02.808 [INFO]   [Validating]  out: [INFO] Changes detected - recompiling the module!
17:10:02.811 [INFO]   [Validating]  out: [INFO] Compiling 143 source files to /home/jbergqvist/diffblue/finos-messageml-utils/target/classes
17:10:05.078 [INFO]   [Validating]  deserializing line [DIFFBLUE]{"__type":"com.diffblue.cover.buildsystem.model.DefaultEventMessage","project":"org.symphonyoss.symphony:messageml","goal":"compile","cause":null,"state":"SUCCESS"}
17:10:05.080 [INFO]   [Validating]  deserializing line [DIFFBLUE]{"__type":"com.diffblue.cover.buildsystem.model.DefaultEventMessage","project":"org.symphonyoss.symphony:messageml","goal":"testResources","cause":null,"state":"STARTED"}
17:10:05.081 [INFO]   [Validating]  out: [INFO] 
17:10:05.081 [INFO]   [Validating]  out: [INFO] --- maven-resources-plugin:2.6:testResources (default-testResources) @ messageml ---
17:10:05.081 [INFO]   [Validating]  out: [INFO] Using 'UTF-8' encoding to copy filtered resources.
17:10:05.083 [INFO]   [Validating]  out: [INFO] Copying 36 resources
17:10:05.087 [INFO]   [Validating]  deserializing line [DIFFBLUE]{"__type":"com.diffblue.cover.buildsystem.model.DefaultEventMessage","project":"org.symphonyoss.symphony:messageml","goal":"testResources","cause":null,"state":"SUCCESS"}
17:10:05.089 [INFO]   [Validating]  deserializing line [DIFFBLUE]{"__type":"com.diffblue.cover.buildsystem.model.DefaultEventMessage","project":"org.symphonyoss.symphony:messageml","goal":"testCompile","cause":null,"state":"STARTED"}
17:10:05.090 [INFO]   [Validating]  out: [INFO] 
17:10:05.091 [INFO]   [Validating]  out: [INFO] --- maven-compiler-plugin:3.1:testCompile (default-testCompile) @ messageml ---
17:10:05.098 [INFO]   [Validating]  out: [INFO] Changes detected - recompiling the module!
17:10:05.099 [INFO]   [Validating]  out: [INFO] Compiling 188 source files to /home/jbergqvist/diffblue/finos-messageml-utils/target/test-classes
17:10:08.484 [INFO]   [Validating]  out: [WARNING] /home/jbergqvist/diffblue/finos-messageml-utils/src/test/java/org/symphonyoss/symphony/messageml/elements/ElementTest.java: Some input files use or override a deprecated API.
17:10:08.484 [INFO]   [Validating]  out: [WARNING] /home/jbergqvist/diffblue/finos-messageml-utils/src/test/java/org/symphonyoss/symphony/messageml/elements/ElementTest.java: Recompile with -Xlint:deprecation for details.
17:10:08.484 [INFO]   [Validating]  out: [WARNING] /home/jbergqvist/diffblue/finos-messageml-utils/src/test/java/org/symphonyoss/symphony/messageml/MessageMLContextTest.java: /home/jbergqvist/diffblue/finos-messageml-utils/src/test/java/org/symphonyoss/symphony/messageml/MessageMLContextTest.java uses unchecked or unsafe operations.
17:10:08.484 [INFO]   [Validating]  out: [WARNING] /home/jbergqvist/diffblue/finos-messageml-utils/src/test/java/org/symphonyoss/symphony/messageml/MessageMLContextTest.java: Recompile with -Xlint:unchecked for details.
17:10:08.486 [INFO]   [Validating]  deserializing line [DIFFBLUE]{"__type":"com.diffblue.cover.buildsystem.model.DefaultEventMessage","project":"org.symphonyoss.symphony:messageml","goal":"testCompile","cause":null,"state":"SUCCESS"}
17:10:08.487 [INFO]   [Validating]  deserializing line [DIFFBLUE]{"__type":"com.diffblue.cover.buildsystem.model.DefaultEventMessage","project":"org.symphonyoss.symphony:messageml","goal":"test","cause":null,"state":"STARTED"}
17:10:08.488 [INFO]   [Validating]  out: [INFO] 
17:10:08.488 [INFO]   [Validating]  out: [INFO] --- maven-surefire-plugin:2.22.2:test (default-test) @ messageml ---
17:10:08.676 [INFO]   [Validating]  out: [INFO] 
17:10:08.676 [INFO]   [Validating]  out: [INFO] -------------------------------------------------------
17:10:08.676 [INFO]   [Validating]  out: [INFO]  T E S T S
17:10:08.676 [INFO]   [Validating]  out: [INFO] -------------------------------------------------------
17:10:09.490 [INFO]   [Validating]  out: [INFO] Running org.symphonyoss.symphony.messageml.elements.form.DatePickerTest
17:10:09.718 [INFO]   [Validating]  out: 17:10:09.716 [main] WARN org.symphonyoss.symphony.messageml.bi.BiContext - Failed to extract the messageML library version.
17:10:09.803 [INFO]   [Validating]  out: [INFO] Tests run: 2, Failures: 0, Errors: 0, Skipped: 0, Time elapsed: 0.307 s - in org.symphonyoss.symphony.messageml.elements.form.DatePickerTest
17:10:09.804 [INFO]   [Validating]  out: [INFO] Running org.symphonyoss.symphony.messageml.elements.form.TextAreaTest
17:10:09.806 [INFO]   [Validating]  out: [INFO] Tests run: 2, Failures: 0, Errors: 0, Skipped: 0, Time elapsed: 0 s - in org.symphonyoss.symphony.messageml.elements.form.TextAreaTest
17:10:09.806 [INFO]   [Validating]  out: [INFO] Running org.symphonyoss.symphony.messageml.elements.form.CheckboxTest
17:10:09.814 [INFO]   [Validating]  out: [INFO] Tests run: 2, Failures: 0, Errors: 0, Skipped: 0, Time elapsed: 0.007 s - in org.symphonyoss.symphony.messageml.elements.form.CheckboxTest
17:10:09.815 [INFO]   [Validating]  out: [INFO] Running org.symphonyoss.symphony.messageml.elements.form.TimezonePickerTest
17:10:09.826 [INFO]   [Validating]  out: [INFO] Tests run: 2, Failures: 0, Errors: 0, Skipped: 0, Time elapsed: 0.011 s - in org.symphonyoss.symphony.messageml.elements.form.TimezonePickerTest
17:10:09.827 [INFO]   [Validating]  out: [INFO] Running org.symphonyoss.symphony.messageml.elements.form.RadioTest
17:10:09.832 [INFO]   [Validating]  out: [INFO] Tests run: 2, Failures: 0, Errors: 0, Skipped: 0, Time elapsed: 0.005 s - in org.symphonyoss.symphony.messageml.elements.form.RadioTest
17:10:09.833 [INFO]   [Validating]  out: [INFO] Running org.symphonyoss.symphony.messageml.elements.form.TextFieldTest
17:10:09.840 [INFO]   [Validating]  out: [INFO] Tests run: 3, Failures: 0, Errors: 0, Skipped: 0, Time elapsed: 0.006 s - in org.symphonyoss.symphony.messageml.elements.form.TextFieldTest
17:10:09.840 [INFO]   [Validating]  out: [INFO] Running org.symphonyoss.symphony.messageml.elements.form.TimePickerTest
17:10:09.846 [INFO]   [Validating]  out: [INFO] Tests run: 2, Failures: 0, Errors: 0, Skipped: 0, Time elapsed: 0.005 s - in org.symphonyoss.symphony.messageml.elements.form.TimePickerTest
17:10:09.846 [INFO]   [Validating]  out: [INFO] Running org.symphonyoss.symphony.messageml.elements.CodeLanguageTest
17:10:09.917 [INFO]   [Validating]  out: [INFO] Tests run: 61, Failures: 0, Errors: 0, Skipped: 0, Time elapsed: 0.068 s - in org.symphonyoss.symphony.messageml.elements.CodeLanguageTest
17:10:09.918 [INFO]   [Validating]  out: [INFO] Running org.symphonyoss.symphony.messageml.markdown.MarkdownParserTest
17:10:09.921 [INFO]   [Validating]  out: [INFO] Tests run: 1, Failures: 0, Errors: 0, Skipped: 0, Time elapsed: 0.002 s - in org.symphonyoss.symphony.messageml.markdown.MarkdownParserTest
17:10:09.929 [INFO]   [Validating]  out: [INFO] Running org.symphonyoss.symphony.entityjson.EntityJsonParserDiffblueTest
17:10:10.093 [INFO]   [Validating]  out: [INFO] Tests run: 10, Failures: 0, Errors: 0, Skipped: 0, Time elapsed: 0.163 s - in org.symphonyoss.symphony.entityjson.EntityJsonParserDiffblueTest
17:10:10.094 [INFO]   [Validating]  out: [INFO] Running org.symphonyoss.symphony.entityjson.NoSchemaExceptionDiffblueTest
17:10:10.308 [INFO]   [Validating]  out: [INFO] Tests run: 5, Failures: 0, Errors: 0, Skipped: 0, Time elapsed: 0.213 s - in org.symphonyoss.symphony.entityjson.NoSchemaExceptionDiffblueTest
17:10:10.308 [INFO]   [Validating]  out: [INFO] Running org.symphonyoss.symphony.entityjson.EntityJsonParserBuilderDiffblueTest
17:10:10.309 [INFO]   [Validating]  out: [INFO] Tests run: 1, Failures: 0, Errors: 0, Skipped: 0, Time elapsed: 0 s - in org.symphonyoss.symphony.entityjson.EntityJsonParserBuilderDiffblueTest
17:10:10.309 [INFO]   [Validating]  out: [INFO] Running org.symphonyoss.symphony.entityjson.TestValidSchemas
17:10:10.421 [INFO]   [Validating]  out: [ERROR] Tests run: 9, Failures: 0, Errors: 9, Skipped: 0, Time elapsed: 0.111 s <<< FAILURE! - in org.symphonyoss.symphony.entityjson.TestValidSchemas
17:10:10.422 [INFO]   [Validating]  out: [ERROR] testStructuredObject  Time elapsed: 0.103 s  <<< ERROR!
17:10:10.422 [INFO]   [Validating]  out: org.symphonyoss.symphony.entityjson.InvalidInstanceException: java.net.UnknownHostException: schemas.oss.symphony.com
17:10:10.422 [INFO]   [Validating]  out: 	at org.symphonyoss.symphony.entityjson.TestValidSchemas.testStructuredObject(TestValidSchemas.java:65)
17:10:10.422 [INFO]   [Validating]  out: Caused by: java.net.UnknownHostException: schemas.oss.symphony.com
17:10:10.422 [INFO]   [Validating]  out: 	at org.symphonyoss.symphony.entityjson.TestValidSchemas.testStructuredObject(TestValidSchemas.java:65)
17:10:10.422 [INFO]   [Validating]  out: 
17:10:10.422 [INFO]   [Validating]  out: [ERROR] testBondRfq  Time elapsed: 0 s  <<< ERROR!
17:10:10.422 [INFO]   [Validating]  out: org.symphonyoss.symphony.entityjson.InvalidInstanceException: java.net.UnknownHostException: schemas.oss.symphony.com
17:10:10.422 [INFO]   [Validating]  out: 	at org.symphonyoss.symphony.entityjson.TestValidSchemas.testBondRfq(TestValidSchemas.java:78)
17:10:10.422 [INFO]   [Validating]  out: Caused by: java.net.UnknownHostException: schemas.oss.symphony.com
17:10:10.422 [INFO]   [Validating]  out: 	at org.symphonyoss.symphony.entityjson.TestValidSchemas.testBondRfq(TestValidSchemas.java:78)
17:10:10.422 [INFO]   [Validating]  out: 
17:10:10.422 [INFO]   [Validating]  out: [ERROR] testJsonSchema  Time elapsed: 0.001 s  <<< ERROR!
17:10:10.422 [INFO]   [Validating]  out: org.symphonyoss.symphony.entityjson.InvalidInstanceException: java.net.UnknownHostException: schemas.oss.symphony.com
17:10:10.422 [INFO]   [Validating]  out: 	at org.symphonyoss.symphony.entityjson.TestValidSchemas.testJsonSchema(TestValidSchemas.java:46)
17:10:10.422 [INFO]   [Validating]  out: Caused by: java.net.UnknownHostException: schemas.oss.symphony.com
17:10:10.422 [INFO]   [Validating]  out: 	at org.symphonyoss.symphony.entityjson.TestValidSchemas.testJsonSchema(TestValidSchemas.java:46)
17:10:10.422 [INFO]   [Validating]  out: 
17:10:10.422 [INFO]   [Validating]  out: [ERROR] testEntityJsonSchema  Time elapsed: 0 s  <<< ERROR!
17:10:10.422 [INFO]   [Validating]  out: org.symphonyoss.symphony.entityjson.InvalidInstanceException: java.net.UnknownHostException: schemas.oss.symphony.com
17:10:10.422 [INFO]   [Validating]  out: 	at org.symphonyoss.symphony.entityjson.TestValidSchemas.testEntityJsonSchema(TestValidSchemas.java:52)
17:10:10.422 [INFO]   [Validating]  out: Caused by: java.net.UnknownHostException: schemas.oss.symphony.com
17:10:10.422 [INFO]   [Validating]  out: 	at org.symphonyoss.symphony.entityjson.TestValidSchemas.testEntityJsonSchema(TestValidSchemas.java:52)
17:10:10.422 [INFO]   [Validating]  out: 
17:10:10.422 [INFO]   [Validating]  out: [ERROR] testSingleJira  Time elapsed: 0.002 s  <<< ERROR!
17:10:10.422 [INFO]   [Validating]  out: java.lang.RuntimeException: org.symphonyoss.symphony.entityjson.InvalidSchemaException: java.net.UnknownHostException: schemas.oss.symphony.com
17:10:10.422 [INFO]   [Validating]  out: 	at org.symphonyoss.symphony.entityjson.TestValidSchemas.test(TestValidSchemas.java:107)
17:10:10.422 [INFO]   [Validating]  out: 	at org.symphonyoss.symphony.entityjson.TestValidSchemas.testSingleJira(TestValidSchemas.java:96)
17:10:10.422 [INFO]   [Validating]  out: Caused by: org.symphonyoss.symphony.entityjson.InvalidSchemaException: java.net.UnknownHostException: schemas.oss.symphony.com
17:10:10.422 [INFO]   [Validating]  out: 	at org.symphonyoss.symphony.entityjson.TestValidSchemas.test(TestValidSchemas.java:107)
17:10:10.422 [INFO]   [Validating]  out: 	at org.symphonyoss.symphony.entityjson.TestValidSchemas.testSingleJira(TestValidSchemas.java:96)
17:10:10.422 [INFO]   [Validating]  out: Caused by: java.net.UnknownHostException: schemas.oss.symphony.com
17:10:10.422 [INFO]   [Validating]  out: 	at org.symphonyoss.symphony.entityjson.TestValidSchemas.test(TestValidSchemas.java:107)
17:10:10.422 [INFO]   [Validating]  out: 	at org.symphonyoss.symphony.entityjson.TestValidSchemas.testSingleJira(TestValidSchemas.java:96)
17:10:10.422 [INFO]   [Validating]  out: 
17:10:10.422 [INFO]   [Validating]  out: [ERROR] testExpandedJira  Time elapsed: 0.002 s  <<< ERROR!
17:10:10.422 [INFO]   [Validating]  out: java.lang.RuntimeException: org.symphonyoss.symphony.entityjson.InvalidSchemaException: java.net.UnknownHostException: schemas.oss.symphony.com
17:10:10.422 [INFO]   [Validating]  out: 	at org.symphonyoss.symphony.entityjson.TestValidSchemas.test(TestValidSchemas.java:107)
17:10:10.422 [INFO]   [Validating]  out: 	at org.symphonyoss.symphony.entityjson.TestValidSchemas.testExpandedJira(TestValidSchemas.java:102)
17:10:10.422 [INFO]   [Validating]  out: Caused by: org.symphonyoss.symphony.entityjson.InvalidSchemaException: java.net.UnknownHostException: schemas.oss.symphony.com
17:10:10.422 [INFO]   [Validating]  out: 	at org.symphonyoss.symphony.entityjson.TestValidSchemas.test(TestValidSchemas.java:107)
17:10:10.422 [INFO]   [Validating]  out: 	at org.symphonyoss.symphony.entityjson.TestValidSchemas.testExpandedJira(TestValidSchemas.java:102)
17:10:10.422 [INFO]   [Validating]  out: Caused by: java.net.UnknownHostException: schemas.oss.symphony.com
17:10:10.422 [INFO]   [Validating]  out: 	at org.symphonyoss.symphony.entityjson.TestValidSchemas.test(TestValidSchemas.java:107)
17:10:10.422 [INFO]   [Validating]  out: 	at org.symphonyoss.symphony.entityjson.TestValidSchemas.testExpandedJira(TestValidSchemas.java:102)
17:10:10.422 [INFO]   [Validating]  out: 
17:10:10.422 [INFO]   [Validating]  out: [ERROR] testBondRfqObject  Time elapsed: 0 s  <<< ERROR!
17:10:10.422 [INFO]   [Validating]  out: org.symphonyoss.symphony.entityjson.InvalidInstanceException: java.net.UnknownHostException: schemas.oss.symphony.com
17:10:10.422 [INFO]   [Validating]  out: 	at org.symphonyoss.symphony.entityjson.TestValidSchemas.testBondRfqObject(TestValidSchemas.java:84)
17:10:10.422 [INFO]   [Validating]  out: Caused by: java.net.UnknownHostException: schemas.oss.symphony.com
17:10:10.422 [INFO]   [Validating]  out: 	at org.symphonyoss.symphony.entityjson.TestValidSchemas.testBondRfqObject(TestValidSchemas.java:84)
17:10:10.422 [INFO]   [Validating]  out: 
17:10:10.422 [INFO]   [Validating]  out: [ERROR] testBondRfqSchema  Time elapsed: 0.001 s  <<< ERROR!
17:10:10.422 [INFO]   [Validating]  out: org.symphonyoss.symphony.entityjson.InvalidInstanceException: java.net.UnknownHostException: schemas.oss.symphony.com
17:10:10.422 [INFO]   [Validating]  out: 	at org.symphonyoss.symphony.entityjson.TestValidSchemas.testBondRfqSchema(TestValidSchemas.java:72)
17:10:10.422 [INFO]   [Validating]  out: Caused by: java.net.UnknownHostException: schemas.oss.symphony.com
17:10:10.422 [INFO]   [Validating]  out: 	at org.symphonyoss.symphony.entityjson.TestValidSchemas.testBondRfqSchema(TestValidSchemas.java:72)
17:10:10.422 [INFO]   [Validating]  out: 
17:10:10.422 [INFO]   [Validating]  out: [ERROR] testEntityJson  Time elapsed: 0.001 s  <<< ERROR!
17:10:10.422 [INFO]   [Validating]  out: org.symphonyoss.symphony.entityjson.InvalidInstanceException: java.net.UnknownHostException: schemas.oss.symphony.com
17:10:10.422 [INFO]   [Validating]  out: 	at org.symphonyoss.symphony.entityjson.TestValidSchemas.testEntityJson(TestValidSchemas.java:58)
17:10:10.422 [INFO]   [Validating]  out: Caused by: java.net.UnknownHostException: schemas.oss.symphony.com
17:10:10.422 [INFO]   [Validating]  out: 	at org.symphonyoss.symphony.entityjson.TestValidSchemas.testEntityJson(TestValidSchemas.java:58)
17:10:10.422 [INFO]   [Validating]  out: 
17:10:10.422 [INFO]   [Validating]  out: [INFO] Running org.symphonyoss.symphony.entityjson.StructuredObjectIdDiffblueTest
17:10:10.608 [INFO]   [Validating]  out: [INFO] Tests run: 2, Failures: 0, Errors: 0, Skipped: 0, Time elapsed: 0.185 s - in org.symphonyoss.symphony.entityjson.StructuredObjectIdDiffblueTest
17:10:10.608 [INFO]   [Validating]  out: [INFO] Running org.symphonyoss.symphony.entityjson.SchemaValidationExceptionDiffblueTest
17:10:10.608 [INFO]   [Validating]  out: [INFO] Tests run: 5, Failures: 0, Errors: 0, Skipped: 0, Time elapsed: 0 s - in org.symphonyoss.symphony.entityjson.SchemaValidationExceptionDiffblueTest
17:10:10.609 [INFO]   [Validating]  out: [INFO] Running org.symphonyoss.symphony.entityjson.UntrustedSchemaSourceExceptionDiffblueTest
17:10:10.609 [INFO]   [Validating]  out: [INFO] Tests run: 5, Failures: 0, Errors: 0, Skipped: 0, Time elapsed: 0 s - in org.symphonyoss.symphony.entityjson.UntrustedSchemaSourceExceptionDiffblueTest
17:10:10.609 [INFO]   [Validating]  out: [INFO] Running org.symphonyoss.symphony.entityjson.StructuredObjectDiffblueTest
17:10:10.617 [INFO]   [Validating]  out: [INFO] Tests run: 5, Failures: 0, Errors: 0, Skipped: 0, Time elapsed: 0.007 s - in org.symphonyoss.symphony.entityjson.StructuredObjectDiffblueTest
17:10:10.617 [INFO]   [Validating]  out: [INFO] Running org.symphonyoss.symphony.entityjson.TestInvalidSchemas
17:10:10.624 [INFO]   [Validating]  out: [ERROR] Tests run: 6, Failures: 0, Errors: 6, Skipped: 0, Time elapsed: 0.006 s <<< FAILURE! - in org.symphonyoss.symphony.entityjson.TestInvalidSchemas
17:10:10.625 [INFO]   [Validating]  out: [ERROR] testInvalidTypeVersion  Time elapsed: 0.001 s  <<< ERROR!
17:10:10.625 [INFO]   [Validating]  out: java.lang.Exception: Unexpected exception, expected<org.symphonyoss.symphony.entityjson.SchemaValidationException> but was<java.lang.RuntimeException>
17:10:10.625 [INFO]   [Validating]  out: 	at org.symphonyoss.symphony.entityjson.TestInvalidSchemas.testInvalidTypeVersion(TestInvalidSchemas.java:44)
17:10:10.625 [INFO]   [Validating]  out: Caused by: org.symphonyoss.symphony.entityjson.InvalidSchemaException: java.net.UnknownHostException: schemas.oss.symphony.com
17:10:10.625 [INFO]   [Validating]  out: 	at org.symphonyoss.symphony.entityjson.TestInvalidSchemas.testInvalidTypeVersion(TestInvalidSchemas.java:44)
17:10:10.625 [INFO]   [Validating]  out: Caused by: java.net.UnknownHostException: schemas.oss.symphony.com
17:10:10.625 [INFO]   [Validating]  out: 	at org.symphonyoss.symphony.entityjson.TestInvalidSchemas.testInvalidTypeVersion(TestInvalidSchemas.java:44)
17:10:10.625 [INFO]   [Validating]  out: 
17:10:10.625 [INFO]   [Validating]  out: [ERROR] testMissingTypeVersion  Time elapsed: 0.001 s  <<< ERROR!
17:10:10.625 [INFO]   [Validating]  out: java.lang.Exception: Unexpected exception, expected<org.symphonyoss.symphony.entityjson.SchemaValidationException> but was<java.lang.RuntimeException>
17:10:10.625 [INFO]   [Validating]  out: 	at org.symphonyoss.symphony.entityjson.TestInvalidSchemas.testMissingTypeVersion(TestInvalidSchemas.java:66)
17:10:10.625 [INFO]   [Validating]  out: Caused by: org.symphonyoss.symphony.entityjson.InvalidSchemaException: java.net.UnknownHostException: schemas.oss.symphony.com
17:10:10.625 [INFO]   [Validating]  out: 	at org.symphonyoss.symphony.entityjson.TestInvalidSchemas.testMissingTypeVersion(TestInvalidSchemas.java:66)
17:10:10.625 [INFO]   [Validating]  out: Caused by: java.net.UnknownHostException: schemas.oss.symphony.com
17:10:10.625 [INFO]   [Validating]  out: 	at org.symphonyoss.symphony.entityjson.TestInvalidSchemas.testMissingTypeVersion(TestInvalidSchemas.java:66)
17:10:10.625 [INFO]   [Validating]  out: 
17:10:10.625 [INFO]   [Validating]  out: [ERROR] testMissingTypeId  Time elapsed: 0.001 s  <<< ERROR!
17:10:10.625 [INFO]   [Validating]  out: java.lang.Exception: Unexpected exception, expected<org.symphonyoss.symphony.entityjson.SchemaValidationException> but was<java.lang.RuntimeException>
17:10:10.625 [INFO]   [Validating]  out: 	at org.symphonyoss.symphony.entityjson.TestInvalidSchemas.testMissingTypeId(TestInvalidSchemas.java:85)
17:10:10.625 [INFO]   [Validating]  out: Caused by: org.symphonyoss.symphony.entityjson.InvalidSchemaException: java.net.UnknownHostException: schemas.oss.symphony.com
17:10:10.625 [INFO]   [Validating]  out: 	at org.symphonyoss.symphony.entityjson.TestInvalidSchemas.testMissingTypeId(TestInvalidSchemas.java:85)
17:10:10.625 [INFO]   [Validating]  out: Caused by: java.net.UnknownHostException: schemas.oss.symphony.com
17:10:10.625 [INFO]   [Validating]  out: 	at org.symphonyoss.symphony.entityjson.TestInvalidSchemas.testMissingTypeId(TestInvalidSchemas.java:85)
17:10:10.625 [INFO]   [Validating]  out: 
17:10:10.625 [INFO]   [Validating]  out: [ERROR] testIdExtraAttributes  Time elapsed: 0.001 s  <<< ERROR!
17:10:10.625 [INFO]   [Validating]  out: java.lang.Exception: Unexpected exception, expected<org.symphonyoss.symphony.entityjson.SchemaValidationException> but was<java.lang.RuntimeException>
17:10:10.625 [INFO]   [Validating]  out: 	at org.symphonyoss.symphony.entityjson.TestInvalidSchemas.testIdExtraAttributes(TestInvalidSchemas.java:137)
17:10:10.625 [INFO]   [Validating]  out: Caused by: org.symphonyoss.symphony.entityjson.InvalidSchemaException: java.net.UnknownHostException: schemas.oss.symphony.com
17:10:10.625 [INFO]   [Validating]  out: 	at org.symphonyoss.symphony.entityjson.TestInvalidSchemas.testIdExtraAttributes(TestInvalidSchemas.java:137)
17:10:10.625 [INFO]   [Validating]  out: Caused by: java.net.UnknownHostException: schemas.oss.symphony.com
17:10:10.625 [INFO]   [Validating]  out: 	at org.symphonyoss.symphony.entityjson.TestInvalidSchemas.testIdExtraAttributes(TestInvalidSchemas.java:137)
17:10:10.625 [INFO]   [Validating]  out: 
17:10:10.625 [INFO]   [Validating]  out: [ERROR] testObjectIdObject  Time elapsed: 0.001 s  <<< ERROR!
17:10:10.625 [INFO]   [Validating]  out: java.lang.Exception: Unexpected exception, expected<org.symphonyoss.symphony.entityjson.SchemaValidationException> but was<java.lang.RuntimeException>
17:10:10.625 [INFO]   [Validating]  out: 	at org.symphonyoss.symphony.entityjson.TestInvalidSchemas.testObjectIdObject(TestInvalidSchemas.java:119)
17:10:10.625 [INFO]   [Validating]  out: Caused by: org.symphonyoss.symphony.entityjson.InvalidSchemaException: java.net.UnknownHostException: schemas.oss.symphony.com
17:10:10.625 [INFO]   [Validating]  out: 	at org.symphonyoss.symphony.entityjson.TestInvalidSchemas.testObjectIdObject(TestInvalidSchemas.java:119)
17:10:10.625 [INFO]   [Validating]  out: Caused by: java.net.UnknownHostException: schemas.oss.symphony.com
17:10:10.625 [INFO]   [Validating]  out: 	at org.symphonyoss.symphony.entityjson.TestInvalidSchemas.testObjectIdObject(TestInvalidSchemas.java:119)
17:10:10.625 [INFO]   [Validating]  out: 
17:10:10.625 [INFO]   [Validating]  out: [ERROR] testObjectIdString  Time elapsed: 0.001 s  <<< ERROR!
17:10:10.625 [INFO]   [Validating]  out: java.lang.Exception: Unexpected exception, expected<org.symphonyoss.symphony.entityjson.SchemaValidationException> but was<java.lang.RuntimeException>
17:10:10.625 [INFO]   [Validating]  out: 	at org.symphonyoss.symphony.entityjson.TestInvalidSchemas.testObjectIdString(TestInvalidSchemas.java:104)
17:10:10.625 [INFO]   [Validating]  out: Caused by: org.symphonyoss.symphony.entityjson.InvalidSchemaException: java.net.UnknownHostException: schemas.oss.symphony.com
17:10:10.625 [INFO]   [Validating]  out: 	at org.symphonyoss.symphony.entityjson.TestInvalidSchemas.testObjectIdString(TestInvalidSchemas.java:104)
17:10:10.625 [INFO]   [Validating]  out: Caused by: java.net.UnknownHostException: schemas.oss.symphony.com
17:10:10.625 [INFO]   [Validating]  out: 	at org.symphonyoss.symphony.entityjson.TestInvalidSchemas.testObjectIdString(TestInvalidSchemas.java:104)
17:10:10.625 [INFO]   [Validating]  out: 
17:10:10.625 [INFO]   [Validating]  out: [INFO] Running org.symphonyoss.symphony.entityjson.InvalidInstanceExceptionDiffblueTest
17:10:10.626 [INFO]   [Validating]  out: [INFO] Tests run: 5, Failures: 0, Errors: 0, Skipped: 0, Time elapsed: 0 s - in org.symphonyoss.symphony.entityjson.InvalidInstanceExceptionDiffblueTest
17:10:10.626 [INFO]   [Validating]  out: [INFO] Running org.symphonyoss.symphony.entityjson.EntityJsonDiffblueTest
17:10:10.628 [INFO]   [Validating]  out: [INFO] Tests run: 6, Failures: 0, Errors: 0, Skipped: 0, Time elapsed: 0 s - in org.symphonyoss.symphony.entityjson.EntityJsonDiffblueTest
17:10:10.628 [INFO]   [Validating]  out: [INFO] Running org.symphonyoss.symphony.entityjson.EntityJsonContextDiffblueTest
17:10:10.724 [INFO]   [Validating]  out: [INFO] Tests run: 3, Failures: 0, Errors: 0, Skipped: 0, Time elapsed: 0.095 s - in org.symphonyoss.symphony.entityjson.EntityJsonContextDiffblueTest
17:10:10.724 [INFO]   [Validating]  out: [INFO] Running org.symphonyoss.symphony.entityjson.InvalidSchemaExceptionDiffblueTest
17:10:10.725 [INFO]   [Validating]  out: [INFO] Tests run: 5, Failures: 0, Errors: 0, Skipped: 0, Time elapsed: 0 s - in org.symphonyoss.symphony.entityjson.InvalidSchemaExceptionDiffblueTest
17:10:10.725 [INFO]   [Validating]  out: [INFO] Running org.symphonyoss.symphony.messageml.bi.BiEventTypeDiffblueTest
17:10:10.726 [INFO]   [Validating]  out: [INFO] Tests run: 1, Failures: 0, Errors: 0, Skipped: 0, Time elapsed: 0 s - in org.symphonyoss.symphony.messageml.bi.BiEventTypeDiffblueTest
17:10:10.726 [INFO]   [Validating]  out: [INFO] Running org.symphonyoss.symphony.messageml.bi.BiContextTest
17:10:10.727 [INFO]   [Validating]  out: [INFO] Tests run: 6, Failures: 0, Errors: 0, Skipped: 0, Time elapsed: 0 s - in org.symphonyoss.symphony.messageml.bi.BiContextTest
17:10:10.727 [INFO]   [Validating]  out: [INFO] Running org.symphonyoss.symphony.messageml.bi.BiFieldsDiffblueTest
17:10:10.728 [INFO]   [Validating]  out: [INFO] Tests run: 1, Failures: 0, Errors: 0, Skipped: 0, Time elapsed: 0 s - in org.symphonyoss.symphony.messageml.bi.BiFieldsDiffblueTest
17:10:10.728 [INFO]   [Validating]  out: [INFO] Running org.symphonyoss.symphony.messageml.bi.BiContextDiffblueTest
17:10:10.728 [INFO]   [Validating]  out: 17:10:10.725 [main] WARN org.symphonyoss.symphony.messageml.bi.BiContext - Attribute count for element Item Name does not contain an integer value. The count will not be increased.
17:10:10.728 [INFO]   [Validating]  out: 17:10:10.728 [main] WARN org.symphonyoss.symphony.messageml.bi.BiContext - Attribute count for element Item Name does not contain an integer value. The count will not be increased.
17:10:10.728 [INFO]   [Validating]  out: 17:10:10.728 [main] WARN org.symphonyoss.symphony.messageml.bi.BiContext - Attribute count for element Item Name does not contain an integer value. The count will not be increased.
17:10:10.729 [INFO]   [Validating]  out: [INFO] Tests run: 32, Failures: 0, Errors: 0, Skipped: 0, Time elapsed: 0 s - in org.symphonyoss.symphony.messageml.bi.BiContextDiffblueTest
17:10:10.729 [INFO]   [Validating]  out: [INFO] Running org.symphonyoss.symphony.messageml.bi.BiItemDiffblueTest
17:10:10.730 [INFO]   [Validating]  out: [INFO] Tests run: 11, Failures: 0, Errors: 0, Skipped: 0, Time elapsed: 0 s - in org.symphonyoss.symphony.messageml.bi.BiItemDiffblueTest
17:10:10.730 [INFO]   [Validating]  out: [INFO] Running org.symphonyoss.symphony.messageml.bi.BiItemTest
17:10:10.730 [INFO]   [Validating]  out: 17:10:10.729 [main] WARN org.symphonyoss.symphony.messageml.bi.BiContext - Attribute attribute1 for element element1 does not contain an integer value. The count will not be increased.
17:10:10.730 [INFO]   [Validating]  out: 17:10:10.729 [main] WARN org.symphonyoss.symphony.messageml.bi.BiContext - Attribute attribute1 for element element1 does not contain an integer value. The count will not be increased.
17:10:10.732 [INFO]   [Validating]  out: [INFO] Tests run: 6, Failures: 0, Errors: 0, Skipped: 0, Time elapsed: 0 s - in org.symphonyoss.symphony.messageml.bi.BiItemTest
17:10:10.732 [INFO]   [Validating]  out: [INFO] Running org.symphonyoss.symphony.messageml.exceptions.InvalidInputExceptionDiffblueTest
17:10:10.733 [INFO]   [Validating]  out: [INFO] Tests run: 3, Failures: 0, Errors: 0, Skipped: 0, Time elapsed: 0 s - in org.symphonyoss.symphony.messageml.exceptions.InvalidInputExceptionDiffblueTest
17:10:10.733 [INFO]   [Validating]  out: [INFO] Running org.symphonyoss.symphony.messageml.exceptions.ProcessingExceptionDiffblueTest
17:10:10.734 [INFO]   [Validating]  out: [INFO] Tests run: 2, Failures: 0, Errors: 0, Skipped: 0, Time elapsed: 0 s - in org.symphonyoss.symphony.messageml.exceptions.ProcessingExceptionDiffblueTest
17:10:10.734 [INFO]   [Validating]  out: [INFO] Running org.symphonyoss.symphony.messageml.exceptions.MessageMLExceptionDiffblueTest
17:10:10.735 [INFO]   [Validating]  out: [INFO] Tests run: 2, Failures: 0, Errors: 0, Skipped: 0, Time elapsed: 0 s - in org.symphonyoss.symphony.messageml.exceptions.MessageMLExceptionDiffblueTest
17:10:10.735 [INFO]   [Validating]  out: [INFO] Running org.symphonyoss.symphony.messageml.MessageMLParserDiffblueTest
17:10:10.819 [INFO]   [Validating]  out: [INFO] Tests run: 78, Failures: 0, Errors: 0, Skipped: 0, Time elapsed: 0.082 s - in org.symphonyoss.symphony.messageml.MessageMLParserDiffblueTest
17:10:10.819 [INFO]   [Validating]  out: [INFO] Running org.symphonyoss.symphony.messageml.MessageMLContextTest
17:10:11.014 [INFO]   [Validating]  out: [INFO] Tests run: 59, Failures: 0, Errors: 0, Skipped: 0, Time elapsed: 0.194 s - in org.symphonyoss.symphony.messageml.MessageMLContextTest
17:10:11.014 [INFO]   [Validating]  out: [INFO] Running org.symphonyoss.symphony.messageml.MessageMLContextDiffblueTest
17:10:11.019 [INFO]   [Validating]  out: [INFO] Tests run: 17, Failures: 0, Errors: 0, Skipped: 0, Time elapsed: 0.004 s - in org.symphonyoss.symphony.messageml.MessageMLContextDiffblueTest
17:10:11.019 [INFO]   [Validating]  out: [INFO] Running org.symphonyoss.symphony.messageml.elements.DivTest
17:10:11.035 [INFO]   [Validating]  out: [INFO] Tests run: 19, Failures: 0, Errors: 0, Skipped: 0, Time elapsed: 0.015 s - in org.symphonyoss.symphony.messageml.elements.DivTest
17:10:11.035 [INFO]   [Validating]  out: [INFO] Running org.symphonyoss.symphony.messageml.elements.HorizontalRuleTest
17:10:11.041 [INFO]   [Validating]  out: [INFO] Tests run: 16, Failures: 0, Errors: 0, Skipped: 0, Time elapsed: 0.005 s - in org.symphonyoss.symphony.messageml.elements.HorizontalRuleTest
17:10:11.041 [INFO]   [Validating]  out: [INFO] Running org.symphonyoss.symphony.messageml.elements.form.ButtonTest
17:10:11.046 [INFO]   [Validating]  out: 17:10:11.046 [main] INFO org.symphonyoss.symphony.messageml.elements.Button - Button class cannot be a destructive one, replacing it accordingly.
17:10:11.046 [INFO]   [Validating]  out: 17:10:11.046 [main] INFO org.symphonyoss.symphony.messageml.elements.Button - Button class cannot be a destructive one, replacing it accordingly.
17:10:11.049 [INFO]   [Validating]  out: 17:10:11.049 [main] INFO org.symphonyoss.symphony.messageml.elements.Button - Button class cannot be a destructive one, replacing it accordingly.
17:10:11.049 [INFO]   [Validating]  out: 17:10:11.049 [main] INFO org.symphonyoss.symphony.messageml.elements.Button - Button class cannot be a destructive one, replacing it accordingly.
17:10:11.060 [INFO]   [Validating]  out: [INFO] Tests run: 37, Failures: 0, Errors: 0, Skipped: 0, Time elapsed: 0.018 s - in org.symphonyoss.symphony.messageml.elements.form.ButtonTest
17:10:11.060 [INFO]   [Validating]  out: [INFO] Running org.symphonyoss.symphony.messageml.elements.form.DatePickerTest
17:10:11.100 [INFO]   [Validating]  out: [INFO] Tests run: 31, Failures: 0, Errors: 0, Skipped: 0, Time elapsed: 0.039 s - in org.symphonyoss.symphony.messageml.elements.form.DatePickerTest
17:10:11.100 [INFO]   [Validating]  out: [INFO] Running org.symphonyoss.symphony.messageml.elements.form.TextAreaTest
17:10:11.122 [INFO]   [Validating]  out: [INFO] Tests run: 40, Failures: 0, Errors: 0, Skipped: 0, Time elapsed: 0.021 s - in org.symphonyoss.symphony.messageml.elements.form.TextAreaTest
17:10:11.122 [INFO]   [Validating]  out: [INFO] Running org.symphonyoss.symphony.messageml.elements.form.DateSelectorTest
17:10:11.134 [INFO]   [Validating]  out: [INFO] Tests run: 23, Failures: 0, Errors: 0, Skipped: 0, Time elapsed: 0.011 s - in org.symphonyoss.symphony.messageml.elements.form.DateSelectorTest
17:10:11.134 [INFO]   [Validating]  out: [INFO] Running org.symphonyoss.symphony.messageml.elements.form.CheckboxTest
17:10:11.155 [INFO]   [Validating]  out: [INFO] Tests run: 40, Failures: 0, Errors: 0, Skipped: 0, Time elapsed: 0.02 s - in org.symphonyoss.symphony.messageml.elements.form.CheckboxTest
17:10:11.155 [INFO]   [Validating]  out: [INFO] Running org.symphonyoss.symphony.messageml.elements.form.SelectOptionTest
17:10:11.175 [INFO]   [Validating]  out: [INFO] Tests run: 57, Failures: 0, Errors: 0, Skipped: 0, Time elapsed: 0.019 s - in org.symphonyoss.symphony.messageml.elements.form.SelectOptionTest
17:10:11.175 [INFO]   [Validating]  out: [INFO] Running org.symphonyoss.symphony.messageml.elements.form.FormTest
17:10:11.189 [INFO]   [Validating]  out: [INFO] Tests run: 24, Failures: 0, Errors: 0, Skipped: 0, Time elapsed: 0.013 s - in org.symphonyoss.symphony.messageml.elements.form.FormTest
17:10:11.189 [INFO]   [Validating]  out: [INFO] Running org.symphonyoss.symphony.messageml.elements.form.TimezonePickerTest
17:10:11.202 [INFO]   [Validating]  out: [INFO] Tests run: 23, Failures: 0, Errors: 0, Skipped: 0, Time elapsed: 0.011 s - in org.symphonyoss.symphony.messageml.elements.form.TimezonePickerTest
17:10:11.202 [INFO]   [Validating]  out: [INFO] Running org.symphonyoss.symphony.messageml.elements.form.PersonSelectorTest
17:10:11.214 [INFO]   [Validating]  out: [INFO] Tests run: 29, Failures: 0, Errors: 0, Skipped: 0, Time elapsed: 0.011 s - in org.symphonyoss.symphony.messageml.elements.form.PersonSelectorTest
17:10:11.214 [INFO]   [Validating]  out: [INFO] Running org.symphonyoss.symphony.messageml.elements.form.RadioTest
17:10:11.227 [INFO]   [Validating]  out: [INFO] Tests run: 38, Failures: 0, Errors: 0, Skipped: 0, Time elapsed: 0.012 s - in org.symphonyoss.symphony.messageml.elements.form.RadioTest
17:10:11.227 [INFO]   [Validating]  out: [INFO] Running org.symphonyoss.symphony.messageml.elements.form.TextFieldTest
17:10:11.240 [INFO]   [Validating]  out: [INFO] Tests run: 53, Failures: 0, Errors: 0, Skipped: 0, Time elapsed: 0.012 s - in org.symphonyoss.symphony.messageml.elements.form.TextFieldTest
17:10:11.240 [INFO]   [Validating]  out: [INFO] Running org.symphonyoss.symphony.messageml.elements.form.TimePickerTest
17:10:11.240 [INFO]   [Validating]  out: 17:10:11.239 [main] WARN org.symphonyoss.symphony.messageml.elements.Element - Attribute step for element TimePicker should be an integer value. The property will not be put in BI context.
17:10:11.247 [INFO]   [Validating]  out: 17:10:11.247 [main] WARN org.symphonyoss.symphony.messageml.elements.Element - Attribute step for element TimePicker should be an integer value. The property will not be put in BI context.
17:10:11.252 [INFO]   [Validating]  out: [INFO] Tests run: 35, Failures: 0, Errors: 0, Skipped: 0, Time elapsed: 0.011 s - in org.symphonyoss.symphony.messageml.elements.form.TimePickerTest
17:10:11.252 [INFO]   [Validating]  out: [INFO] Running org.symphonyoss.symphony.messageml.elements.form.RoomSelectorTest
17:10:11.260 [INFO]   [Validating]  out: [INFO] Tests run: 29, Failures: 0, Errors: 0, Skipped: 0, Time elapsed: 0.007 s - in org.symphonyoss.symphony.messageml.elements.form.RoomSelectorTest
17:10:11.260 [INFO]   [Validating]  out: [INFO] Running org.symphonyoss.symphony.messageml.elements.ListTest
17:10:11.267 [INFO]   [Validating]  out: [INFO] Tests run: 25, Failures: 0, Errors: 0, Skipped: 0, Time elapsed: 0.007 s - in org.symphonyoss.symphony.messageml.elements.ListTest
17:10:11.268 [INFO]   [Validating]  out: [INFO] Running org.symphonyoss.symphony.messageml.elements.SubscriptTest
17:10:11.272 [INFO]   [Validating]  out: [INFO] Tests run: 17, Failures: 0, Errors: 0, Skipped: 0, Time elapsed: 0.004 s - in org.symphonyoss.symphony.messageml.elements.SubscriptTest
17:10:11.272 [INFO]   [Validating]  out: [INFO] Running org.symphonyoss.symphony.messageml.elements.CodeDiffblueTest
17:10:11.273 [INFO]   [Validating]  out: 17:10:11.273 [main] WARN org.symphonyoss.symphony.messageml.bi.BiContext - Attribute count for element codes does not contain an integer value. The count will not be increased.
17:10:11.285 [INFO]   [Validating]  out: 17:10:11.285 [main] WARN org.symphonyoss.symphony.messageml.bi.BiContext - Attribute count for element codes does not contain an integer value. The count will not be increased.
17:10:11.288 [INFO]   [Validating]  out: [INFO] Tests run: 34, Failures: 0, Errors: 0, Skipped: 0, Time elapsed: 0.015 s - in org.symphonyoss.symphony.messageml.elements.CodeDiffblueTest
17:10:11.288 [INFO]   [Validating]  out: [INFO] Running org.symphonyoss.symphony.messageml.elements.HeaderDiffblueTest
17:10:11.288 [INFO]   [Validating]  out: 17:10:11.287 [main] WARN org.symphonyoss.symphony.messageml.bi.BiContext - Attribute count for element headers does not contain an integer value. The count will not be increased.
17:10:11.288 [INFO]   [Validating]  out: 17:10:11.288 [main] WARN org.symphonyoss.symphony.messageml.bi.BiContext - Attribute count for element headers does not contain an integer value. The count will not be increased.
17:10:11.289 [INFO]   [Validating]  out: [INFO] Tests run: 13, Failures: 0, Errors: 0, Skipped: 0, Time elapsed: 0 s - in org.symphonyoss.symphony.messageml.elements.HeaderDiffblueTest
17:10:11.289 [INFO]   [Validating]  out: [INFO] Running org.symphonyoss.symphony.messageml.elements.LabelableElementDiffblueTest
17:10:11.289 [INFO]   [Validating]  out: [INFO] Tests run: 6, Failures: 0, Errors: 0, Skipped: 0, Time elapsed: 0 s - in org.symphonyoss.symphony.messageml.elements.LabelableElementDiffblueTest
17:10:11.289 [INFO]   [Validating]  out: [INFO] Running org.symphonyoss.symphony.messageml.elements.TableDiffblueTest
17:10:11.289 [INFO]   [Validating]  out: 17:10:11.289 [main] WARN org.symphonyoss.symphony.messageml.bi.BiContext - Attribute count for element table_rows_max does not contain an integer value. The count will not be increased.
17:10:11.289 [INFO]   [Validating]  out: 17:10:11.289 [main] WARN org.symphonyoss.symphony.messageml.bi.BiContext - Attribute count for element tables does not contain an integer value. The count will not be increased.
17:10:11.289 [INFO]   [Validating]  out: 17:10:11.289 [main] WARN org.symphonyoss.symphony.messageml.bi.BiContext - Attribute count for element tables does not contain an integer value. The count will not be increased.
17:10:11.290 [INFO]   [Validating]  out: [INFO] Tests run: 13, Failures: 0, Errors: 0, Skipped: 0, Time elapsed: 0.001 s - in org.symphonyoss.symphony.messageml.elements.TableDiffblueTest
17:10:11.290 [INFO]   [Validating]  out: [INFO] Running org.symphonyoss.symphony.messageml.elements.SplittableElementDiffblueTest
17:10:11.291 [INFO]   [Validating]  out: [INFO] Tests run: 11, Failures: 0, Errors: 0, Skipped: 0, Time elapsed: 0.001 s - in org.symphonyoss.symphony.messageml.elements.SplittableElementDiffblueTest
17:10:11.291 [INFO]   [Validating]  out: [INFO] Running org.symphonyoss.symphony.messageml.elements.TooltipableElementDiffblueTest
17:10:11.292 [INFO]   [Validating]  out: [INFO] Tests run: 6, Failures: 0, Errors: 0, Skipped: 0, Time elapsed: 0 s - in org.symphonyoss.symphony.messageml.elements.TooltipableElementDiffblueTest
17:10:11.292 [INFO]   [Validating]  out: [INFO] Running org.symphonyoss.symphony.messageml.elements.PreformattedTest
17:10:11.296 [INFO]   [Validating]  out: [INFO] Tests run: 18, Failures: 0, Errors: 0, Skipped: 0, Time elapsed: 0.004 s - in org.symphonyoss.symphony.messageml.elements.PreformattedTest
17:10:11.297 [INFO]   [Validating]  out: [INFO] Running org.symphonyoss.symphony.messageml.elements.ParagraphTest
17:10:11.301 [INFO]   [Validating]  out: [INFO] Tests run: 16, Failures: 0, Errors: 0, Skipped: 0, Time elapsed: 0.003 s - in org.symphonyoss.symphony.messageml.elements.ParagraphTest
17:10:11.301 [INFO]   [Validating]  out: [INFO] Running org.symphonyoss.symphony.messageml.elements.ParagraphDiffblueTest
17:10:11.301 [INFO]   [Validating]  out: 17:10:11.300 [main] WARN org.symphonyoss.symphony.messageml.bi.BiContext - Attribute count for element paragraphs does not contain an integer value. The count will not be increased.
17:10:11.301 [INFO]   [Validating]  out: 17:10:11.301 [main] WARN org.symphonyoss.symphony.messageml.bi.BiContext - Attribute count for element paragraphs does not contain an integer value. The count will not be increased.
17:10:11.302 [INFO]   [Validating]  out: [INFO] Tests run: 10, Failures: 0, Errors: 0, Skipped: 0, Time elapsed: 0 s - in org.symphonyoss.symphony.messageml.elements.ParagraphDiffblueTest
17:10:11.302 [INFO]   [Validating]  out: [INFO] Running org.symphonyoss.symphony.messageml.elements.HashTagDiffblueTest
17:10:11.302 [INFO]   [Validating]  out: 17:10:11.302 [main] WARN org.symphonyoss.symphony.messageml.bi.BiContext - Attribute count for element hashtags does not contain an integer value. The count will not be increased.
17:10:11.303 [INFO]   [Validating]  out: 17:10:11.302 [main] WARN org.symphonyoss.symphony.messageml.bi.BiContext - Attribute count for element hashtags does not contain an integer value. The count will not be increased.
17:10:11.304 [INFO]   [Validating]  out: [INFO] Tests run: 20, Failures: 0, Errors: 0, Skipped: 0, Time elapsed: 0.001 s - in org.symphonyoss.symphony.messageml.elements.HashTagDiffblueTest
17:10:11.304 [INFO]   [Validating]  out: [INFO] Running org.symphonyoss.symphony.messageml.elements.TimePickerDiffblueTest
17:10:11.346 [INFO]   [Validating]  out: [INFO] Tests run: 17, Failures: 0, Errors: 0, Skipped: 0, Time elapsed: 0.041 s - in org.symphonyoss.symphony.messageml.elements.TimePickerDiffblueTest
17:10:11.346 [INFO]   [Validating]  out: [INFO] Running org.symphonyoss.symphony.messageml.elements.KeywordDiffblueTest
17:10:11.347 [INFO]   [Validating]  out: [INFO] Tests run: 15, Failures: 0, Errors: 0, Skipped: 0, Time elapsed: 0 s - in org.symphonyoss.symphony.messageml.elements.KeywordDiffblueTest
17:10:11.347 [INFO]   [Validating]  out: [INFO] Running org.symphonyoss.symphony.messageml.elements.RegexElementDiffblueTest
17:10:11.348 [INFO]   [Validating]  out: [INFO] Tests run: 3, Failures: 0, Errors: 0, Skipped: 0, Time elapsed: 0 s - in org.symphonyoss.symphony.messageml.elements.RegexElementDiffblueTest
17:10:11.348 [INFO]   [Validating]  out: [INFO] Running org.symphonyoss.symphony.messageml.elements.SpanDiffblueTest
17:10:11.348 [INFO]   [Validating]  out: 17:10:11.347 [main] WARN org.symphonyoss.symphony.messageml.bi.BiContext - Attribute count for element spans does not contain an integer value. The count will not be increased.
17:10:11.348 [INFO]   [Validating]  out: 17:10:11.347 [main] WARN org.symphonyoss.symphony.messageml.bi.BiContext - Attribute count for element spans does not contain an integer value. The count will not be increased.
17:10:11.348 [INFO]   [Validating]  out: [INFO] Tests run: 10, Failures: 0, Errors: 0, Skipped: 0, Time elapsed: 0 s - in org.symphonyoss.symphony.messageml.elements.SpanDiffblueTest
17:10:11.348 [INFO]   [Validating]  out: [INFO] Running org.symphonyoss.symphony.messageml.elements.CashTagDiffblueTest
17:10:11.348 [INFO]   [Validating]  out: 17:10:11.348 [main] WARN org.symphonyoss.symphony.messageml.bi.BiContext - Attribute count for element cashtags does not contain an integer value. The count will not be increased.
17:10:11.348 [INFO]   [Validating]  out: 17:10:11.348 [main] WARN org.symphonyoss.symphony.messageml.bi.BiContext - Attribute count for element cashtags does not contain an integer value. The count will not be increased.
17:10:11.349 [INFO]   [Validating]  out: [INFO] Tests run: 12, Failures: 0, Errors: 0, Skipped: 0, Time elapsed: 0 s - in org.symphonyoss.symphony.messageml.elements.CashTagDiffblueTest
17:10:11.349 [INFO]   [Validating]  out: [INFO] Running org.symphonyoss.symphony.messageml.elements.CashtagTest
17:10:11.357 [INFO]   [Validating]  out: [INFO] Tests run: 24, Failures: 0, Errors: 0, Skipped: 0, Time elapsed: 0.007 s - in org.symphonyoss.symphony.messageml.elements.CashtagTest
17:10:11.357 [INFO]   [Validating]  out: [INFO] Running org.symphonyoss.symphony.messageml.elements.ListItemTest
17:10:11.362 [INFO]   [Validating]  out: [INFO] Tests run: 14, Failures: 0, Errors: 0, Skipped: 0, Time elapsed: 0.004 s - in org.symphonyoss.symphony.messageml.elements.ListItemTest
17:10:11.362 [INFO]   [Validating]  out: [INFO] Running org.symphonyoss.symphony.messageml.elements.TableHeaderCellDiffblueTest
17:10:11.363 [INFO]   [Validating]  out: [INFO] Tests run: 3, Failures: 0, Errors: 0, Skipped: 0, Time elapsed: 0 s - in org.symphonyoss.symphony.messageml.elements.TableHeaderCellDiffblueTest
17:10:11.363 [INFO]   [Validating]  out: [INFO] Running org.symphonyoss.symphony.messageml.elements.MinMaxLengthElementDiffblueTest
17:10:11.364 [INFO]   [Validating]  out: [INFO] Tests run: 24, Failures: 0, Errors: 0, Skipped: 0, Time elapsed: 0 s - in org.symphonyoss.symphony.messageml.elements.MinMaxLengthElementDiffblueTest
17:10:11.364 [INFO]   [Validating]  out: [INFO] Running org.symphonyoss.symphony.messageml.elements.BulletListTest
17:10:11.369 [INFO]   [Validating]  out: [INFO] Tests run: 16, Failures: 0, Errors: 0, Skipped: 0, Time elapsed: 0.004 s - in org.symphonyoss.symphony.messageml.elements.BulletListTest
17:10:11.369 [INFO]   [Validating]  out: [INFO] Running org.symphonyoss.symphony.messageml.elements.ElementDiffblueTest
17:10:11.376 [INFO]   [Validating]  out: [INFO] Tests run: 66, Failures: 0, Errors: 0, Skipped: 0, Time elapsed: 0.005 s - in org.symphonyoss.symphony.messageml.elements.ElementDiffblueTest
17:10:11.376 [INFO]   [Validating]  out: [INFO] Running org.symphonyoss.symphony.messageml.elements.ListItemDiffblueTest
17:10:11.377 [INFO]   [Validating]  out: [INFO] Tests run: 4, Failures: 0, Errors: 0, Skipped: 0, Time elapsed: 0 s - in org.symphonyoss.symphony.messageml.elements.ListItemDiffblueTest
17:10:11.377 [INFO]   [Validating]  out: [INFO] Running org.symphonyoss.symphony.messageml.elements.LineBreakTest
17:10:11.381 [INFO]   [Validating]  out: [INFO] Tests run: 18, Failures: 0, Errors: 0, Skipped: 0, Time elapsed: 0.003 s - in org.symphonyoss.symphony.messageml.elements.LineBreakTest
17:10:11.382 [INFO]   [Validating]  out: [INFO] Running org.symphonyoss.symphony.messageml.elements.EmojiTest
17:10:11.388 [INFO]   [Validating]  out: [INFO] Tests run: 22, Failures: 0, Errors: 0, Skipped: 0, Time elapsed: 0.006 s - in org.symphonyoss.symphony.messageml.elements.EmojiTest
17:10:11.388 [INFO]   [Validating]  out: [INFO] Running org.symphonyoss.symphony.messageml.elements.SuperscriptTest
17:10:11.393 [INFO]   [Validating]  out: [INFO] Tests run: 17, Failures: 0, Errors: 0, Skipped: 0, Time elapsed: 0.004 s - in org.symphonyoss.symphony.messageml.elements.SuperscriptTest
17:10:11.393 [INFO]   [Validating]  out: [INFO] Running org.symphonyoss.symphony.messageml.elements.ExpandableCardHeaderDiffblueTest
17:10:11.396 [INFO]   [Validating]  out: [INFO] Tests run: 19, Failures: 0, Errors: 0, Skipped: 0, Time elapsed: 0.002 s - in org.symphonyoss.symphony.messageml.elements.ExpandableCardHeaderDiffblueTest
17:10:11.396 [INFO]   [Validating]  out: [INFO] Running org.symphonyoss.symphony.messageml.elements.ChimeTest
17:10:11.401 [INFO]   [Validating]  out: [INFO] Tests run: 21, Failures: 0, Errors: 0, Skipped: 0, Time elapsed: 0.004 s - in org.symphonyoss.symphony.messageml.elements.ChimeTest
17:10:11.401 [INFO]   [Validating]  out: [INFO] Running org.symphonyoss.symphony.messageml.elements.CardBodyDiffblueTest
17:10:11.404 [INFO]   [Validating]  out: [INFO] Tests run: 22, Failures: 0, Errors: 0, Skipped: 0, Time elapsed: 0.002 s - in org.symphonyoss.symphony.messageml.elements.CardBodyDiffblueTest
17:10:11.404 [INFO]   [Validating]  out: [INFO] Running org.symphonyoss.symphony.messageml.elements.OrderedListTest
17:10:11.408 [INFO]   [Validating]  out: [INFO] Tests run: 16, Failures: 0, Errors: 0, Skipped: 0, Time elapsed: 0.003 s - in org.symphonyoss.symphony.messageml.elements.OrderedListTest
17:10:11.409 [INFO]   [Validating]  out: [INFO] Running org.symphonyoss.symphony.messageml.elements.RadioDiffblueTest
17:10:11.411 [INFO]   [Validating]  out: [INFO] Tests run: 13, Failures: 0, Errors: 0, Skipped: 0, Time elapsed: 0.001 s - in org.symphonyoss.symphony.messageml.elements.RadioDiffblueTest
17:10:11.411 [INFO]   [Validating]  out: [INFO] Running org.symphonyoss.symphony.messageml.elements.ImageTest
17:10:11.416 [INFO]   [Validating]  out: [INFO] Tests run: 18, Failures: 0, Errors: 0, Skipped: 0, Time elapsed: 0.003 s - in org.symphonyoss.symphony.messageml.elements.ImageTest
17:10:11.416 [INFO]   [Validating]  out: [INFO] Running org.symphonyoss.symphony.messageml.elements.PreformattedDiffblueTest
17:10:11.416 [INFO]   [Validating]  out: 17:10:11.415 [main] WARN org.symphonyoss.symphony.messageml.bi.BiContext - Attribute count for element pres does not contain an integer value. The count will not be increased.
17:10:11.416 [INFO]   [Validating]  out: 17:10:11.416 [main] WARN org.symphonyoss.symphony.messageml.bi.BiContext - Attribute count for element pres does not contain an integer value. The count will not be increased.
17:10:11.418 [INFO]   [Validating]  out: [INFO] Tests run: 18, Failures: 0, Errors: 0, Skipped: 0, Time elapsed: 0.001 s - in org.symphonyoss.symphony.messageml.elements.PreformattedDiffblueTest
17:10:11.418 [INFO]   [Validating]  out: [INFO] Running org.symphonyoss.symphony.messageml.elements.SelectDiffblueTest
17:10:11.419 [INFO]   [Validating]  out: [INFO] Tests run: 9, Failures: 0, Errors: 0, Skipped: 0, Time elapsed: 0 s - in org.symphonyoss.symphony.messageml.elements.SelectDiffblueTest
17:10:11.419 [INFO]   [Validating]  out: [INFO] Running org.symphonyoss.symphony.messageml.elements.CardDiffblueTest
17:10:11.420 [INFO]   [Validating]  out: 17:10:11.419 [main] WARN org.symphonyoss.symphony.messageml.bi.BiContext - Attribute count for element cards does not contain an integer value. The count will not be increased.
17:10:11.420 [INFO]   [Validating]  out: 17:10:11.420 [main] WARN org.symphonyoss.symphony.messageml.bi.BiContext - Attribute count for element cards does not contain an integer value. The count will not be increased.
17:10:11.422 [INFO]   [Validating]  out: [INFO] Tests run: 26, Failures: 0, Errors: 0, Skipped: 0, Time elapsed: 0.002 s - in org.symphonyoss.symphony.messageml.elements.CardDiffblueTest
17:10:11.422 [INFO]   [Validating]  out: [INFO] Running org.symphonyoss.symphony.messageml.elements.LinkDiffblueTest
17:10:11.422 [INFO]   [Validating]  out: 17:10:11.422 [main] WARN org.symphonyoss.symphony.messageml.bi.BiContext - Attribute count for element links does not contain an integer value. The count will not be increased.
17:10:11.423 [INFO]   [Validating]  out: 17:10:11.423 [main] WARN org.symphonyoss.symphony.messageml.bi.BiContext - Attribute count for element links does not contain an integer value. The count will not be increased.
17:10:11.432 [INFO]   [Validating]  out: [INFO] Tests run: 32, Failures: 0, Errors: 0, Skipped: 0, Time elapsed: 0.008 s - in org.symphonyoss.symphony.messageml.elements.LinkDiffblueTest
17:10:11.432 [INFO]   [Validating]  out: [INFO] Running org.symphonyoss.symphony.messageml.elements.TableBodyDiffblueTest
17:10:11.433 [INFO]   [Validating]  out: [INFO] Tests run: 4, Failures: 0, Errors: 0, Skipped: 0, Time elapsed: 0 s - in org.symphonyoss.symphony.messageml.elements.TableBodyDiffblueTest
17:10:11.433 [INFO]   [Validating]  out: [INFO] Running org.symphonyoss.symphony.messageml.elements.FormElementDiffblueTest
17:10:11.434 [INFO]   [Validating]  out: [INFO] Tests run: 6, Failures: 0, Errors: 0, Skipped: 0, Time elapsed: 0 s - in org.symphonyoss.symphony.messageml.elements.FormElementDiffblueTest
17:10:11.434 [INFO]   [Validating]  out: [INFO] Running org.symphonyoss.symphony.messageml.elements.MessageMLDiffblueTest
17:10:11.466 [INFO]   [Validating]  out: [INFO] Tests run: 43, Failures: 0, Errors: 0, Skipped: 0, Time elapsed: 0.03 s - in org.symphonyoss.symphony.messageml.elements.MessageMLDiffblueTest
17:10:11.466 [INFO]   [Validating]  out: [INFO] Running org.symphonyoss.symphony.messageml.elements.TableCellDiffblueTest
17:10:11.467 [INFO]   [Validating]  out: [INFO] Tests run: 4, Failures: 0, Errors: 0, Skipped: 0, Time elapsed: 0 s - in org.symphonyoss.symphony.messageml.elements.TableCellDiffblueTest
17:10:11.467 [INFO]   [Validating]  out: [INFO] Running org.symphonyoss.symphony.messageml.elements.TableFooterDiffblueTest
17:10:11.467 [INFO]   [Validating]  out: 17:10:11.465 [main] WARN org.symphonyoss.symphony.messageml.bi.BiContext - Attribute count for element table_footers does not contain an integer value. The count will not be increased.
17:10:11.467 [INFO]   [Validating]  out: 17:10:11.466 [main] WARN org.symphonyoss.symphony.messageml.bi.BiContext - Attribute count for element table_footers does not contain an integer value. The count will not be increased.
17:10:11.468 [INFO]   [Validating]  out: [INFO] Tests run: 10, Failures: 0, Errors: 0, Skipped: 0, Time elapsed: 0 s - in org.symphonyoss.symphony.messageml.elements.TableFooterDiffblueTest
17:10:11.468 [INFO]   [Validating]  out: [INFO] Running org.symphonyoss.symphony.messageml.elements.EmojiDiffblueTest
17:10:11.468 [INFO]   [Validating]  out: 17:10:11.468 [main] WARN org.symphonyoss.symphony.messageml.bi.BiContext - Attribute count for element emojis does not contain an integer value. The count will not be increased.
17:10:11.469 [INFO]   [Validating]  out: 17:10:11.468 [main] WARN org.symphonyoss.symphony.messageml.bi.BiContext - Attribute count for element emojis does not contain an integer value. The count will not be increased.
17:10:11.472 [INFO]   [Validating]  out: [INFO] Tests run: 42, Failures: 0, Errors: 0, Skipped: 0, Time elapsed: 0.003 s - in org.symphonyoss.symphony.messageml.elements.EmojiDiffblueTest
17:10:11.472 [INFO]   [Validating]  out: [INFO] Running org.symphonyoss.symphony.messageml.elements.TimezonePickerDiffblueTest
17:10:11.476 [INFO]   [Validating]  out: [INFO] Tests run: 19, Failures: 0, Errors: 0, Skipped: 0, Time elapsed: 0.003 s - in org.symphonyoss.symphony.messageml.elements.TimezonePickerDiffblueTest
17:10:11.476 [INFO]   [Validating]  out: [INFO] Running org.symphonyoss.symphony.messageml.elements.CodeTest
17:10:11.476 [INFO]   [Validating]  out: <div data-format="PresentationML" data-version="2.0">This is code:<code>val message: String = &quot;Hello world&quot;
17:10:11.476 [INFO]   [Validating]  out: println message</code><br/>This is text</div>
17:10:11.487 [INFO]   [Validating]  out: [INFO] Tests run: 33, Failures: 0, Errors: 0, Skipped: 0, Time elapsed: 0.01 s - in org.symphonyoss.symphony.messageml.elements.CodeTest
17:10:11.487 [INFO]   [Validating]  out: [INFO] Running org.symphonyoss.symphony.messageml.elements.UIActionTest
17:10:11.499 [INFO]   [Validating]  out: [INFO] Tests run: 42, Failures: 0, Errors: 0, Skipped: 0, Time elapsed: 0.011 s - in org.symphonyoss.symphony.messageml.elements.UIActionTest
17:10:11.500 [INFO]   [Validating]  out: [INFO] Running org.symphonyoss.symphony.messageml.elements.TableHeaderDiffblueTest
17:10:11.500 [INFO]   [Validating]  out: 17:10:11.499 [main] WARN org.symphonyoss.symphony.messageml.bi.BiContext - Attribute count for element table_headers does not contain an integer value. The count will not be increased.
17:10:11.500 [INFO]   [Validating]  out: 17:10:11.499 [main] WARN org.symphonyoss.symphony.messageml.bi.BiContext - Attribute count for element table_headers does not contain an integer value. The count will not be increased.
17:10:11.500 [INFO]   [Validating]  out: [INFO] Tests run: 10, Failures: 0, Errors: 0, Skipped: 0, Time elapsed: 0.001 s - in org.symphonyoss.symphony.messageml.elements.TableHeaderDiffblueTest
17:10:11.500 [INFO]   [Validating]  out: [INFO] Running org.symphonyoss.symphony.messageml.elements.EntityDiffblueTest
17:10:11.501 [INFO]   [Validating]  out: [INFO] Tests run: 6, Failures: 0, Errors: 0, Skipped: 0, Time elapsed: 0.001 s - in org.symphonyoss.symphony.messageml.elements.EntityDiffblueTest
17:10:11.501 [INFO]   [Validating]  out: [INFO] Running org.symphonyoss.symphony.messageml.elements.FormDiffblueTest
17:10:11.506 [INFO]   [Validating]  out: [INFO] Tests run: 25, Failures: 0, Errors: 0, Skipped: 0, Time elapsed: 0.004 s - in org.symphonyoss.symphony.messageml.elements.FormDiffblueTest
17:10:11.506 [INFO]   [Validating]  out: [INFO] Running org.symphonyoss.symphony.messageml.elements.DateSelectorDiffblueTest
17:10:11.511 [INFO]   [Validating]  out: [INFO] Tests run: 14, Failures: 0, Errors: 0, Skipped: 0, Time elapsed: 0.004 s - in org.symphonyoss.symphony.messageml.elements.DateSelectorDiffblueTest
17:10:11.511 [INFO]   [Validating]  out: [INFO] Running org.symphonyoss.symphony.messageml.elements.RoomSelectorDiffblueTest
17:10:11.515 [INFO]   [Validating]  out: [INFO] Tests run: 15, Failures: 0, Errors: 0, Skipped: 0, Time elapsed: 0.003 s - in org.symphonyoss.symphony.messageml.elements.RoomSelectorDiffblueTest
17:10:11.515 [INFO]   [Validating]  out: [INFO] Running org.symphonyoss.symphony.messageml.elements.CardTest
17:10:11.522 [INFO]   [Validating]  out: [INFO] Tests run: 22, Failures: 0, Errors: 0, Skipped: 0, Time elapsed: 0.006 s - in org.symphonyoss.symphony.messageml.elements.CardTest
17:10:11.522 [INFO]   [Validating]  out: [INFO] Running org.symphonyoss.symphony.messageml.elements.MentionDiffblueTest
17:10:11.522 [INFO]   [Validating]  out: 17:10:11.522 [main] WARN org.symphonyoss.symphony.messageml.bi.BiContext - Attribute count for element mentions does not contain an integer value. The count will not be increased.
17:10:11.524 [INFO]   [Validating]  out: 17:10:11.524 [main] WARN org.symphonyoss.symphony.messageml.bi.BiContext - Attribute count for element mentions does not contain an integer value. The count will not be increased.
17:10:11.525 [INFO]   [Validating]  out: [INFO] Tests run: 26, Failures: 0, Errors: 0, Skipped: 0, Time elapsed: 0.002 s - in org.symphonyoss.symphony.messageml.elements.MentionDiffblueTest
17:10:11.525 [INFO]   [Validating]  out: [INFO] Running org.symphonyoss.symphony.messageml.elements.SuperscriptDiffblueTest
17:10:11.526 [INFO]   [Validating]  out: [INFO] Tests run: 2, Failures: 0, Errors: 0, Skipped: 0, Time elapsed: 0 s - in org.symphonyoss.symphony.messageml.elements.SuperscriptDiffblueTest
17:10:11.526 [INFO]   [Validating]  out: [INFO] Running org.symphonyoss.symphony.messageml.elements.OptionDiffblueTest
17:10:11.526 [INFO]   [Validating]  out: [INFO] Tests run: 4, Failures: 0, Errors: 0, Skipped: 0, Time elapsed: 0 s - in org.symphonyoss.symphony.messageml.elements.OptionDiffblueTest
17:10:11.526 [INFO]   [Validating]  out: [INFO] Running org.symphonyoss.symphony.messageml.elements.ExpandableCardBodyDiffblueTest
17:10:11.528 [INFO]   [Validating]  out: [INFO] Tests run: 19, Failures: 0, Errors: 0, Skipped: 0, Time elapsed: 0.001 s - in org.symphonyoss.symphony.messageml.elements.ExpandableCardBodyDiffblueTest
17:10:11.528 [INFO]   [Validating]  out: [INFO] Running org.symphonyoss.symphony.messageml.elements.DialogDiffblueTest
17:10:11.528 [INFO]   [Validating]  out: 17:10:11.528 [main] WARN org.symphonyoss.symphony.messageml.bi.BiContext - Attribute count for element popups does not contain an integer value. The count will not be increased.
17:10:11.529 [INFO]   [Validating]  out: 17:10:11.529 [main] WARN org.symphonyoss.symphony.messageml.bi.BiContext - Attribute count for element popups does not contain an integer value. The count will not be increased.
17:10:11.532 [INFO]   [Validating]  out: [INFO] Tests run: 37, Failures: 0, Errors: 0, Skipped: 0, Time elapsed: 0.002 s - in org.symphonyoss.symphony.messageml.elements.DialogDiffblueTest
17:10:11.532 [INFO]   [Validating]  out: [INFO] Running org.symphonyoss.symphony.messageml.elements.HorizontalRuleDiffblueTest
17:10:11.533 [INFO]   [Validating]  out: [INFO] Tests run: 8, Failures: 0, Errors: 0, Skipped: 0, Time elapsed: 0 s - in org.symphonyoss.symphony.messageml.elements.HorizontalRuleDiffblueTest
17:10:11.533 [INFO]   [Validating]  out: [INFO] Running org.symphonyoss.symphony.messageml.elements.BoldDiffblueTest
17:10:11.533 [INFO]   [Validating]  out: [INFO] Tests run: 5, Failures: 0, Errors: 0, Skipped: 0, Time elapsed: 0 s - in org.symphonyoss.symphony.messageml.elements.BoldDiffblueTest
17:10:11.533 [INFO]   [Validating]  out: [INFO] Running org.symphonyoss.symphony.messageml.elements.ExpandableCardTest
17:10:11.540 [INFO]   [Validating]  out: [INFO] Tests run: 22, Failures: 0, Errors: 0, Skipped: 0, Time elapsed: 0.006 s - in org.symphonyoss.symphony.messageml.elements.ExpandableCardTest
17:10:11.540 [INFO]   [Validating]  out: [INFO] Running org.symphonyoss.symphony.messageml.elements.BoldTest
17:10:11.545 [INFO]   [Validating]  out: [INFO] Tests run: 18, Failures: 0, Errors: 0, Skipped: 0, Time elapsed: 0.004 s - in org.symphonyoss.symphony.messageml.elements.BoldTest
17:10:11.545 [INFO]   [Validating]  out: [INFO] Running org.symphonyoss.symphony.messageml.elements.HeaderTest
17:10:11.553 [INFO]   [Validating]  out: [INFO] Tests run: 19, Failures: 0, Errors: 0, Skipped: 0, Time elapsed: 0.006 s - in org.symphonyoss.symphony.messageml.elements.HeaderTest
17:10:11.553 [INFO]   [Validating]  out: [INFO] Running org.symphonyoss.symphony.messageml.elements.TagDiffblueTest
17:10:11.560 [INFO]   [Validating]  out: 17:10:11.560 [main] WARN org.symphonyoss.symphony.messageml.bi.BiContext - Attribute count for element hashtags does not contain an integer value. The count will not be increased.
17:10:11.562 [INFO]   [Validating]  out: 17:10:11.562 [main] WARN org.symphonyoss.symphony.messageml.bi.BiContext - Attribute count for element hashtags does not contain an integer value. The count will not be increased.
17:10:11.564 [INFO]   [Validating]  out: [INFO] Tests run: 34, Failures: 0, Errors: 0, Skipped: 0, Time elapsed: 0.01 s - in org.symphonyoss.symphony.messageml.elements.TagDiffblueTest
17:10:11.564 [INFO]   [Validating]  out: [INFO] Running org.symphonyoss.symphony.messageml.elements.TableTest
17:10:11.573 [INFO]   [Validating]  out: [INFO] Tests run: 35, Failures: 0, Errors: 0, Skipped: 0, Time elapsed: 0.008 s - in org.symphonyoss.symphony.messageml.elements.TableTest
17:10:11.574 [INFO]   [Validating]  out: [INFO] Running org.symphonyoss.symphony.messageml.elements.TableRowDiffblueTest
17:10:11.574 [INFO]   [Validating]  out: 17:10:11.573 [main] WARN org.symphonyoss.symphony.messageml.bi.BiContext - Attribute count for element table_columns_max does not contain an integer value. The count will not be increased.
17:10:11.575 [INFO]   [Validating]  out: [INFO] Tests run: 11, Failures: 0, Errors: 0, Skipped: 0, Time elapsed: 0 s - in org.symphonyoss.symphony.messageml.elements.TableRowDiffblueTest
17:10:11.575 [INFO]   [Validating]  out: [INFO] Running org.symphonyoss.symphony.messageml.elements.DivDiffblueTest
17:10:11.575 [INFO]   [Validating]  out: 17:10:11.574 [main] WARN org.symphonyoss.symphony.messageml.bi.BiContext - Attribute count for element divs does not contain an integer value. The count will not be increased.
17:10:11.575 [INFO]   [Validating]  out: 17:10:11.574 [main] WARN org.symphonyoss.symphony.messageml.bi.BiContext - Attribute count for element divs does not contain an integer value. The count will not be increased.
17:10:11.576 [INFO]   [Validating]  out: [INFO] Tests run: 11, Failures: 0, Errors: 0, Skipped: 0, Time elapsed: 0 s - in org.symphonyoss.symphony.messageml.elements.DivDiffblueTest
17:10:11.576 [INFO]   [Validating]  out: [INFO] Running org.symphonyoss.symphony.messageml.elements.CheckboxDiffblueTest
17:10:11.578 [INFO]   [Validating]  out: [INFO] Tests run: 13, Failures: 0, Errors: 0, Skipped: 0, Time elapsed: 0.001 s - in org.symphonyoss.symphony.messageml.elements.CheckboxDiffblueTest
17:10:11.578 [INFO]   [Validating]  out: [INFO] Running org.symphonyoss.symphony.messageml.elements.CardHeaderDiffblueTest
17:10:11.580 [INFO]   [Validating]  out: [INFO] Tests run: 22, Failures: 0, Errors: 0, Skipped: 0, Time elapsed: 0.001 s - in org.symphonyoss.symphony.messageml.elements.CardHeaderDiffblueTest
17:10:11.580 [INFO]   [Validating]  out: [INFO] Running org.symphonyoss.symphony.messageml.elements.ElementTest
17:10:11.584 [INFO]   [Validating]  out: [INFO] Tests run: 13, Failures: 0, Errors: 0, Skipped: 0, Time elapsed: 0.003 s - in org.symphonyoss.symphony.messageml.elements.ElementTest
17:10:11.584 [INFO]   [Validating]  out: [INFO] Running org.symphonyoss.symphony.messageml.elements.OrderedListDiffblueTest
17:10:11.584 [INFO]   [Validating]  out: 17:10:11.584 [main] WARN org.symphonyoss.symphony.messageml.bi.BiContext - Attribute count for element lists does not contain an integer value. The count will not be increased.
17:10:11.584 [INFO]   [Validating]  out: 17:10:11.584 [main] WARN org.symphonyoss.symphony.messageml.bi.BiContext - Attribute count for element lists does not contain an integer value. The count will not be increased.
17:10:11.586 [INFO]   [Validating]  out: [INFO] Tests run: 10, Failures: 0, Errors: 0, Skipped: 0, Time elapsed: 0 s - in org.symphonyoss.symphony.messageml.elements.OrderedListDiffblueTest
17:10:11.586 [INFO]   [Validating]  out: [INFO] Running org.symphonyoss.symphony.messageml.elements.DatePickerDiffblueTest
17:10:11.589 [INFO]   [Validating]  out: [INFO] Tests run: 16, Failures: 0, Errors: 0, Skipped: 0, Time elapsed: 0.001 s - in org.symphonyoss.symphony.messageml.elements.DatePickerDiffblueTest
17:10:11.589 [INFO]   [Validating]  out: [INFO] Running org.symphonyoss.symphony.messageml.elements.ChimeDiffblueTest
17:10:11.589 [INFO]   [Validating]  out: 17:10:11.588 [main] WARN org.symphonyoss.symphony.messageml.bi.BiContext - Attribute count for element chimes does not contain an integer value. The count will not be increased.
17:10:11.589 [INFO]   [Validating]  out: 17:10:11.589 [main] WARN org.symphonyoss.symphony.messageml.bi.BiContext - Attribute count for element chimes does not contain an integer value. The count will not be increased.
17:10:11.591 [INFO]   [Validating]  out: [INFO] Tests run: 17, Failures: 0, Errors: 0, Skipped: 0, Time elapsed: 0 s - in org.symphonyoss.symphony.messageml.elements.ChimeDiffblueTest
17:10:11.591 [INFO]   [Validating]  out: [INFO] Running org.symphonyoss.symphony.messageml.elements.LinkTest
17:10:11.597 [INFO]   [Validating]  out: [INFO] Tests run: 23, Failures: 0, Errors: 0, Skipped: 0, Time elapsed: 0.005 s - in org.symphonyoss.symphony.messageml.elements.LinkTest
17:10:11.597 [INFO]   [Validating]  out: [INFO] Running org.symphonyoss.symphony.messageml.elements.LineBreakDiffblueTest
17:10:11.597 [INFO]   [Validating]  out: 17:10:11.596 [main] WARN org.symphonyoss.symphony.messageml.bi.BiContext - Attribute count for element linebreaks does not contain an integer value. The count will not be increased.
17:10:11.597 [INFO]   [Validating]  out: 17:10:11.597 [main] WARN org.symphonyoss.symphony.messageml.bi.BiContext - Attribute count for element linebreaks does not contain an integer value. The count will not be increased.
17:10:11.599 [INFO]   [Validating]  out: [INFO] Tests run: 14, Failures: 0, Errors: 0, Skipped: 0, Time elapsed: 0 s - in org.symphonyoss.symphony.messageml.elements.LineBreakDiffblueTest
17:10:11.599 [INFO]   [Validating]  out: [INFO] Running org.symphonyoss.symphony.messageml.elements.TagTest
17:10:11.615 [INFO]   [Validating]  out: [INFO] Tests run: 17, Failures: 0, Errors: 0, Skipped: 0, Time elapsed: 0.014 s - in org.symphonyoss.symphony.messageml.elements.TagTest
17:10:11.615 [INFO]   [Validating]  out: [INFO] Running org.symphonyoss.symphony.messageml.elements.StylesDiffblueTest
17:10:11.616 [INFO]   [Validating]  out: [INFO] Tests run: 4, Failures: 0, Errors: 0, Skipped: 0, Time elapsed: 0 s - in org.symphonyoss.symphony.messageml.elements.StylesDiffblueTest
17:10:11.616 [INFO]   [Validating]  out: [INFO] Running org.symphonyoss.symphony.messageml.elements.TextFieldDiffblueTest
17:10:11.622 [INFO]   [Validating]  out: [INFO] Tests run: 27, Failures: 0, Errors: 0, Skipped: 0, Time elapsed: 0.004 s - in org.symphonyoss.symphony.messageml.elements.TextFieldDiffblueTest
17:10:11.622 [INFO]   [Validating]  out: [INFO] Running org.symphonyoss.symphony.messageml.elements.ItalicDiffblueTest
17:10:11.623 [INFO]   [Validating]  out: [INFO] Tests run: 5, Failures: 0, Errors: 0, Skipped: 0, Time elapsed: 0 s - in org.symphonyoss.symphony.messageml.elements.ItalicDiffblueTest
17:10:11.623 [INFO]   [Validating]  out: [INFO] Running org.symphonyoss.symphony.messageml.elements.ExpandableCardDiffblueTest
17:10:11.625 [INFO]   [Validating]  out: [INFO] Tests run: 19, Failures: 0, Errors: 0, Skipped: 0, Time elapsed: 0.001 s - in org.symphonyoss.symphony.messageml.elements.ExpandableCardDiffblueTest
17:10:11.625 [INFO]   [Validating]  out: [INFO] Running org.symphonyoss.symphony.messageml.elements.HashtagTest
17:10:11.638 [INFO]   [Validating]  out: [INFO] Tests run: 25, Failures: 0, Errors: 0, Skipped: 0, Time elapsed: 0.011 s - in org.symphonyoss.symphony.messageml.elements.HashtagTest
17:10:11.638 [INFO]   [Validating]  out: [INFO] Running org.symphonyoss.symphony.messageml.elements.PersonSelectorDiffblueTest
17:10:11.642 [INFO]   [Validating]  out: [INFO] Tests run: 15, Failures: 0, Errors: 0, Skipped: 0, Time elapsed: 0.002 s - in org.symphonyoss.symphony.messageml.elements.PersonSelectorDiffblueTest
17:10:11.642 [INFO]   [Validating]  out: [INFO] Running org.symphonyoss.symphony.messageml.elements.TextNodeDiffblueTest
17:10:11.643 [INFO]   [Validating]  out: [INFO] Tests run: 11, Failures: 0, Errors: 0, Skipped: 0, Time elapsed: 0 s - in org.symphonyoss.symphony.messageml.elements.TextNodeDiffblueTest
17:10:11.643 [INFO]   [Validating]  out: [INFO] Running org.symphonyoss.symphony.messageml.elements.StylesTest
17:10:11.647 [INFO]   [Validating]  out: [INFO] Tests run: 17, Failures: 0, Errors: 0, Skipped: 0, Time elapsed: 0.002 s - in org.symphonyoss.symphony.messageml.elements.StylesTest
17:10:11.647 [INFO]   [Validating]  out: [INFO] Running org.symphonyoss.symphony.messageml.elements.ItalicTest
17:10:11.651 [INFO]   [Validating]  out: [INFO] Tests run: 17, Failures: 0, Errors: 0, Skipped: 0, Time elapsed: 0.003 s - in org.symphonyoss.symphony.messageml.elements.ItalicTest
17:10:11.651 [INFO]   [Validating]  out: [INFO] Running org.symphonyoss.symphony.messageml.elements.MentionTest
17:10:11.669 [INFO]   [Validating]  out: [INFO] Tests run: 35, Failures: 0, Errors: 0, Skipped: 0, Time elapsed: 0.017 s - in org.symphonyoss.symphony.messageml.elements.MentionTest
17:10:11.669 [INFO]   [Validating]  out: [INFO] Running org.symphonyoss.symphony.messageml.elements.DialogChildDiffblueTest
17:10:11.670 [INFO]   [Validating]  out: [INFO] Tests run: 20, Failures: 0, Errors: 0, Skipped: 0, Time elapsed: 0 s - in org.symphonyoss.symphony.messageml.elements.DialogChildDiffblueTest
17:10:11.670 [INFO]   [Validating]  out: [INFO] Running org.symphonyoss.symphony.messageml.elements.BulletListDiffblueTest
17:10:11.670 [INFO]   [Validating]  out: 17:10:11.669 [main] WARN org.symphonyoss.symphony.messageml.bi.BiContext - Attribute count for element lists does not contain an integer value. The count will not be increased.
17:10:11.670 [INFO]   [Validating]  out: 17:10:11.670 [main] WARN org.symphonyoss.symphony.messageml.bi.BiContext - Attribute count for element lists does not contain an integer value. The count will not be increased.
17:10:11.671 [INFO]   [Validating]  out: [INFO] Tests run: 10, Failures: 0, Errors: 0, Skipped: 0, Time elapsed: 0 s - in org.symphonyoss.symphony.messageml.elements.BulletListDiffblueTest
17:10:11.671 [INFO]   [Validating]  out: [INFO] Running org.symphonyoss.symphony.messageml.elements.DialogTest
17:10:11.680 [INFO]   [Validating]  out: [INFO] Tests run: 43, Failures: 0, Errors: 0, Skipped: 0, Time elapsed: 0.008 s - in org.symphonyoss.symphony.messageml.elements.DialogTest
17:10:11.680 [INFO]   [Validating]  out: [INFO] Running org.symphonyoss.symphony.messageml.elements.SpanTest
17:10:11.684 [INFO]   [Validating]  out: [INFO] Tests run: 17, Failures: 0, Errors: 0, Skipped: 0, Time elapsed: 0.003 s - in org.symphonyoss.symphony.messageml.elements.SpanTest
17:10:11.684 [INFO]   [Validating]  out: [INFO] Running org.symphonyoss.symphony.messageml.elements.ButtonDiffblueTest
17:10:11.687 [INFO]   [Validating]  out: [INFO] Tests run: 24, Failures: 0, Errors: 0, Skipped: 0, Time elapsed: 0.002 s - in org.symphonyoss.symphony.messageml.elements.ButtonDiffblueTest
17:10:11.687 [INFO]   [Validating]  out: [INFO] Running org.symphonyoss.symphony.messageml.elements.SubscriptDiffblueTest
17:10:11.687 [INFO]   [Validating]  out: [INFO] Tests run: 2, Failures: 0, Errors: 0, Skipped: 0, Time elapsed: 0 s - in org.symphonyoss.symphony.messageml.elements.SubscriptDiffblueTest
17:10:11.687 [INFO]   [Validating]  out: [INFO] Running org.symphonyoss.symphony.messageml.elements.GroupedElementDiffblueTest
17:10:11.690 [INFO]   [Validating]  out: [INFO] Tests run: 14, Failures: 0, Errors: 0, Skipped: 0, Time elapsed: 0.002 s - in org.symphonyoss.symphony.messageml.elements.GroupedElementDiffblueTest
17:10:11.690 [INFO]   [Validating]  out: [INFO] Running org.symphonyoss.symphony.messageml.elements.TextAreaDiffblueTest
17:10:11.692 [INFO]   [Validating]  out: [INFO] Tests run: 17, Failures: 0, Errors: 0, Skipped: 0, Time elapsed: 0.001 s - in org.symphonyoss.symphony.messageml.elements.TextAreaDiffblueTest
17:10:11.692 [INFO]   [Validating]  out: [INFO] Running org.symphonyoss.symphony.messageml.elements.ImageDiffblueTest
17:10:11.692 [INFO]   [Validating]  out: 17:10:11.691 [main] WARN org.symphonyoss.symphony.messageml.bi.BiContext - Attribute count for element images does not contain an integer value. The count will not be increased.
17:10:11.692 [INFO]   [Validating]  out: 17:10:11.691 [main] WARN org.symphonyoss.symphony.messageml.bi.BiContext - Attribute count for element images does not contain an integer value. The count will not be increased.
17:10:11.693 [INFO]   [Validating]  out: [INFO] Tests run: 12, Failures: 0, Errors: 0, Skipped: 0, Time elapsed: 0 s - in org.symphonyoss.symphony.messageml.elements.ImageDiffblueTest
17:10:11.693 [INFO]   [Validating]  out: [INFO] Running org.symphonyoss.symphony.messageml.elements.UIActionDiffblueTest
17:10:11.695 [INFO]   [Validating]  out: [INFO] Tests run: 20, Failures: 0, Errors: 0, Skipped: 0, Time elapsed: 0.001 s - in org.symphonyoss.symphony.messageml.elements.UIActionDiffblueTest
17:10:11.695 [INFO]   [Validating]  out: [INFO] Running org.symphonyoss.symphony.messageml.util.EmojiShortcodeToUnicodeDiffblueTest
17:10:11.696 [INFO]   [Validating]  out: [INFO] Tests run: 2, Failures: 0, Errors: 0, Skipped: 0, Time elapsed: 0 s - in org.symphonyoss.symphony.messageml.util.EmojiShortcodeToUnicodeDiffblueTest
17:10:11.696 [INFO]   [Validating]  out: [INFO] Running org.symphonyoss.symphony.messageml.util.IndentedPrintStreamTest
17:10:11.699 [INFO]   [Validating]  out: [INFO] Tests run: 53, Failures: 0, Errors: 0, Skipped: 0, Time elapsed: 0.001 s - in org.symphonyoss.symphony.messageml.util.IndentedPrintStreamTest
17:10:11.699 [INFO]   [Validating]  out: [INFO] Running org.symphonyoss.symphony.messageml.util.TagAttributesDiffblueTest
17:10:11.700 [INFO]   [Validating]  out: [INFO] Tests run: 1, Failures: 0, Errors: 0, Skipped: 0, Time elapsed: 0 s - in org.symphonyoss.symphony.messageml.util.TagAttributesDiffblueTest
17:10:11.700 [INFO]   [Validating]  out: [INFO] Running org.symphonyoss.symphony.messageml.util.IndentedPrintStreamDiffblueTest
17:10:11.717 [INFO]   [Validating]  out: [INFO] Tests run: 376, Failures: 0, Errors: 0, Skipped: 0, Time elapsed: 0.01 s - in org.symphonyoss.symphony.messageml.util.IndentedPrintStreamDiffblueTest
17:10:11.717 [INFO]   [Validating]  out: [INFO] Running org.symphonyoss.symphony.messageml.util.instrument.resolver.ProviderIdDiffblueTest
17:10:11.718 [INFO]   [Validating]  out: [INFO] Tests run: 2, Failures: 0, Errors: 0, Skipped: 0, Time elapsed: 0 s - in org.symphonyoss.symphony.messageml.util.instrument.resolver.ProviderIdDiffblueTest
17:10:11.719 [INFO]   [Validating]  out: [INFO] Running org.symphonyoss.symphony.messageml.util.instrument.resolver.MarketSectorDiffblueTest
17:10:11.720 [INFO]   [Validating]  out: [INFO] Tests run: 3, Failures: 0, Errors: 0, Skipped: 0, Time elapsed: 0 s - in org.symphonyoss.symphony.messageml.util.instrument.resolver.MarketSectorDiffblueTest
17:10:11.720 [INFO]   [Validating]  out: [INFO] Running org.symphonyoss.symphony.messageml.util.instrument.resolver.InstrumentDiffblueTest
17:10:11.721 [INFO]   [Validating]  out: [INFO] Tests run: 1, Failures: 0, Errors: 0, Skipped: 0, Time elapsed: 0 s - in org.symphonyoss.symphony.messageml.util.instrument.resolver.InstrumentDiffblueTest
17:10:11.721 [INFO]   [Validating]  out: [INFO] Running org.symphonyoss.symphony.messageml.util.instrument.resolver.InstrumentKindDiffblueTest
17:10:11.722 [INFO]   [Validating]  out: [INFO] Tests run: 3, Failures: 0, Errors: 0, Skipped: 0, Time elapsed: 0 s - in org.symphonyoss.symphony.messageml.util.instrument.resolver.InstrumentKindDiffblueTest
17:10:11.722 [INFO]   [Validating]  out: [INFO] Running org.symphonyoss.symphony.messageml.util.XmlPrintStreamDiffblueTest
17:10:11.726 [INFO]   [Validating]  out: [INFO] Tests run: 109, Failures: 0, Errors: 0, Skipped: 0, Time elapsed: 0.001 s - in org.symphonyoss.symphony.messageml.util.XmlPrintStreamDiffblueTest
17:10:11.726 [INFO]   [Validating]  out: [INFO] Running org.symphonyoss.symphony.messageml.util.XMLAttributeDiffblueTest
17:10:11.727 [INFO]   [Validating]  out: [INFO] Tests run: 3, Failures: 0, Errors: 0, Skipped: 0, Time elapsed: 0 s - in org.symphonyoss.symphony.messageml.util.XMLAttributeDiffblueTest
17:10:11.727 [INFO]   [Validating]  out: [INFO] Running org.symphonyoss.symphony.messageml.util.NoOpDataProviderDiffblueTest
17:10:11.729 [INFO]   [Validating]  out: [INFO] Tests run: 3, Failures: 0, Errors: 0, Skipped: 0, Time elapsed: 0 s - in org.symphonyoss.symphony.messageml.util.NoOpDataProviderDiffblueTest
17:10:11.729 [INFO]   [Validating]  out: [INFO] Running org.symphonyoss.symphony.messageml.util.AlignedBlockDiffblueTest
17:10:11.730 [INFO]   [Validating]  out: [INFO] Tests run: 23, Failures: 0, Errors: 0, Skipped: 0, Time elapsed: 0 s - in org.symphonyoss.symphony.messageml.util.AlignedBlockDiffblueTest
17:10:11.730 [INFO]   [Validating]  out: [INFO] Running org.symphonyoss.symphony.messageml.util.CountedOutputStreamTest
17:10:11.732 [INFO]   [Validating]  out: [INFO] Tests run: 5, Failures: 0, Errors: 0, Skipped: 0, Time elapsed: 0 s - in org.symphonyoss.symphony.messageml.util.CountedOutputStreamTest
17:10:11.732 [INFO]   [Validating]  out: [INFO] Running org.symphonyoss.symphony.messageml.util.pojo.TimeIntervalDiffblueTest
17:10:11.733 [INFO]   [Validating]  out: [INFO] Tests run: 13, Failures: 0, Errors: 0, Skipped: 0, Time elapsed: 0 s - in org.symphonyoss.symphony.messageml.util.pojo.TimeIntervalDiffblueTest
17:10:11.733 [INFO]   [Validating]  out: [INFO] Running org.symphonyoss.symphony.messageml.util.pojo.DateIntervalDiffblueTest
17:10:11.735 [INFO]   [Validating]  out: [INFO] Tests run: 16, Failures: 0, Errors: 0, Skipped: 0, Time elapsed: 0 s - in org.symphonyoss.symphony.messageml.util.pojo.DateIntervalDiffblueTest
17:10:11.735 [INFO]   [Validating]  out: [INFO] Running org.symphonyoss.symphony.messageml.util.NullDataProviderDiffblueTest
17:10:11.736 [INFO]   [Validating]  out: [INFO] Tests run: 3, Failures: 0, Errors: 0, Skipped: 0, Time elapsed: 0 s - in org.symphonyoss.symphony.messageml.util.NullDataProviderDiffblueTest
17:10:11.736 [INFO]   [Validating]  out: [INFO] Running org.symphonyoss.symphony.messageml.util.CountedOutputStreamDiffblueTest
17:10:11.738 [INFO]   [Validating]  out: [INFO] Tests run: 14, Failures: 0, Errors: 0, Skipped: 0, Time elapsed: 0 s - in org.symphonyoss.symphony.messageml.util.CountedOutputStreamDiffblueTest
17:10:11.738 [INFO]   [Validating]  out: [INFO] Running org.symphonyoss.symphony.messageml.markdown.nodes.EmojiNodeDiffblueTest
17:10:11.739 [INFO]   [Validating]  out: [INFO] Tests run: 4, Failures: 0, Errors: 0, Skipped: 0, Time elapsed: 0 s - in org.symphonyoss.symphony.messageml.markdown.nodes.EmojiNodeDiffblueTest
17:10:11.739 [INFO]   [Validating]  out: [INFO] Running org.symphonyoss.symphony.messageml.markdown.nodes.form.TextFieldNodeDiffblueTest
17:10:11.740 [INFO]   [Validating]  out: [INFO] Tests run: 2, Failures: 0, Errors: 0, Skipped: 0, Time elapsed: 0 s - in org.symphonyoss.symphony.messageml.markdown.nodes.form.TextFieldNodeDiffblueTest
17:10:11.740 [INFO]   [Validating]  out: [INFO] Running org.symphonyoss.symphony.messageml.markdown.nodes.form.TimezonePickerNodeDiffblueTest
17:10:11.742 [INFO]   [Validating]  out: [INFO] Tests run: 2, Failures: 0, Errors: 0, Skipped: 0, Time elapsed: 0 s - in org.symphonyoss.symphony.messageml.markdown.nodes.form.TimezonePickerNodeDiffblueTest
17:10:11.742 [INFO]   [Validating]  out: [INFO] Running org.symphonyoss.symphony.messageml.markdown.nodes.form.RoomSelectorNodeDiffblueTest
17:10:11.743 [INFO]   [Validating]  out: [INFO] Tests run: 2, Failures: 0, Errors: 0, Skipped: 0, Time elapsed: 0 s - in org.symphonyoss.symphony.messageml.markdown.nodes.form.RoomSelectorNodeDiffblueTest
17:10:11.743 [INFO]   [Validating]  out: [INFO] Running org.symphonyoss.symphony.messageml.markdown.nodes.form.FormNodeDiffblueTest
17:10:11.744 [INFO]   [Validating]  out: [INFO] Tests run: 1, Failures: 0, Errors: 0, Skipped: 0, Time elapsed: 0 s - in org.symphonyoss.symphony.messageml.markdown.nodes.form.FormNodeDiffblueTest
17:10:11.744 [INFO]   [Validating]  out: [INFO] Running org.symphonyoss.symphony.messageml.markdown.nodes.form.OptionNodeDiffblueTest
17:10:11.745 [INFO]   [Validating]  out: [INFO] Tests run: 1, Failures: 0, Errors: 0, Skipped: 0, Time elapsed: 0 s - in org.symphonyoss.symphony.messageml.markdown.nodes.form.OptionNodeDiffblueTest
17:10:11.745 [INFO]   [Validating]  out: [INFO] Running org.symphonyoss.symphony.messageml.markdown.nodes.form.FormElementNodeDiffblueTest
17:10:11.746 [INFO]   [Validating]  out: [INFO] Tests run: 4, Failures: 0, Errors: 0, Skipped: 0, Time elapsed: 0 s - in org.symphonyoss.symphony.messageml.markdown.nodes.form.FormElementNodeDiffblueTest
17:10:11.746 [INFO]   [Validating]  out: [INFO] Running org.symphonyoss.symphony.messageml.markdown.nodes.form.PlaceholderLabelTooltipNodeDiffblueTest
17:10:11.748 [INFO]   [Validating]  out: [INFO] Tests run: 2, Failures: 0, Errors: 0, Skipped: 0, Time elapsed: 0 s - in org.symphonyoss.symphony.messageml.markdown.nodes.form.PlaceholderLabelTooltipNodeDiffblueTest
17:10:11.748 [INFO]   [Validating]  out: [INFO] Running org.symphonyoss.symphony.messageml.markdown.nodes.form.DatePickerNodeDiffblueTest
17:10:11.749 [INFO]   [Validating]  out: [INFO] Tests run: 2, Failures: 0, Errors: 0, Skipped: 0, Time elapsed: 0 s - in org.symphonyoss.symphony.messageml.markdown.nodes.form.DatePickerNodeDiffblueTest
17:10:11.749 [INFO]   [Validating]  out: [INFO] Running org.symphonyoss.symphony.messageml.markdown.nodes.form.SelectNodeDiffblueTest
17:10:11.750 [INFO]   [Validating]  out: [INFO] Tests run: 4, Failures: 0, Errors: 0, Skipped: 0, Time elapsed: 0 s - in org.symphonyoss.symphony.messageml.markdown.nodes.form.SelectNodeDiffblueTest
17:10:11.750 [INFO]   [Validating]  out: [INFO] Running org.symphonyoss.symphony.messageml.markdown.nodes.form.PersonSelectorNodeDiffblueTest
17:10:11.752 [INFO]   [Validating]  out: [INFO] Tests run: 2, Failures: 0, Errors: 0, Skipped: 0, Time elapsed: 0 s - in org.symphonyoss.symphony.messageml.markdown.nodes.form.PersonSelectorNodeDiffblueTest
17:10:11.752 [INFO]   [Validating]  out: [INFO] Running org.symphonyoss.symphony.messageml.markdown.nodes.form.TextAreaNodeDiffblueTest
17:10:11.753 [INFO]   [Validating]  out: [INFO] Tests run: 2, Failures: 0, Errors: 0, Skipped: 0, Time elapsed: 0 s - in org.symphonyoss.symphony.messageml.markdown.nodes.form.TextAreaNodeDiffblueTest
17:10:11.753 [INFO]   [Validating]  out: [INFO] Running org.symphonyoss.symphony.messageml.markdown.nodes.form.TimePickerNodeDiffblueTest
17:10:11.754 [INFO]   [Validating]  out: [INFO] Tests run: 2, Failures: 0, Errors: 0, Skipped: 0, Time elapsed: 0 s - in org.symphonyoss.symphony.messageml.markdown.nodes.form.TimePickerNodeDiffblueTest
17:10:11.754 [INFO]   [Validating]  out: [INFO] Running org.symphonyoss.symphony.messageml.markdown.nodes.form.RadioNodeDiffblueTest
17:10:11.755 [INFO]   [Validating]  out: [INFO] Tests run: 5, Failures: 0, Errors: 0, Skipped: 0, Time elapsed: 0 s - in org.symphonyoss.symphony.messageml.markdown.nodes.form.RadioNodeDiffblueTest
17:10:11.755 [INFO]   [Validating]  out: [INFO] Running org.symphonyoss.symphony.messageml.markdown.nodes.form.CheckboxNodeDiffblueTest
17:10:11.757 [INFO]   [Validating]  out: [INFO] Tests run: 5, Failures: 0, Errors: 0, Skipped: 0, Time elapsed: 0 s - in org.symphonyoss.symphony.messageml.markdown.nodes.form.CheckboxNodeDiffblueTest
17:10:11.757 [INFO]   [Validating]  out: [INFO] Running org.symphonyoss.symphony.messageml.markdown.nodes.form.ButtonNodeDiffblueTest
17:10:11.758 [INFO]   [Validating]  out: [INFO] Tests run: 1, Failures: 0, Errors: 0, Skipped: 0, Time elapsed: 0 s - in org.symphonyoss.symphony.messageml.markdown.nodes.form.ButtonNodeDiffblueTest
17:10:11.758 [INFO]   [Validating]  out: [INFO] Running org.symphonyoss.symphony.messageml.markdown.nodes.form.DialogNodeDiffblueTest
17:10:11.759 [INFO]   [Validating]  out: [INFO] Tests run: 2, Failures: 0, Errors: 0, Skipped: 0, Time elapsed: 0 s - in org.symphonyoss.symphony.messageml.markdown.nodes.form.DialogNodeDiffblueTest
17:10:11.759 [INFO]   [Validating]  out: [INFO] Running org.symphonyoss.symphony.messageml.markdown.nodes.form.DateSelectorNodeDiffblueTest
17:10:11.760 [INFO]   [Validating]  out: [INFO] Tests run: 3, Failures: 0, Errors: 0, Skipped: 0, Time elapsed: 0 s - in org.symphonyoss.symphony.messageml.markdown.nodes.form.DateSelectorNodeDiffblueTest
17:10:11.760 [INFO]   [Validating]  out: [INFO] Running org.symphonyoss.symphony.messageml.markdown.nodes.TableRowNodeDiffblueTest
17:10:11.762 [INFO]   [Validating]  out: [INFO] Tests run: 1, Failures: 0, Errors: 0, Skipped: 0, Time elapsed: 0 s - in org.symphonyoss.symphony.messageml.markdown.nodes.TableRowNodeDiffblueTest
17:10:11.762 [INFO]   [Validating]  out: [INFO] Running org.symphonyoss.symphony.messageml.markdown.nodes.TagNodeDiffblueTest
17:10:11.762 [INFO]   [Validating]  out: [INFO] Tests run: 1, Failures: 0, Errors: 0, Skipped: 0, Time elapsed: 0 s - in org.symphonyoss.symphony.messageml.markdown.nodes.TagNodeDiffblueTest
17:10:11.763 [INFO]   [Validating]  out: [INFO] Running org.symphonyoss.symphony.messageml.markdown.nodes.TableNodeDiffblueTest
17:10:11.763 [INFO]   [Validating]  out: [INFO] Tests run: 1, Failures: 0, Errors: 0, Skipped: 0, Time elapsed: 0 s - in org.symphonyoss.symphony.messageml.markdown.nodes.TableNodeDiffblueTest
17:10:11.763 [INFO]   [Validating]  out: [INFO] Running org.symphonyoss.symphony.messageml.markdown.nodes.PreformattedNodeDiffblueTest
17:10:11.764 [INFO]   [Validating]  out: [INFO] Tests run: 1, Failures: 0, Errors: 0, Skipped: 0, Time elapsed: 0 s - in org.symphonyoss.symphony.messageml.markdown.nodes.PreformattedNodeDiffblueTest
17:10:11.764 [INFO]   [Validating]  out: [INFO] Running org.symphonyoss.symphony.messageml.markdown.nodes.TableCellNodeDiffblueTest
17:10:11.765 [INFO]   [Validating]  out: [INFO] Tests run: 1, Failures: 0, Errors: 0, Skipped: 0, Time elapsed: 0 s - in org.symphonyoss.symphony.messageml.markdown.nodes.TableCellNodeDiffblueTest
17:10:11.765 [INFO]   [Validating]  out: [INFO] Running org.symphonyoss.symphony.messageml.markdown.nodes.KeywordNodeDiffblueTest
17:10:11.767 [INFO]   [Validating]  out: [INFO] Tests run: 1, Failures: 0, Errors: 0, Skipped: 0, Time elapsed: 0 s - in org.symphonyoss.symphony.messageml.markdown.nodes.KeywordNodeDiffblueTest
17:10:11.767 [INFO]   [Validating]  out: [INFO] Running org.symphonyoss.symphony.messageml.markdown.nodes.MentionNodeDiffblueTest
17:10:11.768 [INFO]   [Validating]  out: [INFO] Tests run: 5, Failures: 0, Errors: 0, Skipped: 0, Time elapsed: 0 s - in org.symphonyoss.symphony.messageml.markdown.nodes.MentionNodeDiffblueTest
17:10:11.768 [INFO]   [Validating]  out: [INFO] Running org.symphonyoss.symphony.messageml.markdown.EntityDelimiterProcessorDiffblueTest
17:10:11.769 [INFO]   [Validating]  out: [INFO] Tests run: 5, Failures: 0, Errors: 0, Skipped: 0, Time elapsed: 0 s - in org.symphonyoss.symphony.messageml.markdown.EntityDelimiterProcessorDiffblueTest
17:10:11.769 [INFO]   [Validating]  out: [INFO] Running org.symphonyoss.symphony.messageml.markdown.MarkdownParserDiffblueTest
17:10:11.773 [INFO]   [Validating]  out: [INFO] Tests run: 137, Failures: 0, Errors: 0, Skipped: 0, Time elapsed: 0.001 s - in org.symphonyoss.symphony.messageml.markdown.MarkdownParserDiffblueTest
17:10:11.773 [INFO]   [Validating]  out: [INFO] Running org.symphonyoss.symphony.messageml.markdown.MarkdownRendererDiffblueTest
17:10:11.781 [INFO]   [Validating]  out: [INFO] Tests run: 156, Failures: 0, Errors: 0, Skipped: 0, Time elapsed: 0.005 s - in org.symphonyoss.symphony.messageml.markdown.MarkdownRendererDiffblueTest
17:10:12.163 [INFO]   [Validating]  out: [INFO] 
17:10:12.163 [INFO]   [Validating]  out: [INFO] Results:
17:10:12.163 [INFO]   [Validating]  out: [INFO] 
17:10:12.163 [INFO]   [Validating]  out: [ERROR] Errors: 
17:10:12.163 [INFO]   [Validating]  out: [ERROR]   TestInvalidSchemas.testIdExtraAttributes »  Unexpected exception, expected<org...
17:10:12.163 [INFO]   [Validating]  out: [ERROR]   TestInvalidSchemas.testInvalidTypeVersion »  Unexpected exception, expected<or...
17:10:12.163 [INFO]   [Validating]  out: [ERROR]   TestInvalidSchemas.testMissingTypeId »  Unexpected exception, expected<org.sym...
17:10:12.163 [INFO]   [Validating]  out: [ERROR]   TestInvalidSchemas.testMissingTypeVersion »  Unexpected exception, expected<or...
17:10:12.163 [INFO]   [Validating]  out: [ERROR]   TestInvalidSchemas.testObjectIdObject »  Unexpected exception, expected<org.sy...
17:10:12.163 [INFO]   [Validating]  out: [ERROR]   TestInvalidSchemas.testObjectIdString »  Unexpected exception, expected<org.sy...
17:10:12.163 [INFO]   [Validating]  out: [ERROR]   TestValidSchemas.testBondRfq:78 » InvalidInstance java.net.UnknownHostExceptio...
17:10:12.163 [INFO]   [Validating]  out: [ERROR]   TestValidSchemas.testBondRfqObject:84 » InvalidInstance java.net.UnknownHostEx...
17:10:12.163 [INFO]   [Validating]  out: [ERROR]   TestValidSchemas.testBondRfqSchema:72 » InvalidInstance java.net.UnknownHostEx...
17:10:12.163 [INFO]   [Validating]  out: [ERROR]   TestValidSchemas.testEntityJson:58 » InvalidInstance java.net.UnknownHostExcep...
17:10:12.163 [INFO]   [Validating]  out: [ERROR]   TestValidSchemas.testEntityJsonSchema:52 » InvalidInstance java.net.UnknownHos...
17:10:12.163 [INFO]   [Validating]  out: [ERROR]   TestValidSchemas.testExpandedJira:102->test:107 » Runtime org.symphonyoss.symp...
17:10:12.163 [INFO]   [Validating]  out: [ERROR]   TestValidSchemas.testJsonSchema:46 » InvalidInstance java.net.UnknownHostExcep...
17:10:12.163 [INFO]   [Validating]  out: [ERROR]   TestValidSchemas.testSingleJira:96->test:107 » Runtime org.symphonyoss.symphon...
17:10:12.163 [INFO]   [Validating]  out: [ERROR]   TestValidSchemas.testStructuredObject:65 » InvalidInstance java.net.UnknownHos...
17:10:12.163 [INFO]   [Validating]  out: [INFO] 
17:10:12.163 [INFO]   [Validating]  out: [ERROR] Tests run: 3534, Failures: 0, Errors: 15, Skipped: 0
17:10:12.163 [INFO]   [Validating]  out: [INFO] 
17:10:12.219 [INFO]   [Validating]  deserializing line [DIFFBLUE]{"__type":"com.diffblue.cover.buildsystem.model.DefaultProjectModuleMessage","project":{"__type":"DefaultProjectModule","junitReport":["/home/jbergqvist/diffblue/finos-messageml-utils/target/surefire-reports"],"jacocoReport":["/home/jbergqvist/diffblue/finos-messageml-utils/target/site/jacoco/jacoco.xml"],"jacocoDestFile":["/home/jbergqvist/diffblue/finos-messageml-utils/target/jacoco.exec"],"jacocoFormats":["xml"],"jacocoSkipped":false,"classpath":["/home/jbergqvist/diffblue/finos-messageml-utils/target/classes","/home/jbergqvist/.m2/repository/org/projectlombok/lombok/1.18.42/lombok-1.18.42.jar","/home/jbergqvist/.m2/repository/com/github/java-json-tools/json-schema-validator/2.2.14/json-schema-validator-2.2.14.jar","/home/jbergqvist/.m2/repository/com/github/java-json-tools/jackson-coreutils-equivalence/1.0/jackson-coreutils-equivalence-1.0.jar","/home/jbergqvist/.m2/repository/com/github/java-json-tools/jackson-coreutils/2.0/jackson-coreutils-2.0.jar","/home/jbergqvist/.m2/repository/com/github/java-json-tools/msg-simple/1.2/msg-simple-1.2.jar","/home/jbergqvist/.m2/repository/com/github/java-json-tools/btf/1.3/btf-1.3.jar","/home/jbergqvist/.m2/repository/com/github/java-json-tools/json-schema-core/1.2.14/json-schema-core-1.2.14.jar","/home/jbergqvist/.m2/repository/com/github/java-json-tools/uri-template/0.10/uri-template-0.10.jar","/home/jbergqvist/.m2/repository/com/sun/mail/mailapi/1.6.2/mailapi-1.6.2.jar","/home/jbergqvist/.m2/repository/joda-time/joda-time/2.10.5/joda-time-2.10.5.jar","/home/jbergqvist/.m2/repository/com/googlecode/libphonenumber/libphonenumber/8.11.1/libphonenumber-8.11.1.jar","/home/jbergqvist/.m2/repository/com/google/code/findbugs/jsr305/3.0.2/jsr305-3.0.2.jar","/home/jbergqvist/.m2/repository/net/sf/jopt-simple/jopt-simple/5.0.4/jopt-simple-5.0.4.jar","/home/jbergqvist/.m2/repository/org/mozilla/rhino/1.7.13/rhino-1.7.13.jar","/home/jbergqvist/.m2/repository/com/google/guava/guava/32.1.2-jre/guava-32.1.2-jre.jar","/home/jbergqvist/.m2/repository/com/google/guava/failureaccess/1.0.1/failureaccess-1.0.1.jar","/home/jbergqvist/.m2/repository/com/google/guava/listenablefuture/9999.0-empty-to-avoid-conflict-with-guava/listenablefuture-9999.0-empty-to-avoid-conflict-with-guava.jar","/home/jbergqvist/.m2/repository/org/checkerframework/checker-qual/3.33.0/checker-qual-3.33.0.jar","/home/jbergqvist/.m2/repository/com/google/errorprone/error_prone_annotations/2.18.0/error_prone_annotations-2.18.0.jar","/home/jbergqvist/.m2/repository/com/google/j2objc/j2objc-annotations/2.8/j2objc-annotations-2.8.jar","/home/jbergqvist/.m2/repository/com/fasterxml/jackson/core/jackson-core/2.15.2/jackson-core-2.15.2.jar","/home/jbergqvist/.m2/repository/com/fasterxml/jackson/core/jackson-databind/2.15.2/jackson-databind-2.15.2.jar","/home/jbergqvist/.m2/repository/com/fasterxml/jackson/core/jackson-annotations/2.15.2/jackson-annotations-2.15.2.jar","/home/jbergqvist/.m2/repository/commons-io/commons-io/2.11.0/commons-io-2.11.0.jar","/home/jbergqvist/.m2/repository/org/apache/commons/commons-lang3/3.12.0/commons-lang3-3.12.0.jar","/home/jbergqvist/.m2/repository/org/freemarker/freemarker/2.3.31/freemarker-2.3.31.jar","/home/jbergqvist/.m2/repository/org/slf4j/slf4j-api/1.7.32/slf4j-api-1.7.32.jar","/home/jbergqvist/.m2/repository/com/diffblue/cover/cover-annotations/1.8.0/cover-annotations-1.8.0.jar","/home/jbergqvist/.m2/repository/com/atlassian/commonmark/commonmark/0.15.2/commonmark-0.15.2.jar","/home/jbergqvist/.m2/repository/org/junit/jupiter/junit-jupiter-api/5.8.2/junit-jupiter-api-5.8.2.jar","/home/jbergqvist/.m2/repository/org/opentest4j/opentest4j/1.2.0/opentest4j-1.2.0.jar","/home/jbergqvist/.m2/repository/org/junit/platform/junit-platform-commons/1.8.2/junit-platform-commons-1.8.2.jar","/home/jbergqvist/.m2/repository/org/apiguardian/apiguardian-api/1.1.2/apiguardian-api-1.1.2.jar","/home/jbergqvist/.m2/repository/org/junit/jupiter/junit-jupiter-params/5.8.2/junit-jupiter-params-5.8.2.jar","/home/jbergqvist/.m2/repository/org/junit/jupiter/junit-jupiter-engine/5.8.2/junit-jupiter-engine-5.8.2.jar","/home/jbergqvist/.m2/repository/org/junit/platform/junit-platform-engine/1.8.2/junit-platform-engine-1.8.2.jar","/home/jbergqvist/.m2/repository/org/junit/vintage/junit-vintage-engine/5.8.2/junit-vintage-engine-5.8.2.jar","/home/jbergqvist/.m2/repository/junit/junit/4.13.2/junit-4.13.2.jar","/home/jbergqvist/.m2/repository/org/hamcrest/hamcrest-core/1.3/hamcrest-core-1.3.jar","/home/jbergqvist/.m2/repository/org/mockito/mockito-core/4.0.0/mockito-core-4.0.0.jar","/home/jbergqvist/.m2/repository/net/bytebuddy/byte-buddy/1.11.19/byte-buddy-1.11.19.jar","/home/jbergqvist/.m2/repository/net/bytebuddy/byte-buddy-agent/1.11.19/byte-buddy-agent-1.11.19.jar","/home/jbergqvist/.m2/repository/org/objenesis/objenesis/3.2/objenesis-3.2.jar","/home/jbergqvist/.m2/repository/org/openjdk/jmh/jmh-core/1.33/jmh-core-1.33.jar","/home/jbergqvist/.m2/repository/org/apache/commons/commons-math3/3.2/commons-math3-3.2.jar","/home/jbergqvist/.m2/repository/org/openjdk/jmh/jmh-generator-annprocess/1.33/jmh-generator-annprocess-1.33.jar","/home/jbergqvist/.m2/repository/org/xmlunit/xmlunit-core/2.8.3/xmlunit-core-2.8.3.jar","/home/jbergqvist/.m2/repository/jakarta/xml/bind/jakarta.xml.bind-api/2.3.3/jakarta.xml.bind-api-2.3.3.jar","/home/jbergqvist/.m2/repository/jakarta/activation/jakarta.activation-api/1.2.2/jakarta.activation-api-1.2.2.jar","/home/jbergqvist/.m2/repository/ch/qos/logback/logback-classic/1.2.9/logback-classic-1.2.9.jar","/home/jbergqvist/.m2/repository/ch/qos/logback/logback-core/1.2.9/logback-core-1.2.9.jar"],"complianceLevel":"1.8","productionSources":["/home/jbergqvist/diffblue/finos-messageml-utils/src/main/java"],"testSources":["/home/jbergqvist/diffblue/finos-messageml-utils/src/test/java"],"productionClasses":"/home/jbergqvist/diffblue/finos-messageml-utils/target/classes","testClasses":"/home/jbergqvist/diffblue/finos-messageml-utils/target/test-classes","sourceToBuildPathMap":null,"testSourceToBuildPathMap":null,"buildDirectory":"/home/jbergqvist/diffblue/finos-messageml-utils/target","plugins":[{"__type":"DefaultPlugin","groupId":"org.apache.maven.plugins","artefactId":"maven-surefire-plugin","version":"2.22.2","pluginClassName":null},{"__type":"DefaultPlugin","groupId":"org.apache.maven.plugins","artefactId":"maven-clean-plugin","version":"2.5","pluginClassName":null},{"__type":"DefaultPlugin","groupId":"org.apache.maven.plugins","artefactId":"maven-resources-plugin","version":"2.6","pluginClassName":null},{"__type":"DefaultPlugin","groupId":"org.apache.maven.plugins","artefactId":"maven-jar-plugin","version":"3.2.2","pluginClassName":null},{"__type":"DefaultPlugin","groupId":"org.apache.maven.plugins","artefactId":"maven-compiler-plugin","version":"3.1","pluginClassName":null},{"__type":"DefaultPlugin","groupId":"org.apache.maven.plugins","artefactId":"maven-install-plugin","version":"2.4","pluginClassName":null},{"__type":"DefaultPlugin","groupId":"org.apache.maven.plugins","artefactId":"maven-deploy-plugin","version":"3.0.0-M1","pluginClassName":null},{"__type":"DefaultPlugin","groupId":"org.apache.maven.plugins","artefactId":"maven-site-plugin","version":"3.3","pluginClassName":null}],"version":"3.8.4","encoding":"UTF-8","name":"maven","subModules":[],"simpleModuleName":null,"parentModuleName":null,"location":"/home/jbergqvist/diffblue/finos-messageml-utils","fullModuleName":"org.symphonyoss.symphony:messageml"}}
17:10:12.222 [INFO]   [Validating]  out: [INFO] ------------------------------------------------------------------------
17:10:12.222 [INFO]   [Validating]  out: [INFO] BUILD FAILURE
17:10:12.222 [INFO]   [Validating]  out: [INFO] ------------------------------------------------------------------------
17:10:12.222 [INFO]   [Validating]  out: [INFO] Total time:  9.965 s
17:10:12.222 [INFO]   [Validating]  out: [INFO] Finished at: 2026-01-09T17:10:12Z
17:10:12.222 [INFO]   [Validating]  out: [INFO] ------------------------------------------------------------------------
17:10:12.222 [INFO]   [Validating]  deserializing line [DIFFBLUE]{"__type":"com.diffblue.cover.buildsystem.model.ProjectInfoMessage","projectName":"org.symphonyoss.symphony:messageml","productionSources":["/home/jbergqvist/diffblue/finos-messageml-utils/src/main/java"],"testSources":["/home/jbergqvist/diffblue/finos-messageml-utils/src/test/java"],"location":"/home/jbergqvist/diffblue/finos-messageml-utils"}
17:10:12.223 [INFO]   [Validating]  out: [ERROR] Failed to execute goal org.apache.maven.plugins:maven-surefire-plugin:2.22.2:test (default-test) on project messageml: There are test failures.
17:10:12.223 [INFO]   [Validating]  out: [ERROR] 
17:10:12.223 [INFO]   [Validating]  out: [ERROR] Please refer to /home/jbergqvist/diffblue/finos-messageml-utils/target/surefire-reports for the individual test results.
17:10:12.223 [INFO]   [Validating]  out: [ERROR] Please refer to dump files (if any exist) [date].dump, [date]-jvmRun[N].dump and [date].dumpstream.
17:10:12.223 [INFO]   [Validating]  out: [ERROR] -> [Help 1]
17:10:12.223 [INFO]   [Validating]  out: [ERROR] 
17:10:12.223 [INFO]   [Validating]  out: [ERROR] To see the full stack trace of the errors, re-run Maven with the -e switch.
17:10:12.223 [INFO]   [Validating]  out: [ERROR] Re-run Maven using the -X switch to enable full debug logging.
17:10:12.223 [INFO]   [Validating]  out: [ERROR] 
17:10:12.223 [INFO]   [Validating]  out: [ERROR] For more information about the errors and possible solutions, please read the following articles:
17:10:12.223 [INFO]   [Validating]  out: [ERROR] [Help 1] http://cwiki.apache.org/confluence/display/MAVEN/MojoFailureException
17:10:12.280 [INFO]   [Validating]  maven:err process not stopped, joining thread
17:10:12.280 [INFO]   [Validating]  maven:out process not stopped, joining thread
17:10:12.601 [INFO]   [Validating]  Test validation was able to validate 2,179 out of 2,180 complete tests, the remainder were discarded.
17:10:12.603 [WARN]   [Validating]  E032: Failing tests detected while validating
During test validation there were some test failures. Please see the list below
and the contents of the log file. Without addressing these failing tests,
Diffblue Cover will be unable to properly validate the created tests.
Failing tests:
- org.symphonyoss.symphony.entityjson.TestValidSchemas.testStructuredObject
- org.symphonyoss.symphony.entityjson.TestValidSchemas.testBondRfq
- org.symphonyoss.symphony.entityjson.TestValidSchemas.testJsonSchema
- org.symphonyoss.symphony.entityjson.TestValidSchemas.testEntityJsonSchema
- org.symphonyoss.symphony.entityjson.TestValidSchemas.testSingleJira
- org.symphonyoss.symphony.entityjson.TestValidSchemas.testExpandedJira
- org.symphonyoss.symphony.entityjson.TestValidSchemas.testBondRfqObject
- org.symphonyoss.symphony.entityjson.TestValidSchemas.testBondRfqSchema
- org.symphonyoss.symphony.entityjson.TestValidSchemas.testEntityJson
- org.symphonyoss.symphony.entityjson.TestInvalidSchemas.testInvalidTypeVersion
- org.symphonyoss.symphony.entityjson.TestInvalidSchemas.testMissingTypeVersion
- org.symphonyoss.symphony.entityjson.TestInvalidSchemas.testMissingTypeId
- org.symphonyoss.symphony.entityjson.TestInvalidSchemas.testIdExtraAttributes
- org.symphonyoss.symphony.entityjson.TestInvalidSchemas.testObjectIdObject
- org.symphonyoss.symphony.entityjson.TestInvalidSchemas.testObjectIdString
The output from running this command is available towards the end of the log
file.
If you have customized your build system configuration for Diffblue Cover,
refer to the guidelines here:
https://docs.diffblue.com/features/cover-cli/project-configuration/configuring-cover-to-work-with-your-projects-build-system/
17:10:12.618 [INFO]   [Measuring]   Calculating coverage from Diffblue tests.
17:10:12.623 [INFO]   [Measuring]   Using default build rules as no custom rules found in any of [/home/jbergqvist/diffblue/finos-messageml-utils]
17:10:12.623 [INFO]   [Measuring]   Using default build rules as no custom rules found in any of [/home/jbergqvist/diffblue/finos-messageml-utils]
17:10:12.623 [INFO]   [Measuring]   Attempting to invoke /home/jbergqvist/diffblue/finos-messageml-utils/mvnw in working directory: /home/jbergqvist/diffblue/finos-messageml-utils
17:10:12.623 [INFO]   [Measuring]   Started "/home/jbergqvist/diffblue/finos-messageml-utils/mvnw -Dmaven.ext.class.path=/opt/cover/cover-buildsystem-maven-spy-jar-with-dependencies.jar -Dcom.diffblue.cover.skipTests=true -DskipTestOptimizer --batch-mode --projects=org.symphonyoss.symphony:messageml --global-settings=/home/jbergqvist/.sdkman/candidates/maven/current/conf/settings.xml org.jacoco:jacoco-maven-plugin:0.8.11:prepare-agent -Djacoco.skip=false test -DfailIfNoTests=false -Dsurefire.failIfNoSpecifiedTests=false -Dmaven.test.failure.ignore=True -Dtest=*DiffblueTest org.jacoco:jacoco-maven-plugin:0.8.11:report -Djacoco.skip=false"
17:10:13.255 [INFO]   [Measuring]   out: [INFO] Scanning for projects...
17:10:13.319 [INFO]   [Measuring]   out: [INFO] 
17:10:13.319 [INFO]   [Measuring]   out: [INFO] -----------------< org.symphonyoss.symphony:messageml >-----------------
17:10:13.319 [INFO]   [Measuring]   out: [INFO] Building MessageML Utils 0.13.0
17:10:13.319 [INFO]   [Measuring]   out: [INFO] --------------------------------[ jar ]---------------------------------
17:10:13.572 [INFO]   [Measuring]   deserializing line [DIFFBLUE]{"__type":"com.diffblue.cover.buildsystem.model.DefaultEventMessage","project":"org.symphonyoss.symphony:messageml","goal":"prepare-agent","cause":null,"state":"STARTED"}
17:10:13.573 [INFO]   [Measuring]   out: [INFO] 
17:10:13.573 [INFO]   [Measuring]   out: [INFO] --- jacoco-maven-plugin:0.8.11:prepare-agent (default-cli) @ messageml ---
17:10:13.639 [INFO]   [Measuring]   out: [INFO] argLine set to -javaagent:/home/jbergqvist/.m2/repository/org/jacoco/org.jacoco.agent/0.8.11/org.jacoco.agent-0.8.11-runtime.jar=destfile=/home/jbergqvist/diffblue/finos-messageml-utils/target/jacoco.exec
17:10:13.640 [INFO]   [Measuring]   deserializing line [DIFFBLUE]{"__type":"com.diffblue.cover.buildsystem.model.DefaultEventMessage","project":"org.symphonyoss.symphony:messageml","goal":"prepare-agent","cause":null,"state":"SUCCESS"}
17:10:13.642 [INFO]   [Measuring]   deserializing line [DIFFBLUE]{"__type":"com.diffblue.cover.buildsystem.model.DefaultEventMessage","project":"org.symphonyoss.symphony:messageml","goal":"resources","cause":null,"state":"STARTED"}
17:10:13.643 [INFO]   [Measuring]   out: [INFO] 
17:10:13.643 [INFO]   [Measuring]   out: [INFO] --- maven-resources-plugin:2.6:resources (default-resources) @ messageml ---
17:10:13.708 [INFO]   [Measuring]   out: [INFO] Using 'UTF-8' encoding to copy filtered resources.
17:10:13.709 [INFO]   [Measuring]   out: [INFO] Copying 1 resource
17:10:13.713 [INFO]   [Measuring]   deserializing line [DIFFBLUE]{"__type":"com.diffblue.cover.buildsystem.model.DefaultEventMessage","project":"org.symphonyoss.symphony:messageml","goal":"resources","cause":null,"state":"SUCCESS"}
17:10:13.714 [INFO]   [Measuring]   deserializing line [DIFFBLUE]{"__type":"com.diffblue.cover.buildsystem.model.DefaultEventMessage","project":"org.symphonyoss.symphony:messageml","goal":"compile","cause":null,"state":"STARTED"}
17:10:13.714 [INFO]   [Measuring]   out: [INFO] 
17:10:13.714 [INFO]   [Measuring]   out: [INFO] --- maven-compiler-plugin:3.1:compile (default-compile) @ messageml ---
17:10:13.809 [INFO]   [Measuring]   out: [INFO] Nothing to compile - all classes are up to date
17:10:13.811 [INFO]   [Measuring]   deserializing line [DIFFBLUE]{"__type":"com.diffblue.cover.buildsystem.model.DefaultEventMessage","project":"org.symphonyoss.symphony:messageml","goal":"compile","cause":null,"state":"SUCCESS"}
17:10:13.812 [INFO]   [Measuring]   deserializing line [DIFFBLUE]{"__type":"com.diffblue.cover.buildsystem.model.DefaultEventMessage","project":"org.symphonyoss.symphony:messageml","goal":"testResources","cause":null,"state":"STARTED"}
17:10:13.813 [INFO]   [Measuring]   out: [INFO] 
17:10:13.813 [INFO]   [Measuring]   out: [INFO] --- maven-resources-plugin:2.6:testResources (default-testResources) @ messageml ---
17:10:13.813 [INFO]   [Measuring]   out: [INFO] Using 'UTF-8' encoding to copy filtered resources.
17:10:13.816 [INFO]   [Measuring]   out: [INFO] Copying 36 resources
17:10:13.821 [INFO]   [Measuring]   deserializing line [DIFFBLUE]{"__type":"com.diffblue.cover.buildsystem.model.DefaultEventMessage","project":"org.symphonyoss.symphony:messageml","goal":"testResources","cause":null,"state":"SUCCESS"}
17:10:13.822 [INFO]   [Measuring]   deserializing line [DIFFBLUE]{"__type":"com.diffblue.cover.buildsystem.model.DefaultEventMessage","project":"org.symphonyoss.symphony:messageml","goal":"testCompile","cause":null,"state":"STARTED"}
17:10:13.823 [INFO]   [Measuring]   out: [INFO] 
17:10:13.824 [INFO]   [Measuring]   out: [INFO] --- maven-compiler-plugin:3.1:testCompile (default-testCompile) @ messageml ---
17:10:13.842 [INFO]   [Measuring]   out: [INFO] Changes detected - recompiling the module!
17:10:13.845 [INFO]   [Measuring]   out: [INFO] Compiling 188 source files to /home/jbergqvist/diffblue/finos-messageml-utils/target/test-classes
17:10:18.471 [INFO]   [Measuring]   out: [WARNING] /home/jbergqvist/diffblue/finos-messageml-utils/src/test/java/org/symphonyoss/symphony/messageml/elements/ElementTest.java: Some input files use or override a deprecated API.
17:10:18.471 [INFO]   [Measuring]   out: [WARNING] /home/jbergqvist/diffblue/finos-messageml-utils/src/test/java/org/symphonyoss/symphony/messageml/elements/ElementTest.java: Recompile with -Xlint:deprecation for details.
17:10:18.471 [INFO]   [Measuring]   out: [WARNING] /home/jbergqvist/diffblue/finos-messageml-utils/src/test/java/org/symphonyoss/symphony/messageml/MessageMLContextTest.java: /home/jbergqvist/diffblue/finos-messageml-utils/src/test/java/org/symphonyoss/symphony/messageml/MessageMLContextTest.java uses unchecked or unsafe operations.
17:10:18.471 [INFO]   [Measuring]   out: [WARNING] /home/jbergqvist/diffblue/finos-messageml-utils/src/test/java/org/symphonyoss/symphony/messageml/MessageMLContextTest.java: Recompile with -Xlint:unchecked for details.
17:10:18.473 [INFO]   [Measuring]   deserializing line [DIFFBLUE]{"__type":"com.diffblue.cover.buildsystem.model.DefaultEventMessage","project":"org.symphonyoss.symphony:messageml","goal":"testCompile","cause":null,"state":"SUCCESS"}
17:10:18.474 [INFO]   [Measuring]   deserializing line [DIFFBLUE]{"__type":"com.diffblue.cover.buildsystem.model.DefaultEventMessage","project":"org.symphonyoss.symphony:messageml","goal":"test","cause":null,"state":"STARTED"}
17:10:18.475 [INFO]   [Measuring]   out: [INFO] 
17:10:18.476 [INFO]   [Measuring]   out: [INFO] --- maven-surefire-plugin:2.22.2:test (default-test) @ messageml ---
17:10:18.638 [INFO]   [Measuring]   out: [INFO] 
17:10:18.638 [INFO]   [Measuring]   out: [INFO] -------------------------------------------------------
17:10:18.638 [INFO]   [Measuring]   out: [INFO]  T E S T S
17:10:18.638 [INFO]   [Measuring]   out: [INFO] -------------------------------------------------------
17:10:19.669 [INFO]   [Measuring]   out: [INFO] Running org.symphonyoss.symphony.entityjson.EntityJsonParserDiffblueTest
17:10:20.214 [INFO]   [Measuring]   out: [INFO] Tests run: 10, Failures: 0, Errors: 0, Skipped: 0, Time elapsed: 0.539 s - in org.symphonyoss.symphony.entityjson.EntityJsonParserDiffblueTest
17:10:20.214 [INFO]   [Measuring]   out: [INFO] Running org.symphonyoss.symphony.entityjson.NoSchemaExceptionDiffblueTest
17:10:20.525 [INFO]   [Measuring]   out: [INFO] Tests run: 5, Failures: 0, Errors: 0, Skipped: 0, Time elapsed: 0.31 s - in org.symphonyoss.symphony.entityjson.NoSchemaExceptionDiffblueTest
17:10:20.525 [INFO]   [Measuring]   out: [INFO] Running org.symphonyoss.symphony.entityjson.EntityJsonParserBuilderDiffblueTest
17:10:20.526 [INFO]   [Measuring]   out: [INFO] Tests run: 1, Failures: 0, Errors: 0, Skipped: 0, Time elapsed: 0 s - in org.symphonyoss.symphony.entityjson.EntityJsonParserBuilderDiffblueTest
17:10:20.526 [INFO]   [Measuring]   out: [INFO] Running org.symphonyoss.symphony.entityjson.StructuredObjectIdDiffblueTest
17:10:20.825 [INFO]   [Measuring]   out: [INFO] Tests run: 2, Failures: 0, Errors: 0, Skipped: 0, Time elapsed: 0.298 s - in org.symphonyoss.symphony.entityjson.StructuredObjectIdDiffblueTest
17:10:20.826 [INFO]   [Measuring]   out: [INFO] Running org.symphonyoss.symphony.entityjson.SchemaValidationExceptionDiffblueTest
17:10:20.827 [INFO]   [Measuring]   out: [INFO] Tests run: 5, Failures: 0, Errors: 0, Skipped: 0, Time elapsed: 0.001 s - in org.symphonyoss.symphony.entityjson.SchemaValidationExceptionDiffblueTest
17:10:20.827 [INFO]   [Measuring]   out: [INFO] Running org.symphonyoss.symphony.entityjson.UntrustedSchemaSourceExceptionDiffblueTest
17:10:20.828 [INFO]   [Measuring]   out: [INFO] Tests run: 5, Failures: 0, Errors: 0, Skipped: 0, Time elapsed: 0 s - in org.symphonyoss.symphony.entityjson.UntrustedSchemaSourceExceptionDiffblueTest
17:10:20.828 [INFO]   [Measuring]   out: [INFO] Running org.symphonyoss.symphony.entityjson.StructuredObjectDiffblueTest
17:10:20.840 [INFO]   [Measuring]   out: [INFO] Tests run: 5, Failures: 0, Errors: 0, Skipped: 0, Time elapsed: 0.009 s - in org.symphonyoss.symphony.entityjson.StructuredObjectDiffblueTest
17:10:20.840 [INFO]   [Measuring]   out: [INFO] Running org.symphonyoss.symphony.entityjson.InvalidInstanceExceptionDiffblueTest
17:10:20.842 [INFO]   [Measuring]   out: [INFO] Tests run: 5, Failures: 0, Errors: 0, Skipped: 0, Time elapsed: 0 s - in org.symphonyoss.symphony.entityjson.InvalidInstanceExceptionDiffblueTest
17:10:20.842 [INFO]   [Measuring]   out: [INFO] Running org.symphonyoss.symphony.entityjson.EntityJsonDiffblueTest
17:10:20.844 [INFO]   [Measuring]   out: [INFO] Tests run: 6, Failures: 0, Errors: 0, Skipped: 0, Time elapsed: 0 s - in org.symphonyoss.symphony.entityjson.EntityJsonDiffblueTest
17:10:20.844 [INFO]   [Measuring]   out: [INFO] Running org.symphonyoss.symphony.entityjson.EntityJsonContextDiffblueTest
17:10:20.999 [INFO]   [Measuring]   out: [INFO] Tests run: 3, Failures: 0, Errors: 0, Skipped: 0, Time elapsed: 0.154 s - in org.symphonyoss.symphony.entityjson.EntityJsonContextDiffblueTest
17:10:20.999 [INFO]   [Measuring]   out: [INFO] Running org.symphonyoss.symphony.entityjson.InvalidSchemaExceptionDiffblueTest
17:10:21.000 [INFO]   [Measuring]   out: [INFO] Tests run: 5, Failures: 0, Errors: 0, Skipped: 0, Time elapsed: 0 s - in org.symphonyoss.symphony.entityjson.InvalidSchemaExceptionDiffblueTest
17:10:21.000 [INFO]   [Measuring]   out: [INFO] Running org.symphonyoss.symphony.messageml.bi.BiEventTypeDiffblueTest
17:10:21.001 [INFO]   [Measuring]   out: [INFO] Tests run: 1, Failures: 0, Errors: 0, Skipped: 0, Time elapsed: 0 s - in org.symphonyoss.symphony.messageml.bi.BiEventTypeDiffblueTest
17:10:21.001 [INFO]   [Measuring]   out: [INFO] Running org.symphonyoss.symphony.messageml.bi.BiFieldsDiffblueTest
17:10:21.002 [INFO]   [Measuring]   out: [INFO] Tests run: 1, Failures: 0, Errors: 0, Skipped: 0, Time elapsed: 0 s - in org.symphonyoss.symphony.messageml.bi.BiFieldsDiffblueTest
17:10:21.002 [INFO]   [Measuring]   out: [INFO] Running org.symphonyoss.symphony.messageml.bi.BiContextDiffblueTest
17:10:21.036 [INFO]   [Measuring]   out: 17:10:21.034 [main] WARN org.symphonyoss.symphony.messageml.bi.BiContext - Failed to extract the messageML library version.
17:10:21.038 [INFO]   [Measuring]   out: 17:10:21.037 [main] WARN org.symphonyoss.symphony.messageml.bi.BiContext - Attribute count for element Item Name does not contain an integer value. The count will not be increased.
17:10:21.050 [INFO]   [Measuring]   out: 17:10:21.050 [main] WARN org.symphonyoss.symphony.messageml.bi.BiContext - Attribute count for element Item Name does not contain an integer value. The count will not be increased.
17:10:21.050 [INFO]   [Measuring]   out: 17:10:21.050 [main] WARN org.symphonyoss.symphony.messageml.bi.BiContext - Attribute count for element Item Name does not contain an integer value. The count will not be increased.
17:10:21.052 [INFO]   [Measuring]   out: [INFO] Tests run: 32, Failures: 0, Errors: 0, Skipped: 0, Time elapsed: 0.049 s - in org.symphonyoss.symphony.messageml.bi.BiContextDiffblueTest
17:10:21.053 [INFO]   [Measuring]   out: [INFO] Running org.symphonyoss.symphony.messageml.bi.BiItemDiffblueTest
17:10:21.054 [INFO]   [Measuring]   out: [INFO] Tests run: 11, Failures: 0, Errors: 0, Skipped: 0, Time elapsed: 0 s - in org.symphonyoss.symphony.messageml.bi.BiItemDiffblueTest
17:10:21.054 [INFO]   [Measuring]   out: [INFO] Running org.symphonyoss.symphony.messageml.exceptions.InvalidInputExceptionDiffblueTest
17:10:21.056 [INFO]   [Measuring]   out: [INFO] Tests run: 3, Failures: 0, Errors: 0, Skipped: 0, Time elapsed: 0 s - in org.symphonyoss.symphony.messageml.exceptions.InvalidInputExceptionDiffblueTest
17:10:21.056 [INFO]   [Measuring]   out: [INFO] Running org.symphonyoss.symphony.messageml.exceptions.ProcessingExceptionDiffblueTest
17:10:21.057 [INFO]   [Measuring]   out: [INFO] Tests run: 2, Failures: 0, Errors: 0, Skipped: 0, Time elapsed: 0 s - in org.symphonyoss.symphony.messageml.exceptions.ProcessingExceptionDiffblueTest
17:10:21.057 [INFO]   [Measuring]   out: [INFO] Running org.symphonyoss.symphony.messageml.exceptions.MessageMLExceptionDiffblueTest
17:10:21.058 [INFO]   [Measuring]   out: [INFO] Tests run: 2, Failures: 0, Errors: 0, Skipped: 0, Time elapsed: 0 s - in org.symphonyoss.symphony.messageml.exceptions.MessageMLExceptionDiffblueTest
17:10:21.058 [INFO]   [Measuring]   out: [INFO] Running org.symphonyoss.symphony.messageml.MessageMLParserDiffblueTest
17:10:21.323 [INFO]   [Measuring]   out: [INFO] Tests run: 78, Failures: 0, Errors: 0, Skipped: 0, Time elapsed: 0.263 s - in org.symphonyoss.symphony.messageml.MessageMLParserDiffblueTest
17:10:21.323 [INFO]   [Measuring]   out: [INFO] Running org.symphonyoss.symphony.messageml.MessageMLContextDiffblueTest
17:10:21.350 [INFO]   [Measuring]   out: [INFO] Tests run: 17, Failures: 0, Errors: 0, Skipped: 0, Time elapsed: 0.026 s - in org.symphonyoss.symphony.messageml.MessageMLContextDiffblueTest
17:10:21.350 [INFO]   [Measuring]   out: [INFO] Running org.symphonyoss.symphony.messageml.elements.CodeDiffblueTest
17:10:21.354 [INFO]   [Measuring]   out: 17:10:21.354 [main] WARN org.symphonyoss.symphony.messageml.bi.BiContext - Attribute count for element codes does not contain an integer value. The count will not be increased.
17:10:21.369 [INFO]   [Measuring]   out: 17:10:21.369 [main] WARN org.symphonyoss.symphony.messageml.bi.BiContext - Attribute count for element codes does not contain an integer value. The count will not be increased.
17:10:21.375 [INFO]   [Measuring]   out: [INFO] Tests run: 34, Failures: 0, Errors: 0, Skipped: 0, Time elapsed: 0.023 s - in org.symphonyoss.symphony.messageml.elements.CodeDiffblueTest
17:10:21.375 [INFO]   [Measuring]   out: [INFO] Running org.symphonyoss.symphony.messageml.elements.HeaderDiffblueTest
17:10:21.375 [INFO]   [Measuring]   out: 17:10:21.374 [main] WARN org.symphonyoss.symphony.messageml.bi.BiContext - Attribute count for element headers does not contain an integer value. The count will not be increased.
17:10:21.375 [INFO]   [Measuring]   out: 17:10:21.375 [main] WARN org.symphonyoss.symphony.messageml.bi.BiContext - Attribute count for element headers does not contain an integer value. The count will not be increased.
17:10:21.377 [INFO]   [Measuring]   out: [INFO] Tests run: 13, Failures: 0, Errors: 0, Skipped: 0, Time elapsed: 0.001 s - in org.symphonyoss.symphony.messageml.elements.HeaderDiffblueTest
17:10:21.377 [INFO]   [Measuring]   out: [INFO] Running org.symphonyoss.symphony.messageml.elements.LabelableElementDiffblueTest
17:10:21.377 [INFO]   [Measuring]   out: [INFO] Tests run: 6, Failures: 0, Errors: 0, Skipped: 0, Time elapsed: 0 s - in org.symphonyoss.symphony.messageml.elements.LabelableElementDiffblueTest
17:10:21.377 [INFO]   [Measuring]   out: [INFO] Running org.symphonyoss.symphony.messageml.elements.TableDiffblueTest
17:10:21.377 [INFO]   [Measuring]   out: 17:10:21.377 [main] WARN org.symphonyoss.symphony.messageml.bi.BiContext - Attribute count for element table_rows_max does not contain an integer value. The count will not be increased.
17:10:21.378 [INFO]   [Measuring]   out: 17:10:21.378 [main] WARN org.symphonyoss.symphony.messageml.bi.BiContext - Attribute count for element tables does not contain an integer value. The count will not be increased.
17:10:21.378 [INFO]   [Measuring]   out: 17:10:21.378 [main] WARN org.symphonyoss.symphony.messageml.bi.BiContext - Attribute count for element tables does not contain an integer value. The count will not be increased.
17:10:21.380 [INFO]   [Measuring]   out: [INFO] Tests run: 13, Failures: 0, Errors: 0, Skipped: 0, Time elapsed: 0.002 s - in org.symphonyoss.symphony.messageml.elements.TableDiffblueTest
17:10:21.380 [INFO]   [Measuring]   out: [INFO] Running org.symphonyoss.symphony.messageml.elements.SplittableElementDiffblueTest
17:10:21.383 [INFO]   [Measuring]   out: [INFO] Tests run: 11, Failures: 0, Errors: 0, Skipped: 0, Time elapsed: 0.002 s - in org.symphonyoss.symphony.messageml.elements.SplittableElementDiffblueTest
17:10:21.383 [INFO]   [Measuring]   out: [INFO] Running org.symphonyoss.symphony.messageml.elements.TooltipableElementDiffblueTest
17:10:21.383 [INFO]   [Measuring]   out: [INFO] Tests run: 6, Failures: 0, Errors: 0, Skipped: 0, Time elapsed: 0 s - in org.symphonyoss.symphony.messageml.elements.TooltipableElementDiffblueTest
17:10:21.383 [INFO]   [Measuring]   out: [INFO] Running org.symphonyoss.symphony.messageml.elements.ParagraphDiffblueTest
17:10:21.383 [INFO]   [Measuring]   out: 17:10:21.383 [main] WARN org.symphonyoss.symphony.messageml.bi.BiContext - Attribute count for element paragraphs does not contain an integer value. The count will not be increased.
17:10:21.383 [INFO]   [Measuring]   out: 17:10:21.383 [main] WARN org.symphonyoss.symphony.messageml.bi.BiContext - Attribute count for element paragraphs does not contain an integer value. The count will not be increased.
17:10:21.384 [INFO]   [Measuring]   out: [INFO] Tests run: 10, Failures: 0, Errors: 0, Skipped: 0, Time elapsed: 0.001 s - in org.symphonyoss.symphony.messageml.elements.ParagraphDiffblueTest
17:10:21.384 [INFO]   [Measuring]   out: [INFO] Running org.symphonyoss.symphony.messageml.elements.HashTagDiffblueTest
17:10:21.384 [INFO]   [Measuring]   out: 17:10:21.384 [main] WARN org.symphonyoss.symphony.messageml.bi.BiContext - Attribute count for element hashtags does not contain an integer value. The count will not be increased.
17:10:21.386 [INFO]   [Measuring]   out: 17:10:21.385 [main] WARN org.symphonyoss.symphony.messageml.bi.BiContext - Attribute count for element hashtags does not contain an integer value. The count will not be increased.
17:10:21.387 [INFO]   [Measuring]   out: [INFO] Tests run: 20, Failures: 0, Errors: 0, Skipped: 0, Time elapsed: 0.002 s - in org.symphonyoss.symphony.messageml.elements.HashTagDiffblueTest
17:10:21.387 [INFO]   [Measuring]   out: [INFO] Running org.symphonyoss.symphony.messageml.elements.TimePickerDiffblueTest
17:10:21.446 [INFO]   [Measuring]   out: [INFO] Tests run: 17, Failures: 0, Errors: 0, Skipped: 0, Time elapsed: 0.058 s - in org.symphonyoss.symphony.messageml.elements.TimePickerDiffblueTest
17:10:21.446 [INFO]   [Measuring]   out: [INFO] Running org.symphonyoss.symphony.messageml.elements.KeywordDiffblueTest
17:10:21.448 [INFO]   [Measuring]   out: [INFO] Tests run: 15, Failures: 0, Errors: 0, Skipped: 0, Time elapsed: 0.001 s - in org.symphonyoss.symphony.messageml.elements.KeywordDiffblueTest
17:10:21.448 [INFO]   [Measuring]   out: [INFO] Running org.symphonyoss.symphony.messageml.elements.RegexElementDiffblueTest
17:10:21.449 [INFO]   [Measuring]   out: [INFO] Tests run: 3, Failures: 0, Errors: 0, Skipped: 0, Time elapsed: 0 s - in org.symphonyoss.symphony.messageml.elements.RegexElementDiffblueTest
17:10:21.449 [INFO]   [Measuring]   out: [INFO] Running org.symphonyoss.symphony.messageml.elements.SpanDiffblueTest
17:10:21.449 [INFO]   [Measuring]   out: 17:10:21.448 [main] WARN org.symphonyoss.symphony.messageml.bi.BiContext - Attribute count for element spans does not contain an integer value. The count will not be increased.
17:10:21.449 [INFO]   [Measuring]   out: 17:10:21.449 [main] WARN org.symphonyoss.symphony.messageml.bi.BiContext - Attribute count for element spans does not contain an integer value. The count will not be increased.
17:10:21.451 [INFO]   [Measuring]   out: [INFO] Tests run: 10, Failures: 0, Errors: 0, Skipped: 0, Time elapsed: 0.001 s - in org.symphonyoss.symphony.messageml.elements.SpanDiffblueTest
17:10:21.451 [INFO]   [Measuring]   out: [INFO] Running org.symphonyoss.symphony.messageml.elements.CashTagDiffblueTest
17:10:21.451 [INFO]   [Measuring]   out: 17:10:21.450 [main] WARN org.symphonyoss.symphony.messageml.bi.BiContext - Attribute count for element cashtags does not contain an integer value. The count will not be increased.
17:10:21.452 [INFO]   [Measuring]   out: 17:10:21.452 [main] WARN org.symphonyoss.symphony.messageml.bi.BiContext - Attribute count for element cashtags does not contain an integer value. The count will not be increased.
17:10:21.453 [INFO]   [Measuring]   out: [INFO] Tests run: 12, Failures: 0, Errors: 0, Skipped: 0, Time elapsed: 0.001 s - in org.symphonyoss.symphony.messageml.elements.CashTagDiffblueTest
17:10:21.453 [INFO]   [Measuring]   out: [INFO] Running org.symphonyoss.symphony.messageml.elements.TableHeaderCellDiffblueTest
17:10:21.454 [INFO]   [Measuring]   out: [INFO] Tests run: 3, Failures: 0, Errors: 0, Skipped: 0, Time elapsed: 0 s - in org.symphonyoss.symphony.messageml.elements.TableHeaderCellDiffblueTest
17:10:21.454 [INFO]   [Measuring]   out: [INFO] Running org.symphonyoss.symphony.messageml.elements.MinMaxLengthElementDiffblueTest
17:10:21.456 [INFO]   [Measuring]   out: [INFO] Tests run: 24, Failures: 0, Errors: 0, Skipped: 0, Time elapsed: 0.001 s - in org.symphonyoss.symphony.messageml.elements.MinMaxLengthElementDiffblueTest
17:10:21.456 [INFO]   [Measuring]   out: [INFO] Running org.symphonyoss.symphony.messageml.elements.ElementDiffblueTest
17:10:21.468 [INFO]   [Measuring]   out: [INFO] Tests run: 66, Failures: 0, Errors: 0, Skipped: 0, Time elapsed: 0.011 s - in org.symphonyoss.symphony.messageml.elements.ElementDiffblueTest
17:10:21.468 [INFO]   [Measuring]   out: [INFO] Running org.symphonyoss.symphony.messageml.elements.ListItemDiffblueTest
17:10:21.469 [INFO]   [Measuring]   out: [INFO] Tests run: 4, Failures: 0, Errors: 0, Skipped: 0, Time elapsed: 0 s - in org.symphonyoss.symphony.messageml.elements.ListItemDiffblueTest
17:10:21.469 [INFO]   [Measuring]   out: [INFO] Running org.symphonyoss.symphony.messageml.elements.ExpandableCardHeaderDiffblueTest
17:10:21.472 [INFO]   [Measuring]   out: [INFO] Tests run: 19, Failures: 0, Errors: 0, Skipped: 0, Time elapsed: 0.002 s - in org.symphonyoss.symphony.messageml.elements.ExpandableCardHeaderDiffblueTest
17:10:21.472 [INFO]   [Measuring]   out: [INFO] Running org.symphonyoss.symphony.messageml.elements.CardBodyDiffblueTest
17:10:21.475 [INFO]   [Measuring]   out: [INFO] Tests run: 22, Failures: 0, Errors: 0, Skipped: 0, Time elapsed: 0.003 s - in org.symphonyoss.symphony.messageml.elements.CardBodyDiffblueTest
17:10:21.475 [INFO]   [Measuring]   out: [INFO] Running org.symphonyoss.symphony.messageml.elements.RadioDiffblueTest
17:10:21.480 [INFO]   [Measuring]   out: [INFO] Tests run: 13, Failures: 0, Errors: 0, Skipped: 0, Time elapsed: 0.003 s - in org.symphonyoss.symphony.messageml.elements.RadioDiffblueTest
17:10:21.480 [INFO]   [Measuring]   out: [INFO] Running org.symphonyoss.symphony.messageml.elements.PreformattedDiffblueTest
17:10:21.480 [INFO]   [Measuring]   out: 17:10:21.480 [main] WARN org.symphonyoss.symphony.messageml.bi.BiContext - Attribute count for element pres does not contain an integer value. The count will not be increased.
17:10:21.480 [INFO]   [Measuring]   out: 17:10:21.480 [main] WARN org.symphonyoss.symphony.messageml.bi.BiContext - Attribute count for element pres does not contain an integer value. The count will not be increased.
17:10:21.483 [INFO]   [Measuring]   out: [INFO] Tests run: 18, Failures: 0, Errors: 0, Skipped: 0, Time elapsed: 0.001 s - in org.symphonyoss.symphony.messageml.elements.PreformattedDiffblueTest
17:10:21.483 [INFO]   [Measuring]   out: [INFO] Running org.symphonyoss.symphony.messageml.elements.SelectDiffblueTest
17:10:21.484 [INFO]   [Measuring]   out: [INFO] Tests run: 9, Failures: 0, Errors: 0, Skipped: 0, Time elapsed: 0 s - in org.symphonyoss.symphony.messageml.elements.SelectDiffblueTest
17:10:21.484 [INFO]   [Measuring]   out: [INFO] Running org.symphonyoss.symphony.messageml.elements.CardDiffblueTest
17:10:21.485 [INFO]   [Measuring]   out: 17:10:21.485 [main] WARN org.symphonyoss.symphony.messageml.bi.BiContext - Attribute count for element cards does not contain an integer value. The count will not be increased.
17:10:21.485 [INFO]   [Measuring]   out: 17:10:21.485 [main] WARN org.symphonyoss.symphony.messageml.bi.BiContext - Attribute count for element cards does not contain an integer value. The count will not be increased.
17:10:21.488 [INFO]   [Measuring]   out: [INFO] Tests run: 26, Failures: 0, Errors: 0, Skipped: 0, Time elapsed: 0.003 s - in org.symphonyoss.symphony.messageml.elements.CardDiffblueTest
17:10:21.488 [INFO]   [Measuring]   out: [INFO] Running org.symphonyoss.symphony.messageml.elements.LinkDiffblueTest
17:10:21.488 [INFO]   [Measuring]   out: 17:10:21.488 [main] WARN org.symphonyoss.symphony.messageml.bi.BiContext - Attribute count for element links does not contain an integer value. The count will not be increased.
17:10:21.489 [INFO]   [Measuring]   out: 17:10:21.489 [main] WARN org.symphonyoss.symphony.messageml.bi.BiContext - Attribute count for element links does not contain an integer value. The count will not be increased.
17:10:21.502 [INFO]   [Measuring]   out: [INFO] Tests run: 32, Failures: 0, Errors: 0, Skipped: 0, Time elapsed: 0.012 s - in org.symphonyoss.symphony.messageml.elements.LinkDiffblueTest
17:10:21.502 [INFO]   [Measuring]   out: [INFO] Running org.symphonyoss.symphony.messageml.elements.TableBodyDiffblueTest
17:10:21.503 [INFO]   [Measuring]   out: [INFO] Tests run: 4, Failures: 0, Errors: 0, Skipped: 0, Time elapsed: 0 s - in org.symphonyoss.symphony.messageml.elements.TableBodyDiffblueTest
17:10:21.503 [INFO]   [Measuring]   out: [INFO] Running org.symphonyoss.symphony.messageml.elements.FormElementDiffblueTest
17:10:21.504 [INFO]   [Measuring]   out: [INFO] Tests run: 6, Failures: 0, Errors: 0, Skipped: 0, Time elapsed: 0 s - in org.symphonyoss.symphony.messageml.elements.FormElementDiffblueTest
17:10:21.504 [INFO]   [Measuring]   out: [INFO] Running org.symphonyoss.symphony.messageml.elements.MessageMLDiffblueTest
17:10:21.549 [INFO]   [Measuring]   out: [INFO] Tests run: 43, Failures: 0, Errors: 0, Skipped: 0, Time elapsed: 0.044 s - in org.symphonyoss.symphony.messageml.elements.MessageMLDiffblueTest
17:10:21.549 [INFO]   [Measuring]   out: [INFO] Running org.symphonyoss.symphony.messageml.elements.TableCellDiffblueTest
17:10:21.550 [INFO]   [Measuring]   out: [INFO] Tests run: 4, Failures: 0, Errors: 0, Skipped: 0, Time elapsed: 0 s - in org.symphonyoss.symphony.messageml.elements.TableCellDiffblueTest
17:10:21.550 [INFO]   [Measuring]   out: [INFO] Running org.symphonyoss.symphony.messageml.elements.TableFooterDiffblueTest
17:10:21.550 [INFO]   [Measuring]   out: 17:10:21.549 [main] WARN org.symphonyoss.symphony.messageml.bi.BiContext - Attribute count for element table_footers does not contain an integer value. The count will not be increased.
17:10:21.550 [INFO]   [Measuring]   out: 17:10:21.549 [main] WARN org.symphonyoss.symphony.messageml.bi.BiContext - Attribute count for element table_footers does not contain an integer value. The count will not be increased.
17:10:21.551 [INFO]   [Measuring]   out: [INFO] Tests run: 10, Failures: 0, Errors: 0, Skipped: 0, Time elapsed: 0 s - in org.symphonyoss.symphony.messageml.elements.TableFooterDiffblueTest
17:10:21.551 [INFO]   [Measuring]   out: [INFO] Running org.symphonyoss.symphony.messageml.elements.EmojiDiffblueTest
17:10:21.575 [INFO]   [Measuring]   out: 17:10:21.575 [main] WARN org.symphonyoss.symphony.messageml.bi.BiContext - Attribute count for element emojis does not contain an integer value. The count will not be increased.
17:10:21.576 [INFO]   [Measuring]   out: 17:10:21.576 [main] WARN org.symphonyoss.symphony.messageml.bi.BiContext - Attribute count for element emojis does not contain an integer value. The count will not be increased.
17:10:21.580 [INFO]   [Measuring]   out: [INFO] Tests run: 42, Failures: 0, Errors: 0, Skipped: 0, Time elapsed: 0.028 s - in org.symphonyoss.symphony.messageml.elements.EmojiDiffblueTest
17:10:21.581 [INFO]   [Measuring]   out: [INFO] Running org.symphonyoss.symphony.messageml.elements.TimezonePickerDiffblueTest
17:10:21.585 [INFO]   [Measuring]   out: [INFO] Tests run: 19, Failures: 0, Errors: 0, Skipped: 0, Time elapsed: 0.004 s - in org.symphonyoss.symphony.messageml.elements.TimezonePickerDiffblueTest
17:10:21.585 [INFO]   [Measuring]   out: [INFO] Running org.symphonyoss.symphony.messageml.elements.TableHeaderDiffblueTest
17:10:21.585 [INFO]   [Measuring]   out: 17:10:21.584 [main] WARN org.symphonyoss.symphony.messageml.bi.BiContext - Attribute count for element table_headers does not contain an integer value. The count will not be increased.
17:10:21.585 [INFO]   [Measuring]   out: 17:10:21.585 [main] WARN org.symphonyoss.symphony.messageml.bi.BiContext - Attribute count for element table_headers does not contain an integer value. The count will not be increased.
17:10:21.586 [INFO]   [Measuring]   out: [INFO] Tests run: 10, Failures: 0, Errors: 0, Skipped: 0, Time elapsed: 0 s - in org.symphonyoss.symphony.messageml.elements.TableHeaderDiffblueTest
17:10:21.586 [INFO]   [Measuring]   out: [INFO] Running org.symphonyoss.symphony.messageml.elements.EntityDiffblueTest
17:10:21.587 [INFO]   [Measuring]   out: [INFO] Tests run: 6, Failures: 0, Errors: 0, Skipped: 0, Time elapsed: 0 s - in org.symphonyoss.symphony.messageml.elements.EntityDiffblueTest
17:10:21.587 [INFO]   [Measuring]   out: [INFO] Running org.symphonyoss.symphony.messageml.elements.FormDiffblueTest
17:10:21.594 [INFO]   [Measuring]   out: [INFO] Tests run: 25, Failures: 0, Errors: 0, Skipped: 0, Time elapsed: 0.006 s - in org.symphonyoss.symphony.messageml.elements.FormDiffblueTest
17:10:21.594 [INFO]   [Measuring]   out: [INFO] Running org.symphonyoss.symphony.messageml.elements.DateSelectorDiffblueTest
17:10:21.599 [INFO]   [Measuring]   out: [INFO] Tests run: 14, Failures: 0, Errors: 0, Skipped: 0, Time elapsed: 0.004 s - in org.symphonyoss.symphony.messageml.elements.DateSelectorDiffblueTest
17:10:21.599 [INFO]   [Measuring]   out: [INFO] Running org.symphonyoss.symphony.messageml.elements.RoomSelectorDiffblueTest
17:10:21.605 [INFO]   [Measuring]   out: [INFO] Tests run: 15, Failures: 0, Errors: 0, Skipped: 0, Time elapsed: 0.005 s - in org.symphonyoss.symphony.messageml.elements.RoomSelectorDiffblueTest
17:10:21.605 [INFO]   [Measuring]   out: [INFO] Running org.symphonyoss.symphony.messageml.elements.MentionDiffblueTest
17:10:21.605 [INFO]   [Measuring]   out: 17:10:21.605 [main] WARN org.symphonyoss.symphony.messageml.bi.BiContext - Attribute count for element mentions does not contain an integer value. The count will not be increased.
17:10:21.606 [INFO]   [Measuring]   out: 17:10:21.606 [main] WARN org.symphonyoss.symphony.messageml.bi.BiContext - Attribute count for element mentions does not contain an integer value. The count will not be increased.
17:10:21.608 [INFO]   [Measuring]   out: [INFO] Tests run: 26, Failures: 0, Errors: 0, Skipped: 0, Time elapsed: 0.002 s - in org.symphonyoss.symphony.messageml.elements.MentionDiffblueTest
17:10:21.608 [INFO]   [Measuring]   out: [INFO] Running org.symphonyoss.symphony.messageml.elements.SuperscriptDiffblueTest
17:10:21.609 [INFO]   [Measuring]   out: [INFO] Tests run: 2, Failures: 0, Errors: 0, Skipped: 0, Time elapsed: 0 s - in org.symphonyoss.symphony.messageml.elements.SuperscriptDiffblueTest
17:10:21.609 [INFO]   [Measuring]   out: [INFO] Running org.symphonyoss.symphony.messageml.elements.OptionDiffblueTest
17:10:21.609 [INFO]   [Measuring]   out: [INFO] Tests run: 4, Failures: 0, Errors: 0, Skipped: 0, Time elapsed: 0 s - in org.symphonyoss.symphony.messageml.elements.OptionDiffblueTest
17:10:21.609 [INFO]   [Measuring]   out: [INFO] Running org.symphonyoss.symphony.messageml.elements.ExpandableCardBodyDiffblueTest
17:10:21.611 [INFO]   [Measuring]   out: [INFO] Tests run: 19, Failures: 0, Errors: 0, Skipped: 0, Time elapsed: 0.001 s - in org.symphonyoss.symphony.messageml.elements.ExpandableCardBodyDiffblueTest
17:10:21.611 [INFO]   [Measuring]   out: [INFO] Running org.symphonyoss.symphony.messageml.elements.DialogDiffblueTest
17:10:21.612 [INFO]   [Measuring]   out: 17:10:21.612 [main] WARN org.symphonyoss.symphony.messageml.bi.BiContext - Attribute count for element popups does not contain an integer value. The count will not be increased.
17:10:21.613 [INFO]   [Measuring]   out: 17:10:21.613 [main] WARN org.symphonyoss.symphony.messageml.bi.BiContext - Attribute count for element popups does not contain an integer value. The count will not be increased.
17:10:21.615 [INFO]   [Measuring]   out: [INFO] Tests run: 37, Failures: 0, Errors: 0, Skipped: 0, Time elapsed: 0.003 s - in org.symphonyoss.symphony.messageml.elements.DialogDiffblueTest
17:10:21.616 [INFO]   [Measuring]   out: [INFO] Running org.symphonyoss.symphony.messageml.elements.HorizontalRuleDiffblueTest
17:10:21.616 [INFO]   [Measuring]   out: [INFO] Tests run: 8, Failures: 0, Errors: 0, Skipped: 0, Time elapsed: 0 s - in org.symphonyoss.symphony.messageml.elements.HorizontalRuleDiffblueTest
17:10:21.616 [INFO]   [Measuring]   out: [INFO] Running org.symphonyoss.symphony.messageml.elements.BoldDiffblueTest
17:10:21.617 [INFO]   [Measuring]   out: [INFO] Tests run: 5, Failures: 0, Errors: 0, Skipped: 0, Time elapsed: 0 s - in org.symphonyoss.symphony.messageml.elements.BoldDiffblueTest
17:10:21.617 [INFO]   [Measuring]   out: [INFO] Running org.symphonyoss.symphony.messageml.elements.TagDiffblueTest
17:10:21.647 [INFO]   [Measuring]   out: 17:10:21.647 [main] WARN org.symphonyoss.symphony.messageml.bi.BiContext - Attribute count for element hashtags does not contain an integer value. The count will not be increased.
17:10:21.649 [INFO]   [Measuring]   out: 17:10:21.649 [main] WARN org.symphonyoss.symphony.messageml.bi.BiContext - Attribute count for element hashtags does not contain an integer value. The count will not be increased.
17:10:21.652 [INFO]   [Measuring]   out: [INFO] Tests run: 34, Failures: 0, Errors: 0, Skipped: 0, Time elapsed: 0.033 s - in org.symphonyoss.symphony.messageml.elements.TagDiffblueTest
17:10:21.652 [INFO]   [Measuring]   out: [INFO] Running org.symphonyoss.symphony.messageml.elements.TableRowDiffblueTest
17:10:21.652 [INFO]   [Measuring]   out: 17:10:21.651 [main] WARN org.symphonyoss.symphony.messageml.bi.BiContext - Attribute count for element table_columns_max does not contain an integer value. The count will not be increased.
17:10:21.653 [INFO]   [Measuring]   out: [INFO] Tests run: 11, Failures: 0, Errors: 0, Skipped: 0, Time elapsed: 0 s - in org.symphonyoss.symphony.messageml.elements.TableRowDiffblueTest
17:10:21.653 [INFO]   [Measuring]   out: [INFO] Running org.symphonyoss.symphony.messageml.elements.DivDiffblueTest
17:10:21.653 [INFO]   [Measuring]   out: 17:10:21.651 [main] WARN org.symphonyoss.symphony.messageml.bi.BiContext - Attribute count for element divs does not contain an integer value. The count will not be increased.
17:10:21.653 [INFO]   [Measuring]   out: 17:10:21.652 [main] WARN org.symphonyoss.symphony.messageml.bi.BiContext - Attribute count for element divs does not contain an integer value. The count will not be increased.
17:10:21.654 [INFO]   [Measuring]   out: [INFO] Tests run: 11, Failures: 0, Errors: 0, Skipped: 0, Time elapsed: 0 s - in org.symphonyoss.symphony.messageml.elements.DivDiffblueTest
17:10:21.654 [INFO]   [Measuring]   out: [INFO] Running org.symphonyoss.symphony.messageml.elements.CheckboxDiffblueTest
17:10:21.655 [INFO]   [Measuring]   out: [INFO] Tests run: 13, Failures: 0, Errors: 0, Skipped: 0, Time elapsed: 0 s - in org.symphonyoss.symphony.messageml.elements.CheckboxDiffblueTest
17:10:21.655 [INFO]   [Measuring]   out: [INFO] Running org.symphonyoss.symphony.messageml.elements.CardHeaderDiffblueTest
17:10:21.657 [INFO]   [Measuring]   out: [INFO] Tests run: 22, Failures: 0, Errors: 0, Skipped: 0, Time elapsed: 0.001 s - in org.symphonyoss.symphony.messageml.elements.CardHeaderDiffblueTest
17:10:21.657 [INFO]   [Measuring]   out: [INFO] Running org.symphonyoss.symphony.messageml.elements.OrderedListDiffblueTest
17:10:21.657 [INFO]   [Measuring]   out: 17:10:21.656 [main] WARN org.symphonyoss.symphony.messageml.bi.BiContext - Attribute count for element lists does not contain an integer value. The count will not be increased.
17:10:21.657 [INFO]   [Measuring]   out: 17:10:21.657 [main] WARN org.symphonyoss.symphony.messageml.bi.BiContext - Attribute count for element lists does not contain an integer value. The count will not be increased.
17:10:21.658 [INFO]   [Measuring]   out: [INFO] Tests run: 10, Failures: 0, Errors: 0, Skipped: 0, Time elapsed: 0 s - in org.symphonyoss.symphony.messageml.elements.OrderedListDiffblueTest
17:10:21.658 [INFO]   [Measuring]   out: [INFO] Running org.symphonyoss.symphony.messageml.elements.DatePickerDiffblueTest
17:10:21.662 [INFO]   [Measuring]   out: [INFO] Tests run: 16, Failures: 0, Errors: 0, Skipped: 0, Time elapsed: 0.003 s - in org.symphonyoss.symphony.messageml.elements.DatePickerDiffblueTest
17:10:21.662 [INFO]   [Measuring]   out: [INFO] Running org.symphonyoss.symphony.messageml.elements.ChimeDiffblueTest
17:10:21.662 [INFO]   [Measuring]   out: 17:10:21.662 [main] WARN org.symphonyoss.symphony.messageml.bi.BiContext - Attribute count for element chimes does not contain an integer value. The count will not be increased.
17:10:21.662 [INFO]   [Measuring]   out: 17:10:21.662 [main] WARN org.symphonyoss.symphony.messageml.bi.BiContext - Attribute count for element chimes does not contain an integer value. The count will not be increased.
17:10:21.663 [INFO]   [Measuring]   out: [INFO] Tests run: 17, Failures: 0, Errors: 0, Skipped: 0, Time elapsed: 0.001 s - in org.symphonyoss.symphony.messageml.elements.ChimeDiffblueTest
17:10:21.663 [INFO]   [Measuring]   out: [INFO] Running org.symphonyoss.symphony.messageml.elements.LineBreakDiffblueTest
17:10:21.663 [INFO]   [Measuring]   out: 17:10:21.663 [main] WARN org.symphonyoss.symphony.messageml.bi.BiContext - Attribute count for element linebreaks does not contain an integer value. The count will not be increased.
17:10:21.664 [INFO]   [Measuring]   out: 17:10:21.664 [main] WARN org.symphonyoss.symphony.messageml.bi.BiContext - Attribute count for element linebreaks does not contain an integer value. The count will not be increased.
17:10:21.665 [INFO]   [Measuring]   out: [INFO] Tests run: 14, Failures: 0, Errors: 0, Skipped: 0, Time elapsed: 0.001 s - in org.symphonyoss.symphony.messageml.elements.LineBreakDiffblueTest
17:10:21.665 [INFO]   [Measuring]   out: [INFO] Running org.symphonyoss.symphony.messageml.elements.StylesDiffblueTest
17:10:21.666 [INFO]   [Measuring]   out: [INFO] Tests run: 4, Failures: 0, Errors: 0, Skipped: 0, Time elapsed: 0.001 s - in org.symphonyoss.symphony.messageml.elements.StylesDiffblueTest
17:10:21.667 [INFO]   [Measuring]   out: [INFO] Running org.symphonyoss.symphony.messageml.elements.TextFieldDiffblueTest
17:10:21.672 [INFO]   [Measuring]   out: [INFO] Tests run: 27, Failures: 0, Errors: 0, Skipped: 0, Time elapsed: 0.005 s - in org.symphonyoss.symphony.messageml.elements.TextFieldDiffblueTest
17:10:21.672 [INFO]   [Measuring]   out: [INFO] Running org.symphonyoss.symphony.messageml.elements.ItalicDiffblueTest
17:10:21.673 [INFO]   [Measuring]   out: [INFO] Tests run: 5, Failures: 0, Errors: 0, Skipped: 0, Time elapsed: 0 s - in org.symphonyoss.symphony.messageml.elements.ItalicDiffblueTest
17:10:21.673 [INFO]   [Measuring]   out: [INFO] Running org.symphonyoss.symphony.messageml.elements.ExpandableCardDiffblueTest
17:10:21.675 [INFO]   [Measuring]   out: [INFO] Tests run: 19, Failures: 0, Errors: 0, Skipped: 0, Time elapsed: 0.001 s - in org.symphonyoss.symphony.messageml.elements.ExpandableCardDiffblueTest
17:10:21.675 [INFO]   [Measuring]   out: [INFO] Running org.symphonyoss.symphony.messageml.elements.PersonSelectorDiffblueTest
17:10:21.679 [INFO]   [Measuring]   out: [INFO] Tests run: 15, Failures: 0, Errors: 0, Skipped: 0, Time elapsed: 0.004 s - in org.symphonyoss.symphony.messageml.elements.PersonSelectorDiffblueTest
17:10:21.679 [INFO]   [Measuring]   out: [INFO] Running org.symphonyoss.symphony.messageml.elements.TextNodeDiffblueTest
17:10:21.680 [INFO]   [Measuring]   out: [INFO] Tests run: 11, Failures: 0, Errors: 0, Skipped: 0, Time elapsed: 0 s - in org.symphonyoss.symphony.messageml.elements.TextNodeDiffblueTest
17:10:21.680 [INFO]   [Measuring]   out: [INFO] Running org.symphonyoss.symphony.messageml.elements.DialogChildDiffblueTest
17:10:21.682 [INFO]   [Measuring]   out: [INFO] Tests run: 20, Failures: 0, Errors: 0, Skipped: 0, Time elapsed: 0.001 s - in org.symphonyoss.symphony.messageml.elements.DialogChildDiffblueTest
17:10:21.682 [INFO]   [Measuring]   out: [INFO] Running org.symphonyoss.symphony.messageml.elements.BulletListDiffblueTest
17:10:21.682 [INFO]   [Measuring]   out: 17:10:21.681 [main] WARN org.symphonyoss.symphony.messageml.bi.BiContext - Attribute count for element lists does not contain an integer value. The count will not be increased.
17:10:21.682 [INFO]   [Measuring]   out: 17:10:21.681 [main] WARN org.symphonyoss.symphony.messageml.bi.BiContext - Attribute count for element lists does not contain an integer value. The count will not be increased.
17:10:21.683 [INFO]   [Measuring]   out: [INFO] Tests run: 10, Failures: 0, Errors: 0, Skipped: 0, Time elapsed: 0 s - in org.symphonyoss.symphony.messageml.elements.BulletListDiffblueTest
17:10:21.683 [INFO]   [Measuring]   out: [INFO] Running org.symphonyoss.symphony.messageml.elements.ButtonDiffblueTest
17:10:21.686 [INFO]   [Measuring]   out: [INFO] Tests run: 24, Failures: 0, Errors: 0, Skipped: 0, Time elapsed: 0.002 s - in org.symphonyoss.symphony.messageml.elements.ButtonDiffblueTest
17:10:21.686 [INFO]   [Measuring]   out: [INFO] Running org.symphonyoss.symphony.messageml.elements.SubscriptDiffblueTest
17:10:21.686 [INFO]   [Measuring]   out: [INFO] Tests run: 2, Failures: 0, Errors: 0, Skipped: 0, Time elapsed: 0 s - in org.symphonyoss.symphony.messageml.elements.SubscriptDiffblueTest
17:10:21.686 [INFO]   [Measuring]   out: [INFO] Running org.symphonyoss.symphony.messageml.elements.GroupedElementDiffblueTest
17:10:21.690 [INFO]   [Measuring]   out: [INFO] Tests run: 14, Failures: 0, Errors: 0, Skipped: 0, Time elapsed: 0.004 s - in org.symphonyoss.symphony.messageml.elements.GroupedElementDiffblueTest
17:10:21.690 [INFO]   [Measuring]   out: [INFO] Running org.symphonyoss.symphony.messageml.elements.TextAreaDiffblueTest
17:10:21.692 [INFO]   [Measuring]   out: [INFO] Tests run: 17, Failures: 0, Errors: 0, Skipped: 0, Time elapsed: 0.002 s - in org.symphonyoss.symphony.messageml.elements.TextAreaDiffblueTest
17:10:21.692 [INFO]   [Measuring]   out: [INFO] Running org.symphonyoss.symphony.messageml.elements.ImageDiffblueTest
17:10:21.692 [INFO]   [Measuring]   out: 17:10:21.692 [main] WARN org.symphonyoss.symphony.messageml.bi.BiContext - Attribute count for element images does not contain an integer value. The count will not be increased.
17:10:21.693 [INFO]   [Measuring]   out: 17:10:21.692 [main] WARN org.symphonyoss.symphony.messageml.bi.BiContext - Attribute count for element images does not contain an integer value. The count will not be increased.
17:10:21.694 [INFO]   [Measuring]   out: [INFO] Tests run: 12, Failures: 0, Errors: 0, Skipped: 0, Time elapsed: 0.001 s - in org.symphonyoss.symphony.messageml.elements.ImageDiffblueTest
17:10:21.694 [INFO]   [Measuring]   out: [INFO] Running org.symphonyoss.symphony.messageml.elements.UIActionDiffblueTest
17:10:21.696 [INFO]   [Measuring]   out: [INFO] Tests run: 20, Failures: 0, Errors: 0, Skipped: 0, Time elapsed: 0.001 s - in org.symphonyoss.symphony.messageml.elements.UIActionDiffblueTest
17:10:21.696 [INFO]   [Measuring]   out: [INFO] Running org.symphonyoss.symphony.messageml.util.EmojiShortcodeToUnicodeDiffblueTest
17:10:21.697 [INFO]   [Measuring]   out: [INFO] Tests run: 2, Failures: 0, Errors: 0, Skipped: 0, Time elapsed: 0 s - in org.symphonyoss.symphony.messageml.util.EmojiShortcodeToUnicodeDiffblueTest
17:10:21.697 [INFO]   [Measuring]   out: [INFO] Running org.symphonyoss.symphony.messageml.util.TagAttributesDiffblueTest
17:10:21.697 [INFO]   [Measuring]   out: [INFO] Tests run: 1, Failures: 0, Errors: 0, Skipped: 0, Time elapsed: 0 s - in org.symphonyoss.symphony.messageml.util.TagAttributesDiffblueTest
17:10:21.697 [INFO]   [Measuring]   out: [INFO] Running org.symphonyoss.symphony.messageml.util.IndentedPrintStreamDiffblueTest
17:10:21.714 [INFO]   [Measuring]   out: [INFO] Tests run: 376, Failures: 0, Errors: 0, Skipped: 0, Time elapsed: 0.014 s - in org.symphonyoss.symphony.messageml.util.IndentedPrintStreamDiffblueTest
17:10:21.714 [INFO]   [Measuring]   out: [INFO] Running org.symphonyoss.symphony.messageml.util.instrument.resolver.ProviderIdDiffblueTest
17:10:21.715 [INFO]   [Measuring]   out: [INFO] Tests run: 2, Failures: 0, Errors: 0, Skipped: 0, Time elapsed: 0 s - in org.symphonyoss.symphony.messageml.util.instrument.resolver.ProviderIdDiffblueTest
17:10:21.715 [INFO]   [Measuring]   out: [INFO] Running org.symphonyoss.symphony.messageml.util.instrument.resolver.MarketSectorDiffblueTest
17:10:21.715 [INFO]   [Measuring]   out: [INFO] Tests run: 3, Failures: 0, Errors: 0, Skipped: 0, Time elapsed: 0 s - in org.symphonyoss.symphony.messageml.util.instrument.resolver.MarketSectorDiffblueTest
17:10:21.716 [INFO]   [Measuring]   out: [INFO] Running org.symphonyoss.symphony.messageml.util.instrument.resolver.InstrumentDiffblueTest
17:10:21.716 [INFO]   [Measuring]   out: [INFO] Tests run: 1, Failures: 0, Errors: 0, Skipped: 0, Time elapsed: 0.001 s - in org.symphonyoss.symphony.messageml.util.instrument.resolver.InstrumentDiffblueTest
17:10:21.716 [INFO]   [Measuring]   out: [INFO] Running org.symphonyoss.symphony.messageml.util.instrument.resolver.InstrumentKindDiffblueTest
17:10:21.717 [INFO]   [Measuring]   out: [INFO] Tests run: 3, Failures: 0, Errors: 0, Skipped: 0, Time elapsed: 0 s - in org.symphonyoss.symphony.messageml.util.instrument.resolver.InstrumentKindDiffblueTest
17:10:21.717 [INFO]   [Measuring]   out: [INFO] Running org.symphonyoss.symphony.messageml.util.XmlPrintStreamDiffblueTest
17:10:21.718 [INFO]   [Measuring]   out: [INFO] Tests run: 109, Failures: 0, Errors: 0, Skipped: 0, Time elapsed: 0 s - in org.symphonyoss.symphony.messageml.util.XmlPrintStreamDiffblueTest
17:10:21.718 [INFO]   [Measuring]   out: [INFO] Running org.symphonyoss.symphony.messageml.util.XMLAttributeDiffblueTest
17:10:21.719 [INFO]   [Measuring]   out: [INFO] Tests run: 3, Failures: 0, Errors: 0, Skipped: 0, Time elapsed: 0 s - in org.symphonyoss.symphony.messageml.util.XMLAttributeDiffblueTest
17:10:21.719 [INFO]   [Measuring]   out: [INFO] Running org.symphonyoss.symphony.messageml.util.NoOpDataProviderDiffblueTest
17:10:21.719 [INFO]   [Measuring]   out: [INFO] Tests run: 3, Failures: 0, Errors: 0, Skipped: 0, Time elapsed: 0 s - in org.symphonyoss.symphony.messageml.util.NoOpDataProviderDiffblueTest
17:10:21.720 [INFO]   [Measuring]   out: [INFO] Running org.symphonyoss.symphony.messageml.util.AlignedBlockDiffblueTest
17:10:21.720 [INFO]   [Measuring]   out: [INFO] Tests run: 23, Failures: 0, Errors: 0, Skipped: 0, Time elapsed: 0.001 s - in org.symphonyoss.symphony.messageml.util.AlignedBlockDiffblueTest
17:10:21.720 [INFO]   [Measuring]   out: [INFO] Running org.symphonyoss.symphony.messageml.util.pojo.TimeIntervalDiffblueTest
17:10:21.726 [INFO]   [Measuring]   out: [INFO] Tests run: 13, Failures: 0, Errors: 0, Skipped: 0, Time elapsed: 0.006 s - in org.symphonyoss.symphony.messageml.util.pojo.TimeIntervalDiffblueTest
17:10:21.726 [INFO]   [Measuring]   out: [INFO] Running org.symphonyoss.symphony.messageml.util.pojo.DateIntervalDiffblueTest
17:10:21.729 [INFO]   [Measuring]   out: [INFO] Tests run: 16, Failures: 0, Errors: 0, Skipped: 0, Time elapsed: 0.002 s - in org.symphonyoss.symphony.messageml.util.pojo.DateIntervalDiffblueTest
17:10:21.729 [INFO]   [Measuring]   out: [INFO] Running org.symphonyoss.symphony.messageml.util.NullDataProviderDiffblueTest
17:10:21.729 [INFO]   [Measuring]   out: [INFO] Tests run: 3, Failures: 0, Errors: 0, Skipped: 0, Time elapsed: 0 s - in org.symphonyoss.symphony.messageml.util.NullDataProviderDiffblueTest
17:10:21.729 [INFO]   [Measuring]   out: [INFO] Running org.symphonyoss.symphony.messageml.util.CountedOutputStreamDiffblueTest
17:10:21.742 [INFO]   [Measuring]   out: [INFO] Tests run: 14, Failures: 0, Errors: 0, Skipped: 0, Time elapsed: 0.013 s - in org.symphonyoss.symphony.messageml.util.CountedOutputStreamDiffblueTest
17:10:21.742 [INFO]   [Measuring]   out: [INFO] Running org.symphonyoss.symphony.messageml.markdown.nodes.EmojiNodeDiffblueTest
17:10:21.743 [INFO]   [Measuring]   out: [INFO] Tests run: 4, Failures: 0, Errors: 0, Skipped: 0, Time elapsed: 0 s - in org.symphonyoss.symphony.messageml.markdown.nodes.EmojiNodeDiffblueTest
17:10:21.743 [INFO]   [Measuring]   out: [INFO] Running org.symphonyoss.symphony.messageml.markdown.nodes.form.TextFieldNodeDiffblueTest
17:10:21.744 [INFO]   [Measuring]   out: [INFO] Tests run: 2, Failures: 0, Errors: 0, Skipped: 0, Time elapsed: 0 s - in org.symphonyoss.symphony.messageml.markdown.nodes.form.TextFieldNodeDiffblueTest
17:10:21.744 [INFO]   [Measuring]   out: [INFO] Running org.symphonyoss.symphony.messageml.markdown.nodes.form.TimezonePickerNodeDiffblueTest
17:10:21.744 [INFO]   [Measuring]   out: [INFO] Tests run: 2, Failures: 0, Errors: 0, Skipped: 0, Time elapsed: 0 s - in org.symphonyoss.symphony.messageml.markdown.nodes.form.TimezonePickerNodeDiffblueTest
17:10:21.744 [INFO]   [Measuring]   out: [INFO] Running org.symphonyoss.symphony.messageml.markdown.nodes.form.RoomSelectorNodeDiffblueTest
17:10:21.745 [INFO]   [Measuring]   out: [INFO] Tests run: 2, Failures: 0, Errors: 0, Skipped: 0, Time elapsed: 0 s - in org.symphonyoss.symphony.messageml.markdown.nodes.form.RoomSelectorNodeDiffblueTest
17:10:21.745 [INFO]   [Measuring]   out: [INFO] Running org.symphonyoss.symphony.messageml.markdown.nodes.form.FormNodeDiffblueTest
17:10:21.745 [INFO]   [Measuring]   out: [INFO] Tests run: 1, Failures: 0, Errors: 0, Skipped: 0, Time elapsed: 0 s - in org.symphonyoss.symphony.messageml.markdown.nodes.form.FormNodeDiffblueTest
17:10:21.745 [INFO]   [Measuring]   out: [INFO] Running org.symphonyoss.symphony.messageml.markdown.nodes.form.OptionNodeDiffblueTest
17:10:21.746 [INFO]   [Measuring]   out: [INFO] Tests run: 1, Failures: 0, Errors: 0, Skipped: 0, Time elapsed: 0 s - in org.symphonyoss.symphony.messageml.markdown.nodes.form.OptionNodeDiffblueTest
17:10:21.746 [INFO]   [Measuring]   out: [INFO] Running org.symphonyoss.symphony.messageml.markdown.nodes.form.FormElementNodeDiffblueTest
17:10:21.746 [INFO]   [Measuring]   out: [INFO] Tests run: 4, Failures: 0, Errors: 0, Skipped: 0, Time elapsed: 0 s - in org.symphonyoss.symphony.messageml.markdown.nodes.form.FormElementNodeDiffblueTest
17:10:21.746 [INFO]   [Measuring]   out: [INFO] Running org.symphonyoss.symphony.messageml.markdown.nodes.form.PlaceholderLabelTooltipNodeDiffblueTest
17:10:21.747 [INFO]   [Measuring]   out: [INFO] Tests run: 2, Failures: 0, Errors: 0, Skipped: 0, Time elapsed: 0 s - in org.symphonyoss.symphony.messageml.markdown.nodes.form.PlaceholderLabelTooltipNodeDiffblueTest
17:10:21.747 [INFO]   [Measuring]   out: [INFO] Running org.symphonyoss.symphony.messageml.markdown.nodes.form.DatePickerNodeDiffblueTest
17:10:21.748 [INFO]   [Measuring]   out: [INFO] Tests run: 2, Failures: 0, Errors: 0, Skipped: 0, Time elapsed: 0 s - in org.symphonyoss.symphony.messageml.markdown.nodes.form.DatePickerNodeDiffblueTest
17:10:21.748 [INFO]   [Measuring]   out: [INFO] Running org.symphonyoss.symphony.messageml.markdown.nodes.form.SelectNodeDiffblueTest
17:10:21.748 [INFO]   [Measuring]   out: [INFO] Tests run: 4, Failures: 0, Errors: 0, Skipped: 0, Time elapsed: 0 s - in org.symphonyoss.symphony.messageml.markdown.nodes.form.SelectNodeDiffblueTest
17:10:21.748 [INFO]   [Measuring]   out: [INFO] Running org.symphonyoss.symphony.messageml.markdown.nodes.form.PersonSelectorNodeDiffblueTest
17:10:21.749 [INFO]   [Measuring]   out: [INFO] Tests run: 2, Failures: 0, Errors: 0, Skipped: 0, Time elapsed: 0 s - in org.symphonyoss.symphony.messageml.markdown.nodes.form.PersonSelectorNodeDiffblueTest
17:10:21.749 [INFO]   [Measuring]   out: [INFO] Running org.symphonyoss.symphony.messageml.markdown.nodes.form.TextAreaNodeDiffblueTest
17:10:21.750 [INFO]   [Measuring]   out: [INFO] Tests run: 2, Failures: 0, Errors: 0, Skipped: 0, Time elapsed: 0 s - in org.symphonyoss.symphony.messageml.markdown.nodes.form.TextAreaNodeDiffblueTest
17:10:21.750 [INFO]   [Measuring]   out: [INFO] Running org.symphonyoss.symphony.messageml.markdown.nodes.form.TimePickerNodeDiffblueTest
17:10:21.751 [INFO]   [Measuring]   out: [INFO] Tests run: 2, Failures: 0, Errors: 0, Skipped: 0, Time elapsed: 0 s - in org.symphonyoss.symphony.messageml.markdown.nodes.form.TimePickerNodeDiffblueTest
17:10:21.751 [INFO]   [Measuring]   out: [INFO] Running org.symphonyoss.symphony.messageml.markdown.nodes.form.RadioNodeDiffblueTest
17:10:21.752 [INFO]   [Measuring]   out: [INFO] Tests run: 5, Failures: 0, Errors: 0, Skipped: 0, Time elapsed: 0 s - in org.symphonyoss.symphony.messageml.markdown.nodes.form.RadioNodeDiffblueTest
17:10:21.752 [INFO]   [Measuring]   out: [INFO] Running org.symphonyoss.symphony.messageml.markdown.nodes.form.CheckboxNodeDiffblueTest
17:10:21.753 [INFO]   [Measuring]   out: [INFO] Tests run: 5, Failures: 0, Errors: 0, Skipped: 0, Time elapsed: 0 s - in org.symphonyoss.symphony.messageml.markdown.nodes.form.CheckboxNodeDiffblueTest
17:10:21.753 [INFO]   [Measuring]   out: [INFO] Running org.symphonyoss.symphony.messageml.markdown.nodes.form.ButtonNodeDiffblueTest
17:10:21.753 [INFO]   [Measuring]   out: [INFO] Tests run: 1, Failures: 0, Errors: 0, Skipped: 0, Time elapsed: 0 s - in org.symphonyoss.symphony.messageml.markdown.nodes.form.ButtonNodeDiffblueTest
17:10:21.753 [INFO]   [Measuring]   out: [INFO] Running org.symphonyoss.symphony.messageml.markdown.nodes.form.DialogNodeDiffblueTest
17:10:21.754 [INFO]   [Measuring]   out: [INFO] Tests run: 2, Failures: 0, Errors: 0, Skipped: 0, Time elapsed: 0 s - in org.symphonyoss.symphony.messageml.markdown.nodes.form.DialogNodeDiffblueTest
17:10:21.754 [INFO]   [Measuring]   out: [INFO] Running org.symphonyoss.symphony.messageml.markdown.nodes.form.DateSelectorNodeDiffblueTest
17:10:21.754 [INFO]   [Measuring]   out: [INFO] Tests run: 3, Failures: 0, Errors: 0, Skipped: 0, Time elapsed: 0 s - in org.symphonyoss.symphony.messageml.markdown.nodes.form.DateSelectorNodeDiffblueTest
17:10:21.754 [INFO]   [Measuring]   out: [INFO] Running org.symphonyoss.symphony.messageml.markdown.nodes.TableRowNodeDiffblueTest
17:10:21.755 [INFO]   [Measuring]   out: [INFO] Tests run: 1, Failures: 0, Errors: 0, Skipped: 0, Time elapsed: 0 s - in org.symphonyoss.symphony.messageml.markdown.nodes.TableRowNodeDiffblueTest
17:10:21.755 [INFO]   [Measuring]   out: [INFO] Running org.symphonyoss.symphony.messageml.markdown.nodes.TagNodeDiffblueTest
17:10:21.755 [INFO]   [Measuring]   out: [INFO] Tests run: 1, Failures: 0, Errors: 0, Skipped: 0, Time elapsed: 0 s - in org.symphonyoss.symphony.messageml.markdown.nodes.TagNodeDiffblueTest
17:10:21.755 [INFO]   [Measuring]   out: [INFO] Running org.symphonyoss.symphony.messageml.markdown.nodes.TableNodeDiffblueTest
17:10:21.756 [INFO]   [Measuring]   out: [INFO] Tests run: 1, Failures: 0, Errors: 0, Skipped: 0, Time elapsed: 0 s - in org.symphonyoss.symphony.messageml.markdown.nodes.TableNodeDiffblueTest
17:10:21.756 [INFO]   [Measuring]   out: [INFO] Running org.symphonyoss.symphony.messageml.markdown.nodes.PreformattedNodeDiffblueTest
17:10:21.756 [INFO]   [Measuring]   out: [INFO] Tests run: 1, Failures: 0, Errors: 0, Skipped: 0, Time elapsed: 0 s - in org.symphonyoss.symphony.messageml.markdown.nodes.PreformattedNodeDiffblueTest
17:10:21.756 [INFO]   [Measuring]   out: [INFO] Running org.symphonyoss.symphony.messageml.markdown.nodes.TableCellNodeDiffblueTest
17:10:21.757 [INFO]   [Measuring]   out: [INFO] Tests run: 1, Failures: 0, Errors: 0, Skipped: 0, Time elapsed: 0 s - in org.symphonyoss.symphony.messageml.markdown.nodes.TableCellNodeDiffblueTest
17:10:21.757 [INFO]   [Measuring]   out: [INFO] Running org.symphonyoss.symphony.messageml.markdown.nodes.KeywordNodeDiffblueTest
17:10:21.757 [INFO]   [Measuring]   out: [INFO] Tests run: 1, Failures: 0, Errors: 0, Skipped: 0, Time elapsed: 0 s - in org.symphonyoss.symphony.messageml.markdown.nodes.KeywordNodeDiffblueTest
17:10:21.757 [INFO]   [Measuring]   out: [INFO] Running org.symphonyoss.symphony.messageml.markdown.nodes.MentionNodeDiffblueTest
17:10:21.758 [INFO]   [Measuring]   out: [INFO] Tests run: 5, Failures: 0, Errors: 0, Skipped: 0, Time elapsed: 0 s - in org.symphonyoss.symphony.messageml.markdown.nodes.MentionNodeDiffblueTest
17:10:21.758 [INFO]   [Measuring]   out: [INFO] Running org.symphonyoss.symphony.messageml.markdown.EntityDelimiterProcessorDiffblueTest
17:10:21.763 [INFO]   [Measuring]   out: [INFO] Tests run: 5, Failures: 0, Errors: 0, Skipped: 0, Time elapsed: 0.005 s - in org.symphonyoss.symphony.messageml.markdown.EntityDelimiterProcessorDiffblueTest
17:10:21.764 [INFO]   [Measuring]   out: [INFO] Running org.symphonyoss.symphony.messageml.markdown.MarkdownParserDiffblueTest
17:10:21.778 [INFO]   [Measuring]   out: [INFO] Tests run: 137, Failures: 0, Errors: 0, Skipped: 0, Time elapsed: 0.013 s - in org.symphonyoss.symphony.messageml.markdown.MarkdownParserDiffblueTest
17:10:21.778 [INFO]   [Measuring]   out: [INFO] Running org.symphonyoss.symphony.messageml.markdown.MarkdownRendererDiffblueTest
17:10:21.808 [INFO]   [Measuring]   out: [INFO] Tests run: 156, Failures: 0, Errors: 0, Skipped: 0, Time elapsed: 0.028 s - in org.symphonyoss.symphony.messageml.markdown.MarkdownRendererDiffblueTest
17:10:22.187 [INFO]   [Measuring]   out: [INFO] 
17:10:22.187 [INFO]   [Measuring]   out: [INFO] Results:
17:10:22.187 [INFO]   [Measuring]   out: [INFO] 
17:10:22.187 [INFO]   [Measuring]   out: [INFO] Tests run: 2179, Failures: 0, Errors: 0, Skipped: 0
17:10:22.187 [INFO]   [Measuring]   out: [INFO] 
17:10:22.191 [INFO]   [Measuring]   deserializing line [DIFFBLUE]{"__type":"com.diffblue.cover.buildsystem.model.DefaultEventMessage","project":"org.symphonyoss.symphony:messageml","goal":"test","cause":null,"state":"SUCCESS"}
17:10:22.192 [INFO]   [Measuring]   deserializing line [DIFFBLUE]{"__type":"com.diffblue.cover.buildsystem.model.DefaultEventMessage","project":"org.symphonyoss.symphony:messageml","goal":"report","cause":null,"state":"STARTED"}
17:10:22.193 [INFO]   [Measuring]   out: [INFO] 
17:10:22.193 [INFO]   [Measuring]   out: [INFO] --- jacoco-maven-plugin:0.8.11:report (default-cli) @ messageml ---
17:10:22.195 [INFO]   [Measuring]   out: [INFO] Loading execution data file /home/jbergqvist/diffblue/finos-messageml-utils/target/jacoco.exec
17:10:22.302 [INFO]   [Measuring]   out: [INFO] Analyzed bundle 'MessageML Utils' with 144 classes
17:10:22.495 [INFO]   [Measuring]   deserializing line [DIFFBLUE]{"__type":"com.diffblue.cover.buildsystem.model.DefaultEventMessage","project":"org.symphonyoss.symphony:messageml","goal":"report","cause":null,"state":"SUCCESS"}
17:10:22.522 [INFO]   [Measuring]   deserializing line [DIFFBLUE]{"__type":"com.diffblue.cover.buildsystem.model.DefaultProjectModuleMessage","project":{"__type":"DefaultProjectModule","junitReport":["/home/jbergqvist/diffblue/finos-messageml-utils/target/surefire-reports"],"jacocoReport":["/home/jbergqvist/diffblue/finos-messageml-utils/target/site/jacoco/jacoco.xml"],"jacocoDestFile":["/home/jbergqvist/diffblue/finos-messageml-utils/target/jacoco.exec"],"jacocoFormats":["xml"],"jacocoSkipped":false,"classpath":["/home/jbergqvist/diffblue/finos-messageml-utils/target/classes","/home/jbergqvist/.m2/repository/org/projectlombok/lombok/1.18.42/lombok-1.18.42.jar","/home/jbergqvist/.m2/repository/com/github/java-json-tools/json-schema-validator/2.2.14/json-schema-validator-2.2.14.jar","/home/jbergqvist/.m2/repository/com/github/java-json-tools/jackson-coreutils-equivalence/1.0/jackson-coreutils-equivalence-1.0.jar","/home/jbergqvist/.m2/repository/com/github/java-json-tools/jackson-coreutils/2.0/jackson-coreutils-2.0.jar","/home/jbergqvist/.m2/repository/com/github/java-json-tools/msg-simple/1.2/msg-simple-1.2.jar","/home/jbergqvist/.m2/repository/com/github/java-json-tools/btf/1.3/btf-1.3.jar","/home/jbergqvist/.m2/repository/com/github/java-json-tools/json-schema-core/1.2.14/json-schema-core-1.2.14.jar","/home/jbergqvist/.m2/repository/com/github/java-json-tools/uri-template/0.10/uri-template-0.10.jar","/home/jbergqvist/.m2/repository/com/sun/mail/mailapi/1.6.2/mailapi-1.6.2.jar","/home/jbergqvist/.m2/repository/joda-time/joda-time/2.10.5/joda-time-2.10.5.jar","/home/jbergqvist/.m2/repository/com/googlecode/libphonenumber/libphonenumber/8.11.1/libphonenumber-8.11.1.jar","/home/jbergqvist/.m2/repository/com/google/code/findbugs/jsr305/3.0.2/jsr305-3.0.2.jar","/home/jbergqvist/.m2/repository/net/sf/jopt-simple/jopt-simple/5.0.4/jopt-simple-5.0.4.jar","/home/jbergqvist/.m2/repository/org/mozilla/rhino/1.7.13/rhino-1.7.13.jar","/home/jbergqvist/.m2/repository/com/google/guava/guava/32.1.2-jre/guava-32.1.2-jre.jar","/home/jbergqvist/.m2/repository/com/google/guava/failureaccess/1.0.1/failureaccess-1.0.1.jar","/home/jbergqvist/.m2/repository/com/google/guava/listenablefuture/9999.0-empty-to-avoid-conflict-with-guava/listenablefuture-9999.0-empty-to-avoid-conflict-with-guava.jar","/home/jbergqvist/.m2/repository/org/checkerframework/checker-qual/3.33.0/checker-qual-3.33.0.jar","/home/jbergqvist/.m2/repository/com/google/errorprone/error_prone_annotations/2.18.0/error_prone_annotations-2.18.0.jar","/home/jbergqvist/.m2/repository/com/google/j2objc/j2objc-annotations/2.8/j2objc-annotations-2.8.jar","/home/jbergqvist/.m2/repository/com/fasterxml/jackson/core/jackson-core/2.15.2/jackson-core-2.15.2.jar","/home/jbergqvist/.m2/repository/com/fasterxml/jackson/core/jackson-databind/2.15.2/jackson-databind-2.15.2.jar","/home/jbergqvist/.m2/repository/com/fasterxml/jackson/core/jackson-annotations/2.15.2/jackson-annotations-2.15.2.jar","/home/jbergqvist/.m2/repository/commons-io/commons-io/2.11.0/commons-io-2.11.0.jar","/home/jbergqvist/.m2/repository/org/apache/commons/commons-lang3/3.12.0/commons-lang3-3.12.0.jar","/home/jbergqvist/.m2/repository/org/freemarker/freemarker/2.3.31/freemarker-2.3.31.jar","/home/jbergqvist/.m2/repository/org/slf4j/slf4j-api/1.7.32/slf4j-api-1.7.32.jar","/home/jbergqvist/.m2/repository/com/diffblue/cover/cover-annotations/1.8.0/cover-annotations-1.8.0.jar","/home/jbergqvist/.m2/repository/com/atlassian/commonmark/commonmark/0.15.2/commonmark-0.15.2.jar","/home/jbergqvist/.m2/repository/org/junit/jupiter/junit-jupiter-api/5.8.2/junit-jupiter-api-5.8.2.jar","/home/jbergqvist/.m2/repository/org/opentest4j/opentest4j/1.2.0/opentest4j-1.2.0.jar","/home/jbergqvist/.m2/repository/org/junit/platform/junit-platform-commons/1.8.2/junit-platform-commons-1.8.2.jar","/home/jbergqvist/.m2/repository/org/apiguardian/apiguardian-api/1.1.2/apiguardian-api-1.1.2.jar","/home/jbergqvist/.m2/repository/org/junit/jupiter/junit-jupiter-params/5.8.2/junit-jupiter-params-5.8.2.jar","/home/jbergqvist/.m2/repository/org/junit/jupiter/junit-jupiter-engine/5.8.2/junit-jupiter-engine-5.8.2.jar","/home/jbergqvist/.m2/repository/org/junit/platform/junit-platform-engine/1.8.2/junit-platform-engine-1.8.2.jar","/home/jbergqvist/.m2/repository/org/junit/vintage/junit-vintage-engine/5.8.2/junit-vintage-engine-5.8.2.jar","/home/jbergqvist/.m2/repository/junit/junit/4.13.2/junit-4.13.2.jar","/home/jbergqvist/.m2/repository/org/hamcrest/hamcrest-core/1.3/hamcrest-core-1.3.jar","/home/jbergqvist/.m2/repository/org/mockito/mockito-core/4.0.0/mockito-core-4.0.0.jar","/home/jbergqvist/.m2/repository/net/bytebuddy/byte-buddy/1.11.19/byte-buddy-1.11.19.jar","/home/jbergqvist/.m2/repository/net/bytebuddy/byte-buddy-agent/1.11.19/byte-buddy-agent-1.11.19.jar","/home/jbergqvist/.m2/repository/org/objenesis/objenesis/3.2/objenesis-3.2.jar","/home/jbergqvist/.m2/repository/org/openjdk/jmh/jmh-core/1.33/jmh-core-1.33.jar","/home/jbergqvist/.m2/repository/org/apache/commons/commons-math3/3.2/commons-math3-3.2.jar","/home/jbergqvist/.m2/repository/org/openjdk/jmh/jmh-generator-annprocess/1.33/jmh-generator-annprocess-1.33.jar","/home/jbergqvist/.m2/repository/org/xmlunit/xmlunit-core/2.8.3/xmlunit-core-2.8.3.jar","/home/jbergqvist/.m2/repository/jakarta/xml/bind/jakarta.xml.bind-api/2.3.3/jakarta.xml.bind-api-2.3.3.jar","/home/jbergqvist/.m2/repository/jakarta/activation/jakarta.activation-api/1.2.2/jakarta.activation-api-1.2.2.jar","/home/jbergqvist/.m2/repository/ch/qos/logback/logback-classic/1.2.9/logback-classic-1.2.9.jar","/home/jbergqvist/.m2/repository/ch/qos/logback/logback-core/1.2.9/logback-core-1.2.9.jar"],"complianceLevel":"1.8","productionSources":["/home/jbergqvist/diffblue/finos-messageml-utils/src/main/java"],"testSources":["/home/jbergqvist/diffblue/finos-messageml-utils/src/test/java"],"productionClasses":"/home/jbergqvist/diffblue/finos-messageml-utils/target/classes","testClasses":"/home/jbergqvist/diffblue/finos-messageml-utils/target/test-classes","sourceToBuildPathMap":null,"testSourceToBuildPathMap":null,"buildDirectory":"/home/jbergqvist/diffblue/finos-messageml-utils/target","plugins":[{"__type":"DefaultPlugin","groupId":"org.apache.maven.plugins","artefactId":"maven-surefire-plugin","version":"2.22.2","pluginClassName":null},{"__type":"DefaultPlugin","groupId":"org.apache.maven.plugins","artefactId":"maven-clean-plugin","version":"2.5","pluginClassName":null},{"__type":"DefaultPlugin","groupId":"org.apache.maven.plugins","artefactId":"maven-resources-plugin","version":"2.6","pluginClassName":null},{"__type":"DefaultPlugin","groupId":"org.apache.maven.plugins","artefactId":"maven-jar-plugin","version":"3.2.2","pluginClassName":null},{"__type":"DefaultPlugin","groupId":"org.apache.maven.plugins","artefactId":"maven-compiler-plugin","version":"3.1","pluginClassName":null},{"__type":"DefaultPlugin","groupId":"org.apache.maven.plugins","artefactId":"maven-install-plugin","version":"2.4","pluginClassName":null},{"__type":"DefaultPlugin","groupId":"org.apache.maven.plugins","artefactId":"maven-deploy-plugin","version":"3.0.0-M1","pluginClassName":null},{"__type":"DefaultPlugin","groupId":"org.apache.maven.plugins","artefactId":"maven-site-plugin","version":"3.3","pluginClassName":null}],"version":"3.8.4","encoding":"UTF-8","name":"maven","subModules":[],"simpleModuleName":null,"parentModuleName":null,"location":"/home/jbergqvist/diffblue/finos-messageml-utils","fullModuleName":"org.symphonyoss.symphony:messageml"}}
17:10:22.526 [INFO]   [Measuring]   out: [INFO] ------------------------------------------------------------------------
17:10:22.526 [INFO]   [Measuring]   out: [INFO] BUILD SUCCESS
17:10:22.526 [INFO]   [Measuring]   out: [INFO] ------------------------------------------------------------------------
17:10:22.526 [INFO]   [Measuring]   out: [INFO] Total time:  9.280 s
17:10:22.526 [INFO]   [Measuring]   out: [INFO] Finished at: 2026-01-09T17:10:22Z
17:10:22.526 [INFO]   [Measuring]   out: [INFO] ------------------------------------------------------------------------
17:10:22.527 [INFO]   [Measuring]   deserializing line [DIFFBLUE]{"__type":"com.diffblue.cover.buildsystem.model.ProjectInfoMessage","projectName":"org.symphonyoss.symphony:messageml","productionSources":["/home/jbergqvist/diffblue/finos-messageml-utils/src/main/java"],"testSources":["/home/jbergqvist/diffblue/finos-messageml-utils/src/test/java"],"location":"/home/jbergqvist/diffblue/finos-messageml-utils"}
17:10:22.609 [INFO]   [Measuring]   maven:err process not stopped, joining thread
17:10:22.609 [INFO]   [Measuring]   maven:out process not stopped, joining thread
17:10:22.610 [INFO]   [Measuring]   Attempting to invoke /home/jbergqvist/diffblue/finos-messageml-utils/mvnw in working directory: /home/jbergqvist/diffblue/finos-messageml-utils
17:10:22.610 [INFO]   [Measuring]   Started "/home/jbergqvist/diffblue/finos-messageml-utils/mvnw -Dmaven.ext.class.path=/opt/cover/cover-buildsystem-maven-spy-jar-with-dependencies.jar -Dcom.diffblue.cover.skipTests=true -DskipTestOptimizer --batch-mode --projects=org.symphonyoss.symphony:messageml --global-settings=/home/jbergqvist/.sdkman/candidates/maven/current/conf/settings.xml org.jacoco:jacoco-maven-plugin:0.8.11:prepare-agent -Djacoco.skip=false test -DfailIfNoTests=false -Dsurefire.failIfNoSpecifiedTests=false -Dmaven.test.failure.ignore=True -Dtest=!*DiffblueTest,**/Test*.java,**/*Test.java,**/*Tests.java,**/*TestCase.java -Dgroups=MaintainedByDiffblue,ContributionFromDiffblue org.jacoco:jacoco-maven-plugin:0.8.11:report -Djacoco.skip=false"
17:10:23.215 [INFO]   [Measuring]   out: [INFO] Scanning for projects...
17:10:23.271 [INFO]   [Measuring]   out: [INFO] 
17:10:23.271 [INFO]   [Measuring]   out: [INFO] -----------------< org.symphonyoss.symphony:messageml >-----------------
17:10:23.271 [INFO]   [Measuring]   out: [INFO] Building MessageML Utils 0.13.0
17:10:23.271 [INFO]   [Measuring]   out: [INFO] --------------------------------[ jar ]---------------------------------
17:10:23.506 [INFO]   [Measuring]   deserializing line [DIFFBLUE]{"__type":"com.diffblue.cover.buildsystem.model.DefaultEventMessage","project":"org.symphonyoss.symphony:messageml","goal":"prepare-agent","cause":null,"state":"STARTED"}
17:10:23.507 [INFO]   [Measuring]   out: [INFO] 
17:10:23.507 [INFO]   [Measuring]   out: [INFO] --- jacoco-maven-plugin:0.8.11:prepare-agent (default-cli) @ messageml ---
17:10:23.559 [INFO]   [Measuring]   out: [INFO] argLine set to -javaagent:/home/jbergqvist/.m2/repository/org/jacoco/org.jacoco.agent/0.8.11/org.jacoco.agent-0.8.11-runtime.jar=destfile=/home/jbergqvist/diffblue/finos-messageml-utils/target/jacoco.exec
17:10:23.561 [INFO]   [Measuring]   deserializing line [DIFFBLUE]{"__type":"com.diffblue.cover.buildsystem.model.DefaultEventMessage","project":"org.symphonyoss.symphony:messageml","goal":"prepare-agent","cause":null,"state":"SUCCESS"}
17:10:23.562 [INFO]   [Measuring]   deserializing line [DIFFBLUE]{"__type":"com.diffblue.cover.buildsystem.model.DefaultEventMessage","project":"org.symphonyoss.symphony:messageml","goal":"resources","cause":null,"state":"STARTED"}
17:10:23.563 [INFO]   [Measuring]   out: [INFO] 
17:10:23.563 [INFO]   [Measuring]   out: [INFO] --- maven-resources-plugin:2.6:resources (default-resources) @ messageml ---
17:10:23.621 [INFO]   [Measuring]   out: [INFO] Using 'UTF-8' encoding to copy filtered resources.
17:10:23.623 [INFO]   [Measuring]   out: [INFO] Copying 1 resource
17:10:23.626 [INFO]   [Measuring]   deserializing line [DIFFBLUE]{"__type":"com.diffblue.cover.buildsystem.model.DefaultEventMessage","project":"org.symphonyoss.symphony:messageml","goal":"resources","cause":null,"state":"SUCCESS"}
17:10:23.627 [INFO]   [Measuring]   deserializing line [DIFFBLUE]{"__type":"com.diffblue.cover.buildsystem.model.DefaultEventMessage","project":"org.symphonyoss.symphony:messageml","goal":"compile","cause":null,"state":"STARTED"}
17:10:23.628 [INFO]   [Measuring]   out: [INFO] 
17:10:23.628 [INFO]   [Measuring]   out: [INFO] --- maven-compiler-plugin:3.1:compile (default-compile) @ messageml ---
17:10:23.728 [INFO]   [Measuring]   out: [INFO] Nothing to compile - all classes are up to date
17:10:23.730 [INFO]   [Measuring]   deserializing line [DIFFBLUE]{"__type":"com.diffblue.cover.buildsystem.model.DefaultEventMessage","project":"org.symphonyoss.symphony:messageml","goal":"compile","cause":null,"state":"SUCCESS"}
17:10:23.731 [INFO]   [Measuring]   deserializing line [DIFFBLUE]{"__type":"com.diffblue.cover.buildsystem.model.DefaultEventMessage","project":"org.symphonyoss.symphony:messageml","goal":"testResources","cause":null,"state":"STARTED"}
17:10:23.732 [INFO]   [Measuring]   out: [INFO] 
17:10:23.732 [INFO]   [Measuring]   out: [INFO] --- maven-resources-plugin:2.6:testResources (default-testResources) @ messageml ---
17:10:23.732 [INFO]   [Measuring]   out: [INFO] Using 'UTF-8' encoding to copy filtered resources.
17:10:23.735 [INFO]   [Measuring]   out: [INFO] Copying 36 resources
17:10:23.736 [INFO]   [Measuring]   deserializing line [DIFFBLUE]{"__type":"com.diffblue.cover.buildsystem.model.DefaultEventMessage","project":"org.symphonyoss.symphony:messageml","goal":"testResources","cause":null,"state":"SUCCESS"}
17:10:23.738 [INFO]   [Measuring]   deserializing line [DIFFBLUE]{"__type":"com.diffblue.cover.buildsystem.model.DefaultEventMessage","project":"org.symphonyoss.symphony:messageml","goal":"testCompile","cause":null,"state":"STARTED"}
17:10:23.739 [INFO]   [Measuring]   out: [INFO] 
17:10:23.739 [INFO]   [Measuring]   out: [INFO] --- maven-compiler-plugin:3.1:testCompile (default-testCompile) @ messageml ---
17:10:23.753 [INFO]   [Measuring]   out: [INFO] Nothing to compile - all classes are up to date
17:10:23.754 [INFO]   [Measuring]   deserializing line [DIFFBLUE]{"__type":"com.diffblue.cover.buildsystem.model.DefaultEventMessage","project":"org.symphonyoss.symphony:messageml","goal":"testCompile","cause":null,"state":"SUCCESS"}
17:10:23.755 [INFO]   [Measuring]   deserializing line [DIFFBLUE]{"__type":"com.diffblue.cover.buildsystem.model.DefaultEventMessage","project":"org.symphonyoss.symphony:messageml","goal":"test","cause":null,"state":"STARTED"}
17:10:23.756 [INFO]   [Measuring]   out: [INFO] 
17:10:23.757 [INFO]   [Measuring]   out: [INFO] --- maven-surefire-plugin:2.22.2:test (default-test) @ messageml ---
17:10:23.883 [INFO]   [Measuring]   out: [INFO] 
17:10:23.883 [INFO]   [Measuring]   out: [INFO] -------------------------------------------------------
17:10:23.883 [INFO]   [Measuring]   out: [INFO]  T E S T S
17:10:23.883 [INFO]   [Measuring]   out: [INFO] -------------------------------------------------------
17:10:25.055 [INFO]   [Measuring]   out: [INFO] 
17:10:25.055 [INFO]   [Measuring]   out: [INFO] Results:
17:10:25.056 [INFO]   [Measuring]   out: [INFO] 
17:10:25.057 [INFO]   [Measuring]   out: [INFO] Tests run: 0, Failures: 0, Errors: 0, Skipped: 0
17:10:25.057 [INFO]   [Measuring]   out: [INFO] 
17:10:25.061 [INFO]   [Measuring]   deserializing line [DIFFBLUE]{"__type":"com.diffblue.cover.buildsystem.model.DefaultEventMessage","project":"org.symphonyoss.symphony:messageml","goal":"test","cause":null,"state":"SUCCESS"}
17:10:25.062 [INFO]   [Measuring]   deserializing line [DIFFBLUE]{"__type":"com.diffblue.cover.buildsystem.model.DefaultEventMessage","project":"org.symphonyoss.symphony:messageml","goal":"report","cause":null,"state":"STARTED"}
17:10:25.063 [INFO]   [Measuring]   out: [INFO] 
17:10:25.063 [INFO]   [Measuring]   out: [INFO] --- jacoco-maven-plugin:0.8.11:report (default-cli) @ messageml ---
17:10:25.065 [INFO]   [Measuring]   out: [INFO] Loading execution data file /home/jbergqvist/diffblue/finos-messageml-utils/target/jacoco.exec
17:10:25.185 [INFO]   [Measuring]   out: [INFO] Analyzed bundle 'MessageML Utils' with 144 classes
17:10:25.427 [INFO]   [Measuring]   deserializing line [DIFFBLUE]{"__type":"com.diffblue.cover.buildsystem.model.DefaultEventMessage","project":"org.symphonyoss.symphony:messageml","goal":"report","cause":null,"state":"SUCCESS"}
17:10:25.452 [INFO]   [Measuring]   deserializing line [DIFFBLUE]{"__type":"com.diffblue.cover.buildsystem.model.DefaultProjectModuleMessage","project":{"__type":"DefaultProjectModule","junitReport":["/home/jbergqvist/diffblue/finos-messageml-utils/target/surefire-reports"],"jacocoReport":["/home/jbergqvist/diffblue/finos-messageml-utils/target/site/jacoco/jacoco.xml"],"jacocoDestFile":["/home/jbergqvist/diffblue/finos-messageml-utils/target/jacoco.exec"],"jacocoFormats":["xml"],"jacocoSkipped":false,"classpath":["/home/jbergqvist/diffblue/finos-messageml-utils/target/classes","/home/jbergqvist/.m2/repository/org/projectlombok/lombok/1.18.42/lombok-1.18.42.jar","/home/jbergqvist/.m2/repository/com/github/java-json-tools/json-schema-validator/2.2.14/json-schema-validator-2.2.14.jar","/home/jbergqvist/.m2/repository/com/github/java-json-tools/jackson-coreutils-equivalence/1.0/jackson-coreutils-equivalence-1.0.jar","/home/jbergqvist/.m2/repository/com/github/java-json-tools/jackson-coreutils/2.0/jackson-coreutils-2.0.jar","/home/jbergqvist/.m2/repository/com/github/java-json-tools/msg-simple/1.2/msg-simple-1.2.jar","/home/jbergqvist/.m2/repository/com/github/java-json-tools/btf/1.3/btf-1.3.jar","/home/jbergqvist/.m2/repository/com/github/java-json-tools/json-schema-core/1.2.14/json-schema-core-1.2.14.jar","/home/jbergqvist/.m2/repository/com/github/java-json-tools/uri-template/0.10/uri-template-0.10.jar","/home/jbergqvist/.m2/repository/com/sun/mail/mailapi/1.6.2/mailapi-1.6.2.jar","/home/jbergqvist/.m2/repository/joda-time/joda-time/2.10.5/joda-time-2.10.5.jar","/home/jbergqvist/.m2/repository/com/googlecode/libphonenumber/libphonenumber/8.11.1/libphonenumber-8.11.1.jar","/home/jbergqvist/.m2/repository/com/google/code/findbugs/jsr305/3.0.2/jsr305-3.0.2.jar","/home/jbergqvist/.m2/repository/net/sf/jopt-simple/jopt-simple/5.0.4/jopt-simple-5.0.4.jar","/home/jbergqvist/.m2/repository/org/mozilla/rhino/1.7.13/rhino-1.7.13.jar","/home/jbergqvist/.m2/repository/com/google/guava/guava/32.1.2-jre/guava-32.1.2-jre.jar","/home/jbergqvist/.m2/repository/com/google/guava/failureaccess/1.0.1/failureaccess-1.0.1.jar","/home/jbergqvist/.m2/repository/com/google/guava/listenablefuture/9999.0-empty-to-avoid-conflict-with-guava/listenablefuture-9999.0-empty-to-avoid-conflict-with-guava.jar","/home/jbergqvist/.m2/repository/org/checkerframework/checker-qual/3.33.0/checker-qual-3.33.0.jar","/home/jbergqvist/.m2/repository/com/google/errorprone/error_prone_annotations/2.18.0/error_prone_annotations-2.18.0.jar","/home/jbergqvist/.m2/repository/com/google/j2objc/j2objc-annotations/2.8/j2objc-annotations-2.8.jar","/home/jbergqvist/.m2/repository/com/fasterxml/jackson/core/jackson-core/2.15.2/jackson-core-2.15.2.jar","/home/jbergqvist/.m2/repository/com/fasterxml/jackson/core/jackson-databind/2.15.2/jackson-databind-2.15.2.jar","/home/jbergqvist/.m2/repository/com/fasterxml/jackson/core/jackson-annotations/2.15.2/jackson-annotations-2.15.2.jar","/home/jbergqvist/.m2/repository/commons-io/commons-io/2.11.0/commons-io-2.11.0.jar","/home/jbergqvist/.m2/repository/org/apache/commons/commons-lang3/3.12.0/commons-lang3-3.12.0.jar","/home/jbergqvist/.m2/repository/org/freemarker/freemarker/2.3.31/freemarker-2.3.31.jar","/home/jbergqvist/.m2/repository/org/slf4j/slf4j-api/1.7.32/slf4j-api-1.7.32.jar","/home/jbergqvist/.m2/repository/com/diffblue/cover/cover-annotations/1.8.0/cover-annotations-1.8.0.jar","/home/jbergqvist/.m2/repository/com/atlassian/commonmark/commonmark/0.15.2/commonmark-0.15.2.jar","/home/jbergqvist/.m2/repository/org/junit/jupiter/junit-jupiter-api/5.8.2/junit-jupiter-api-5.8.2.jar","/home/jbergqvist/.m2/repository/org/opentest4j/opentest4j/1.2.0/opentest4j-1.2.0.jar","/home/jbergqvist/.m2/repository/org/junit/platform/junit-platform-commons/1.8.2/junit-platform-commons-1.8.2.jar","/home/jbergqvist/.m2/repository/org/apiguardian/apiguardian-api/1.1.2/apiguardian-api-1.1.2.jar","/home/jbergqvist/.m2/repository/org/junit/jupiter/junit-jupiter-params/5.8.2/junit-jupiter-params-5.8.2.jar","/home/jbergqvist/.m2/repository/org/junit/jupiter/junit-jupiter-engine/5.8.2/junit-jupiter-engine-5.8.2.jar","/home/jbergqvist/.m2/repository/org/junit/platform/junit-platform-engine/1.8.2/junit-platform-engine-1.8.2.jar","/home/jbergqvist/.m2/repository/org/junit/vintage/junit-vintage-engine/5.8.2/junit-vintage-engine-5.8.2.jar","/home/jbergqvist/.m2/repository/junit/junit/4.13.2/junit-4.13.2.jar","/home/jbergqvist/.m2/repository/org/hamcrest/hamcrest-core/1.3/hamcrest-core-1.3.jar","/home/jbergqvist/.m2/repository/org/mockito/mockito-core/4.0.0/mockito-core-4.0.0.jar","/home/jbergqvist/.m2/repository/net/bytebuddy/byte-buddy/1.11.19/byte-buddy-1.11.19.jar","/home/jbergqvist/.m2/repository/net/bytebuddy/byte-buddy-agent/1.11.19/byte-buddy-agent-1.11.19.jar","/home/jbergqvist/.m2/repository/org/objenesis/objenesis/3.2/objenesis-3.2.jar","/home/jbergqvist/.m2/repository/org/openjdk/jmh/jmh-core/1.33/jmh-core-1.33.jar","/home/jbergqvist/.m2/repository/org/apache/commons/commons-math3/3.2/commons-math3-3.2.jar","/home/jbergqvist/.m2/repository/org/openjdk/jmh/jmh-generator-annprocess/1.33/jmh-generator-annprocess-1.33.jar","/home/jbergqvist/.m2/repository/org/xmlunit/xmlunit-core/2.8.3/xmlunit-core-2.8.3.jar","/home/jbergqvist/.m2/repository/jakarta/xml/bind/jakarta.xml.bind-api/2.3.3/jakarta.xml.bind-api-2.3.3.jar","/home/jbergqvist/.m2/repository/jakarta/activation/jakarta.activation-api/1.2.2/jakarta.activation-api-1.2.2.jar","/home/jbergqvist/.m2/repository/ch/qos/logback/logback-classic/1.2.9/logback-classic-1.2.9.jar","/home/jbergqvist/.m2/repository/ch/qos/logback/logback-core/1.2.9/logback-core-1.2.9.jar"],"complianceLevel":"1.8","productionSources":["/home/jbergqvist/diffblue/finos-messageml-utils/src/main/java"],"testSources":["/home/jbergqvist/diffblue/finos-messageml-utils/src/test/java"],"productionClasses":"/home/jbergqvist/diffblue/finos-messageml-utils/target/classes","testClasses":"/home/jbergqvist/diffblue/finos-messageml-utils/target/test-classes","sourceToBuildPathMap":null,"testSourceToBuildPathMap":null,"buildDirectory":"/home/jbergqvist/diffblue/finos-messageml-utils/target","plugins":[{"__type":"DefaultPlugin","groupId":"org.apache.maven.plugins","artefactId":"maven-surefire-plugin","version":"2.22.2","pluginClassName":null},{"__type":"DefaultPlugin","groupId":"org.apache.maven.plugins","artefactId":"maven-clean-plugin","version":"2.5","pluginClassName":null},{"__type":"DefaultPlugin","groupId":"org.apache.maven.plugins","artefactId":"maven-resources-plugin","version":"2.6","pluginClassName":null},{"__type":"DefaultPlugin","groupId":"org.apache.maven.plugins","artefactId":"maven-jar-plugin","version":"3.2.2","pluginClassName":null},{"__type":"DefaultPlugin","groupId":"org.apache.maven.plugins","artefactId":"maven-compiler-plugin","version":"3.1","pluginClassName":null},{"__type":"DefaultPlugin","groupId":"org.apache.maven.plugins","artefactId":"maven-install-plugin","version":"2.4","pluginClassName":null},{"__type":"DefaultPlugin","groupId":"org.apache.maven.plugins","artefactId":"maven-deploy-plugin","version":"3.0.0-M1","pluginClassName":null},{"__type":"DefaultPlugin","groupId":"org.apache.maven.plugins","artefactId":"maven-site-plugin","version":"3.3","pluginClassName":null}],"version":"3.8.4","encoding":"UTF-8","name":"maven","subModules":[],"simpleModuleName":null,"parentModuleName":null,"location":"/home/jbergqvist/diffblue/finos-messageml-utils","fullModuleName":"org.symphonyoss.symphony:messageml"}}
17:10:25.455 [INFO]   [Measuring]   out: [INFO] ------------------------------------------------------------------------
17:10:25.455 [INFO]   [Measuring]   out: [INFO] BUILD SUCCESS
17:10:25.455 [INFO]   [Measuring]   out: [INFO] ------------------------------------------------------------------------
17:10:25.455 [INFO]   [Measuring]   out: [INFO] Total time:  2.250 s
17:10:25.455 [INFO]   [Measuring]   out: [INFO] Finished at: 2026-01-09T17:10:25Z
17:10:25.455 [INFO]   [Measuring]   out: [INFO] ------------------------------------------------------------------------
17:10:25.456 [INFO]   [Measuring]   deserializing line [DIFFBLUE]{"__type":"com.diffblue.cover.buildsystem.model.ProjectInfoMessage","projectName":"org.symphonyoss.symphony:messageml","productionSources":["/home/jbergqvist/diffblue/finos-messageml-utils/src/main/java"],"testSources":["/home/jbergqvist/diffblue/finos-messageml-utils/src/test/java"],"location":"/home/jbergqvist/diffblue/finos-messageml-utils"}
17:10:25.499 [INFO]   [Measuring]   maven:err process not stopped, joining thread
17:10:25.499 [INFO]   [Measuring]   maven:out process not stopped, joining thread
17:10:25.583 [INFO]   [Measuring]   JaCoCo report file created in /home/jbergqvist/diffblue/finos-messageml-utils/.diffblue/reports/diffblue-tests-jacoco-report.xml
17:10:25.716 [INFO]   [Measuring]   Calculating coverage from manual tests.
17:10:25.717 [INFO]   [Measuring]   Using default build rules as no custom rules found in any of [/home/jbergqvist/diffblue/finos-messageml-utils]
17:10:25.718 [INFO]   [Measuring]   Attempting to invoke /home/jbergqvist/diffblue/finos-messageml-utils/mvnw in working directory: /home/jbergqvist/diffblue/finos-messageml-utils
17:10:25.718 [INFO]   [Measuring]   Started "/home/jbergqvist/diffblue/finos-messageml-utils/mvnw -Dmaven.ext.class.path=/opt/cover/cover-buildsystem-maven-spy-jar-with-dependencies.jar -Dcom.diffblue.cover.skipTests=true -DskipTestOptimizer --batch-mode --projects=org.symphonyoss.symphony:messageml --global-settings=/home/jbergqvist/.sdkman/candidates/maven/current/conf/settings.xml org.jacoco:jacoco-maven-plugin:0.8.11:prepare-agent -Djacoco.skip=false test -DfailIfNoTests=false -Dsurefire.failIfNoSpecifiedTests=false -Dmaven.test.failure.ignore=True -Dtest=!*DiffblueTest,**/Test*.java,**/*Test.java,**/*Tests.java,**/*TestCase.java -DexcludedGroups=MaintainedByDiffblue,ContributionFromDiffblue org.jacoco:jacoco-maven-plugin:0.8.11:report -Djacoco.skip=false"
17:10:26.342 [INFO]   [Measuring]   out: [INFO] Scanning for projects...
17:10:26.401 [INFO]   [Measuring]   out: [INFO] 
17:10:26.401 [INFO]   [Measuring]   out: [INFO] -----------------< org.symphonyoss.symphony:messageml >-----------------
17:10:26.401 [INFO]   [Measuring]   out: [INFO] Building MessageML Utils 0.13.0
17:10:26.401 [INFO]   [Measuring]   out: [INFO] --------------------------------[ jar ]---------------------------------
17:10:26.645 [INFO]   [Measuring]   deserializing line [DIFFBLUE]{"__type":"com.diffblue.cover.buildsystem.model.DefaultEventMessage","project":"org.symphonyoss.symphony:messageml","goal":"prepare-agent","cause":null,"state":"STARTED"}
17:10:26.646 [INFO]   [Measuring]   out: [INFO] 
17:10:26.646 [INFO]   [Measuring]   out: [INFO] --- jacoco-maven-plugin:0.8.11:prepare-agent (default-cli) @ messageml ---
17:10:26.699 [INFO]   [Measuring]   out: [INFO] argLine set to -javaagent:/home/jbergqvist/.m2/repository/org/jacoco/org.jacoco.agent/0.8.11/org.jacoco.agent-0.8.11-runtime.jar=destfile=/home/jbergqvist/diffblue/finos-messageml-utils/target/jacoco.exec
17:10:26.701 [INFO]   [Measuring]   deserializing line [DIFFBLUE]{"__type":"com.diffblue.cover.buildsystem.model.DefaultEventMessage","project":"org.symphonyoss.symphony:messageml","goal":"prepare-agent","cause":null,"state":"SUCCESS"}
17:10:26.702 [INFO]   [Measuring]   deserializing line [DIFFBLUE]{"__type":"com.diffblue.cover.buildsystem.model.DefaultEventMessage","project":"org.symphonyoss.symphony:messageml","goal":"resources","cause":null,"state":"STARTED"}
17:10:26.703 [INFO]   [Measuring]   out: [INFO] 
17:10:26.703 [INFO]   [Measuring]   out: [INFO] --- maven-resources-plugin:2.6:resources (default-resources) @ messageml ---
17:10:26.763 [INFO]   [Measuring]   out: [INFO] Using 'UTF-8' encoding to copy filtered resources.
17:10:26.765 [INFO]   [Measuring]   out: [INFO] Copying 1 resource
17:10:26.768 [INFO]   [Measuring]   deserializing line [DIFFBLUE]{"__type":"com.diffblue.cover.buildsystem.model.DefaultEventMessage","project":"org.symphonyoss.symphony:messageml","goal":"resources","cause":null,"state":"SUCCESS"}
17:10:26.769 [INFO]   [Measuring]   deserializing line [DIFFBLUE]{"__type":"com.diffblue.cover.buildsystem.model.DefaultEventMessage","project":"org.symphonyoss.symphony:messageml","goal":"compile","cause":null,"state":"STARTED"}
17:10:26.770 [INFO]   [Measuring]   out: [INFO] 
17:10:26.770 [INFO]   [Measuring]   out: [INFO] --- maven-compiler-plugin:3.1:compile (default-compile) @ messageml ---
17:10:26.870 [INFO]   [Measuring]   out: [INFO] Nothing to compile - all classes are up to date
17:10:26.872 [INFO]   [Measuring]   deserializing line [DIFFBLUE]{"__type":"com.diffblue.cover.buildsystem.model.DefaultEventMessage","project":"org.symphonyoss.symphony:messageml","goal":"compile","cause":null,"state":"SUCCESS"}
17:10:26.873 [INFO]   [Measuring]   deserializing line [DIFFBLUE]{"__type":"com.diffblue.cover.buildsystem.model.DefaultEventMessage","project":"org.symphonyoss.symphony:messageml","goal":"testResources","cause":null,"state":"STARTED"}
17:10:26.874 [INFO]   [Measuring]   out: [INFO] 
17:10:26.874 [INFO]   [Measuring]   out: [INFO] --- maven-resources-plugin:2.6:testResources (default-testResources) @ messageml ---
17:10:26.874 [INFO]   [Measuring]   out: [INFO] Using 'UTF-8' encoding to copy filtered resources.
17:10:26.877 [INFO]   [Measuring]   out: [INFO] Copying 36 resources
17:10:26.878 [INFO]   [Measuring]   deserializing line [DIFFBLUE]{"__type":"com.diffblue.cover.buildsystem.model.DefaultEventMessage","project":"org.symphonyoss.symphony:messageml","goal":"testResources","cause":null,"state":"SUCCESS"}
17:10:26.879 [INFO]   [Measuring]   deserializing line [DIFFBLUE]{"__type":"com.diffblue.cover.buildsystem.model.DefaultEventMessage","project":"org.symphonyoss.symphony:messageml","goal":"testCompile","cause":null,"state":"STARTED"}
17:10:26.880 [INFO]   [Measuring]   out: [INFO] 
17:10:26.880 [INFO]   [Measuring]   out: [INFO] --- maven-compiler-plugin:3.1:testCompile (default-testCompile) @ messageml ---
17:10:26.894 [INFO]   [Measuring]   out: [INFO] Nothing to compile - all classes are up to date
17:10:26.896 [INFO]   [Measuring]   deserializing line [DIFFBLUE]{"__type":"com.diffblue.cover.buildsystem.model.DefaultEventMessage","project":"org.symphonyoss.symphony:messageml","goal":"testCompile","cause":null,"state":"SUCCESS"}
17:10:26.897 [INFO]   [Measuring]   deserializing line [DIFFBLUE]{"__type":"com.diffblue.cover.buildsystem.model.DefaultEventMessage","project":"org.symphonyoss.symphony:messageml","goal":"test","cause":null,"state":"STARTED"}
17:10:26.898 [INFO]   [Measuring]   out: [INFO] 
17:10:26.898 [INFO]   [Measuring]   out: [INFO] --- maven-surefire-plugin:2.22.2:test (default-test) @ messageml ---
17:10:27.040 [INFO]   [Measuring]   out: [INFO] 
17:10:27.040 [INFO]   [Measuring]   out: [INFO] -------------------------------------------------------
17:10:27.040 [INFO]   [Measuring]   out: [INFO]  T E S T S
17:10:27.040 [INFO]   [Measuring]   out: [INFO] -------------------------------------------------------
17:10:27.900 [INFO]   [Measuring]   out: [INFO] Running org.symphonyoss.symphony.messageml.elements.form.DatePickerTest
17:10:28.340 [INFO]   [Measuring]   out: 17:10:28.338 [main] WARN org.symphonyoss.symphony.messageml.bi.BiContext - Failed to extract the messageML library version.
17:10:28.479 [INFO]   [Measuring]   out: [INFO] Tests run: 2, Failures: 0, Errors: 0, Skipped: 0, Time elapsed: 0.572 s - in org.symphonyoss.symphony.messageml.elements.form.DatePickerTest
17:10:28.480 [INFO]   [Measuring]   out: [INFO] Running org.symphonyoss.symphony.messageml.elements.form.TextAreaTest
17:10:28.482 [INFO]   [Measuring]   out: [INFO] Tests run: 2, Failures: 0, Errors: 0, Skipped: 0, Time elapsed: 0 s - in org.symphonyoss.symphony.messageml.elements.form.TextAreaTest
17:10:28.483 [INFO]   [Measuring]   out: [INFO] Running org.symphonyoss.symphony.messageml.elements.form.CheckboxTest
17:10:28.500 [INFO]   [Measuring]   out: [INFO] Tests run: 2, Failures: 0, Errors: 0, Skipped: 0, Time elapsed: 0.015 s - in org.symphonyoss.symphony.messageml.elements.form.CheckboxTest
17:10:28.500 [INFO]   [Measuring]   out: [INFO] Running org.symphonyoss.symphony.messageml.elements.form.TimezonePickerTest
17:10:28.520 [INFO]   [Measuring]   out: [INFO] Tests run: 2, Failures: 0, Errors: 0, Skipped: 0, Time elapsed: 0.018 s - in org.symphonyoss.symphony.messageml.elements.form.TimezonePickerTest
17:10:28.520 [INFO]   [Measuring]   out: [INFO] Running org.symphonyoss.symphony.messageml.elements.form.RadioTest
17:10:28.531 [INFO]   [Measuring]   out: [INFO] Tests run: 2, Failures: 0, Errors: 0, Skipped: 0, Time elapsed: 0.008 s - in org.symphonyoss.symphony.messageml.elements.form.RadioTest
17:10:28.531 [INFO]   [Measuring]   out: [INFO] Running org.symphonyoss.symphony.messageml.elements.form.TextFieldTest
17:10:28.541 [INFO]   [Measuring]   out: [INFO] Tests run: 3, Failures: 0, Errors: 0, Skipped: 0, Time elapsed: 0.008 s - in org.symphonyoss.symphony.messageml.elements.form.TextFieldTest
17:10:28.541 [INFO]   [Measuring]   out: [INFO] Running org.symphonyoss.symphony.messageml.elements.form.TimePickerTest
17:10:28.552 [INFO]   [Measuring]   out: [INFO] Tests run: 2, Failures: 0, Errors: 0, Skipped: 0, Time elapsed: 0.009 s - in org.symphonyoss.symphony.messageml.elements.form.TimePickerTest
17:10:28.552 [INFO]   [Measuring]   out: [INFO] Running org.symphonyoss.symphony.messageml.elements.CodeLanguageTest
17:10:28.621 [INFO]   [Measuring]   out: [INFO] Tests run: 61, Failures: 0, Errors: 0, Skipped: 0, Time elapsed: 0.067 s - in org.symphonyoss.symphony.messageml.elements.CodeLanguageTest
17:10:28.622 [INFO]   [Measuring]   out: [INFO] Running org.symphonyoss.symphony.messageml.markdown.MarkdownParserTest
17:10:28.625 [INFO]   [Measuring]   out: [INFO] Tests run: 1, Failures: 0, Errors: 0, Skipped: 0, Time elapsed: 0.002 s - in org.symphonyoss.symphony.messageml.markdown.MarkdownParserTest
17:10:28.634 [INFO]   [Measuring]   out: [INFO] Running org.symphonyoss.symphony.entityjson.TestValidSchemas
17:10:28.998 [INFO]   [Measuring]   out: [ERROR] Tests run: 9, Failures: 0, Errors: 9, Skipped: 0, Time elapsed: 0.361 s <<< FAILURE! - in org.symphonyoss.symphony.entityjson.TestValidSchemas
17:10:28.998 [INFO]   [Measuring]   out: [ERROR] testStructuredObject  Time elapsed: 0.34 s  <<< ERROR!
17:10:28.998 [INFO]   [Measuring]   out: org.symphonyoss.symphony.entityjson.InvalidInstanceException: java.net.UnknownHostException: schemas.oss.symphony.com
17:10:28.998 [INFO]   [Measuring]   out: 	at org.symphonyoss.symphony.entityjson.TestValidSchemas.testStructuredObject(TestValidSchemas.java:65)
17:10:28.998 [INFO]   [Measuring]   out: Caused by: java.net.UnknownHostException: schemas.oss.symphony.com
17:10:28.998 [INFO]   [Measuring]   out: 	at org.symphonyoss.symphony.entityjson.TestValidSchemas.testStructuredObject(TestValidSchemas.java:65)
17:10:28.998 [INFO]   [Measuring]   out: 
17:10:28.998 [INFO]   [Measuring]   out: [ERROR] testBondRfq  Time elapsed: 0.002 s  <<< ERROR!
17:10:28.998 [INFO]   [Measuring]   out: org.symphonyoss.symphony.entityjson.InvalidInstanceException: java.net.UnknownHostException: schemas.oss.symphony.com
17:10:28.998 [INFO]   [Measuring]   out: 	at org.symphonyoss.symphony.entityjson.TestValidSchemas.testBondRfq(TestValidSchemas.java:78)
17:10:28.998 [INFO]   [Measuring]   out: Caused by: java.net.UnknownHostException: schemas.oss.symphony.com
17:10:28.998 [INFO]   [Measuring]   out: 	at org.symphonyoss.symphony.entityjson.TestValidSchemas.testBondRfq(TestValidSchemas.java:78)
17:10:28.998 [INFO]   [Measuring]   out: 
17:10:28.998 [INFO]   [Measuring]   out: [ERROR] testJsonSchema  Time elapsed: 0.002 s  <<< ERROR!
17:10:28.998 [INFO]   [Measuring]   out: org.symphonyoss.symphony.entityjson.InvalidInstanceException: java.net.UnknownHostException: schemas.oss.symphony.com
17:10:28.998 [INFO]   [Measuring]   out: 	at org.symphonyoss.symphony.entityjson.TestValidSchemas.testJsonSchema(TestValidSchemas.java:46)
17:10:28.998 [INFO]   [Measuring]   out: Caused by: java.net.UnknownHostException: schemas.oss.symphony.com
17:10:28.998 [INFO]   [Measuring]   out: 	at org.symphonyoss.symphony.entityjson.TestValidSchemas.testJsonSchema(TestValidSchemas.java:46)
17:10:28.998 [INFO]   [Measuring]   out: 
17:10:28.998 [INFO]   [Measuring]   out: [ERROR] testEntityJsonSchema  Time elapsed: 0.002 s  <<< ERROR!
17:10:28.998 [INFO]   [Measuring]   out: org.symphonyoss.symphony.entityjson.InvalidInstanceException: java.net.UnknownHostException: schemas.oss.symphony.com
17:10:28.998 [INFO]   [Measuring]   out: 	at org.symphonyoss.symphony.entityjson.TestValidSchemas.testEntityJsonSchema(TestValidSchemas.java:52)
17:10:28.998 [INFO]   [Measuring]   out: Caused by: java.net.UnknownHostException: schemas.oss.symphony.com
17:10:28.998 [INFO]   [Measuring]   out: 	at org.symphonyoss.symphony.entityjson.TestValidSchemas.testEntityJsonSchema(TestValidSchemas.java:52)
17:10:28.998 [INFO]   [Measuring]   out: 
17:10:28.998 [INFO]   [Measuring]   out: [ERROR] testSingleJira  Time elapsed: 0.004 s  <<< ERROR!
17:10:28.998 [INFO]   [Measuring]   out: java.lang.RuntimeException: org.symphonyoss.symphony.entityjson.InvalidSchemaException: java.net.UnknownHostException: schemas.oss.symphony.com
17:10:28.998 [INFO]   [Measuring]   out: 	at org.symphonyoss.symphony.entityjson.TestValidSchemas.test(TestValidSchemas.java:107)
17:10:28.998 [INFO]   [Measuring]   out: 	at org.symphonyoss.symphony.entityjson.TestValidSchemas.testSingleJira(TestValidSchemas.java:96)
17:10:28.998 [INFO]   [Measuring]   out: Caused by: org.symphonyoss.symphony.entityjson.InvalidSchemaException: java.net.UnknownHostException: schemas.oss.symphony.com
17:10:28.998 [INFO]   [Measuring]   out: 	at org.symphonyoss.symphony.entityjson.TestValidSchemas.test(TestValidSchemas.java:107)
17:10:28.998 [INFO]   [Measuring]   out: 	at org.symphonyoss.symphony.entityjson.TestValidSchemas.testSingleJira(TestValidSchemas.java:96)
17:10:28.998 [INFO]   [Measuring]   out: Caused by: java.net.UnknownHostException: schemas.oss.symphony.com
17:10:28.998 [INFO]   [Measuring]   out: 	at org.symphonyoss.symphony.entityjson.TestValidSchemas.test(TestValidSchemas.java:107)
17:10:28.998 [INFO]   [Measuring]   out: 	at org.symphonyoss.symphony.entityjson.TestValidSchemas.testSingleJira(TestValidSchemas.java:96)
17:10:28.998 [INFO]   [Measuring]   out: 
17:10:28.998 [INFO]   [Measuring]   out: [ERROR] testExpandedJira  Time elapsed: 0.003 s  <<< ERROR!
17:10:28.998 [INFO]   [Measuring]   out: java.lang.RuntimeException: org.symphonyoss.symphony.entityjson.InvalidSchemaException: java.net.UnknownHostException: schemas.oss.symphony.com
17:10:28.998 [INFO]   [Measuring]   out: 	at org.symphonyoss.symphony.entityjson.TestValidSchemas.test(TestValidSchemas.java:107)
17:10:28.998 [INFO]   [Measuring]   out: 	at org.symphonyoss.symphony.entityjson.TestValidSchemas.testExpandedJira(TestValidSchemas.java:102)
17:10:28.998 [INFO]   [Measuring]   out: Caused by: org.symphonyoss.symphony.entityjson.InvalidSchemaException: java.net.UnknownHostException: schemas.oss.symphony.com
17:10:28.998 [INFO]   [Measuring]   out: 	at org.symphonyoss.symphony.entityjson.TestValidSchemas.test(TestValidSchemas.java:107)
17:10:28.998 [INFO]   [Measuring]   out: 	at org.symphonyoss.symphony.entityjson.TestValidSchemas.testExpandedJira(TestValidSchemas.java:102)
17:10:28.998 [INFO]   [Measuring]   out: Caused by: java.net.UnknownHostException: schemas.oss.symphony.com
17:10:28.998 [INFO]   [Measuring]   out: 	at org.symphonyoss.symphony.entityjson.TestValidSchemas.test(TestValidSchemas.java:107)
17:10:28.998 [INFO]   [Measuring]   out: 	at org.symphonyoss.symphony.entityjson.TestValidSchemas.testExpandedJira(TestValidSchemas.java:102)
17:10:28.998 [INFO]   [Measuring]   out: 
17:10:28.998 [INFO]   [Measuring]   out: [ERROR] testBondRfqObject  Time elapsed: 0.002 s  <<< ERROR!
17:10:28.998 [INFO]   [Measuring]   out: org.symphonyoss.symphony.entityjson.InvalidInstanceException: java.net.UnknownHostException: schemas.oss.symphony.com
17:10:28.998 [INFO]   [Measuring]   out: 	at org.symphonyoss.symphony.entityjson.TestValidSchemas.testBondRfqObject(TestValidSchemas.java:84)
17:10:28.998 [INFO]   [Measuring]   out: Caused by: java.net.UnknownHostException: schemas.oss.symphony.com
17:10:28.998 [INFO]   [Measuring]   out: 	at org.symphonyoss.symphony.entityjson.TestValidSchemas.testBondRfqObject(TestValidSchemas.java:84)
17:10:28.998 [INFO]   [Measuring]   out: 
17:10:28.998 [INFO]   [Measuring]   out: [ERROR] testBondRfqSchema  Time elapsed: 0.002 s  <<< ERROR!
17:10:28.998 [INFO]   [Measuring]   out: org.symphonyoss.symphony.entityjson.InvalidInstanceException: java.net.UnknownHostException: schemas.oss.symphony.com
17:10:28.998 [INFO]   [Measuring]   out: 	at org.symphonyoss.symphony.entityjson.TestValidSchemas.testBondRfqSchema(TestValidSchemas.java:72)
17:10:28.998 [INFO]   [Measuring]   out: Caused by: java.net.UnknownHostException: schemas.oss.symphony.com
17:10:28.998 [INFO]   [Measuring]   out: 	at org.symphonyoss.symphony.entityjson.TestValidSchemas.testBondRfqSchema(TestValidSchemas.java:72)
17:10:28.998 [INFO]   [Measuring]   out: 
17:10:28.998 [INFO]   [Measuring]   out: [ERROR] testEntityJson  Time elapsed: 0.001 s  <<< ERROR!
17:10:28.998 [INFO]   [Measuring]   out: org.symphonyoss.symphony.entityjson.InvalidInstanceException: java.net.UnknownHostException: schemas.oss.symphony.com
17:10:28.998 [INFO]   [Measuring]   out: 	at org.symphonyoss.symphony.entityjson.TestValidSchemas.testEntityJson(TestValidSchemas.java:58)
17:10:28.998 [INFO]   [Measuring]   out: Caused by: java.net.UnknownHostException: schemas.oss.symphony.com
17:10:28.998 [INFO]   [Measuring]   out: 	at org.symphonyoss.symphony.entityjson.TestValidSchemas.testEntityJson(TestValidSchemas.java:58)
17:10:28.998 [INFO]   [Measuring]   out: 
17:10:28.998 [INFO]   [Measuring]   out: [INFO] Running org.symphonyoss.symphony.entityjson.TestInvalidSchemas
17:10:29.010 [INFO]   [Measuring]   out: [ERROR] Tests run: 6, Failures: 0, Errors: 6, Skipped: 0, Time elapsed: 0.01 s <<< FAILURE! - in org.symphonyoss.symphony.entityjson.TestInvalidSchemas
17:10:29.010 [INFO]   [Measuring]   out: [ERROR] testInvalidTypeVersion  Time elapsed: 0 s  <<< ERROR!
17:10:29.010 [INFO]   [Measuring]   out: java.lang.Exception: Unexpected exception, expected<org.symphonyoss.symphony.entityjson.SchemaValidationException> but was<java.lang.RuntimeException>
17:10:29.010 [INFO]   [Measuring]   out: 	at org.symphonyoss.symphony.entityjson.TestInvalidSchemas.testInvalidTypeVersion(TestInvalidSchemas.java:44)
17:10:29.010 [INFO]   [Measuring]   out: Caused by: org.symphonyoss.symphony.entityjson.InvalidSchemaException: java.net.UnknownHostException: schemas.oss.symphony.com
17:10:29.010 [INFO]   [Measuring]   out: 	at org.symphonyoss.symphony.entityjson.TestInvalidSchemas.testInvalidTypeVersion(TestInvalidSchemas.java:44)
17:10:29.010 [INFO]   [Measuring]   out: Caused by: java.net.UnknownHostException: schemas.oss.symphony.com
17:10:29.010 [INFO]   [Measuring]   out: 	at org.symphonyoss.symphony.entityjson.TestInvalidSchemas.testInvalidTypeVersion(TestInvalidSchemas.java:44)
17:10:29.010 [INFO]   [Measuring]   out: 
17:10:29.010 [INFO]   [Measuring]   out: [ERROR] testMissingTypeVersion  Time elapsed: 0.002 s  <<< ERROR!
17:10:29.010 [INFO]   [Measuring]   out: java.lang.Exception: Unexpected exception, expected<org.symphonyoss.symphony.entityjson.SchemaValidationException> but was<java.lang.RuntimeException>
17:10:29.010 [INFO]   [Measuring]   out: 	at org.symphonyoss.symphony.entityjson.TestInvalidSchemas.testMissingTypeVersion(TestInvalidSchemas.java:66)
17:10:29.010 [INFO]   [Measuring]   out: Caused by: org.symphonyoss.symphony.entityjson.InvalidSchemaException: java.net.UnknownHostException: schemas.oss.symphony.com
17:10:29.010 [INFO]   [Measuring]   out: 	at org.symphonyoss.symphony.entityjson.TestInvalidSchemas.testMissingTypeVersion(TestInvalidSchemas.java:66)
17:10:29.010 [INFO]   [Measuring]   out: Caused by: java.net.UnknownHostException: schemas.oss.symphony.com
17:10:29.010 [INFO]   [Measuring]   out: 	at org.symphonyoss.symphony.entityjson.TestInvalidSchemas.testMissingTypeVersion(TestInvalidSchemas.java:66)
17:10:29.010 [INFO]   [Measuring]   out: 
17:10:29.010 [INFO]   [Measuring]   out: [ERROR] testMissingTypeId  Time elapsed: 0.002 s  <<< ERROR!
17:10:29.010 [INFO]   [Measuring]   out: java.lang.Exception: Unexpected exception, expected<org.symphonyoss.symphony.entityjson.SchemaValidationException> but was<java.lang.RuntimeException>
17:10:29.010 [INFO]   [Measuring]   out: 	at org.symphonyoss.symphony.entityjson.TestInvalidSchemas.testMissingTypeId(TestInvalidSchemas.java:85)
17:10:29.010 [INFO]   [Measuring]   out: Caused by: org.symphonyoss.symphony.entityjson.InvalidSchemaException: java.net.UnknownHostException: schemas.oss.symphony.com
17:10:29.010 [INFO]   [Measuring]   out: 	at org.symphonyoss.symphony.entityjson.TestInvalidSchemas.testMissingTypeId(TestInvalidSchemas.java:85)
17:10:29.010 [INFO]   [Measuring]   out: Caused by: java.net.UnknownHostException: schemas.oss.symphony.com
17:10:29.010 [INFO]   [Measuring]   out: 	at org.symphonyoss.symphony.entityjson.TestInvalidSchemas.testMissingTypeId(TestInvalidSchemas.java:85)
17:10:29.010 [INFO]   [Measuring]   out: 
17:10:29.010 [INFO]   [Measuring]   out: [ERROR] testIdExtraAttributes  Time elapsed: 0.002 s  <<< ERROR!
17:10:29.010 [INFO]   [Measuring]   out: java.lang.Exception: Unexpected exception, expected<org.symphonyoss.symphony.entityjson.SchemaValidationException> but was<java.lang.RuntimeException>
17:10:29.010 [INFO]   [Measuring]   out: 	at org.symphonyoss.symphony.entityjson.TestInvalidSchemas.testIdExtraAttributes(TestInvalidSchemas.java:137)
17:10:29.010 [INFO]   [Measuring]   out: Caused by: org.symphonyoss.symphony.entityjson.InvalidSchemaException: java.net.UnknownHostException: schemas.oss.symphony.com
17:10:29.010 [INFO]   [Measuring]   out: 	at org.symphonyoss.symphony.entityjson.TestInvalidSchemas.testIdExtraAttributes(TestInvalidSchemas.java:137)
17:10:29.010 [INFO]   [Measuring]   out: Caused by: java.net.UnknownHostException: schemas.oss.symphony.com
17:10:29.010 [INFO]   [Measuring]   out: 	at org.symphonyoss.symphony.entityjson.TestInvalidSchemas.testIdExtraAttributes(TestInvalidSchemas.java:137)
17:10:29.010 [INFO]   [Measuring]   out: 
17:10:29.010 [INFO]   [Measuring]   out: [ERROR] testObjectIdObject  Time elapsed: 0.002 s  <<< ERROR!
17:10:29.010 [INFO]   [Measuring]   out: java.lang.Exception: Unexpected exception, expected<org.symphonyoss.symphony.entityjson.SchemaValidationException> but was<java.lang.RuntimeException>
17:10:29.010 [INFO]   [Measuring]   out: 	at org.symphonyoss.symphony.entityjson.TestInvalidSchemas.testObjectIdObject(TestInvalidSchemas.java:119)
17:10:29.010 [INFO]   [Measuring]   out: Caused by: org.symphonyoss.symphony.entityjson.InvalidSchemaException: java.net.UnknownHostException: schemas.oss.symphony.com
17:10:29.010 [INFO]   [Measuring]   out: 	at org.symphonyoss.symphony.entityjson.TestInvalidSchemas.testObjectIdObject(TestInvalidSchemas.java:119)
17:10:29.010 [INFO]   [Measuring]   out: Caused by: java.net.UnknownHostException: schemas.oss.symphony.com
17:10:29.010 [INFO]   [Measuring]   out: 	at org.symphonyoss.symphony.entityjson.TestInvalidSchemas.testObjectIdObject(TestInvalidSchemas.java:119)
17:10:29.010 [INFO]   [Measuring]   out: 
17:10:29.010 [INFO]   [Measuring]   out: [ERROR] testObjectIdString  Time elapsed: 0.002 s  <<< ERROR!
17:10:29.010 [INFO]   [Measuring]   out: java.lang.Exception: Unexpected exception, expected<org.symphonyoss.symphony.entityjson.SchemaValidationException> but was<java.lang.RuntimeException>
17:10:29.010 [INFO]   [Measuring]   out: 	at org.symphonyoss.symphony.entityjson.TestInvalidSchemas.testObjectIdString(TestInvalidSchemas.java:104)
17:10:29.010 [INFO]   [Measuring]   out: Caused by: org.symphonyoss.symphony.entityjson.InvalidSchemaException: java.net.UnknownHostException: schemas.oss.symphony.com
17:10:29.010 [INFO]   [Measuring]   out: 	at org.symphonyoss.symphony.entityjson.TestInvalidSchemas.testObjectIdString(TestInvalidSchemas.java:104)
17:10:29.010 [INFO]   [Measuring]   out: Caused by: java.net.UnknownHostException: schemas.oss.symphony.com
17:10:29.011 [INFO]   [Measuring]   out: 	at org.symphonyoss.symphony.entityjson.TestInvalidSchemas.testObjectIdString(TestInvalidSchemas.java:104)
17:10:29.011 [INFO]   [Measuring]   out: 
17:10:29.011 [INFO]   [Measuring]   out: [INFO] Running org.symphonyoss.symphony.messageml.bi.BiContextTest
17:10:29.011 [INFO]   [Measuring]   out: [INFO] Tests run: 6, Failures: 0, Errors: 0, Skipped: 0, Time elapsed: 0 s - in org.symphonyoss.symphony.messageml.bi.BiContextTest
17:10:29.011 [INFO]   [Measuring]   out: [INFO] Running org.symphonyoss.symphony.messageml.bi.BiItemTest
17:10:29.011 [INFO]   [Measuring]   out: 17:10:29.009 [main] WARN org.symphonyoss.symphony.messageml.bi.BiContext - Attribute attribute1 for element element1 does not contain an integer value. The count will not be increased.
17:10:29.011 [INFO]   [Measuring]   out: 17:10:29.011 [main] WARN org.symphonyoss.symphony.messageml.bi.BiContext - Attribute attribute1 for element element1 does not contain an integer value. The count will not be increased.
17:10:29.013 [INFO]   [Measuring]   out: [INFO] Tests run: 6, Failures: 0, Errors: 0, Skipped: 0, Time elapsed: 0 s - in org.symphonyoss.symphony.messageml.bi.BiItemTest
17:10:29.013 [INFO]   [Measuring]   out: [INFO] Running org.symphonyoss.symphony.messageml.MessageMLContextTest
17:10:29.654 [INFO]   [Measuring]   out: [INFO] Tests run: 59, Failures: 0, Errors: 0, Skipped: 0, Time elapsed: 0.638 s - in org.symphonyoss.symphony.messageml.MessageMLContextTest
17:10:29.654 [INFO]   [Measuring]   out: [INFO] Running org.symphonyoss.symphony.messageml.elements.DivTest
17:10:29.667 [INFO]   [Measuring]   out: [INFO] Tests run: 19, Failures: 0, Errors: 0, Skipped: 0, Time elapsed: 0.011 s - in org.symphonyoss.symphony.messageml.elements.DivTest
17:10:29.667 [INFO]   [Measuring]   out: [INFO] Running org.symphonyoss.symphony.messageml.elements.HorizontalRuleTest
17:10:29.677 [INFO]   [Measuring]   out: [INFO] Tests run: 16, Failures: 0, Errors: 0, Skipped: 0, Time elapsed: 0.008 s - in org.symphonyoss.symphony.messageml.elements.HorizontalRuleTest
17:10:29.677 [INFO]   [Measuring]   out: [INFO] Running org.symphonyoss.symphony.messageml.elements.form.ButtonTest
17:10:29.682 [INFO]   [Measuring]   out: 17:10:29.682 [main] INFO org.symphonyoss.symphony.messageml.elements.Button - Button class cannot be a destructive one, replacing it accordingly.
17:10:29.683 [INFO]   [Measuring]   out: 17:10:29.683 [main] INFO org.symphonyoss.symphony.messageml.elements.Button - Button class cannot be a destructive one, replacing it accordingly.
17:10:29.686 [INFO]   [Measuring]   out: 17:10:29.686 [main] INFO org.symphonyoss.symphony.messageml.elements.Button - Button class cannot be a destructive one, replacing it accordingly.
17:10:29.686 [INFO]   [Measuring]   out: 17:10:29.686 [main] INFO org.symphonyoss.symphony.messageml.elements.Button - Button class cannot be a destructive one, replacing it accordingly.
17:10:29.699 [INFO]   [Measuring]   out: [INFO] Tests run: 37, Failures: 0, Errors: 0, Skipped: 0, Time elapsed: 0.021 s - in org.symphonyoss.symphony.messageml.elements.form.ButtonTest
17:10:29.700 [INFO]   [Measuring]   out: [INFO] Running org.symphonyoss.symphony.messageml.elements.form.DatePickerTest
17:10:29.736 [INFO]   [Measuring]   out: [INFO] Tests run: 31, Failures: 0, Errors: 0, Skipped: 0, Time elapsed: 0.033 s - in org.symphonyoss.symphony.messageml.elements.form.DatePickerTest
17:10:29.736 [INFO]   [Measuring]   out: [INFO] Running org.symphonyoss.symphony.messageml.elements.form.TextAreaTest
17:10:29.756 [INFO]   [Measuring]   out: [INFO] Tests run: 40, Failures: 0, Errors: 0, Skipped: 0, Time elapsed: 0.018 s - in org.symphonyoss.symphony.messageml.elements.form.TextAreaTest
17:10:29.756 [INFO]   [Measuring]   out: [INFO] Running org.symphonyoss.symphony.messageml.elements.form.DateSelectorTest
17:10:29.770 [INFO]   [Measuring]   out: [INFO] Tests run: 23, Failures: 0, Errors: 0, Skipped: 0, Time elapsed: 0.011 s - in org.symphonyoss.symphony.messageml.elements.form.DateSelectorTest
17:10:29.770 [INFO]   [Measuring]   out: [INFO] Running org.symphonyoss.symphony.messageml.elements.form.CheckboxTest
17:10:29.792 [INFO]   [Measuring]   out: [INFO] Tests run: 40, Failures: 0, Errors: 0, Skipped: 0, Time elapsed: 0.021 s - in org.symphonyoss.symphony.messageml.elements.form.CheckboxTest
17:10:29.792 [INFO]   [Measuring]   out: [INFO] Running org.symphonyoss.symphony.messageml.elements.form.SelectOptionTest
17:10:29.817 [INFO]   [Measuring]   out: [INFO] Tests run: 57, Failures: 0, Errors: 0, Skipped: 0, Time elapsed: 0.023 s - in org.symphonyoss.symphony.messageml.elements.form.SelectOptionTest
17:10:29.817 [INFO]   [Measuring]   out: [INFO] Running org.symphonyoss.symphony.messageml.elements.form.FormTest
17:10:29.832 [INFO]   [Measuring]   out: [INFO] Tests run: 24, Failures: 0, Errors: 0, Skipped: 0, Time elapsed: 0.013 s - in org.symphonyoss.symphony.messageml.elements.form.FormTest
17:10:29.832 [INFO]   [Measuring]   out: [INFO] Running org.symphonyoss.symphony.messageml.elements.form.TimezonePickerTest
17:10:29.844 [INFO]   [Measuring]   out: [INFO] Tests run: 23, Failures: 0, Errors: 0, Skipped: 0, Time elapsed: 0.01 s - in org.symphonyoss.symphony.messageml.elements.form.TimezonePickerTest
17:10:29.844 [INFO]   [Measuring]   out: [INFO] Running org.symphonyoss.symphony.messageml.elements.form.PersonSelectorTest
17:10:29.856 [INFO]   [Measuring]   out: [INFO] Tests run: 29, Failures: 0, Errors: 0, Skipped: 0, Time elapsed: 0.01 s - in org.symphonyoss.symphony.messageml.elements.form.PersonSelectorTest
17:10:29.856 [INFO]   [Measuring]   out: [INFO] Running org.symphonyoss.symphony.messageml.elements.form.RadioTest
17:10:29.870 [INFO]   [Measuring]   out: [INFO] Tests run: 38, Failures: 0, Errors: 0, Skipped: 0, Time elapsed: 0.012 s - in org.symphonyoss.symphony.messageml.elements.form.RadioTest
17:10:29.870 [INFO]   [Measuring]   out: [INFO] Running org.symphonyoss.symphony.messageml.elements.form.TextFieldTest
17:10:29.890 [INFO]   [Measuring]   out: [INFO] Tests run: 53, Failures: 0, Errors: 0, Skipped: 0, Time elapsed: 0.018 s - in org.symphonyoss.symphony.messageml.elements.form.TextFieldTest
17:10:29.890 [INFO]   [Measuring]   out: [INFO] Running org.symphonyoss.symphony.messageml.elements.form.TimePickerTest
17:10:29.890 [INFO]   [Measuring]   out: 17:10:29.889 [main] WARN org.symphonyoss.symphony.messageml.elements.Element - Attribute step for element TimePicker should be an integer value. The property will not be put in BI context.
17:10:29.899 [INFO]   [Measuring]   out: 17:10:29.899 [main] WARN org.symphonyoss.symphony.messageml.elements.Element - Attribute step for element TimePicker should be an integer value. The property will not be put in BI context.
17:10:29.905 [INFO]   [Measuring]   out: [INFO] Tests run: 35, Failures: 0, Errors: 0, Skipped: 0, Time elapsed: 0.014 s - in org.symphonyoss.symphony.messageml.elements.form.TimePickerTest
17:10:29.905 [INFO]   [Measuring]   out: [INFO] Running org.symphonyoss.symphony.messageml.elements.form.RoomSelectorTest
17:10:29.917 [INFO]   [Measuring]   out: [INFO] Tests run: 29, Failures: 0, Errors: 0, Skipped: 0, Time elapsed: 0.01 s - in org.symphonyoss.symphony.messageml.elements.form.RoomSelectorTest
17:10:29.917 [INFO]   [Measuring]   out: [INFO] Running org.symphonyoss.symphony.messageml.elements.ListTest
17:10:29.926 [INFO]   [Measuring]   out: [INFO] Tests run: 25, Failures: 0, Errors: 0, Skipped: 0, Time elapsed: 0.008 s - in org.symphonyoss.symphony.messageml.elements.ListTest
17:10:29.926 [INFO]   [Measuring]   out: [INFO] Running org.symphonyoss.symphony.messageml.elements.SubscriptTest
17:10:29.932 [INFO]   [Measuring]   out: [INFO] Tests run: 17, Failures: 0, Errors: 0, Skipped: 0, Time elapsed: 0.005 s - in org.symphonyoss.symphony.messageml.elements.SubscriptTest
17:10:29.932 [INFO]   [Measuring]   out: [INFO] Running org.symphonyoss.symphony.messageml.elements.PreformattedTest
17:10:29.938 [INFO]   [Measuring]   out: [INFO] Tests run: 18, Failures: 0, Errors: 0, Skipped: 0, Time elapsed: 0.004 s - in org.symphonyoss.symphony.messageml.elements.PreformattedTest
17:10:29.938 [INFO]   [Measuring]   out: [INFO] Running org.symphonyoss.symphony.messageml.elements.ParagraphTest
17:10:29.943 [INFO]   [Measuring]   out: [INFO] Tests run: 16, Failures: 0, Errors: 0, Skipped: 0, Time elapsed: 0.004 s - in org.symphonyoss.symphony.messageml.elements.ParagraphTest
17:10:29.943 [INFO]   [Measuring]   out: [INFO] Running org.symphonyoss.symphony.messageml.elements.CashtagTest
17:10:29.952 [INFO]   [Measuring]   out: [INFO] Tests run: 24, Failures: 0, Errors: 0, Skipped: 0, Time elapsed: 0.008 s - in org.symphonyoss.symphony.messageml.elements.CashtagTest
17:10:29.952 [INFO]   [Measuring]   out: [INFO] Running org.symphonyoss.symphony.messageml.elements.ListItemTest
17:10:29.956 [INFO]   [Measuring]   out: [INFO] Tests run: 14, Failures: 0, Errors: 0, Skipped: 0, Time elapsed: 0.003 s - in org.symphonyoss.symphony.messageml.elements.ListItemTest
17:10:29.956 [INFO]   [Measuring]   out: [INFO] Running org.symphonyoss.symphony.messageml.elements.BulletListTest
17:10:29.961 [INFO]   [Measuring]   out: [INFO] Tests run: 16, Failures: 0, Errors: 0, Skipped: 0, Time elapsed: 0.004 s - in org.symphonyoss.symphony.messageml.elements.BulletListTest
17:10:29.961 [INFO]   [Measuring]   out: [INFO] Running org.symphonyoss.symphony.messageml.elements.LineBreakTest
17:10:29.966 [INFO]   [Measuring]   out: [INFO] Tests run: 18, Failures: 0, Errors: 0, Skipped: 0, Time elapsed: 0.004 s - in org.symphonyoss.symphony.messageml.elements.LineBreakTest
17:10:29.966 [INFO]   [Measuring]   out: [INFO] Running org.symphonyoss.symphony.messageml.elements.EmojiTest
17:10:29.973 [INFO]   [Measuring]   out: [INFO] Tests run: 22, Failures: 0, Errors: 0, Skipped: 0, Time elapsed: 0.006 s - in org.symphonyoss.symphony.messageml.elements.EmojiTest
17:10:29.973 [INFO]   [Measuring]   out: [INFO] Running org.symphonyoss.symphony.messageml.elements.SuperscriptTest
17:10:29.979 [INFO]   [Measuring]   out: [INFO] Tests run: 17, Failures: 0, Errors: 0, Skipped: 0, Time elapsed: 0.005 s - in org.symphonyoss.symphony.messageml.elements.SuperscriptTest
17:10:29.979 [INFO]   [Measuring]   out: [INFO] Running org.symphonyoss.symphony.messageml.elements.ChimeTest
17:10:29.985 [INFO]   [Measuring]   out: [INFO] Tests run: 21, Failures: 0, Errors: 0, Skipped: 0, Time elapsed: 0.005 s - in org.symphonyoss.symphony.messageml.elements.ChimeTest
17:10:29.985 [INFO]   [Measuring]   out: [INFO] Running org.symphonyoss.symphony.messageml.elements.OrderedListTest
17:10:29.990 [INFO]   [Measuring]   out: [INFO] Tests run: 16, Failures: 0, Errors: 0, Skipped: 0, Time elapsed: 0.004 s - in org.symphonyoss.symphony.messageml.elements.OrderedListTest
17:10:29.990 [INFO]   [Measuring]   out: [INFO] Running org.symphonyoss.symphony.messageml.elements.ImageTest
17:10:29.995 [INFO]   [Measuring]   out: [INFO] Tests run: 18, Failures: 0, Errors: 0, Skipped: 0, Time elapsed: 0.004 s - in org.symphonyoss.symphony.messageml.elements.ImageTest
17:10:29.995 [INFO]   [Measuring]   out: [INFO] Running org.symphonyoss.symphony.messageml.elements.CodeTest
17:10:29.996 [INFO]   [Measuring]   out: <div data-format="PresentationML" data-version="2.0">This is code:<code>val message: String = &quot;Hello world&quot;
17:10:29.996 [INFO]   [Measuring]   out: println message</code><br/>This is text</div>
17:10:30.007 [INFO]   [Measuring]   out: [INFO] Tests run: 33, Failures: 0, Errors: 0, Skipped: 0, Time elapsed: 0.011 s - in org.symphonyoss.symphony.messageml.elements.CodeTest
17:10:30.008 [INFO]   [Measuring]   out: [INFO] Running org.symphonyoss.symphony.messageml.elements.UIActionTest
17:10:30.021 [INFO]   [Measuring]   out: [INFO] Tests run: 42, Failures: 0, Errors: 0, Skipped: 0, Time elapsed: 0.012 s - in org.symphonyoss.symphony.messageml.elements.UIActionTest
17:10:30.021 [INFO]   [Measuring]   out: [INFO] Running org.symphonyoss.symphony.messageml.elements.CardTest
17:10:30.028 [INFO]   [Measuring]   out: [INFO] Tests run: 22, Failures: 0, Errors: 0, Skipped: 0, Time elapsed: 0.005 s - in org.symphonyoss.symphony.messageml.elements.CardTest
17:10:30.028 [INFO]   [Measuring]   out: [INFO] Running org.symphonyoss.symphony.messageml.elements.ExpandableCardTest
17:10:30.035 [INFO]   [Measuring]   out: [INFO] Tests run: 22, Failures: 0, Errors: 0, Skipped: 0, Time elapsed: 0.005 s - in org.symphonyoss.symphony.messageml.elements.ExpandableCardTest
17:10:30.035 [INFO]   [Measuring]   out: [INFO] Running org.symphonyoss.symphony.messageml.elements.BoldTest
17:10:30.040 [INFO]   [Measuring]   out: [INFO] Tests run: 18, Failures: 0, Errors: 0, Skipped: 0, Time elapsed: 0.004 s - in org.symphonyoss.symphony.messageml.elements.BoldTest
17:10:30.040 [INFO]   [Measuring]   out: [INFO] Running org.symphonyoss.symphony.messageml.elements.HeaderTest
17:10:30.048 [INFO]   [Measuring]   out: [INFO] Tests run: 19, Failures: 0, Errors: 0, Skipped: 0, Time elapsed: 0.006 s - in org.symphonyoss.symphony.messageml.elements.HeaderTest
17:10:30.048 [INFO]   [Measuring]   out: [INFO] Running org.symphonyoss.symphony.messageml.elements.TableTest
17:10:30.057 [INFO]   [Measuring]   out: [INFO] Tests run: 35, Failures: 0, Errors: 0, Skipped: 0, Time elapsed: 0.008 s - in org.symphonyoss.symphony.messageml.elements.TableTest
17:10:30.057 [INFO]   [Measuring]   out: [INFO] Running org.symphonyoss.symphony.messageml.elements.ElementTest
17:10:30.061 [INFO]   [Measuring]   out: [INFO] Tests run: 13, Failures: 0, Errors: 0, Skipped: 0, Time elapsed: 0.002 s - in org.symphonyoss.symphony.messageml.elements.ElementTest
17:10:30.061 [INFO]   [Measuring]   out: [INFO] Running org.symphonyoss.symphony.messageml.elements.LinkTest
17:10:30.068 [INFO]   [Measuring]   out: [INFO] Tests run: 23, Failures: 0, Errors: 0, Skipped: 0, Time elapsed: 0.006 s - in org.symphonyoss.symphony.messageml.elements.LinkTest
17:10:30.068 [INFO]   [Measuring]   out: [INFO] Running org.symphonyoss.symphony.messageml.elements.TagTest
17:10:30.101 [INFO]   [Measuring]   out: [INFO] Tests run: 17, Failures: 0, Errors: 0, Skipped: 0, Time elapsed: 0.032 s - in org.symphonyoss.symphony.messageml.elements.TagTest
17:10:30.101 [INFO]   [Measuring]   out: [INFO] Running org.symphonyoss.symphony.messageml.elements.HashtagTest
17:10:30.109 [INFO]   [Measuring]   out: [INFO] Tests run: 25, Failures: 0, Errors: 0, Skipped: 0, Time elapsed: 0.007 s - in org.symphonyoss.symphony.messageml.elements.HashtagTest
17:10:30.109 [INFO]   [Measuring]   out: [INFO] Running org.symphonyoss.symphony.messageml.elements.StylesTest
17:10:30.114 [INFO]   [Measuring]   out: [INFO] Tests run: 17, Failures: 0, Errors: 0, Skipped: 0, Time elapsed: 0.003 s - in org.symphonyoss.symphony.messageml.elements.StylesTest
17:10:30.114 [INFO]   [Measuring]   out: [INFO] Running org.symphonyoss.symphony.messageml.elements.ItalicTest
17:10:30.119 [INFO]   [Measuring]   out: [INFO] Tests run: 17, Failures: 0, Errors: 0, Skipped: 0, Time elapsed: 0.004 s - in org.symphonyoss.symphony.messageml.elements.ItalicTest
17:10:30.119 [INFO]   [Measuring]   out: [INFO] Running org.symphonyoss.symphony.messageml.elements.MentionTest
17:10:30.177 [INFO]   [Measuring]   out: [INFO] Tests run: 35, Failures: 0, Errors: 0, Skipped: 0, Time elapsed: 0.056 s - in org.symphonyoss.symphony.messageml.elements.MentionTest
17:10:30.177 [INFO]   [Measuring]   out: [INFO] Running org.symphonyoss.symphony.messageml.elements.DialogTest
17:10:30.189 [INFO]   [Measuring]   out: [INFO] Tests run: 43, Failures: 0, Errors: 0, Skipped: 0, Time elapsed: 0.01 s - in org.symphonyoss.symphony.messageml.elements.DialogTest
17:10:30.189 [INFO]   [Measuring]   out: [INFO] Running org.symphonyoss.symphony.messageml.elements.SpanTest
17:10:30.194 [INFO]   [Measuring]   out: [INFO] Tests run: 17, Failures: 0, Errors: 0, Skipped: 0, Time elapsed: 0.004 s - in org.symphonyoss.symphony.messageml.elements.SpanTest
17:10:30.194 [INFO]   [Measuring]   out: [INFO] Running org.symphonyoss.symphony.messageml.util.IndentedPrintStreamTest
17:10:30.199 [INFO]   [Measuring]   out: [INFO] Tests run: 53, Failures: 0, Errors: 0, Skipped: 0, Time elapsed: 0.004 s - in org.symphonyoss.symphony.messageml.util.IndentedPrintStreamTest
17:10:30.199 [INFO]   [Measuring]   out: [INFO] Running org.symphonyoss.symphony.messageml.util.CountedOutputStreamTest
17:10:30.200 [INFO]   [Measuring]   out: [INFO] Tests run: 5, Failures: 0, Errors: 0, Skipped: 0, Time elapsed: 0 s - in org.symphonyoss.symphony.messageml.util.CountedOutputStreamTest
17:10:30.604 [INFO]   [Measuring]   out: [INFO] 
17:10:30.604 [INFO]   [Measuring]   out: [INFO] Results:
17:10:30.604 [INFO]   [Measuring]   out: [INFO] 
17:10:30.604 [INFO]   [Measuring]   out: [ERROR] Errors: 
17:10:30.604 [INFO]   [Measuring]   out: [ERROR]   TestInvalidSchemas.testIdExtraAttributes »  Unexpected exception, expected<org...
17:10:30.604 [INFO]   [Measuring]   out: [ERROR]   TestInvalidSchemas.testInvalidTypeVersion »  Unexpected exception, expected<or...
17:10:30.604 [INFO]   [Measuring]   out: [ERROR]   TestInvalidSchemas.testMissingTypeId »  Unexpected exception, expected<org.sym...
17:10:30.604 [INFO]   [Measuring]   out: [ERROR]   TestInvalidSchemas.testMissingTypeVersion »  Unexpected exception, expected<or...
17:10:30.604 [INFO]   [Measuring]   out: [ERROR]   TestInvalidSchemas.testObjectIdObject »  Unexpected exception, expected<org.sy...
17:10:30.604 [INFO]   [Measuring]   out: [ERROR]   TestInvalidSchemas.testObjectIdString »  Unexpected exception, expected<org.sy...
17:10:30.604 [INFO]   [Measuring]   out: [ERROR]   TestValidSchemas.testBondRfq:78 » InvalidInstance java.net.UnknownHostExceptio...
17:10:30.604 [INFO]   [Measuring]   out: [ERROR]   TestValidSchemas.testBondRfqObject:84 » InvalidInstance java.net.UnknownHostEx...
17:10:30.604 [INFO]   [Measuring]   out: [ERROR]   TestValidSchemas.testBondRfqSchema:72 » InvalidInstance java.net.UnknownHostEx...
17:10:30.604 [INFO]   [Measuring]   out: [ERROR]   TestValidSchemas.testEntityJson:58 » InvalidInstance java.net.UnknownHostExcep...
17:10:30.604 [INFO]   [Measuring]   out: [ERROR]   TestValidSchemas.testEntityJsonSchema:52 » InvalidInstance java.net.UnknownHos...
17:10:30.604 [INFO]   [Measuring]   out: [ERROR]   TestValidSchemas.testExpandedJira:102->test:107 » Runtime org.symphonyoss.symp...
17:10:30.604 [INFO]   [Measuring]   out: [ERROR]   TestValidSchemas.testJsonSchema:46 » InvalidInstance java.net.UnknownHostExcep...
17:10:30.604 [INFO]   [Measuring]   out: [ERROR]   TestValidSchemas.testSingleJira:96->test:107 » Runtime org.symphonyoss.symphon...
17:10:30.604 [INFO]   [Measuring]   out: [ERROR]   TestValidSchemas.testStructuredObject:65 » InvalidInstance java.net.UnknownHos...
17:10:30.604 [INFO]   [Measuring]   out: [INFO] 
17:10:30.604 [INFO]   [Measuring]   out: [ERROR] Tests run: 1355, Failures: 0, Errors: 15, Skipped: 0
17:10:30.604 [INFO]   [Measuring]   out: [INFO] 
17:10:30.607 [INFO]   [Measuring]   out: [ERROR] There are test failures.
17:10:30.607 [INFO]   [Measuring]   out: 
17:10:30.607 [INFO]   [Measuring]   out: Please refer to /home/jbergqvist/diffblue/finos-messageml-utils/target/surefire-reports for the individual test results.
17:10:30.607 [INFO]   [Measuring]   out: Please refer to dump files (if any exist) [date].dump, [date]-jvmRun[N].dump and [date].dumpstream.
17:10:30.608 [INFO]   [Measuring]   deserializing line [DIFFBLUE]{"__type":"com.diffblue.cover.buildsystem.model.DefaultEventMessage","project":"org.symphonyoss.symphony:messageml","goal":"test","cause":null,"state":"SUCCESS"}
17:10:30.609 [INFO]   [Measuring]   deserializing line [DIFFBLUE]{"__type":"com.diffblue.cover.buildsystem.model.DefaultEventMessage","project":"org.symphonyoss.symphony:messageml","goal":"report","cause":null,"state":"STARTED"}
17:10:30.610 [INFO]   [Measuring]   out: [INFO] 
17:10:30.610 [INFO]   [Measuring]   out: [INFO] --- jacoco-maven-plugin:0.8.11:report (default-cli) @ messageml ---
17:10:30.612 [INFO]   [Measuring]   out: [INFO] Loading execution data file /home/jbergqvist/diffblue/finos-messageml-utils/target/jacoco.exec
17:10:30.728 [INFO]   [Measuring]   out: [INFO] Analyzed bundle 'MessageML Utils' with 144 classes
17:10:30.925 [INFO]   [Measuring]   deserializing line [DIFFBLUE]{"__type":"com.diffblue.cover.buildsystem.model.DefaultEventMessage","project":"org.symphonyoss.symphony:messageml","goal":"report","cause":null,"state":"SUCCESS"}
17:10:30.949 [INFO]   [Measuring]   deserializing line [DIFFBLUE]{"__type":"com.diffblue.cover.buildsystem.model.DefaultProjectModuleMessage","project":{"__type":"DefaultProjectModule","junitReport":["/home/jbergqvist/diffblue/finos-messageml-utils/target/surefire-reports"],"jacocoReport":["/home/jbergqvist/diffblue/finos-messageml-utils/target/site/jacoco/jacoco.xml"],"jacocoDestFile":["/home/jbergqvist/diffblue/finos-messageml-utils/target/jacoco.exec"],"jacocoFormats":["xml"],"jacocoSkipped":false,"classpath":["/home/jbergqvist/diffblue/finos-messageml-utils/target/classes","/home/jbergqvist/.m2/repository/org/projectlombok/lombok/1.18.42/lombok-1.18.42.jar","/home/jbergqvist/.m2/repository/com/github/java-json-tools/json-schema-validator/2.2.14/json-schema-validator-2.2.14.jar","/home/jbergqvist/.m2/repository/com/github/java-json-tools/jackson-coreutils-equivalence/1.0/jackson-coreutils-equivalence-1.0.jar","/home/jbergqvist/.m2/repository/com/github/java-json-tools/jackson-coreutils/2.0/jackson-coreutils-2.0.jar","/home/jbergqvist/.m2/repository/com/github/java-json-tools/msg-simple/1.2/msg-simple-1.2.jar","/home/jbergqvist/.m2/repository/com/github/java-json-tools/btf/1.3/btf-1.3.jar","/home/jbergqvist/.m2/repository/com/github/java-json-tools/json-schema-core/1.2.14/json-schema-core-1.2.14.jar","/home/jbergqvist/.m2/repository/com/github/java-json-tools/uri-template/0.10/uri-template-0.10.jar","/home/jbergqvist/.m2/repository/com/sun/mail/mailapi/1.6.2/mailapi-1.6.2.jar","/home/jbergqvist/.m2/repository/joda-time/joda-time/2.10.5/joda-time-2.10.5.jar","/home/jbergqvist/.m2/repository/com/googlecode/libphonenumber/libphonenumber/8.11.1/libphonenumber-8.11.1.jar","/home/jbergqvist/.m2/repository/com/google/code/findbugs/jsr305/3.0.2/jsr305-3.0.2.jar","/home/jbergqvist/.m2/repository/net/sf/jopt-simple/jopt-simple/5.0.4/jopt-simple-5.0.4.jar","/home/jbergqvist/.m2/repository/org/mozilla/rhino/1.7.13/rhino-1.7.13.jar","/home/jbergqvist/.m2/repository/com/google/guava/guava/32.1.2-jre/guava-32.1.2-jre.jar","/home/jbergqvist/.m2/repository/com/google/guava/failureaccess/1.0.1/failureaccess-1.0.1.jar","/home/jbergqvist/.m2/repository/com/google/guava/listenablefuture/9999.0-empty-to-avoid-conflict-with-guava/listenablefuture-9999.0-empty-to-avoid-conflict-with-guava.jar","/home/jbergqvist/.m2/repository/org/checkerframework/checker-qual/3.33.0/checker-qual-3.33.0.jar","/home/jbergqvist/.m2/repository/com/google/errorprone/error_prone_annotations/2.18.0/error_prone_annotations-2.18.0.jar","/home/jbergqvist/.m2/repository/com/google/j2objc/j2objc-annotations/2.8/j2objc-annotations-2.8.jar","/home/jbergqvist/.m2/repository/com/fasterxml/jackson/core/jackson-core/2.15.2/jackson-core-2.15.2.jar","/home/jbergqvist/.m2/repository/com/fasterxml/jackson/core/jackson-databind/2.15.2/jackson-databind-2.15.2.jar","/home/jbergqvist/.m2/repository/com/fasterxml/jackson/core/jackson-annotations/2.15.2/jackson-annotations-2.15.2.jar","/home/jbergqvist/.m2/repository/commons-io/commons-io/2.11.0/commons-io-2.11.0.jar","/home/jbergqvist/.m2/repository/org/apache/commons/commons-lang3/3.12.0/commons-lang3-3.12.0.jar","/home/jbergqvist/.m2/repository/org/freemarker/freemarker/2.3.31/freemarker-2.3.31.jar","/home/jbergqvist/.m2/repository/org/slf4j/slf4j-api/1.7.32/slf4j-api-1.7.32.jar","/home/jbergqvist/.m2/repository/com/diffblue/cover/cover-annotations/1.8.0/cover-annotations-1.8.0.jar","/home/jbergqvist/.m2/repository/com/atlassian/commonmark/commonmark/0.15.2/commonmark-0.15.2.jar","/home/jbergqvist/.m2/repository/org/junit/jupiter/junit-jupiter-api/5.8.2/junit-jupiter-api-5.8.2.jar","/home/jbergqvist/.m2/repository/org/opentest4j/opentest4j/1.2.0/opentest4j-1.2.0.jar","/home/jbergqvist/.m2/repository/org/junit/platform/junit-platform-commons/1.8.2/junit-platform-commons-1.8.2.jar","/home/jbergqvist/.m2/repository/org/apiguardian/apiguardian-api/1.1.2/apiguardian-api-1.1.2.jar","/home/jbergqvist/.m2/repository/org/junit/jupiter/junit-jupiter-params/5.8.2/junit-jupiter-params-5.8.2.jar","/home/jbergqvist/.m2/repository/org/junit/jupiter/junit-jupiter-engine/5.8.2/junit-jupiter-engine-5.8.2.jar","/home/jbergqvist/.m2/repository/org/junit/platform/junit-platform-engine/1.8.2/junit-platform-engine-1.8.2.jar","/home/jbergqvist/.m2/repository/org/junit/vintage/junit-vintage-engine/5.8.2/junit-vintage-engine-5.8.2.jar","/home/jbergqvist/.m2/repository/junit/junit/4.13.2/junit-4.13.2.jar","/home/jbergqvist/.m2/repository/org/hamcrest/hamcrest-core/1.3/hamcrest-core-1.3.jar","/home/jbergqvist/.m2/repository/org/mockito/mockito-core/4.0.0/mockito-core-4.0.0.jar","/home/jbergqvist/.m2/repository/net/bytebuddy/byte-buddy/1.11.19/byte-buddy-1.11.19.jar","/home/jbergqvist/.m2/repository/net/bytebuddy/byte-buddy-agent/1.11.19/byte-buddy-agent-1.11.19.jar","/home/jbergqvist/.m2/repository/org/objenesis/objenesis/3.2/objenesis-3.2.jar","/home/jbergqvist/.m2/repository/org/openjdk/jmh/jmh-core/1.33/jmh-core-1.33.jar","/home/jbergqvist/.m2/repository/org/apache/commons/commons-math3/3.2/commons-math3-3.2.jar","/home/jbergqvist/.m2/repository/org/openjdk/jmh/jmh-generator-annprocess/1.33/jmh-generator-annprocess-1.33.jar","/home/jbergqvist/.m2/repository/org/xmlunit/xmlunit-core/2.8.3/xmlunit-core-2.8.3.jar","/home/jbergqvist/.m2/repository/jakarta/xml/bind/jakarta.xml.bind-api/2.3.3/jakarta.xml.bind-api-2.3.3.jar","/home/jbergqvist/.m2/repository/jakarta/activation/jakarta.activation-api/1.2.2/jakarta.activation-api-1.2.2.jar","/home/jbergqvist/.m2/repository/ch/qos/logback/logback-classic/1.2.9/logback-classic-1.2.9.jar","/home/jbergqvist/.m2/repository/ch/qos/logback/logback-core/1.2.9/logback-core-1.2.9.jar"],"complianceLevel":"1.8","productionSources":["/home/jbergqvist/diffblue/finos-messageml-utils/src/main/java"],"testSources":["/home/jbergqvist/diffblue/finos-messageml-utils/src/test/java"],"productionClasses":"/home/jbergqvist/diffblue/finos-messageml-utils/target/classes","testClasses":"/home/jbergqvist/diffblue/finos-messageml-utils/target/test-classes","sourceToBuildPathMap":null,"testSourceToBuildPathMap":null,"buildDirectory":"/home/jbergqvist/diffblue/finos-messageml-utils/target","plugins":[{"__type":"DefaultPlugin","groupId":"org.apache.maven.plugins","artefactId":"maven-surefire-plugin","version":"2.22.2","pluginClassName":null},{"__type":"DefaultPlugin","groupId":"org.apache.maven.plugins","artefactId":"maven-clean-plugin","version":"2.5","pluginClassName":null},{"__type":"DefaultPlugin","groupId":"org.apache.maven.plugins","artefactId":"maven-resources-plugin","version":"2.6","pluginClassName":null},{"__type":"DefaultPlugin","groupId":"org.apache.maven.plugins","artefactId":"maven-jar-plugin","version":"3.2.2","pluginClassName":null},{"__type":"DefaultPlugin","groupId":"org.apache.maven.plugins","artefactId":"maven-compiler-plugin","version":"3.1","pluginClassName":null},{"__type":"DefaultPlugin","groupId":"org.apache.maven.plugins","artefactId":"maven-install-plugin","version":"2.4","pluginClassName":null},{"__type":"DefaultPlugin","groupId":"org.apache.maven.plugins","artefactId":"maven-deploy-plugin","version":"3.0.0-M1","pluginClassName":null},{"__type":"DefaultPlugin","groupId":"org.apache.maven.plugins","artefactId":"maven-site-plugin","version":"3.3","pluginClassName":null}],"version":"3.8.4","encoding":"UTF-8","name":"maven","subModules":[],"simpleModuleName":null,"parentModuleName":null,"location":"/home/jbergqvist/diffblue/finos-messageml-utils","fullModuleName":"org.symphonyoss.symphony:messageml"}}
17:10:30.951 [INFO]   [Measuring]   out: [INFO] ------------------------------------------------------------------------
17:10:30.951 [INFO]   [Measuring]   out: [INFO] BUILD SUCCESS
17:10:30.951 [INFO]   [Measuring]   out: [INFO] ------------------------------------------------------------------------
17:10:30.951 [INFO]   [Measuring]   out: [INFO] Total time:  4.620 s
17:10:30.951 [INFO]   [Measuring]   out: [INFO] Finished at: 2026-01-09T17:10:30Z
17:10:30.951 [INFO]   [Measuring]   out: [INFO] ------------------------------------------------------------------------
17:10:30.953 [INFO]   [Measuring]   deserializing line [DIFFBLUE]{"__type":"com.diffblue.cover.buildsystem.model.ProjectInfoMessage","projectName":"org.symphonyoss.symphony:messageml","productionSources":["/home/jbergqvist/diffblue/finos-messageml-utils/src/main/java"],"testSources":["/home/jbergqvist/diffblue/finos-messageml-utils/src/test/java"],"location":"/home/jbergqvist/diffblue/finos-messageml-utils"}
17:10:30.998 [INFO]   [Measuring]   maven:err process not stopped, joining thread
17:10:30.998 [INFO]   [Measuring]   maven:out process not stopped, joining thread
17:10:31.041 [INFO]   [Measuring]   JaCoCo report file created in /home/jbergqvist/diffblue/finos-messageml-utils/.diffblue/reports/manual-tests-jacoco-report.xml
17:10:31.082 [INFO]   [Measuring]   
17:10:31.143 [INFO]   [Measuring]   Diffblue tests cover 3363 of 5157 lines to cover (65.2%)
17:10:31.189 [INFO]   [Measuring]   Manual tests cover 4531 of 5157 lines to cover (87.9%)
17:10:31.453 [INFO]   [Reporting]   Writing JSON report to /home/jbergqvist/diffblue/finos-messageml-utils/.diffblue/reports/report.json
17:10:31.567 [INFO]   [Reporting]   Username wasn't provided as input, checking env var and cover.properties
17:10:31.567 [INFO]   [Reporting]   Password wasn't provided as input, checking env var and cover.properties
17:10:31.567 [INFO]   [Reporting]   Credentials were not provided
17:10:33.311 [INFO]   [Reporting]   1 * Sending client request on thread main
17:10:33.312 [INFO]   [Reporting]   1 > Accept: application/vnd.diffblue.reports.v2+json,application/json
17:10:33.312 [INFO]   [Reporting]   1 > Content-Type: multipart/form-data
17:10:34.506 [INFO]   [Reporting]   1 * Received server response on thread main
17:10:34.506 [INFO]   [Reporting]   1 < 200
17:10:34.506 [INFO]   [Reporting]   1 < Keep-Alive: timeout=60
17:10:34.506 [INFO]   [Reporting]   1 < Transfer-Encoding: chunked
17:10:34.506 [INFO]   [Reporting]   1 < X-Frame-Options: DENY
17:10:34.506 [INFO]   [Reporting]   1 < Cache-Control: no-cache, no-store, max-age=0, must-revalidate
17:10:34.506 [INFO]   [Reporting]   1 < X-Content-Type-Options: nosniff
17:10:34.506 [INFO]   [Reporting]   1 < Connection: keep-alive
17:10:34.506 [INFO]   [Reporting]   1 < Expires: 0
17:10:34.506 [INFO]   [Reporting]   1 < Pragma: no-cache
17:10:34.506 [INFO]   [Reporting]   1 < X-XSS-Protection: 0
17:10:34.506 [INFO]   [Reporting]   1 < Date: Fri, 09 Jan 2026 17:10:34 GMT
17:10:34.506 [INFO]   [Reporting]   1 < Content-Type: application/vnd.diffblue.reports.v2+json
17:10:34.510 [INFO]   [Reporting]   1 < {"id":1000016,"name":"after-refactor","project":"Projects.finos-messageml-utils","diffblueTestCount":2179,"reportJsonUReceived":true,"totalLineCount":5157,"manualCoveredLineCount":4531,"diffblueCoveredLineCount":3363,"uploadWarnings":[],"_links":{"dashboard":{"href":"http://0.0.0.0:8080/ui/project/Projects.finos-messageml-utils?runId=1000016"},"self":{"href":"http://localhost:8080/run/1000016"}}}
17:10:34.516 [INFO]   [Reporting]   Coverage reports upload successful
Total count of Diffblue tests: 2179
Diffblue test coverage: 3363 of 5157 lines to cover
Manual test coverage: 4531 of 5157 lines to cover
View this run on the dashboard at http://localhost:8080/ui/project/Projects/finos-messageml-utils?runId=1000016
17:10:34.667 [INFO]   [Reporting]   
17:10:34.667 [WARN]   [Reporting]   One or more warnings were logged, please review them in the log file
17:10:34.667 [INFO]   [Reporting]   Log file: /home/jbergqvist/diffblue/finos-messageml-utils/.diffblue/log/user-20260109T164252.log
17:10:34.667 [INFO]   [Reporting]   Finished in 27m 33s
