17:37:51.799 [INFO]   [Preparing]   Diffblue Cover 2025.12.02-74144f0-licensed
17:37:51.800 [INFO]   [Preparing]   Running: dcover create --coverage-reports
17:37:51.800 [INFO]   [Preparing]   
17:37:51.800 [INFO]   [Preparing]   Command: create
17:37:51.801 [INFO]   [Preparing]   Create tests for the specified package/class/method.
17:37:51.801 [INFO]   [Preparing]   
17:37:54.584 [INFO]   [Checking]    Maven Using ${maven.home} of: /home/jbergqvist/diffblue/finos-messageml-utils.
17:37:54.587 [INFO]   [Checking]    Maven Executing: /bin/sh -c cd /home/jbergqvist/diffblue/finos-messageml-utils && /home/jbergqvist/diffblue/finos-messageml-utils/mvnw -B -version
17:37:54.797 [INFO]   [Checking]    Standard output of build tool (Maven)
17:37:54.797 [INFO]   [Checking]    > Apache Maven 3.8.4 (9b656c72d54e5bacbed989b64718c159fe39b537)
17:37:54.797 [INFO]   [Checking]    > Maven home: /home/jbergqvist/.m2/wrapper/dists/apache-maven-3.8.4-bin/52ccbt68d252mdldqsfsn03jlf/apache-maven-3.8.4
17:37:54.798 [INFO]   [Checking]    > Java version: 11.0.29, vendor: Amazon.com Inc., runtime: /home/jbergqvist/.sdkman/candidates/java/11.0.29-amzn
17:37:54.798 [INFO]   [Checking]    > Default locale: en_GB, platform encoding: UTF-8
17:37:54.798 [INFO]   [Checking]    > OS name: "linux", version: "6.8.0-90-generic", arch: "amd64", family: "unix"
17:37:54.800 [INFO]   [Checking]    Using default build rules as no custom rules found in any of [/home/jbergqvist/diffblue/finos-messageml-utils]
17:37:54.804 [INFO]   [Checking]    Attempting to invoke /home/jbergqvist/diffblue/finos-messageml-utils/mvnw in working directory: /home/jbergqvist/diffblue/finos-messageml-utils
17:37:54.805 [INFO]   [Checking]    Started "/home/jbergqvist/diffblue/finos-messageml-utils/mvnw -Dmaven.ext.class.path=/opt/cover/cover-buildsystem-maven-spy-jar-with-dependencies.jar -Dcom.diffblue.cover.skipTests=true -DskipTestOptimizer --batch-mode --global-settings=/home/jbergqvist/.sdkman/candidates/maven/current/conf/settings.xml dependency:build-classpath"
17:37:55.419 [INFO]   [Checking]    out: [INFO] Scanning for projects...
17:37:55.549 [INFO]   [Checking]    out: [INFO] 
17:37:55.549 [INFO]   [Checking]    out: [INFO] -----------------< org.symphonyoss.symphony:messageml >-----------------
17:37:55.549 [INFO]   [Checking]    out: [INFO] Building MessageML Utils 0.13.0
17:37:55.549 [INFO]   [Checking]    out: [INFO] --------------------------------[ jar ]---------------------------------
17:37:55.749 [INFO]   [Checking]    deserializing line [DIFFBLUE]{"__type":"com.diffblue.cover.buildsystem.model.DefaultEventMessage","project":"org.symphonyoss.symphony:messageml","goal":"build-classpath","cause":null,"state":"STARTED"}
17:37:55.806 [INFO]   [Checking]    out: [INFO] 
17:37:55.806 [INFO]   [Checking]    out: [INFO] --- maven-dependency-plugin:2.8:build-classpath (default-cli) @ messageml ---
17:37:55.830 [INFO]   [Checking]    out: [WARNING] The artifact xml-apis:xml-apis:jar:2.0.2 has been relocated to xml-apis:xml-apis:jar:1.0.b2
17:37:56.032 [INFO]   [Checking]    out: [INFO] Dependencies classpath:
17:37:56.033 [INFO]   [Checking]    out: /home/jbergqvist/.m2/repository/org/projectlombok/lombok/1.18.42/lombok-1.18.42.jar:/home/jbergqvist/.m2/repository/com/github/java-json-tools/json-schema-validator/2.2.14/json-schema-validator-2.2.14.jar:/home/jbergqvist/.m2/repository/com/github/java-json-tools/jackson-coreutils-equivalence/1.0/jackson-coreutils-equivalence-1.0.jar:/home/jbergqvist/.m2/repository/com/github/java-json-tools/jackson-coreutils/2.0/jackson-coreutils-2.0.jar:/home/jbergqvist/.m2/repository/com/github/java-json-tools/msg-simple/1.2/msg-simple-1.2.jar:/home/jbergqvist/.m2/repository/com/github/java-json-tools/btf/1.3/btf-1.3.jar:/home/jbergqvist/.m2/repository/com/github/java-json-tools/json-schema-core/1.2.14/json-schema-core-1.2.14.jar:/home/jbergqvist/.m2/repository/com/github/java-json-tools/uri-template/0.10/uri-template-0.10.jar:/home/jbergqvist/.m2/repository/com/sun/mail/mailapi/1.6.2/mailapi-1.6.2.jar:/home/jbergqvist/.m2/repository/joda-time/joda-time/2.10.5/joda-time-2.10.5.jar:/home/jbergqvist/.m2/repository/com/googlecode/libphonenumber/libphonenumber/8.11.1/libphonenumber-8.11.1.jar:/home/jbergqvist/.m2/repository/com/google/code/findbugs/jsr305/3.0.2/jsr305-3.0.2.jar:/home/jbergqvist/.m2/repository/net/sf/jopt-simple/jopt-simple/5.0.4/jopt-simple-5.0.4.jar:/home/jbergqvist/.m2/repository/org/mozilla/rhino/1.7.13/rhino-1.7.13.jar:/home/jbergqvist/.m2/repository/com/google/guava/guava/32.1.2-jre/guava-32.1.2-jre.jar:/home/jbergqvist/.m2/repository/com/google/guava/failureaccess/1.0.1/failureaccess-1.0.1.jar:/home/jbergqvist/.m2/repository/com/google/guava/listenablefuture/9999.0-empty-to-avoid-conflict-with-guava/listenablefuture-9999.0-empty-to-avoid-conflict-with-guava.jar:/home/jbergqvist/.m2/repository/org/checkerframework/checker-qual/3.33.0/checker-qual-3.33.0.jar:/home/jbergqvist/.m2/repository/com/google/errorprone/error_prone_annotations/2.18.0/error_prone_annotations-2.18.0.jar:/home/jbergqvist/.m2/repository/com/google/j2objc/j2objc-annotations/2.8/j2objc-annotations-2.8.jar:/home/jbergqvist/.m2/repository/com/fasterxml/jackson/core/jackson-core/2.15.2/jackson-core-2.15.2.jar:/home/jbergqvist/.m2/repository/com/fasterxml/jackson/core/jackson-databind/2.15.2/jackson-databind-2.15.2.jar:/home/jbergqvist/.m2/repository/com/fasterxml/jackson/core/jackson-annotations/2.15.2/jackson-annotations-2.15.2.jar:/home/jbergqvist/.m2/repository/commons-io/commons-io/2.11.0/commons-io-2.11.0.jar:/home/jbergqvist/.m2/repository/org/apache/commons/commons-lang3/3.12.0/commons-lang3-3.12.0.jar:/home/jbergqvist/.m2/repository/org/freemarker/freemarker/2.3.31/freemarker-2.3.31.jar:/home/jbergqvist/.m2/repository/org/slf4j/slf4j-api/1.7.32/slf4j-api-1.7.32.jar:/home/jbergqvist/.m2/repository/com/diffblue/cover/cover-annotations/1.8.0/cover-annotations-1.8.0.jar:/home/jbergqvist/.m2/repository/com/atlassian/commonmark/commonmark/0.15.2/commonmark-0.15.2.jar:/home/jbergqvist/.m2/repository/org/junit/jupiter/junit-jupiter-api/5.8.2/junit-jupiter-api-5.8.2.jar:/home/jbergqvist/.m2/repository/org/opentest4j/opentest4j/1.2.0/opentest4j-1.2.0.jar:/home/jbergqvist/.m2/repository/org/junit/platform/junit-platform-commons/1.8.2/junit-platform-commons-1.8.2.jar:/home/jbergqvist/.m2/repository/org/apiguardian/apiguardian-api/1.1.2/apiguardian-api-1.1.2.jar:/home/jbergqvist/.m2/repository/org/junit/jupiter/junit-jupiter-params/5.8.2/junit-jupiter-params-5.8.2.jar:/home/jbergqvist/.m2/repository/org/junit/jupiter/junit-jupiter-engine/5.8.2/junit-jupiter-engine-5.8.2.jar:/home/jbergqvist/.m2/repository/org/junit/platform/junit-platform-engine/1.8.2/junit-platform-engine-1.8.2.jar:/home/jbergqvist/.m2/repository/org/junit/vintage/junit-vintage-engine/5.8.2/junit-vintage-engine-5.8.2.jar:/home/jbergqvist/.m2/repository/junit/junit/4.13.2/junit-4.13.2.jar:/home/jbergqvist/.m2/repository/org/hamcrest/hamcrest-core/1.3/hamcrest-core-1.3.jar:/home/jbergqvist/.m2/repository/org/mockito/mockito-core/4.0.0/mockito-core-4.0.0.jar:/home/jbergqvist/.m2/repository/net/bytebuddy/byte-buddy/1.11.19/byte-buddy-1.11.19.jar:/home/jbergqvist/.m2/repository/net/bytebuddy/byte-buddy-agent/1.11.19/byte-buddy-agent-1.11.19.jar:/home/jbergqvist/.m2/repository/org/objenesis/objenesis/3.2/objenesis-3.2.jar:/home/jbergqvist/.m2/repository/org/openjdk/jmh/jmh-core/1.33/jmh-core-1.33.jar:/home/jbergqvist/.m2/repository/org/apache/commons/commons-math3/3.2/commons-math3-3.2.jar:/home/jbergqvist/.m2/repository/org/openjdk/jmh/jmh-generator-annprocess/1.33/jmh-generator-annprocess-1.33.jar:/home/jbergqvist/.m2/repository/org/xmlunit/xmlunit-core/2.8.3/xmlunit-core-2.8.3.jar:/home/jbergqvist/.m2/repository/jakarta/xml/bind/jakarta.xml.bind-api/2.3.3/jakarta.xml.bind-api-2.3.3.jar:/home/jbergqvist/.m2/repository/jakarta/activation/jakarta.activation-api/1.2.2/jakarta.activation-api-1.2.2.jar:/home/jbergqvist/.m2/repository/ch/qos/logback/logback-classic/1.2.9/logback-classic-1.2.9.jar:/home/jbergqvist/.m2/repository/ch/qos/logback/logback-core/1.2.9/logback-core-1.2.9.jar
17:37:56.034 [INFO]   [Checking]    deserializing line [DIFFBLUE]{"__type":"com.diffblue.cover.buildsystem.model.DefaultEventMessage","project":"org.symphonyoss.symphony:messageml","goal":"build-classpath","cause":null,"state":"SUCCESS"}
17:37:56.067 [INFO]   [Checking]    deserializing line [DIFFBLUE]{"__type":"com.diffblue.cover.buildsystem.model.DefaultProjectModuleMessage","project":{"__type":"DefaultProjectModule","junitReport":["/home/jbergqvist/diffblue/finos-messageml-utils/target/surefire-reports"],"jacocoReport":["/home/jbergqvist/diffblue/finos-messageml-utils/target/site/jacoco/jacoco.xml"],"jacocoDestFile":["/home/jbergqvist/diffblue/finos-messageml-utils/target/jacoco.exec"],"jacocoFormats":["xml"],"jacocoSkipped":false,"classpath":["/home/jbergqvist/diffblue/finos-messageml-utils/target/classes","/home/jbergqvist/.m2/repository/org/projectlombok/lombok/1.18.42/lombok-1.18.42.jar","/home/jbergqvist/.m2/repository/com/github/java-json-tools/json-schema-validator/2.2.14/json-schema-validator-2.2.14.jar","/home/jbergqvist/.m2/repository/com/github/java-json-tools/jackson-coreutils-equivalence/1.0/jackson-coreutils-equivalence-1.0.jar","/home/jbergqvist/.m2/repository/com/github/java-json-tools/jackson-coreutils/2.0/jackson-coreutils-2.0.jar","/home/jbergqvist/.m2/repository/com/github/java-json-tools/msg-simple/1.2/msg-simple-1.2.jar","/home/jbergqvist/.m2/repository/com/github/java-json-tools/btf/1.3/btf-1.3.jar","/home/jbergqvist/.m2/repository/com/github/java-json-tools/json-schema-core/1.2.14/json-schema-core-1.2.14.jar","/home/jbergqvist/.m2/repository/com/github/java-json-tools/uri-template/0.10/uri-template-0.10.jar","/home/jbergqvist/.m2/repository/com/sun/mail/mailapi/1.6.2/mailapi-1.6.2.jar","/home/jbergqvist/.m2/repository/joda-time/joda-time/2.10.5/joda-time-2.10.5.jar","/home/jbergqvist/.m2/repository/com/googlecode/libphonenumber/libphonenumber/8.11.1/libphonenumber-8.11.1.jar","/home/jbergqvist/.m2/repository/com/google/code/findbugs/jsr305/3.0.2/jsr305-3.0.2.jar","/home/jbergqvist/.m2/repository/net/sf/jopt-simple/jopt-simple/5.0.4/jopt-simple-5.0.4.jar","/home/jbergqvist/.m2/repository/org/mozilla/rhino/1.7.13/rhino-1.7.13.jar","/home/jbergqvist/.m2/repository/com/google/guava/guava/32.1.2-jre/guava-32.1.2-jre.jar","/home/jbergqvist/.m2/repository/com/google/guava/failureaccess/1.0.1/failureaccess-1.0.1.jar","/home/jbergqvist/.m2/repository/com/google/guava/listenablefuture/9999.0-empty-to-avoid-conflict-with-guava/listenablefuture-9999.0-empty-to-avoid-conflict-with-guava.jar","/home/jbergqvist/.m2/repository/org/checkerframework/checker-qual/3.33.0/checker-qual-3.33.0.jar","/home/jbergqvist/.m2/repository/com/google/errorprone/error_prone_annotations/2.18.0/error_prone_annotations-2.18.0.jar","/home/jbergqvist/.m2/repository/com/google/j2objc/j2objc-annotations/2.8/j2objc-annotations-2.8.jar","/home/jbergqvist/.m2/repository/com/fasterxml/jackson/core/jackson-core/2.15.2/jackson-core-2.15.2.jar","/home/jbergqvist/.m2/repository/com/fasterxml/jackson/core/jackson-databind/2.15.2/jackson-databind-2.15.2.jar","/home/jbergqvist/.m2/repository/com/fasterxml/jackson/core/jackson-annotations/2.15.2/jackson-annotations-2.15.2.jar","/home/jbergqvist/.m2/repository/commons-io/commons-io/2.11.0/commons-io-2.11.0.jar","/home/jbergqvist/.m2/repository/org/apache/commons/commons-lang3/3.12.0/commons-lang3-3.12.0.jar","/home/jbergqvist/.m2/repository/org/freemarker/freemarker/2.3.31/freemarker-2.3.31.jar","/home/jbergqvist/.m2/repository/org/slf4j/slf4j-api/1.7.32/slf4j-api-1.7.32.jar","/home/jbergqvist/.m2/repository/com/diffblue/cover/cover-annotations/1.8.0/cover-annotations-1.8.0.jar","/home/jbergqvist/.m2/repository/com/atlassian/commonmark/commonmark/0.15.2/commonmark-0.15.2.jar","/home/jbergqvist/.m2/repository/org/junit/jupiter/junit-jupiter-api/5.8.2/junit-jupiter-api-5.8.2.jar","/home/jbergqvist/.m2/repository/org/opentest4j/opentest4j/1.2.0/opentest4j-1.2.0.jar","/home/jbergqvist/.m2/repository/org/junit/platform/junit-platform-commons/1.8.2/junit-platform-commons-1.8.2.jar","/home/jbergqvist/.m2/repository/org/apiguardian/apiguardian-api/1.1.2/apiguardian-api-1.1.2.jar","/home/jbergqvist/.m2/repository/org/junit/jupiter/junit-jupiter-params/5.8.2/junit-jupiter-params-5.8.2.jar","/home/jbergqvist/.m2/repository/org/junit/jupiter/junit-jupiter-engine/5.8.2/junit-jupiter-engine-5.8.2.jar","/home/jbergqvist/.m2/repository/org/junit/platform/junit-platform-engine/1.8.2/junit-platform-engine-1.8.2.jar","/home/jbergqvist/.m2/repository/org/junit/vintage/junit-vintage-engine/5.8.2/junit-vintage-engine-5.8.2.jar","/home/jbergqvist/.m2/repository/junit/junit/4.13.2/junit-4.13.2.jar","/home/jbergqvist/.m2/repository/org/hamcrest/hamcrest-core/1.3/hamcrest-core-1.3.jar","/home/jbergqvist/.m2/repository/org/mockito/mockito-core/4.0.0/mockito-core-4.0.0.jar","/home/jbergqvist/.m2/repository/net/bytebuddy/byte-buddy/1.11.19/byte-buddy-1.11.19.jar","/home/jbergqvist/.m2/repository/net/bytebuddy/byte-buddy-agent/1.11.19/byte-buddy-agent-1.11.19.jar","/home/jbergqvist/.m2/repository/org/objenesis/objenesis/3.2/objenesis-3.2.jar","/home/jbergqvist/.m2/repository/org/openjdk/jmh/jmh-core/1.33/jmh-core-1.33.jar","/home/jbergqvist/.m2/repository/org/apache/commons/commons-math3/3.2/commons-math3-3.2.jar","/home/jbergqvist/.m2/repository/org/openjdk/jmh/jmh-generator-annprocess/1.33/jmh-generator-annprocess-1.33.jar","/home/jbergqvist/.m2/repository/org/xmlunit/xmlunit-core/2.8.3/xmlunit-core-2.8.3.jar","/home/jbergqvist/.m2/repository/jakarta/xml/bind/jakarta.xml.bind-api/2.3.3/jakarta.xml.bind-api-2.3.3.jar","/home/jbergqvist/.m2/repository/jakarta/activation/jakarta.activation-api/1.2.2/jakarta.activation-api-1.2.2.jar","/home/jbergqvist/.m2/repository/ch/qos/logback/logback-classic/1.2.9/logback-classic-1.2.9.jar","/home/jbergqvist/.m2/repository/ch/qos/logback/logback-core/1.2.9/logback-core-1.2.9.jar"],"complianceLevel":"1.8","productionSources":["/home/jbergqvist/diffblue/finos-messageml-utils/src/main/java"],"testSources":["/home/jbergqvist/diffblue/finos-messageml-utils/src/test/java"],"productionClasses":"/home/jbergqvist/diffblue/finos-messageml-utils/target/classes","testClasses":"/home/jbergqvist/diffblue/finos-messageml-utils/target/test-classes","sourceToBuildPathMap":null,"testSourceToBuildPathMap":null,"buildDirectory":"/home/jbergqvist/diffblue/finos-messageml-utils/target","plugins":[{"__type":"DefaultPlugin","groupId":"org.apache.maven.plugins","artefactId":"maven-surefire-plugin","version":"2.22.2","pluginClassName":null},{"__type":"DefaultPlugin","groupId":"org.apache.maven.plugins","artefactId":"maven-clean-plugin","version":"2.5","pluginClassName":null},{"__type":"DefaultPlugin","groupId":"org.apache.maven.plugins","artefactId":"maven-resources-plugin","version":"2.6","pluginClassName":null},{"__type":"DefaultPlugin","groupId":"org.apache.maven.plugins","artefactId":"maven-jar-plugin","version":"3.2.2","pluginClassName":null},{"__type":"DefaultPlugin","groupId":"org.apache.maven.plugins","artefactId":"maven-compiler-plugin","version":"3.1","pluginClassName":null},{"__type":"DefaultPlugin","groupId":"org.apache.maven.plugins","artefactId":"maven-install-plugin","version":"2.4","pluginClassName":null},{"__type":"DefaultPlugin","groupId":"org.apache.maven.plugins","artefactId":"maven-deploy-plugin","version":"3.0.0-M1","pluginClassName":null},{"__type":"DefaultPlugin","groupId":"org.apache.maven.plugins","artefactId":"maven-site-plugin","version":"3.3","pluginClassName":null}],"version":"3.8.4","encoding":"UTF-8","name":"maven","subModules":[],"simpleModuleName":null,"parentModuleName":null,"location":"/home/jbergqvist/diffblue/finos-messageml-utils","fullModuleName":"org.symphonyoss.symphony:messageml"}}
17:37:56.084 [INFO]   [Checking]    out: [INFO] ------------------------------------------------------------------------
17:37:56.085 [INFO]   [Checking]    out: [INFO] BUILD SUCCESS
17:37:56.085 [INFO]   [Checking]    out: [INFO] ------------------------------------------------------------------------
17:37:56.085 [INFO]   [Checking]    out: [INFO] Total time:  0.661 s
17:37:56.085 [INFO]   [Checking]    out: [INFO] Finished at: 2026-01-09T17:37:56Z
17:37:56.085 [INFO]   [Checking]    out: [INFO] ------------------------------------------------------------------------
17:37:56.085 [INFO]   [Checking]    deserializing line [DIFFBLUE]{"__type":"com.diffblue.cover.buildsystem.model.ProjectInfoMessage","projectName":"org.symphonyoss.symphony:messageml","productionSources":["/home/jbergqvist/diffblue/finos-messageml-utils/src/main/java"],"testSources":["/home/jbergqvist/diffblue/finos-messageml-utils/src/test/java"],"location":"/home/jbergqvist/diffblue/finos-messageml-utils"}
17:37:56.106 [INFO]   [Checking]    maven:err process not stopped, joining thread
17:37:56.106 [INFO]   [Checking]    maven:out process not stopped, joining thread
17:37:56.106 [INFO]   [Checking]    Deserializing project module message
17:37:56.106 [INFO]   [Checking]    deserializing line [DIFFBLUE]{"__type":"com.diffblue.cover.buildsystem.model.DefaultEventMessage","project":"org.symphonyoss.symphony:messageml","goal":"build-classpath","cause":null,"state":"STARTED"}
17:37:56.109 [INFO]   [Checking]    deserializing line [DIFFBLUE]{"__type":"com.diffblue.cover.buildsystem.model.DefaultEventMessage","project":"org.symphonyoss.symphony:messageml","goal":"build-classpath","cause":null,"state":"SUCCESS"}
17:37:56.112 [INFO]   [Checking]    deserializing line [DIFFBLUE]{"__type":"com.diffblue.cover.buildsystem.model.DefaultProjectModuleMessage","project":{"__type":"DefaultProjectModule","junitReport":["/home/jbergqvist/diffblue/finos-messageml-utils/target/surefire-reports"],"jacocoReport":["/home/jbergqvist/diffblue/finos-messageml-utils/target/site/jacoco/jacoco.xml"],"jacocoDestFile":["/home/jbergqvist/diffblue/finos-messageml-utils/target/jacoco.exec"],"jacocoFormats":["xml"],"jacocoSkipped":false,"classpath":["/home/jbergqvist/diffblue/finos-messageml-utils/target/classes","/home/jbergqvist/.m2/repository/org/projectlombok/lombok/1.18.42/lombok-1.18.42.jar","/home/jbergqvist/.m2/repository/com/github/java-json-tools/json-schema-validator/2.2.14/json-schema-validator-2.2.14.jar","/home/jbergqvist/.m2/repository/com/github/java-json-tools/jackson-coreutils-equivalence/1.0/jackson-coreutils-equivalence-1.0.jar","/home/jbergqvist/.m2/repository/com/github/java-json-tools/jackson-coreutils/2.0/jackson-coreutils-2.0.jar","/home/jbergqvist/.m2/repository/com/github/java-json-tools/msg-simple/1.2/msg-simple-1.2.jar","/home/jbergqvist/.m2/repository/com/github/java-json-tools/btf/1.3/btf-1.3.jar","/home/jbergqvist/.m2/repository/com/github/java-json-tools/json-schema-core/1.2.14/json-schema-core-1.2.14.jar","/home/jbergqvist/.m2/repository/com/github/java-json-tools/uri-template/0.10/uri-template-0.10.jar","/home/jbergqvist/.m2/repository/com/sun/mail/mailapi/1.6.2/mailapi-1.6.2.jar","/home/jbergqvist/.m2/repository/joda-time/joda-time/2.10.5/joda-time-2.10.5.jar","/home/jbergqvist/.m2/repository/com/googlecode/libphonenumber/libphonenumber/8.11.1/libphonenumber-8.11.1.jar","/home/jbergqvist/.m2/repository/com/google/code/findbugs/jsr305/3.0.2/jsr305-3.0.2.jar","/home/jbergqvist/.m2/repository/net/sf/jopt-simple/jopt-simple/5.0.4/jopt-simple-5.0.4.jar","/home/jbergqvist/.m2/repository/org/mozilla/rhino/1.7.13/rhino-1.7.13.jar","/home/jbergqvist/.m2/repository/com/google/guava/guava/32.1.2-jre/guava-32.1.2-jre.jar","/home/jbergqvist/.m2/repository/com/google/guava/failureaccess/1.0.1/failureaccess-1.0.1.jar","/home/jbergqvist/.m2/repository/com/google/guava/listenablefuture/9999.0-empty-to-avoid-conflict-with-guava/listenablefuture-9999.0-empty-to-avoid-conflict-with-guava.jar","/home/jbergqvist/.m2/repository/org/checkerframework/checker-qual/3.33.0/checker-qual-3.33.0.jar","/home/jbergqvist/.m2/repository/com/google/errorprone/error_prone_annotations/2.18.0/error_prone_annotations-2.18.0.jar","/home/jbergqvist/.m2/repository/com/google/j2objc/j2objc-annotations/2.8/j2objc-annotations-2.8.jar","/home/jbergqvist/.m2/repository/com/fasterxml/jackson/core/jackson-core/2.15.2/jackson-core-2.15.2.jar","/home/jbergqvist/.m2/repository/com/fasterxml/jackson/core/jackson-databind/2.15.2/jackson-databind-2.15.2.jar","/home/jbergqvist/.m2/repository/com/fasterxml/jackson/core/jackson-annotations/2.15.2/jackson-annotations-2.15.2.jar","/home/jbergqvist/.m2/repository/commons-io/commons-io/2.11.0/commons-io-2.11.0.jar","/home/jbergqvist/.m2/repository/org/apache/commons/commons-lang3/3.12.0/commons-lang3-3.12.0.jar","/home/jbergqvist/.m2/repository/org/freemarker/freemarker/2.3.31/freemarker-2.3.31.jar","/home/jbergqvist/.m2/repository/org/slf4j/slf4j-api/1.7.32/slf4j-api-1.7.32.jar","/home/jbergqvist/.m2/repository/com/diffblue/cover/cover-annotations/1.8.0/cover-annotations-1.8.0.jar","/home/jbergqvist/.m2/repository/com/atlassian/commonmark/commonmark/0.15.2/commonmark-0.15.2.jar","/home/jbergqvist/.m2/repository/org/junit/jupiter/junit-jupiter-api/5.8.2/junit-jupiter-api-5.8.2.jar","/home/jbergqvist/.m2/repository/org/opentest4j/opentest4j/1.2.0/opentest4j-1.2.0.jar","/home/jbergqvist/.m2/repository/org/junit/platform/junit-platform-commons/1.8.2/junit-platform-commons-1.8.2.jar","/home/jbergqvist/.m2/repository/org/apiguardian/apiguardian-api/1.1.2/apiguardian-api-1.1.2.jar","/home/jbergqvist/.m2/repository/org/junit/jupiter/junit-jupiter-params/5.8.2/junit-jupiter-params-5.8.2.jar","/home/jbergqvist/.m2/repository/org/junit/jupiter/junit-jupiter-engine/5.8.2/junit-jupiter-engine-5.8.2.jar","/home/jbergqvist/.m2/repository/org/junit/platform/junit-platform-engine/1.8.2/junit-platform-engine-1.8.2.jar","/home/jbergqvist/.m2/repository/org/junit/vintage/junit-vintage-engine/5.8.2/junit-vintage-engine-5.8.2.jar","/home/jbergqvist/.m2/repository/junit/junit/4.13.2/junit-4.13.2.jar","/home/jbergqvist/.m2/repository/org/hamcrest/hamcrest-core/1.3/hamcrest-core-1.3.jar","/home/jbergqvist/.m2/repository/org/mockito/mockito-core/4.0.0/mockito-core-4.0.0.jar","/home/jbergqvist/.m2/repository/net/bytebuddy/byte-buddy/1.11.19/byte-buddy-1.11.19.jar","/home/jbergqvist/.m2/repository/net/bytebuddy/byte-buddy-agent/1.11.19/byte-buddy-agent-1.11.19.jar","/home/jbergqvist/.m2/repository/org/objenesis/objenesis/3.2/objenesis-3.2.jar","/home/jbergqvist/.m2/repository/org/openjdk/jmh/jmh-core/1.33/jmh-core-1.33.jar","/home/jbergqvist/.m2/repository/org/apache/commons/commons-math3/3.2/commons-math3-3.2.jar","/home/jbergqvist/.m2/repository/org/openjdk/jmh/jmh-generator-annprocess/1.33/jmh-generator-annprocess-1.33.jar","/home/jbergqvist/.m2/repository/org/xmlunit/xmlunit-core/2.8.3/xmlunit-core-2.8.3.jar","/home/jbergqvist/.m2/repository/jakarta/xml/bind/jakarta.xml.bind-api/2.3.3/jakarta.xml.bind-api-2.3.3.jar","/home/jbergqvist/.m2/repository/jakarta/activation/jakarta.activation-api/1.2.2/jakarta.activation-api-1.2.2.jar","/home/jbergqvist/.m2/repository/ch/qos/logback/logback-classic/1.2.9/logback-classic-1.2.9.jar","/home/jbergqvist/.m2/repository/ch/qos/logback/logback-core/1.2.9/logback-core-1.2.9.jar"],"complianceLevel":"1.8","productionSources":["/home/jbergqvist/diffblue/finos-messageml-utils/src/main/java"],"testSources":["/home/jbergqvist/diffblue/finos-messageml-utils/src/test/java"],"productionClasses":"/home/jbergqvist/diffblue/finos-messageml-utils/target/classes","testClasses":"/home/jbergqvist/diffblue/finos-messageml-utils/target/test-classes","sourceToBuildPathMap":null,"testSourceToBuildPathMap":null,"buildDirectory":"/home/jbergqvist/diffblue/finos-messageml-utils/target","plugins":[{"__type":"DefaultPlugin","groupId":"org.apache.maven.plugins","artefactId":"maven-surefire-plugin","version":"2.22.2","pluginClassName":null},{"__type":"DefaultPlugin","groupId":"org.apache.maven.plugins","artefactId":"maven-clean-plugin","version":"2.5","pluginClassName":null},{"__type":"DefaultPlugin","groupId":"org.apache.maven.plugins","artefactId":"maven-resources-plugin","version":"2.6","pluginClassName":null},{"__type":"DefaultPlugin","groupId":"org.apache.maven.plugins","artefactId":"maven-jar-plugin","version":"3.2.2","pluginClassName":null},{"__type":"DefaultPlugin","groupId":"org.apache.maven.plugins","artefactId":"maven-compiler-plugin","version":"3.1","pluginClassName":null},{"__type":"DefaultPlugin","groupId":"org.apache.maven.plugins","artefactId":"maven-install-plugin","version":"2.4","pluginClassName":null},{"__type":"DefaultPlugin","groupId":"org.apache.maven.plugins","artefactId":"maven-deploy-plugin","version":"3.0.0-M1","pluginClassName":null},{"__type":"DefaultPlugin","groupId":"org.apache.maven.plugins","artefactId":"maven-site-plugin","version":"3.3","pluginClassName":null}],"version":"3.8.4","encoding":"UTF-8","name":"maven","subModules":[],"simpleModuleName":null,"parentModuleName":null,"location":"/home/jbergqvist/diffblue/finos-messageml-utils","fullModuleName":"org.symphonyoss.symphony:messageml"}}
17:37:56.121 [INFO]   [Checking]    deserializing line [DIFFBLUE]{"__type":"com.diffblue.cover.buildsystem.model.ProjectInfoMessage","projectName":"org.symphonyoss.symphony:messageml","productionSources":["/home/jbergqvist/diffblue/finos-messageml-utils/src/main/java"],"testSources":["/home/jbergqvist/diffblue/finos-messageml-utils/src/test/java"],"location":"/home/jbergqvist/diffblue/finos-messageml-utils"}
17:37:56.123 [INFO]   [Checking]    Found 1 ProjectModuleMessages (ignoring buildSrc projects)
17:37:56.123 [INFO]   [Checking]    Found module org.symphonyoss.symphony:messageml in the working directory /home/jbergqvist/diffblue/finos-messageml-utils
17:37:56.123 [INFO]   [Checking]    deserialized project module is present? true
17:37:56.142 [INFO]   [Checking]    Operating System: Linux amd64 6.8.0-90-generic
17:37:56.142 [INFO]   [Checking]    Default charset: UTF-8
17:37:56.142 [INFO]   [Checking]    Default locale: en_GB
17:37:56.142 [INFO]   [Checking]    Default time zone: Europe/London
17:37:56.150 [INFO]   [Checking]    Discovered modules:
17:37:56.151 [INFO]   [Checking]    - org.symphonyoss.symphony:messageml
17:37:56.151 [INFO]   [Checking]    
17:37:56.154 [INFO]   [Checking]    
17:37:56.154 [INFO]   [Checking]    [1/1] Creating tests for module: org.symphonyoss.symphony:messageml
17:37:56.154 [INFO]   [Checking]    ===================================================================
17:37:56.154 [INFO]   [Checking]    
17:37:56.154 [INFO]   [Checking]    Detecting environment:
17:37:56.154 [INFO]   [Checking]    ----------------------
17:37:56.210 [INFO]   [Checking]    Detected Java version 11.0.29
17:37:56.223 [INFO]   [Checking]    Maven Using ${maven.home} of: /home/jbergqvist/diffblue/finos-messageml-utils.
17:37:56.223 [INFO]   [Checking]    Maven Executing: /bin/sh -c cd /home/jbergqvist/diffblue/finos-messageml-utils && /home/jbergqvist/diffblue/finos-messageml-utils/mvnw -B -version
17:37:56.376 [INFO]   [Checking]    Standard output of build tool (Maven)
17:37:56.377 [INFO]   [Checking]    > Apache Maven 3.8.4 (9b656c72d54e5bacbed989b64718c159fe39b537)
17:37:56.377 [INFO]   [Checking]    > Maven home: /home/jbergqvist/.m2/wrapper/dists/apache-maven-3.8.4-bin/52ccbt68d252mdldqsfsn03jlf/apache-maven-3.8.4
17:37:56.377 [INFO]   [Checking]    > Java version: 11.0.29, vendor: Amazon.com Inc., runtime: /home/jbergqvist/.sdkman/candidates/java/11.0.29-amzn
17:37:56.377 [INFO]   [Checking]    > Default locale: en_GB, platform encoding: UTF-8
17:37:56.377 [INFO]   [Checking]    > OS name: "linux", version: "6.8.0-90-generic", arch: "amd64", family: "unix"
17:37:56.377 [INFO]   [Checking]    Detected build system: Maven 3.8.4
17:37:56.383 [INFO]   [Checking]    Operating System: Linux amd64 6.8.0-90-generic
17:37:56.383 [INFO]   [Checking]    Default charset: UTF-8
17:37:56.383 [INFO]   [Checking]    Default locale: en_GB
17:37:56.383 [INFO]   [Checking]    Default time zone: Europe/London
17:37:56.384 [INFO]   [Checking]    Selected build system: Maven
17:37:56.393 [INFO]   [Checking]    Selected classpath from build system maven
17:37:56.395 [INFO]   [Checking]    Expanded classpath: 
/home/jbergqvist/diffblue/finos-messageml-utils/target/test-classes (test build path)
/home/jbergqvist/diffblue/finos-messageml-utils/target/classes (code under test)
/home/jbergqvist/.m2/repository/org/projectlombok/lombok/1.18.42/lombok-1.18.42.jar
/home/jbergqvist/.m2/repository/com/github/java-json-tools/json-schema-validator/2.2.14/json-schema-validator-2.2.14.jar
/home/jbergqvist/.m2/repository/com/github/java-json-tools/jackson-coreutils-equivalence/1.0/jackson-coreutils-equivalence-1.0.jar
/home/jbergqvist/.m2/repository/com/github/java-json-tools/jackson-coreutils/2.0/jackson-coreutils-2.0.jar
/home/jbergqvist/.m2/repository/com/github/java-json-tools/msg-simple/1.2/msg-simple-1.2.jar
/home/jbergqvist/.m2/repository/com/github/java-json-tools/btf/1.3/btf-1.3.jar
/home/jbergqvist/.m2/repository/com/github/java-json-tools/json-schema-core/1.2.14/json-schema-core-1.2.14.jar
/home/jbergqvist/.m2/repository/com/github/java-json-tools/uri-template/0.10/uri-template-0.10.jar
/home/jbergqvist/.m2/repository/com/sun/mail/mailapi/1.6.2/mailapi-1.6.2.jar
/home/jbergqvist/.m2/repository/joda-time/joda-time/2.10.5/joda-time-2.10.5.jar
/home/jbergqvist/.m2/repository/com/googlecode/libphonenumber/libphonenumber/8.11.1/libphonenumber-8.11.1.jar
/home/jbergqvist/.m2/repository/com/google/code/findbugs/jsr305/3.0.2/jsr305-3.0.2.jar
/home/jbergqvist/.m2/repository/net/sf/jopt-simple/jopt-simple/5.0.4/jopt-simple-5.0.4.jar
/home/jbergqvist/.m2/repository/org/mozilla/rhino/1.7.13/rhino-1.7.13.jar
/home/jbergqvist/.m2/repository/com/google/guava/guava/32.1.2-jre/guava-32.1.2-jre.jar
/home/jbergqvist/.m2/repository/com/google/guava/failureaccess/1.0.1/failureaccess-1.0.1.jar
/home/jbergqvist/.m2/repository/com/google/guava/listenablefuture/9999.0-empty-to-avoid-conflict-with-guava/listenablefuture-9999.0-empty-to-avoid-conflict-with-guava.jar
/home/jbergqvist/.m2/repository/org/checkerframework/checker-qual/3.33.0/checker-qual-3.33.0.jar
/home/jbergqvist/.m2/repository/com/google/errorprone/error_prone_annotations/2.18.0/error_prone_annotations-2.18.0.jar
/home/jbergqvist/.m2/repository/com/google/j2objc/j2objc-annotations/2.8/j2objc-annotations-2.8.jar
/home/jbergqvist/.m2/repository/com/fasterxml/jackson/core/jackson-core/2.15.2/jackson-core-2.15.2.jar
/home/jbergqvist/.m2/repository/com/fasterxml/jackson/core/jackson-databind/2.15.2/jackson-databind-2.15.2.jar
/home/jbergqvist/.m2/repository/com/fasterxml/jackson/core/jackson-annotations/2.15.2/jackson-annotations-2.15.2.jar
/home/jbergqvist/.m2/repository/commons-io/commons-io/2.11.0/commons-io-2.11.0.jar
/home/jbergqvist/.m2/repository/org/apache/commons/commons-lang3/3.12.0/commons-lang3-3.12.0.jar
/home/jbergqvist/.m2/repository/org/freemarker/freemarker/2.3.31/freemarker-2.3.31.jar
/home/jbergqvist/.m2/repository/org/slf4j/slf4j-api/1.7.32/slf4j-api-1.7.32.jar
/home/jbergqvist/.m2/repository/com/diffblue/cover/cover-annotations/1.8.0/cover-annotations-1.8.0.jar
/home/jbergqvist/.m2/repository/com/atlassian/commonmark/commonmark/0.15.2/commonmark-0.15.2.jar
/home/jbergqvist/.m2/repository/org/junit/jupiter/junit-jupiter-api/5.8.2/junit-jupiter-api-5.8.2.jar
/home/jbergqvist/.m2/repository/org/opentest4j/opentest4j/1.2.0/opentest4j-1.2.0.jar
/home/jbergqvist/.m2/repository/org/junit/platform/junit-platform-commons/1.8.2/junit-platform-commons-1.8.2.jar
/home/jbergqvist/.m2/repository/org/apiguardian/apiguardian-api/1.1.2/apiguardian-api-1.1.2.jar
/home/jbergqvist/.m2/repository/org/junit/jupiter/junit-jupiter-params/5.8.2/junit-jupiter-params-5.8.2.jar
/home/jbergqvist/.m2/repository/org/junit/jupiter/junit-jupiter-engine/5.8.2/junit-jupiter-engine-5.8.2.jar
/home/jbergqvist/.m2/repository/org/junit/platform/junit-platform-engine/1.8.2/junit-platform-engine-1.8.2.jar
/home/jbergqvist/.m2/repository/org/junit/vintage/junit-vintage-engine/5.8.2/junit-vintage-engine-5.8.2.jar
/home/jbergqvist/.m2/repository/junit/junit/4.13.2/junit-4.13.2.jar
/home/jbergqvist/.m2/repository/org/hamcrest/hamcrest-core/1.3/hamcrest-core-1.3.jar
/home/jbergqvist/.m2/repository/org/mockito/mockito-core/4.0.0/mockito-core-4.0.0.jar
/home/jbergqvist/.m2/repository/net/bytebuddy/byte-buddy/1.11.19/byte-buddy-1.11.19.jar
/home/jbergqvist/.m2/repository/net/bytebuddy/byte-buddy-agent/1.11.19/byte-buddy-agent-1.11.19.jar
/home/jbergqvist/.m2/repository/org/objenesis/objenesis/3.2/objenesis-3.2.jar
/home/jbergqvist/.m2/repository/org/openjdk/jmh/jmh-core/1.33/jmh-core-1.33.jar
/home/jbergqvist/.m2/repository/org/apache/commons/commons-math3/3.2/commons-math3-3.2.jar
/home/jbergqvist/.m2/repository/org/openjdk/jmh/jmh-generator-annprocess/1.33/jmh-generator-annprocess-1.33.jar
/home/jbergqvist/.m2/repository/org/xmlunit/xmlunit-core/2.8.3/xmlunit-core-2.8.3.jar
/home/jbergqvist/.m2/repository/jakarta/xml/bind/jakarta.xml.bind-api/2.3.3/jakarta.xml.bind-api-2.3.3.jar
/home/jbergqvist/.m2/repository/jakarta/activation/jakarta.activation-api/1.2.2/jakarta.activation-api-1.2.2.jar
/home/jbergqvist/.m2/repository/ch/qos/logback/logback-classic/1.2.9/logback-classic-1.2.9.jar
/home/jbergqvist/.m2/repository/ch/qos/logback/logback-core/1.2.9/logback-core-1.2.9.jar
17:37:56.426 [INFO]   [Checking]    Detected test framework: JUnit 4.13.2
17:37:56.432 [INFO]   [Checking]    Detected test framework: JUnit Jupiter API 5.8.2
17:37:56.439 [INFO]   [Checking]    Detected JUnit Jupiter Engine version 5.8.2
17:37:56.446 [INFO]   [Checking]    Detected JUnit Jupiter Params version 5.8.2
17:37:56.460 [INFO]   [Checking]    Detected JUnit Vintage Engine version 5.8.2
17:37:56.474 [INFO]   [Checking]    Detected Mockito Core version 4.0.0
17:37:56.633 [INFO]   [Checking]    Indexing...
17:37:56.970 [INFO]   [Checking]    Selected test output directory: /home/jbergqvist/diffblue/finos-messageml-utils/src/test/java
17:37:56.983 [INFO]   [Checking]    Using default build rules as no custom rules found in any of [/home/jbergqvist/diffblue/finos-messageml-utils]
17:37:56.984 [INFO]   [Checking]    Attempting to invoke /home/jbergqvist/diffblue/finos-messageml-utils/mvnw in working directory: /home/jbergqvist/diffblue/finos-messageml-utils
17:37:56.984 [INFO]   [Checking]    Started "/home/jbergqvist/diffblue/finos-messageml-utils/mvnw -Dmaven.ext.class.path=/opt/cover/cover-buildsystem-maven-spy-jar-with-dependencies.jar -Dcom.diffblue.cover.skipTests=true -DskipTestOptimizer --batch-mode --projects=org.symphonyoss.symphony:messageml --global-settings=/home/jbergqvist/.sdkman/candidates/maven/current/conf/settings.xml test -DfailIfNoTests=false -Dsurefire.failIfNoSpecifiedTests=false -Dmaven.test.failure.ignore=True -Dtest=DummyJupiterDiffblueTest"
17:37:57.598 [INFO]   [Checking]    out: [INFO] Scanning for projects...
17:37:57.635 [INFO]   [Checking]    out: [INFO] 
17:37:57.636 [INFO]   [Checking]    out: [INFO] -----------------< org.symphonyoss.symphony:messageml >-----------------
17:37:57.636 [INFO]   [Checking]    out: [INFO] Building MessageML Utils 0.13.0
17:37:57.636 [INFO]   [Checking]    out: [INFO] --------------------------------[ jar ]---------------------------------
17:37:57.912 [INFO]   [Checking]    deserializing line [DIFFBLUE]{"__type":"com.diffblue.cover.buildsystem.model.DefaultEventMessage","project":"org.symphonyoss.symphony:messageml","goal":"resources","cause":null,"state":"STARTED"}
17:37:57.915 [INFO]   [Checking]    out: [INFO] 
17:37:57.916 [INFO]   [Checking]    out: [INFO] --- maven-resources-plugin:2.6:resources (default-resources) @ messageml ---
17:37:57.993 [INFO]   [Checking]    out: [INFO] Using 'UTF-8' encoding to copy filtered resources.
17:37:57.994 [INFO]   [Checking]    out: [INFO] Copying 1 resource
17:37:57.998 [INFO]   [Checking]    deserializing line [DIFFBLUE]{"__type":"com.diffblue.cover.buildsystem.model.DefaultEventMessage","project":"org.symphonyoss.symphony:messageml","goal":"resources","cause":null,"state":"SUCCESS"}
17:37:58.001 [INFO]   [Checking]    deserializing line [DIFFBLUE]{"__type":"com.diffblue.cover.buildsystem.model.DefaultEventMessage","project":"org.symphonyoss.symphony:messageml","goal":"compile","cause":null,"state":"STARTED"}
17:37:58.004 [INFO]   [Checking]    out: [INFO] 
17:37:58.004 [INFO]   [Checking]    out: [INFO] --- maven-compiler-plugin:3.1:compile (default-compile) @ messageml ---
17:37:58.130 [INFO]   [Checking]    out: [INFO] Nothing to compile - all classes are up to date
17:37:58.132 [INFO]   [Checking]    deserializing line [DIFFBLUE]{"__type":"com.diffblue.cover.buildsystem.model.DefaultEventMessage","project":"org.symphonyoss.symphony:messageml","goal":"compile","cause":null,"state":"SUCCESS"}
17:37:58.135 [INFO]   [Checking]    deserializing line [DIFFBLUE]{"__type":"com.diffblue.cover.buildsystem.model.DefaultEventMessage","project":"org.symphonyoss.symphony:messageml","goal":"testResources","cause":null,"state":"STARTED"}
17:37:58.137 [INFO]   [Checking]    out: [INFO] 
17:37:58.137 [INFO]   [Checking]    out: [INFO] --- maven-resources-plugin:2.6:testResources (default-testResources) @ messageml ---
17:37:58.138 [INFO]   [Checking]    out: [INFO] Using 'UTF-8' encoding to copy filtered resources.
17:37:58.138 [INFO]   [Checking]    out: [INFO] Copying 36 resources
17:37:58.140 [INFO]   [Checking]    deserializing line [DIFFBLUE]{"__type":"com.diffblue.cover.buildsystem.model.DefaultEventMessage","project":"org.symphonyoss.symphony:messageml","goal":"testResources","cause":null,"state":"SUCCESS"}
17:37:58.142 [INFO]   [Checking]    deserializing line [DIFFBLUE]{"__type":"com.diffblue.cover.buildsystem.model.DefaultEventMessage","project":"org.symphonyoss.symphony:messageml","goal":"testCompile","cause":null,"state":"STARTED"}
17:37:58.145 [INFO]   [Checking]    out: [INFO] 
17:37:58.145 [INFO]   [Checking]    out: [INFO] --- maven-compiler-plugin:3.1:testCompile (default-testCompile) @ messageml ---
17:37:58.149 [INFO]   [Checking]    out: [INFO] Changes detected - recompiling the module!
17:37:58.152 [INFO]   [Checking]    out: [INFO] Compiling 60 source files to /home/jbergqvist/diffblue/finos-messageml-utils/target/test-classes
17:38:00.547 [INFO]   [Checking]    out: [WARNING] /home/jbergqvist/diffblue/finos-messageml-utils/src/test/java/org/symphonyoss/symphony/messageml/elements/ElementTest.java: Some input files use or override a deprecated API.
17:38:00.548 [INFO]   [Checking]    out: [WARNING] /home/jbergqvist/diffblue/finos-messageml-utils/src/test/java/org/symphonyoss/symphony/messageml/elements/ElementTest.java: Recompile with -Xlint:deprecation for details.
17:38:00.548 [INFO]   [Checking]    out: [WARNING] /home/jbergqvist/diffblue/finos-messageml-utils/src/test/java/org/symphonyoss/symphony/messageml/MessageMLContextTest.java: /home/jbergqvist/diffblue/finos-messageml-utils/src/test/java/org/symphonyoss/symphony/messageml/MessageMLContextTest.java uses unchecked or unsafe operations.
17:38:00.548 [INFO]   [Checking]    out: [WARNING] /home/jbergqvist/diffblue/finos-messageml-utils/src/test/java/org/symphonyoss/symphony/messageml/MessageMLContextTest.java: Recompile with -Xlint:unchecked for details.
17:38:00.549 [INFO]   [Checking]    deserializing line [DIFFBLUE]{"__type":"com.diffblue.cover.buildsystem.model.DefaultEventMessage","project":"org.symphonyoss.symphony:messageml","goal":"testCompile","cause":null,"state":"SUCCESS"}
17:38:00.552 [INFO]   [Checking]    deserializing line [DIFFBLUE]{"__type":"com.diffblue.cover.buildsystem.model.DefaultEventMessage","project":"org.symphonyoss.symphony:messageml","goal":"test","cause":null,"state":"STARTED"}
17:38:00.555 [INFO]   [Checking]    out: [INFO] 
17:38:00.555 [INFO]   [Checking]    out: [INFO] --- maven-surefire-plugin:2.22.2:test (default-test) @ messageml ---
17:38:00.715 [INFO]   [Checking]    out: [INFO] 
17:38:00.715 [INFO]   [Checking]    out: [INFO] -------------------------------------------------------
17:38:00.715 [INFO]   [Checking]    out: [INFO]  T E S T S
17:38:00.715 [INFO]   [Checking]    out: [INFO] -------------------------------------------------------
17:38:01.008 [INFO]   [Checking]    out: [INFO] Running DummyJupiterDiffblueTest
17:38:01.030 [INFO]   [Checking]    out: [INFO] Tests run: 1, Failures: 0, Errors: 0, Skipped: 0, Time elapsed: 0.014 s - in DummyJupiterDiffblueTest
17:38:01.374 [INFO]   [Checking]    out: [INFO] 
17:38:01.374 [INFO]   [Checking]    out: [INFO] Results:
17:38:01.374 [INFO]   [Checking]    out: [INFO] 
17:38:01.374 [INFO]   [Checking]    out: [INFO] Tests run: 1, Failures: 0, Errors: 0, Skipped: 0
17:38:01.374 [INFO]   [Checking]    out: [INFO] 
17:38:01.378 [INFO]   [Checking]    deserializing line [DIFFBLUE]{"__type":"com.diffblue.cover.buildsystem.model.DefaultEventMessage","project":"org.symphonyoss.symphony:messageml","goal":"test","cause":null,"state":"SUCCESS"}
17:38:01.402 [INFO]   [Checking]    deserializing line [DIFFBLUE]{"__type":"com.diffblue.cover.buildsystem.model.DefaultProjectModuleMessage","project":{"__type":"DefaultProjectModule","junitReport":["/home/jbergqvist/diffblue/finos-messageml-utils/target/surefire-reports"],"jacocoReport":["/home/jbergqvist/diffblue/finos-messageml-utils/target/site/jacoco/jacoco.xml"],"jacocoDestFile":["/home/jbergqvist/diffblue/finos-messageml-utils/target/jacoco.exec"],"jacocoFormats":["xml"],"jacocoSkipped":false,"classpath":["/home/jbergqvist/diffblue/finos-messageml-utils/target/classes","/home/jbergqvist/.m2/repository/org/projectlombok/lombok/1.18.42/lombok-1.18.42.jar","/home/jbergqvist/.m2/repository/com/github/java-json-tools/json-schema-validator/2.2.14/json-schema-validator-2.2.14.jar","/home/jbergqvist/.m2/repository/com/github/java-json-tools/jackson-coreutils-equivalence/1.0/jackson-coreutils-equivalence-1.0.jar","/home/jbergqvist/.m2/repository/com/github/java-json-tools/jackson-coreutils/2.0/jackson-coreutils-2.0.jar","/home/jbergqvist/.m2/repository/com/github/java-json-tools/msg-simple/1.2/msg-simple-1.2.jar","/home/jbergqvist/.m2/repository/com/github/java-json-tools/btf/1.3/btf-1.3.jar","/home/jbergqvist/.m2/repository/com/github/java-json-tools/json-schema-core/1.2.14/json-schema-core-1.2.14.jar","/home/jbergqvist/.m2/repository/com/github/java-json-tools/uri-template/0.10/uri-template-0.10.jar","/home/jbergqvist/.m2/repository/com/sun/mail/mailapi/1.6.2/mailapi-1.6.2.jar","/home/jbergqvist/.m2/repository/joda-time/joda-time/2.10.5/joda-time-2.10.5.jar","/home/jbergqvist/.m2/repository/com/googlecode/libphonenumber/libphonenumber/8.11.1/libphonenumber-8.11.1.jar","/home/jbergqvist/.m2/repository/com/google/code/findbugs/jsr305/3.0.2/jsr305-3.0.2.jar","/home/jbergqvist/.m2/repository/net/sf/jopt-simple/jopt-simple/5.0.4/jopt-simple-5.0.4.jar","/home/jbergqvist/.m2/repository/org/mozilla/rhino/1.7.13/rhino-1.7.13.jar","/home/jbergqvist/.m2/repository/com/google/guava/guava/32.1.2-jre/guava-32.1.2-jre.jar","/home/jbergqvist/.m2/repository/com/google/guava/failureaccess/1.0.1/failureaccess-1.0.1.jar","/home/jbergqvist/.m2/repository/com/google/guava/listenablefuture/9999.0-empty-to-avoid-conflict-with-guava/listenablefuture-9999.0-empty-to-avoid-conflict-with-guava.jar","/home/jbergqvist/.m2/repository/org/checkerframework/checker-qual/3.33.0/checker-qual-3.33.0.jar","/home/jbergqvist/.m2/repository/com/google/errorprone/error_prone_annotations/2.18.0/error_prone_annotations-2.18.0.jar","/home/jbergqvist/.m2/repository/com/google/j2objc/j2objc-annotations/2.8/j2objc-annotations-2.8.jar","/home/jbergqvist/.m2/repository/com/fasterxml/jackson/core/jackson-core/2.15.2/jackson-core-2.15.2.jar","/home/jbergqvist/.m2/repository/com/fasterxml/jackson/core/jackson-databind/2.15.2/jackson-databind-2.15.2.jar","/home/jbergqvist/.m2/repository/com/fasterxml/jackson/core/jackson-annotations/2.15.2/jackson-annotations-2.15.2.jar","/home/jbergqvist/.m2/repository/commons-io/commons-io/2.11.0/commons-io-2.11.0.jar","/home/jbergqvist/.m2/repository/org/apache/commons/commons-lang3/3.12.0/commons-lang3-3.12.0.jar","/home/jbergqvist/.m2/repository/org/freemarker/freemarker/2.3.31/freemarker-2.3.31.jar","/home/jbergqvist/.m2/repository/org/slf4j/slf4j-api/1.7.32/slf4j-api-1.7.32.jar","/home/jbergqvist/.m2/repository/com/diffblue/cover/cover-annotations/1.8.0/cover-annotations-1.8.0.jar","/home/jbergqvist/.m2/repository/com/atlassian/commonmark/commonmark/0.15.2/commonmark-0.15.2.jar","/home/jbergqvist/.m2/repository/org/junit/jupiter/junit-jupiter-api/5.8.2/junit-jupiter-api-5.8.2.jar","/home/jbergqvist/.m2/repository/org/opentest4j/opentest4j/1.2.0/opentest4j-1.2.0.jar","/home/jbergqvist/.m2/repository/org/junit/platform/junit-platform-commons/1.8.2/junit-platform-commons-1.8.2.jar","/home/jbergqvist/.m2/repository/org/apiguardian/apiguardian-api/1.1.2/apiguardian-api-1.1.2.jar","/home/jbergqvist/.m2/repository/org/junit/jupiter/junit-jupiter-params/5.8.2/junit-jupiter-params-5.8.2.jar","/home/jbergqvist/.m2/repository/org/junit/jupiter/junit-jupiter-engine/5.8.2/junit-jupiter-engine-5.8.2.jar","/home/jbergqvist/.m2/repository/org/junit/platform/junit-platform-engine/1.8.2/junit-platform-engine-1.8.2.jar","/home/jbergqvist/.m2/repository/org/junit/vintage/junit-vintage-engine/5.8.2/junit-vintage-engine-5.8.2.jar","/home/jbergqvist/.m2/repository/junit/junit/4.13.2/junit-4.13.2.jar","/home/jbergqvist/.m2/repository/org/hamcrest/hamcrest-core/1.3/hamcrest-core-1.3.jar","/home/jbergqvist/.m2/repository/org/mockito/mockito-core/4.0.0/mockito-core-4.0.0.jar","/home/jbergqvist/.m2/repository/net/bytebuddy/byte-buddy/1.11.19/byte-buddy-1.11.19.jar","/home/jbergqvist/.m2/repository/net/bytebuddy/byte-buddy-agent/1.11.19/byte-buddy-agent-1.11.19.jar","/home/jbergqvist/.m2/repository/org/objenesis/objenesis/3.2/objenesis-3.2.jar","/home/jbergqvist/.m2/repository/org/openjdk/jmh/jmh-core/1.33/jmh-core-1.33.jar","/home/jbergqvist/.m2/repository/org/apache/commons/commons-math3/3.2/commons-math3-3.2.jar","/home/jbergqvist/.m2/repository/org/openjdk/jmh/jmh-generator-annprocess/1.33/jmh-generator-annprocess-1.33.jar","/home/jbergqvist/.m2/repository/org/xmlunit/xmlunit-core/2.8.3/xmlunit-core-2.8.3.jar","/home/jbergqvist/.m2/repository/jakarta/xml/bind/jakarta.xml.bind-api/2.3.3/jakarta.xml.bind-api-2.3.3.jar","/home/jbergqvist/.m2/repository/jakarta/activation/jakarta.activation-api/1.2.2/jakarta.activation-api-1.2.2.jar","/home/jbergqvist/.m2/repository/ch/qos/logback/logback-classic/1.2.9/logback-classic-1.2.9.jar","/home/jbergqvist/.m2/repository/ch/qos/logback/logback-core/1.2.9/logback-core-1.2.9.jar"],"complianceLevel":"1.8","productionSources":["/home/jbergqvist/diffblue/finos-messageml-utils/src/main/java"],"testSources":["/home/jbergqvist/diffblue/finos-messageml-utils/src/test/java"],"productionClasses":"/home/jbergqvist/diffblue/finos-messageml-utils/target/classes","testClasses":"/home/jbergqvist/diffblue/finos-messageml-utils/target/test-classes","sourceToBuildPathMap":null,"testSourceToBuildPathMap":null,"buildDirectory":"/home/jbergqvist/diffblue/finos-messageml-utils/target","plugins":[{"__type":"DefaultPlugin","groupId":"org.apache.maven.plugins","artefactId":"maven-surefire-plugin","version":"2.22.2","pluginClassName":null},{"__type":"DefaultPlugin","groupId":"org.apache.maven.plugins","artefactId":"maven-clean-plugin","version":"2.5","pluginClassName":null},{"__type":"DefaultPlugin","groupId":"org.apache.maven.plugins","artefactId":"maven-resources-plugin","version":"2.6","pluginClassName":null},{"__type":"DefaultPlugin","groupId":"org.apache.maven.plugins","artefactId":"maven-jar-plugin","version":"3.2.2","pluginClassName":null},{"__type":"DefaultPlugin","groupId":"org.apache.maven.plugins","artefactId":"maven-compiler-plugin","version":"3.1","pluginClassName":null},{"__type":"DefaultPlugin","groupId":"org.apache.maven.plugins","artefactId":"maven-install-plugin","version":"2.4","pluginClassName":null},{"__type":"DefaultPlugin","groupId":"org.apache.maven.plugins","artefactId":"maven-deploy-plugin","version":"3.0.0-M1","pluginClassName":null},{"__type":"DefaultPlugin","groupId":"org.apache.maven.plugins","artefactId":"maven-site-plugin","version":"3.3","pluginClassName":null}],"version":"3.8.4","encoding":"UTF-8","name":"maven","subModules":[],"simpleModuleName":null,"parentModuleName":null,"location":"/home/jbergqvist/diffblue/finos-messageml-utils","fullModuleName":"org.symphonyoss.symphony:messageml"}}
17:38:01.407 [INFO]   [Checking]    out: [INFO] ------------------------------------------------------------------------
17:38:01.408 [INFO]   [Checking]    out: [INFO] BUILD SUCCESS
17:38:01.408 [INFO]   [Checking]    out: [INFO] ------------------------------------------------------------------------
17:38:01.408 [INFO]   [Checking]    out: [INFO] Total time:  3.816 s
17:38:01.408 [INFO]   [Checking]    out: [INFO] Finished at: 2026-01-09T17:38:01Z
17:38:01.408 [INFO]   [Checking]    out: [INFO] ------------------------------------------------------------------------
17:38:01.408 [INFO]   [Checking]    deserializing line [DIFFBLUE]{"__type":"com.diffblue.cover.buildsystem.model.ProjectInfoMessage","projectName":"org.symphonyoss.symphony:messageml","productionSources":["/home/jbergqvist/diffblue/finos-messageml-utils/src/main/java"],"testSources":["/home/jbergqvist/diffblue/finos-messageml-utils/src/test/java"],"location":"/home/jbergqvist/diffblue/finos-messageml-utils"}
17:38:01.450 [INFO]   [Checking]    maven:err process not stopped, joining thread
17:38:01.451 [INFO]   [Checking]    maven:out process not stopped, joining thread
17:38:01.463 [INFO]   [Checking]    Using default build rules as no custom rules found in any of [/home/jbergqvist/diffblue/finos-messageml-utils]
17:38:01.463 [INFO]   [Checking]    Attempting to invoke /home/jbergqvist/diffblue/finos-messageml-utils/mvnw in working directory: /home/jbergqvist/diffblue/finos-messageml-utils
17:38:01.463 [INFO]   [Checking]    Started "/home/jbergqvist/diffblue/finos-messageml-utils/mvnw -Dmaven.ext.class.path=/opt/cover/cover-buildsystem-maven-spy-jar-with-dependencies.jar -Dcom.diffblue.cover.skipTests=true -DskipTestOptimizer --batch-mode --projects=org.symphonyoss.symphony:messageml --global-settings=/home/jbergqvist/.sdkman/candidates/maven/current/conf/settings.xml test -DfailIfNoTests=false -Dsurefire.failIfNoSpecifiedTests=false -Dmaven.test.failure.ignore=True -Dtest=DummyJunitDiffblueTest"
17:38:02.071 [INFO]   [Checking]    out: [INFO] Scanning for projects...
17:38:02.108 [INFO]   [Checking]    out: [INFO] 
17:38:02.108 [INFO]   [Checking]    out: [INFO] -----------------< org.symphonyoss.symphony:messageml >-----------------
17:38:02.108 [INFO]   [Checking]    out: [INFO] Building MessageML Utils 0.13.0
17:38:02.109 [INFO]   [Checking]    out: [INFO] --------------------------------[ jar ]---------------------------------
17:38:02.353 [INFO]   [Checking]    deserializing line [DIFFBLUE]{"__type":"com.diffblue.cover.buildsystem.model.DefaultEventMessage","project":"org.symphonyoss.symphony:messageml","goal":"resources","cause":null,"state":"STARTED"}
17:38:02.356 [INFO]   [Checking]    out: [INFO] 
17:38:02.356 [INFO]   [Checking]    out: [INFO] --- maven-resources-plugin:2.6:resources (default-resources) @ messageml ---
17:38:02.426 [INFO]   [Checking]    out: [INFO] Using 'UTF-8' encoding to copy filtered resources.
17:38:02.427 [INFO]   [Checking]    out: [INFO] Copying 1 resource
17:38:02.430 [INFO]   [Checking]    deserializing line [DIFFBLUE]{"__type":"com.diffblue.cover.buildsystem.model.DefaultEventMessage","project":"org.symphonyoss.symphony:messageml","goal":"resources","cause":null,"state":"SUCCESS"}
17:38:02.432 [INFO]   [Checking]    deserializing line [DIFFBLUE]{"__type":"com.diffblue.cover.buildsystem.model.DefaultEventMessage","project":"org.symphonyoss.symphony:messageml","goal":"compile","cause":null,"state":"STARTED"}
17:38:02.434 [INFO]   [Checking]    out: [INFO] 
17:38:02.434 [INFO]   [Checking]    out: [INFO] --- maven-compiler-plugin:3.1:compile (default-compile) @ messageml ---
17:38:02.532 [INFO]   [Checking]    out: [INFO] Nothing to compile - all classes are up to date
17:38:02.534 [INFO]   [Checking]    deserializing line [DIFFBLUE]{"__type":"com.diffblue.cover.buildsystem.model.DefaultEventMessage","project":"org.symphonyoss.symphony:messageml","goal":"compile","cause":null,"state":"SUCCESS"}
17:38:02.536 [INFO]   [Checking]    deserializing line [DIFFBLUE]{"__type":"com.diffblue.cover.buildsystem.model.DefaultEventMessage","project":"org.symphonyoss.symphony:messageml","goal":"testResources","cause":null,"state":"STARTED"}
17:38:02.538 [INFO]   [Checking]    out: [INFO] 
17:38:02.539 [INFO]   [Checking]    out: [INFO] --- maven-resources-plugin:2.6:testResources (default-testResources) @ messageml ---
17:38:02.539 [INFO]   [Checking]    out: [INFO] Using 'UTF-8' encoding to copy filtered resources.
17:38:02.539 [INFO]   [Checking]    out: [INFO] Copying 36 resources
17:38:02.540 [INFO]   [Checking]    deserializing line [DIFFBLUE]{"__type":"com.diffblue.cover.buildsystem.model.DefaultEventMessage","project":"org.symphonyoss.symphony:messageml","goal":"testResources","cause":null,"state":"SUCCESS"}
17:38:02.542 [INFO]   [Checking]    deserializing line [DIFFBLUE]{"__type":"com.diffblue.cover.buildsystem.model.DefaultEventMessage","project":"org.symphonyoss.symphony:messageml","goal":"testCompile","cause":null,"state":"STARTED"}
17:38:02.544 [INFO]   [Checking]    out: [INFO] 
17:38:02.544 [INFO]   [Checking]    out: [INFO] --- maven-compiler-plugin:3.1:testCompile (default-testCompile) @ messageml ---
17:38:02.549 [INFO]   [Checking]    out: [INFO] Changes detected - recompiling the module!
17:38:02.552 [INFO]   [Checking]    out: [INFO] Compiling 60 source files to /home/jbergqvist/diffblue/finos-messageml-utils/target/test-classes
17:38:04.873 [INFO]   [Checking]    out: [WARNING] /home/jbergqvist/diffblue/finos-messageml-utils/src/test/java/org/symphonyoss/symphony/messageml/elements/ElementTest.java: Some input files use or override a deprecated API.
17:38:04.873 [INFO]   [Checking]    out: [WARNING] /home/jbergqvist/diffblue/finos-messageml-utils/src/test/java/org/symphonyoss/symphony/messageml/elements/ElementTest.java: Recompile with -Xlint:deprecation for details.
17:38:04.873 [INFO]   [Checking]    out: [WARNING] /home/jbergqvist/diffblue/finos-messageml-utils/src/test/java/org/symphonyoss/symphony/messageml/MessageMLContextTest.java: /home/jbergqvist/diffblue/finos-messageml-utils/src/test/java/org/symphonyoss/symphony/messageml/MessageMLContextTest.java uses unchecked or unsafe operations.
17:38:04.873 [INFO]   [Checking]    out: [WARNING] /home/jbergqvist/diffblue/finos-messageml-utils/src/test/java/org/symphonyoss/symphony/messageml/MessageMLContextTest.java: Recompile with -Xlint:unchecked for details.
17:38:04.874 [INFO]   [Checking]    deserializing line [DIFFBLUE]{"__type":"com.diffblue.cover.buildsystem.model.DefaultEventMessage","project":"org.symphonyoss.symphony:messageml","goal":"testCompile","cause":null,"state":"SUCCESS"}
17:38:04.877 [INFO]   [Checking]    deserializing line [DIFFBLUE]{"__type":"com.diffblue.cover.buildsystem.model.DefaultEventMessage","project":"org.symphonyoss.symphony:messageml","goal":"test","cause":null,"state":"STARTED"}
17:38:04.879 [INFO]   [Checking]    out: [INFO] 
17:38:04.879 [INFO]   [Checking]    out: [INFO] --- maven-surefire-plugin:2.22.2:test (default-test) @ messageml ---
17:38:05.049 [INFO]   [Checking]    out: [INFO] 
17:38:05.049 [INFO]   [Checking]    out: [INFO] -------------------------------------------------------
17:38:05.050 [INFO]   [Checking]    out: [INFO]  T E S T S
17:38:05.050 [INFO]   [Checking]    out: [INFO] -------------------------------------------------------
17:38:05.347 [INFO]   [Checking]    out: [INFO] Running DummyJunitDiffblueTest
17:38:05.356 [INFO]   [Checking]    out: [INFO] Tests run: 1, Failures: 0, Errors: 0, Skipped: 0, Time elapsed: 0.002 s - in DummyJunitDiffblueTest
17:38:05.695 [INFO]   [Checking]    out: [INFO] 
17:38:05.695 [INFO]   [Checking]    out: [INFO] Results:
17:38:05.695 [INFO]   [Checking]    out: [INFO] 
17:38:05.695 [INFO]   [Checking]    out: [INFO] Tests run: 1, Failures: 0, Errors: 0, Skipped: 0
17:38:05.696 [INFO]   [Checking]    out: [INFO] 
17:38:05.699 [INFO]   [Checking]    deserializing line [DIFFBLUE]{"__type":"com.diffblue.cover.buildsystem.model.DefaultEventMessage","project":"org.symphonyoss.symphony:messageml","goal":"test","cause":null,"state":"SUCCESS"}
17:38:05.722 [INFO]   [Checking]    deserializing line [DIFFBLUE]{"__type":"com.diffblue.cover.buildsystem.model.DefaultProjectModuleMessage","project":{"__type":"DefaultProjectModule","junitReport":["/home/jbergqvist/diffblue/finos-messageml-utils/target/surefire-reports"],"jacocoReport":["/home/jbergqvist/diffblue/finos-messageml-utils/target/site/jacoco/jacoco.xml"],"jacocoDestFile":["/home/jbergqvist/diffblue/finos-messageml-utils/target/jacoco.exec"],"jacocoFormats":["xml"],"jacocoSkipped":false,"classpath":["/home/jbergqvist/diffblue/finos-messageml-utils/target/classes","/home/jbergqvist/.m2/repository/org/projectlombok/lombok/1.18.42/lombok-1.18.42.jar","/home/jbergqvist/.m2/repository/com/github/java-json-tools/json-schema-validator/2.2.14/json-schema-validator-2.2.14.jar","/home/jbergqvist/.m2/repository/com/github/java-json-tools/jackson-coreutils-equivalence/1.0/jackson-coreutils-equivalence-1.0.jar","/home/jbergqvist/.m2/repository/com/github/java-json-tools/jackson-coreutils/2.0/jackson-coreutils-2.0.jar","/home/jbergqvist/.m2/repository/com/github/java-json-tools/msg-simple/1.2/msg-simple-1.2.jar","/home/jbergqvist/.m2/repository/com/github/java-json-tools/btf/1.3/btf-1.3.jar","/home/jbergqvist/.m2/repository/com/github/java-json-tools/json-schema-core/1.2.14/json-schema-core-1.2.14.jar","/home/jbergqvist/.m2/repository/com/github/java-json-tools/uri-template/0.10/uri-template-0.10.jar","/home/jbergqvist/.m2/repository/com/sun/mail/mailapi/1.6.2/mailapi-1.6.2.jar","/home/jbergqvist/.m2/repository/joda-time/joda-time/2.10.5/joda-time-2.10.5.jar","/home/jbergqvist/.m2/repository/com/googlecode/libphonenumber/libphonenumber/8.11.1/libphonenumber-8.11.1.jar","/home/jbergqvist/.m2/repository/com/google/code/findbugs/jsr305/3.0.2/jsr305-3.0.2.jar","/home/jbergqvist/.m2/repository/net/sf/jopt-simple/jopt-simple/5.0.4/jopt-simple-5.0.4.jar","/home/jbergqvist/.m2/repository/org/mozilla/rhino/1.7.13/rhino-1.7.13.jar","/home/jbergqvist/.m2/repository/com/google/guava/guava/32.1.2-jre/guava-32.1.2-jre.jar","/home/jbergqvist/.m2/repository/com/google/guava/failureaccess/1.0.1/failureaccess-1.0.1.jar","/home/jbergqvist/.m2/repository/com/google/guava/listenablefuture/9999.0-empty-to-avoid-conflict-with-guava/listenablefuture-9999.0-empty-to-avoid-conflict-with-guava.jar","/home/jbergqvist/.m2/repository/org/checkerframework/checker-qual/3.33.0/checker-qual-3.33.0.jar","/home/jbergqvist/.m2/repository/com/google/errorprone/error_prone_annotations/2.18.0/error_prone_annotations-2.18.0.jar","/home/jbergqvist/.m2/repository/com/google/j2objc/j2objc-annotations/2.8/j2objc-annotations-2.8.jar","/home/jbergqvist/.m2/repository/com/fasterxml/jackson/core/jackson-core/2.15.2/jackson-core-2.15.2.jar","/home/jbergqvist/.m2/repository/com/fasterxml/jackson/core/jackson-databind/2.15.2/jackson-databind-2.15.2.jar","/home/jbergqvist/.m2/repository/com/fasterxml/jackson/core/jackson-annotations/2.15.2/jackson-annotations-2.15.2.jar","/home/jbergqvist/.m2/repository/commons-io/commons-io/2.11.0/commons-io-2.11.0.jar","/home/jbergqvist/.m2/repository/org/apache/commons/commons-lang3/3.12.0/commons-lang3-3.12.0.jar","/home/jbergqvist/.m2/repository/org/freemarker/freemarker/2.3.31/freemarker-2.3.31.jar","/home/jbergqvist/.m2/repository/org/slf4j/slf4j-api/1.7.32/slf4j-api-1.7.32.jar","/home/jbergqvist/.m2/repository/com/diffblue/cover/cover-annotations/1.8.0/cover-annotations-1.8.0.jar","/home/jbergqvist/.m2/repository/com/atlassian/commonmark/commonmark/0.15.2/commonmark-0.15.2.jar","/home/jbergqvist/.m2/repository/org/junit/jupiter/junit-jupiter-api/5.8.2/junit-jupiter-api-5.8.2.jar","/home/jbergqvist/.m2/repository/org/opentest4j/opentest4j/1.2.0/opentest4j-1.2.0.jar","/home/jbergqvist/.m2/repository/org/junit/platform/junit-platform-commons/1.8.2/junit-platform-commons-1.8.2.jar","/home/jbergqvist/.m2/repository/org/apiguardian/apiguardian-api/1.1.2/apiguardian-api-1.1.2.jar","/home/jbergqvist/.m2/repository/org/junit/jupiter/junit-jupiter-params/5.8.2/junit-jupiter-params-5.8.2.jar","/home/jbergqvist/.m2/repository/org/junit/jupiter/junit-jupiter-engine/5.8.2/junit-jupiter-engine-5.8.2.jar","/home/jbergqvist/.m2/repository/org/junit/platform/junit-platform-engine/1.8.2/junit-platform-engine-1.8.2.jar","/home/jbergqvist/.m2/repository/org/junit/vintage/junit-vintage-engine/5.8.2/junit-vintage-engine-5.8.2.jar","/home/jbergqvist/.m2/repository/junit/junit/4.13.2/junit-4.13.2.jar","/home/jbergqvist/.m2/repository/org/hamcrest/hamcrest-core/1.3/hamcrest-core-1.3.jar","/home/jbergqvist/.m2/repository/org/mockito/mockito-core/4.0.0/mockito-core-4.0.0.jar","/home/jbergqvist/.m2/repository/net/bytebuddy/byte-buddy/1.11.19/byte-buddy-1.11.19.jar","/home/jbergqvist/.m2/repository/net/bytebuddy/byte-buddy-agent/1.11.19/byte-buddy-agent-1.11.19.jar","/home/jbergqvist/.m2/repository/org/objenesis/objenesis/3.2/objenesis-3.2.jar","/home/jbergqvist/.m2/repository/org/openjdk/jmh/jmh-core/1.33/jmh-core-1.33.jar","/home/jbergqvist/.m2/repository/org/apache/commons/commons-math3/3.2/commons-math3-3.2.jar","/home/jbergqvist/.m2/repository/org/openjdk/jmh/jmh-generator-annprocess/1.33/jmh-generator-annprocess-1.33.jar","/home/jbergqvist/.m2/repository/org/xmlunit/xmlunit-core/2.8.3/xmlunit-core-2.8.3.jar","/home/jbergqvist/.m2/repository/jakarta/xml/bind/jakarta.xml.bind-api/2.3.3/jakarta.xml.bind-api-2.3.3.jar","/home/jbergqvist/.m2/repository/jakarta/activation/jakarta.activation-api/1.2.2/jakarta.activation-api-1.2.2.jar","/home/jbergqvist/.m2/repository/ch/qos/logback/logback-classic/1.2.9/logback-classic-1.2.9.jar","/home/jbergqvist/.m2/repository/ch/qos/logback/logback-core/1.2.9/logback-core-1.2.9.jar"],"complianceLevel":"1.8","productionSources":["/home/jbergqvist/diffblue/finos-messageml-utils/src/main/java"],"testSources":["/home/jbergqvist/diffblue/finos-messageml-utils/src/test/java"],"productionClasses":"/home/jbergqvist/diffblue/finos-messageml-utils/target/classes","testClasses":"/home/jbergqvist/diffblue/finos-messageml-utils/target/test-classes","sourceToBuildPathMap":null,"testSourceToBuildPathMap":null,"buildDirectory":"/home/jbergqvist/diffblue/finos-messageml-utils/target","plugins":[{"__type":"DefaultPlugin","groupId":"org.apache.maven.plugins","artefactId":"maven-surefire-plugin","version":"2.22.2","pluginClassName":null},{"__type":"DefaultPlugin","groupId":"org.apache.maven.plugins","artefactId":"maven-clean-plugin","version":"2.5","pluginClassName":null},{"__type":"DefaultPlugin","groupId":"org.apache.maven.plugins","artefactId":"maven-resources-plugin","version":"2.6","pluginClassName":null},{"__type":"DefaultPlugin","groupId":"org.apache.maven.plugins","artefactId":"maven-jar-plugin","version":"3.2.2","pluginClassName":null},{"__type":"DefaultPlugin","groupId":"org.apache.maven.plugins","artefactId":"maven-compiler-plugin","version":"3.1","pluginClassName":null},{"__type":"DefaultPlugin","groupId":"org.apache.maven.plugins","artefactId":"maven-install-plugin","version":"2.4","pluginClassName":null},{"__type":"DefaultPlugin","groupId":"org.apache.maven.plugins","artefactId":"maven-deploy-plugin","version":"3.0.0-M1","pluginClassName":null},{"__type":"DefaultPlugin","groupId":"org.apache.maven.plugins","artefactId":"maven-site-plugin","version":"3.3","pluginClassName":null}],"version":"3.8.4","encoding":"UTF-8","name":"maven","subModules":[],"simpleModuleName":null,"parentModuleName":null,"location":"/home/jbergqvist/diffblue/finos-messageml-utils","fullModuleName":"org.symphonyoss.symphony:messageml"}}
17:38:05.728 [INFO]   [Checking]    out: [INFO] ------------------------------------------------------------------------
17:38:05.728 [INFO]   [Checking]    out: [INFO] BUILD SUCCESS
17:38:05.728 [INFO]   [Checking]    out: [INFO] ------------------------------------------------------------------------
17:38:05.728 [INFO]   [Checking]    out: [INFO] Total time:  3.664 s
17:38:05.728 [INFO]   [Checking]    out: [INFO] Finished at: 2026-01-09T17:38:05Z
17:38:05.728 [INFO]   [Checking]    out: [INFO] ------------------------------------------------------------------------
17:38:05.728 [INFO]   [Checking]    deserializing line [DIFFBLUE]{"__type":"com.diffblue.cover.buildsystem.model.ProjectInfoMessage","projectName":"org.symphonyoss.symphony:messageml","productionSources":["/home/jbergqvist/diffblue/finos-messageml-utils/src/main/java"],"testSources":["/home/jbergqvist/diffblue/finos-messageml-utils/src/test/java"],"location":"/home/jbergqvist/diffblue/finos-messageml-utils"}
17:38:05.772 [INFO]   [Checking]    maven:err process not stopped, joining thread
17:38:05.772 [INFO]   [Checking]    maven:out process not stopped, joining thread
17:38:06.114 [INFO]   [Checking]    Selected test framework: JUnit
17:38:06.191 [INFO]   [Checking]    Using default build rules as no custom rules found in any of [/home/jbergqvist/diffblue/finos-messageml-utils]
17:38:06.191 [INFO]   [Checking]    Attempting to invoke /home/jbergqvist/diffblue/finos-messageml-utils/mvnw in working directory: /home/jbergqvist/diffblue/finos-messageml-utils
17:38:06.192 [INFO]   [Checking]    Started "/home/jbergqvist/diffblue/finos-messageml-utils/mvnw -Dmaven.ext.class.path=/opt/cover/cover-buildsystem-maven-spy-jar-with-dependencies.jar -Dcom.diffblue.cover.skipTests=true -DskipTestOptimizer --batch-mode --projects=org.symphonyoss.symphony:messageml --global-settings=/home/jbergqvist/.sdkman/candidates/maven/current/conf/settings.xml test -DfailIfNoTests=false -Dsurefire.failIfNoSpecifiedTests=false -Dmaven.test.failure.ignore=True -Dtest=DummyJUnitJupiterLauncherDiffblueTest3166923676505732654"
17:38:06.795 [INFO]   [Checking]    out: [INFO] Scanning for projects...
17:38:06.833 [INFO]   [Checking]    out: [INFO] 
17:38:06.833 [INFO]   [Checking]    out: [INFO] -----------------< org.symphonyoss.symphony:messageml >-----------------
17:38:06.833 [INFO]   [Checking]    out: [INFO] Building MessageML Utils 0.13.0
17:38:06.833 [INFO]   [Checking]    out: [INFO] --------------------------------[ jar ]---------------------------------
17:38:07.085 [INFO]   [Checking]    deserializing line [DIFFBLUE]{"__type":"com.diffblue.cover.buildsystem.model.DefaultEventMessage","project":"org.symphonyoss.symphony:messageml","goal":"resources","cause":null,"state":"STARTED"}
17:38:07.089 [INFO]   [Checking]    out: [INFO] 
17:38:07.090 [INFO]   [Checking]    out: [INFO] --- maven-resources-plugin:2.6:resources (default-resources) @ messageml ---
17:38:07.186 [INFO]   [Checking]    out: [INFO] Using 'UTF-8' encoding to copy filtered resources.
17:38:07.187 [INFO]   [Checking]    out: [INFO] Copying 1 resource
17:38:07.190 [INFO]   [Checking]    deserializing line [DIFFBLUE]{"__type":"com.diffblue.cover.buildsystem.model.DefaultEventMessage","project":"org.symphonyoss.symphony:messageml","goal":"resources","cause":null,"state":"SUCCESS"}
17:38:07.192 [INFO]   [Checking]    deserializing line [DIFFBLUE]{"__type":"com.diffblue.cover.buildsystem.model.DefaultEventMessage","project":"org.symphonyoss.symphony:messageml","goal":"compile","cause":null,"state":"STARTED"}
17:38:07.193 [INFO]   [Checking]    out: [INFO] 
17:38:07.194 [INFO]   [Checking]    out: [INFO] --- maven-compiler-plugin:3.1:compile (default-compile) @ messageml ---
17:38:07.299 [INFO]   [Checking]    out: [INFO] Nothing to compile - all classes are up to date
17:38:07.300 [INFO]   [Checking]    deserializing line [DIFFBLUE]{"__type":"com.diffblue.cover.buildsystem.model.DefaultEventMessage","project":"org.symphonyoss.symphony:messageml","goal":"compile","cause":null,"state":"SUCCESS"}
17:38:07.303 [INFO]   [Checking]    deserializing line [DIFFBLUE]{"__type":"com.diffblue.cover.buildsystem.model.DefaultEventMessage","project":"org.symphonyoss.symphony:messageml","goal":"testResources","cause":null,"state":"STARTED"}
17:38:07.305 [INFO]   [Checking]    out: [INFO] 
17:38:07.306 [INFO]   [Checking]    out: [INFO] --- maven-resources-plugin:2.6:testResources (default-testResources) @ messageml ---
17:38:07.306 [INFO]   [Checking]    out: [INFO] Using 'UTF-8' encoding to copy filtered resources.
17:38:07.306 [INFO]   [Checking]    out: [INFO] Copying 36 resources
17:38:07.309 [INFO]   [Checking]    deserializing line [DIFFBLUE]{"__type":"com.diffblue.cover.buildsystem.model.DefaultEventMessage","project":"org.symphonyoss.symphony:messageml","goal":"testResources","cause":null,"state":"SUCCESS"}
17:38:07.311 [INFO]   [Checking]    deserializing line [DIFFBLUE]{"__type":"com.diffblue.cover.buildsystem.model.DefaultEventMessage","project":"org.symphonyoss.symphony:messageml","goal":"testCompile","cause":null,"state":"STARTED"}
17:38:07.336 [INFO]   [Checking]    out: [INFO] 
17:38:07.336 [INFO]   [Checking]    out: [INFO] --- maven-compiler-plugin:3.1:testCompile (default-testCompile) @ messageml ---
17:38:07.336 [INFO]   [Checking]    out: [INFO] Changes detected - recompiling the module!
17:38:07.336 [INFO]   [Checking]    out: [INFO] Compiling 60 source files to /home/jbergqvist/diffblue/finos-messageml-utils/target/test-classes
17:38:09.661 [INFO]   [Checking]    out: [WARNING] /home/jbergqvist/diffblue/finos-messageml-utils/src/test/java/org/symphonyoss/symphony/messageml/elements/ElementTest.java: Some input files use or override a deprecated API.
17:38:09.661 [INFO]   [Checking]    out: [WARNING] /home/jbergqvist/diffblue/finos-messageml-utils/src/test/java/org/symphonyoss/symphony/messageml/elements/ElementTest.java: Recompile with -Xlint:deprecation for details.
17:38:09.661 [INFO]   [Checking]    out: [WARNING] /home/jbergqvist/diffblue/finos-messageml-utils/src/test/java/org/symphonyoss/symphony/messageml/MessageMLContextTest.java: /home/jbergqvist/diffblue/finos-messageml-utils/src/test/java/org/symphonyoss/symphony/messageml/MessageMLContextTest.java uses unchecked or unsafe operations.
17:38:09.661 [INFO]   [Checking]    out: [WARNING] /home/jbergqvist/diffblue/finos-messageml-utils/src/test/java/org/symphonyoss/symphony/messageml/MessageMLContextTest.java: Recompile with -Xlint:unchecked for details.
17:38:09.662 [INFO]   [Checking]    deserializing line [DIFFBLUE]{"__type":"com.diffblue.cover.buildsystem.model.DefaultEventMessage","project":"org.symphonyoss.symphony:messageml","goal":"testCompile","cause":null,"state":"SUCCESS"}
17:38:09.665 [INFO]   [Checking]    deserializing line [DIFFBLUE]{"__type":"com.diffblue.cover.buildsystem.model.DefaultEventMessage","project":"org.symphonyoss.symphony:messageml","goal":"test","cause":null,"state":"STARTED"}
17:38:09.667 [INFO]   [Checking]    out: [INFO] 
17:38:09.667 [INFO]   [Checking]    out: [INFO] --- maven-surefire-plugin:2.22.2:test (default-test) @ messageml ---
17:38:09.811 [INFO]   [Checking]    out: [INFO] 
17:38:09.812 [INFO]   [Checking]    out: [INFO] -------------------------------------------------------
17:38:09.812 [INFO]   [Checking]    out: [INFO]  T E S T S
17:38:09.812 [INFO]   [Checking]    out: [INFO] -------------------------------------------------------
17:38:10.101 [INFO]   [Checking]    out: [INFO] Running DummyJUnitJupiterLauncherDiffblueTest3166923676505732654
17:38:10.119 [INFO]   [Checking]    out: [INFO] Tests run: 1, Failures: 0, Errors: 0, Skipped: 0, Time elapsed: 0.012 s - in DummyJUnitJupiterLauncherDiffblueTest3166923676505732654
17:38:10.453 [INFO]   [Checking]    out: [INFO] 
17:38:10.453 [INFO]   [Checking]    out: [INFO] Results:
17:38:10.453 [INFO]   [Checking]    out: [INFO] 
17:38:10.453 [INFO]   [Checking]    out: [INFO] Tests run: 1, Failures: 0, Errors: 0, Skipped: 0
17:38:10.453 [INFO]   [Checking]    out: [INFO] 
17:38:10.457 [INFO]   [Checking]    deserializing line [DIFFBLUE]{"__type":"com.diffblue.cover.buildsystem.model.DefaultEventMessage","project":"org.symphonyoss.symphony:messageml","goal":"test","cause":null,"state":"SUCCESS"}
17:38:10.483 [INFO]   [Checking]    deserializing line [DIFFBLUE]{"__type":"com.diffblue.cover.buildsystem.model.DefaultProjectModuleMessage","project":{"__type":"DefaultProjectModule","junitReport":["/home/jbergqvist/diffblue/finos-messageml-utils/target/surefire-reports"],"jacocoReport":["/home/jbergqvist/diffblue/finos-messageml-utils/target/site/jacoco/jacoco.xml"],"jacocoDestFile":["/home/jbergqvist/diffblue/finos-messageml-utils/target/jacoco.exec"],"jacocoFormats":["xml"],"jacocoSkipped":false,"classpath":["/home/jbergqvist/diffblue/finos-messageml-utils/target/classes","/home/jbergqvist/.m2/repository/org/projectlombok/lombok/1.18.42/lombok-1.18.42.jar","/home/jbergqvist/.m2/repository/com/github/java-json-tools/json-schema-validator/2.2.14/json-schema-validator-2.2.14.jar","/home/jbergqvist/.m2/repository/com/github/java-json-tools/jackson-coreutils-equivalence/1.0/jackson-coreutils-equivalence-1.0.jar","/home/jbergqvist/.m2/repository/com/github/java-json-tools/jackson-coreutils/2.0/jackson-coreutils-2.0.jar","/home/jbergqvist/.m2/repository/com/github/java-json-tools/msg-simple/1.2/msg-simple-1.2.jar","/home/jbergqvist/.m2/repository/com/github/java-json-tools/btf/1.3/btf-1.3.jar","/home/jbergqvist/.m2/repository/com/github/java-json-tools/json-schema-core/1.2.14/json-schema-core-1.2.14.jar","/home/jbergqvist/.m2/repository/com/github/java-json-tools/uri-template/0.10/uri-template-0.10.jar","/home/jbergqvist/.m2/repository/com/sun/mail/mailapi/1.6.2/mailapi-1.6.2.jar","/home/jbergqvist/.m2/repository/joda-time/joda-time/2.10.5/joda-time-2.10.5.jar","/home/jbergqvist/.m2/repository/com/googlecode/libphonenumber/libphonenumber/8.11.1/libphonenumber-8.11.1.jar","/home/jbergqvist/.m2/repository/com/google/code/findbugs/jsr305/3.0.2/jsr305-3.0.2.jar","/home/jbergqvist/.m2/repository/net/sf/jopt-simple/jopt-simple/5.0.4/jopt-simple-5.0.4.jar","/home/jbergqvist/.m2/repository/org/mozilla/rhino/1.7.13/rhino-1.7.13.jar","/home/jbergqvist/.m2/repository/com/google/guava/guava/32.1.2-jre/guava-32.1.2-jre.jar","/home/jbergqvist/.m2/repository/com/google/guava/failureaccess/1.0.1/failureaccess-1.0.1.jar","/home/jbergqvist/.m2/repository/com/google/guava/listenablefuture/9999.0-empty-to-avoid-conflict-with-guava/listenablefuture-9999.0-empty-to-avoid-conflict-with-guava.jar","/home/jbergqvist/.m2/repository/org/checkerframework/checker-qual/3.33.0/checker-qual-3.33.0.jar","/home/jbergqvist/.m2/repository/com/google/errorprone/error_prone_annotations/2.18.0/error_prone_annotations-2.18.0.jar","/home/jbergqvist/.m2/repository/com/google/j2objc/j2objc-annotations/2.8/j2objc-annotations-2.8.jar","/home/jbergqvist/.m2/repository/com/fasterxml/jackson/core/jackson-core/2.15.2/jackson-core-2.15.2.jar","/home/jbergqvist/.m2/repository/com/fasterxml/jackson/core/jackson-databind/2.15.2/jackson-databind-2.15.2.jar","/home/jbergqvist/.m2/repository/com/fasterxml/jackson/core/jackson-annotations/2.15.2/jackson-annotations-2.15.2.jar","/home/jbergqvist/.m2/repository/commons-io/commons-io/2.11.0/commons-io-2.11.0.jar","/home/jbergqvist/.m2/repository/org/apache/commons/commons-lang3/3.12.0/commons-lang3-3.12.0.jar","/home/jbergqvist/.m2/repository/org/freemarker/freemarker/2.3.31/freemarker-2.3.31.jar","/home/jbergqvist/.m2/repository/org/slf4j/slf4j-api/1.7.32/slf4j-api-1.7.32.jar","/home/jbergqvist/.m2/repository/com/diffblue/cover/cover-annotations/1.8.0/cover-annotations-1.8.0.jar","/home/jbergqvist/.m2/repository/com/atlassian/commonmark/commonmark/0.15.2/commonmark-0.15.2.jar","/home/jbergqvist/.m2/repository/org/junit/jupiter/junit-jupiter-api/5.8.2/junit-jupiter-api-5.8.2.jar","/home/jbergqvist/.m2/repository/org/opentest4j/opentest4j/1.2.0/opentest4j-1.2.0.jar","/home/jbergqvist/.m2/repository/org/junit/platform/junit-platform-commons/1.8.2/junit-platform-commons-1.8.2.jar","/home/jbergqvist/.m2/repository/org/apiguardian/apiguardian-api/1.1.2/apiguardian-api-1.1.2.jar","/home/jbergqvist/.m2/repository/org/junit/jupiter/junit-jupiter-params/5.8.2/junit-jupiter-params-5.8.2.jar","/home/jbergqvist/.m2/repository/org/junit/jupiter/junit-jupiter-engine/5.8.2/junit-jupiter-engine-5.8.2.jar","/home/jbergqvist/.m2/repository/org/junit/platform/junit-platform-engine/1.8.2/junit-platform-engine-1.8.2.jar","/home/jbergqvist/.m2/repository/org/junit/vintage/junit-vintage-engine/5.8.2/junit-vintage-engine-5.8.2.jar","/home/jbergqvist/.m2/repository/junit/junit/4.13.2/junit-4.13.2.jar","/home/jbergqvist/.m2/repository/org/hamcrest/hamcrest-core/1.3/hamcrest-core-1.3.jar","/home/jbergqvist/.m2/repository/org/mockito/mockito-core/4.0.0/mockito-core-4.0.0.jar","/home/jbergqvist/.m2/repository/net/bytebuddy/byte-buddy/1.11.19/byte-buddy-1.11.19.jar","/home/jbergqvist/.m2/repository/net/bytebuddy/byte-buddy-agent/1.11.19/byte-buddy-agent-1.11.19.jar","/home/jbergqvist/.m2/repository/org/objenesis/objenesis/3.2/objenesis-3.2.jar","/home/jbergqvist/.m2/repository/org/openjdk/jmh/jmh-core/1.33/jmh-core-1.33.jar","/home/jbergqvist/.m2/repository/org/apache/commons/commons-math3/3.2/commons-math3-3.2.jar","/home/jbergqvist/.m2/repository/org/openjdk/jmh/jmh-generator-annprocess/1.33/jmh-generator-annprocess-1.33.jar","/home/jbergqvist/.m2/repository/org/xmlunit/xmlunit-core/2.8.3/xmlunit-core-2.8.3.jar","/home/jbergqvist/.m2/repository/jakarta/xml/bind/jakarta.xml.bind-api/2.3.3/jakarta.xml.bind-api-2.3.3.jar","/home/jbergqvist/.m2/repository/jakarta/activation/jakarta.activation-api/1.2.2/jakarta.activation-api-1.2.2.jar","/home/jbergqvist/.m2/repository/ch/qos/logback/logback-classic/1.2.9/logback-classic-1.2.9.jar","/home/jbergqvist/.m2/repository/ch/qos/logback/logback-core/1.2.9/logback-core-1.2.9.jar"],"complianceLevel":"1.8","productionSources":["/home/jbergqvist/diffblue/finos-messageml-utils/src/main/java"],"testSources":["/home/jbergqvist/diffblue/finos-messageml-utils/src/test/java"],"productionClasses":"/home/jbergqvist/diffblue/finos-messageml-utils/target/classes","testClasses":"/home/jbergqvist/diffblue/finos-messageml-utils/target/test-classes","sourceToBuildPathMap":null,"testSourceToBuildPathMap":null,"buildDirectory":"/home/jbergqvist/diffblue/finos-messageml-utils/target","plugins":[{"__type":"DefaultPlugin","groupId":"org.apache.maven.plugins","artefactId":"maven-surefire-plugin","version":"2.22.2","pluginClassName":null},{"__type":"DefaultPlugin","groupId":"org.apache.maven.plugins","artefactId":"maven-clean-plugin","version":"2.5","pluginClassName":null},{"__type":"DefaultPlugin","groupId":"org.apache.maven.plugins","artefactId":"maven-resources-plugin","version":"2.6","pluginClassName":null},{"__type":"DefaultPlugin","groupId":"org.apache.maven.plugins","artefactId":"maven-jar-plugin","version":"3.2.2","pluginClassName":null},{"__type":"DefaultPlugin","groupId":"org.apache.maven.plugins","artefactId":"maven-compiler-plugin","version":"3.1","pluginClassName":null},{"__type":"DefaultPlugin","groupId":"org.apache.maven.plugins","artefactId":"maven-install-plugin","version":"2.4","pluginClassName":null},{"__type":"DefaultPlugin","groupId":"org.apache.maven.plugins","artefactId":"maven-deploy-plugin","version":"3.0.0-M1","pluginClassName":null},{"__type":"DefaultPlugin","groupId":"org.apache.maven.plugins","artefactId":"maven-site-plugin","version":"3.3","pluginClassName":null}],"version":"3.8.4","encoding":"UTF-8","name":"maven","subModules":[],"simpleModuleName":null,"parentModuleName":null,"location":"/home/jbergqvist/diffblue/finos-messageml-utils","fullModuleName":"org.symphonyoss.symphony:messageml"}}
17:38:10.488 [INFO]   [Checking]    out: [INFO] ------------------------------------------------------------------------
17:38:10.488 [INFO]   [Checking]    out: [INFO] BUILD SUCCESS
17:38:10.488 [INFO]   [Checking]    out: [INFO] ------------------------------------------------------------------------
17:38:10.488 [INFO]   [Checking]    out: [INFO] Total time:  3.701 s
17:38:10.488 [INFO]   [Checking]    out: [INFO] Finished at: 2026-01-09T17:38:10Z
17:38:10.488 [INFO]   [Checking]    out: [INFO] ------------------------------------------------------------------------
17:38:10.488 [INFO]   [Checking]    deserializing line [DIFFBLUE]{"__type":"com.diffblue.cover.buildsystem.model.ProjectInfoMessage","projectName":"org.symphonyoss.symphony:messageml","productionSources":["/home/jbergqvist/diffblue/finos-messageml-utils/src/main/java"],"testSources":["/home/jbergqvist/diffblue/finos-messageml-utils/src/test/java"],"location":"/home/jbergqvist/diffblue/finos-messageml-utils"}
17:38:10.533 [INFO]   [Checking]    maven:err process not stopped, joining thread
17:38:10.533 [INFO]   [Checking]    maven:out process not stopped, joining thread
17:38:10.557 [INFO]   [Checking]    Detected Hamcrest Core version 1.3
17:38:10.653 [INFO]   [Checking]    Detected Jackson Databind version 2.15.2
17:38:10.665 [INFO]   [Checking]    Detected JVM architecture: 64-Bit
17:38:10.680 [INFO]   [Checking]    Detected Project Lombok version 1.18.42
17:38:10.701 [INFO]   [Checking]    Detected Cover Annotations version 1.8.0
17:38:10.966 [INFO]   [Checking]    Selected Java language compliance level: 1.8
17:38:10.966 [INFO]   [Checking]    Selected test validation: enabled
17:38:10.988 [INFO]   [Checking]    Prefixes for filtering classes/methods:
17:38:10.995 [INFO]   [Checking]    - org.symphonyoss.symphony.entityjson
17:38:10.996 [INFO]   [Checking]    - org.symphonyoss.symphony.messageml
17:38:10.997 [INFO]   [Checking]    - org.symphonyoss.symphony.messageml.bi
17:38:10.999 [INFO]   [Checking]    - org.symphonyoss.symphony.messageml.elements
17:38:11.000 [INFO]   [Checking]    - org.symphonyoss.symphony.messageml.exceptions
17:38:11.001 [INFO]   [Checking]    - org.symphonyoss.symphony.messageml.markdown
17:38:11.002 [INFO]   [Checking]    - org.symphonyoss.symphony.messageml.markdown.nodes
17:38:11.004 [INFO]   [Checking]    - org.symphonyoss.symphony.messageml.markdown.nodes.form
17:38:11.005 [INFO]   [Checking]    - org.symphonyoss.symphony.messageml.util
17:38:11.006 [INFO]   [Checking]    - org.symphonyoss.symphony.messageml.util.instrument.resolver
17:38:11.007 [INFO]   [Checking]    - org.symphonyoss.symphony.messageml.util.pojo
17:38:11.007 [INFO]   [Checking]    Gathering methods to test...
17:38:11.938 [INFO]   [Reporting]   
17:38:11.938 [INFO]   [Reporting]   Environment summary for module: org.symphonyoss.symphony:messageml
17:38:11.938 [INFO]   [Reporting]   ------------------------------------------------------------------
17:38:11.938 [INFO]   [Reporting]   Java version                   11.0.29                       SUCCESS        
17:38:11.938 [INFO]   [Reporting]   Build system                   Maven                         SUCCESS        
17:38:11.938 [INFO]   [Reporting]   Mocking Framework              Mockito Core 4.0.0            SUCCESS        
17:38:11.938 [INFO]   [Reporting]   Surefire version               2.22.2                        SUCCESS        
17:38:11.938 [INFO]   [Reporting]   Testing framework              JUnit 4.13                    SUCCESS        
17:38:11.938 [INFO]   [Reporting]   Mockito JUnit Jupiter version  Skipped                       -----          
17:38:11.938 [INFO]   [Reporting]   JavaEE version                 Skipped                       -----          
17:38:11.938 [INFO]   [Reporting]   OSGi Annotations               Not Detected                  -----          
17:38:11.938 [INFO]   [Reporting]   Javax WS RS API                Not Detected                  -----          
17:38:11.938 [INFO]   [Reporting]   Jakarta RESTful WS API         Not Detected                  -----          
17:38:11.938 [INFO]   [Reporting]   Jersey Server                  Not Detected                  -----          
17:38:11.938 [INFO]   [Reporting]   Jersey Test Framework          Not Detected                  -----          
17:38:11.938 [INFO]   [Reporting]   Jersey Test Provider InMemory  Not Detected                  -----          
17:38:11.938 [INFO]   [Reporting]   Guice Framework                Not Detected                  -----          
17:38:11.939 [INFO]   [Reporting]   JaCoCo plugin version          0.8.11                        SUCCESS        
17:38:11.939 [INFO]   [Reporting]   Launcher                       JUnit 4, TestNG, or unknown   SUCCESS        
17:38:11.939 [INFO]   [Reporting]   Quarkus                        Not Detected                  -----          
17:38:11.939 [INFO]   [Reporting]   Test validation                Enabled                       SUCCESS        
17:38:11.939 [INFO]   [Reporting]   Hamcrest                       1.3                           SUCCESS        
17:38:11.939 [INFO]   [Reporting]   Spring Core                    Not Detected                  -----          
17:38:11.939 [INFO]   [Reporting]   Spring Boot                    Skipped                       -----          
17:38:11.939 [INFO]   [Reporting]   Spring Boot Starter Webflux    Skipped                       -----          
17:38:11.939 [INFO]   [Reporting]   Spring Boot Test Autoconfigure Skipped                       -----          
17:38:11.939 [INFO]   [Reporting]   Spring Boot Test               Skipped                       -----          
17:38:11.939 [INFO]   [Reporting]   Spring Web                     Skipped                       -----          
17:38:11.939 [INFO]   [Reporting]   Spring Security Web            Skipped                       -----          
17:38:11.939 [INFO]   [Reporting]   Spring Test                    Skipped                       -----          
17:38:11.939 [INFO]   [Reporting]   
17:38:11.939 [INFO]   [Reporting]   Environment check status: SUCCESS
17:38:12.062 [INFO]   [Creating]    Found 928 callable methods in 141 classes
17:38:12.063 [INFO]   [Creating]    
17:38:12.063 [INFO]   [Creating]    Creating tests:
17:38:12.063 [INFO]   [Creating]    ---------------
17:38:12.070 [INFO]   [Creating]    
================================================================================
= Starting analysis for class 'org.symphonyoss.symphony.entityjson.EntityJson'
================================================================================
17:38:12.070 [INFO]   [Creating]    Filtering out non-testable methods...
17:38:12.692 [INFO]   [Creating]    Filtering of methods complete. Creating analysis request
17:38:12.693 [INFO]   [Creating]    Attempting to get service client, retry 1.
17:38:12.697 [INFO]   [Creating]    Starting monitoring server.
17:38:12.881 [INFO]   [Creating]    Monitoring server listening on localhost/127.0.0.1:39131
17:38:12.928 [INFO]   [Creating]    Starting analyzer server process...
17:38:12.929 [INFO]   [Creating]    Server command-line: /home/jbergqvist/.sdkman/candidates/java/11.0.29-amzn/bin/java -XX:+IgnoreUnrecognizedVMOptions -Djdk.attach.allowAttachSelf=true -Djdk.jar.maxSignatureFileSize=100000000 -ea -javaagent:/opt/cover/launcher-shared-jar.jar -Dlogback.configurationFile=/tmp/diffblue/config/logback-remote-service.xml -Dcom.diffblue.springIsolationJar=/opt/cover/cover-isolation-layer.jar -Dcover.jar.path=/opt/cover/cover-service-analyzer.jar -Dcom.diffblue.assertionSuggestionJar=/opt/cover/cover-service-analyzer.jar -Dcover.main.class=com.diffblue.cover.service.analyzer.Main -jar /opt/cover/launcher-shared-jar.jar --service-lifespan 120 --monitoring-service-port 39131 --index-service-port 39131 --debug-log
17:38:12.931 [INFO]   [Creating]    Server started. Waiting up to 300 seconds for a connection to be established...
17:38:13.783 [INFO]   [Creating]    Starting new remote monitor client
17:38:14.466 [INFO]   [Creating]    Attempting to start remote server.
17:38:14.607 [INFO]   [Creating]    Server started, listening on localhost/127.0.0.1:33287
17:38:14.611 [INFO]   [Creating]    Expect analyzer service to be listening on port 33287.
17:38:15.264 [INFO]   [Creating]    Started analyzer service and client retrieved.
17:38:23.548 [INFO]   [Creating]          [1/928] org.symphonyoss.symphony.entityjson.EntityJson.getChildren
17:38:23.548 [INFO]   [Creating]          [2/928] org.symphonyoss.symphony.entityjson.EntityJson.getContext
17:38:23.548 [INFO]   [Creating]          [3/928] org.symphonyoss.symphony.entityjson.EntityJson.toString
17:38:23.548 [INFO]   [Creating]          [3/928]   R081: Exception in arrange section
17:38:23.548 [INFO]   [Creating]          [3/928]     Diffblue Cover was unable to construct an instance of the class under test using
17:38:23.548 [INFO]   [Creating]          [3/928]     org.symphonyoss.symphony.entityjson.EntityJson.toString().
17:38:23.548 [INFO]   [Creating]          [3/928]     The arrange section threw
17:38:23.548 [INFO]   [Creating]          [3/928]     org.symphonyoss.symphony.entityjson.InvalidInstanceException: java.lang.IllegalStateException: instanceJsonNode may not be null
17:38:23.548 [INFO]   [Creating]          [3/928]         at org.symphonyoss.symphony.entityjson.EntityJson.<init>(EntityJson.java:82)
17:38:23.548 [INFO]   [Creating]          [3/928]     More information about the exception is provided in the support log.
17:38:23.548 [INFO]   [Creating]          [3/928]     See https://diff.blue/R081 for further troubleshooting of this issue.
17:38:28.771 [INFO]   [Creating]          [4/928] org.symphonyoss.symphony.entityjson.EntityJson.<init>
17:38:28.771 [INFO]   [Creating]          [4/928]   Tests created: 2
17:38:30.980 [INFO]   [Creating]          [5/928] org.symphonyoss.symphony.entityjson.EntityJson.contains
17:38:30.980 [INFO]   [Creating]          [5/928]   R013: No inputs found that don't throw a trivial exception
17:38:30.980 [INFO]   [Creating]          [5/928]     Diffblue Cover tried to run the arrange/act section, but the test threw
17:38:30.980 [INFO]   [Creating]          [5/928]     org.symphonyoss.symphony.entityjson.InvalidInstanceException: java.lang.IllegalStateException: instanceJsonNode may not be null
17:38:30.980 [INFO]   [Creating]          [5/928]         at org.symphonyoss.symphony.entityjson.EntityJson.<init>(EntityJson.java:82)
17:38:30.980 [INFO]   [Creating]          [5/928]     In order to prevent contains(StructuredObject)
17:38:30.980 [INFO]   [Creating]          [5/928]     from throwing InvalidInstanceException, add constructors or factory
17:38:30.980 [INFO]   [Creating]          [5/928]     methods that make it easier to construct fully initialized objects used in
17:38:30.980 [INFO]   [Creating]          [5/928]     contains(StructuredObject).
17:38:30.980 [INFO]   [Creating]          [5/928]     See https://diff.blue/R013 to resolve this issue.
17:38:32.661 [INFO]   [Creating]          [6/928] org.symphonyoss.symphony.entityjson.EntityJson.get
17:38:32.661 [INFO]   [Creating]          [6/928]   R013: No inputs found that don't throw a trivial exception
17:38:32.661 [INFO]   [Creating]          [6/928]     Diffblue Cover tried to run the arrange/act section, but the test threw
17:38:32.661 [INFO]   [Creating]          [6/928]     org.symphonyoss.symphony.entityjson.InvalidInstanceException: java.lang.IllegalStateException: instanceJsonNode may not be null
17:38:32.661 [INFO]   [Creating]          [6/928]         at org.symphonyoss.symphony.entityjson.EntityJson.<init>(EntityJson.java:82)
17:38:32.661 [INFO]   [Creating]          [6/928]     In order to prevent get(int)
17:38:32.661 [INFO]   [Creating]          [6/928]     from throwing InvalidInstanceException, add constructors or factory
17:38:32.661 [INFO]   [Creating]          [6/928]     methods that make it easier to construct fully initialized objects used in
17:38:32.661 [INFO]   [Creating]          [6/928]     get(int).
17:38:32.661 [INFO]   [Creating]          [6/928]     See https://diff.blue/R013 to resolve this issue.
17:38:34.581 [INFO]   [Creating]          [7/928] org.symphonyoss.symphony.entityjson.EntityJson.get
17:38:34.581 [INFO]   [Creating]          [7/928]   Tests created: 1
17:38:36.058 [INFO]   [Creating]          [8/928] org.symphonyoss.symphony.entityjson.EntityJson.isEmpty
17:38:36.058 [INFO]   [Creating]          [8/928]   Tests created: 1
17:38:37.446 [INFO]   [Creating]          [9/928] org.symphonyoss.symphony.entityjson.EntityJson.iterator
17:38:37.446 [INFO]   [Creating]          [9/928]   Tests created: 1
17:38:37.554 [INFO]   [Creating]         [10/928] org.symphonyoss.symphony.entityjson.EntityJson.size
17:38:37.554 [INFO]   [Creating]         [10/928]   Tests created: 1
17:38:37.560 [INFO]   [Creating]      [1/141] org.symphonyoss.symphony.entityjson.EntityJson
17:38:37.560 [INFO]   [Creating]      [1/141]   Tests created: 6
17:38:37.561 [INFO]   [Creating]    
================================================================================
= Starting analysis for class 'org.symphonyoss.symphony.entityjson.EntityJsonContext'
================================================================================
17:38:37.561 [INFO]   [Creating]    Filtering out non-testable methods...
17:38:37.570 [INFO]   [Creating]    Filtering of methods complete. Creating analysis request
17:38:37.570 [INFO]   [Creating]    Attempting to get service client, retry 1.
17:38:39.196 [INFO]   [Creating]         [11/928] org.symphonyoss.symphony.entityjson.EntityJsonContext.<init>
17:38:39.196 [INFO]   [Creating]         [12/928] org.symphonyoss.symphony.entityjson.EntityJsonContext.getInstanceJsonNode
17:38:39.196 [INFO]   [Creating]         [13/928] org.symphonyoss.symphony.entityjson.EntityJsonContext.getInstanceSource
17:38:39.196 [INFO]   [Creating]         [14/928] org.symphonyoss.symphony.entityjson.EntityJsonContext.getSchemaJsonNode
17:38:39.196 [INFO]   [Creating]         [15/928] org.symphonyoss.symphony.entityjson.EntityJsonContext.getSchemaSource
17:38:39.196 [INFO]   [Creating]         [16/928] org.symphonyoss.symphony.entityjson.EntityJsonContext.getValidationResult
17:38:39.196 [INFO]   [Creating]         [17/928] org.symphonyoss.symphony.entityjson.EntityJsonContext.withValidationResult
17:38:39.196 [INFO]   [Creating]         [17/928]   Tests created: 1
17:38:39.532 [INFO]   [Creating]         [18/928] org.symphonyoss.symphony.entityjson.EntityJsonContext.newInstance
17:38:39.532 [INFO]   [Creating]         [18/928]   Tests created: 1
17:38:41.809 [INFO]   [Creating]         [19/928] org.symphonyoss.symphony.entityjson.EntityJsonContext.toString
17:38:41.809 [INFO]   [Creating]         [19/928]   Tests created: 3
17:38:41.810 [INFO]   [Creating]         [20/928] org.symphonyoss.symphony.entityjson.EntityJsonContext.withInstance
17:38:41.810 [INFO]   [Creating]         [20/928]   R003: Test did not increase coverage
17:38:41.810 [INFO]   [Creating]         [20/928]     Diffblue Cover could not find a test that improves the coverage already
17:38:41.810 [INFO]   [Creating]         [20/928]     provided by existing tests.
17:38:42.889 [INFO]   [Creating]         [21/928] org.symphonyoss.symphony.entityjson.EntityJsonContext.withSchema
17:38:42.889 [INFO]   [Creating]         [21/928]   Tests created: 1
17:38:42.890 [INFO]   [Creating]      [2/141] org.symphonyoss.symphony.entityjson.EntityJsonContext
17:38:42.890 [INFO]   [Creating]      [2/141]   Tests created: 6
17:38:42.891 [INFO]   [Creating]    
================================================================================
= Starting analysis for class 'org.symphonyoss.symphony.entityjson.EntityJsonException'
================================================================================
17:38:42.891 [INFO]   [Creating]    Filtering out non-testable methods...
17:38:44.649 [INFO]   [Creating]    Filtering of methods complete. Creating analysis request
17:38:44.649 [INFO]   [Creating]    Attempting to get service client, retry 1.
17:38:47.030 [INFO]   [Creating]         [22/928] org.symphonyoss.symphony.entityjson.EntityJsonException.getContext
17:38:47.030 [INFO]   [Creating]         [22/928]   Diffblue AI was unable to find a test
17:38:47.032 [INFO]   [Creating]      [3/141] org.symphonyoss.symphony.entityjson.EntityJsonException
17:38:47.032 [INFO]   [Creating]      [3/141]   Tests created: 0
17:38:47.033 [INFO]   [Creating]    
================================================================================
= Starting analysis for class 'org.symphonyoss.symphony.entityjson.EntityJsonParser'
================================================================================
17:38:47.033 [INFO]   [Creating]    Filtering out non-testable methods...
17:38:47.047 [INFO]   [Creating]    Filtering of methods complete. Creating analysis request
17:38:47.047 [INFO]   [Creating]    Attempting to get service client, retry 1.
17:38:51.535 [INFO]   [Creating]         [23/928] org.symphonyoss.symphony.entityjson.EntityJsonParser.<init>
17:38:51.535 [INFO]   [Creating]         [23/928]   R011: Sandboxing policy violation
17:38:51.535 [INFO]   [Creating]         [23/928]     Diffblue Cover ran code in your project that tried
17:38:51.535 [INFO]   [Creating]         [23/928]     to access the network.
17:38:51.535 [INFO]   [Creating]         [23/928]     Diffblue Cover's default sandboxing policy disallows this in order to prevent
17:38:51.535 [INFO]   [Creating]         [23/928]     your code from damaging your system environment.
17:38:51.535 [INFO]   [Creating]         [23/928]     See https://diff.blue/R011 to resolve this issue.
17:38:53.439 [INFO]   [Creating]         [24/928] org.symphonyoss.symphony.entityjson.EntityJsonParser.parseEntityJson
17:38:53.439 [INFO]   [Creating]         [24/928]   R011: Sandboxing policy violation
17:38:53.439 [INFO]   [Creating]         [24/928]     Diffblue Cover ran code in your project that tried
17:38:53.439 [INFO]   [Creating]         [24/928]     to access the network.
17:38:53.439 [INFO]   [Creating]         [24/928]     Diffblue Cover's default sandboxing policy disallows this in order to prevent
17:38:53.439 [INFO]   [Creating]         [24/928]     your code from damaging your system environment.
17:38:53.439 [INFO]   [Creating]         [24/928]     See https://diff.blue/R011 to resolve this issue.
17:38:55.536 [INFO]   [Creating]         [25/928] org.symphonyoss.symphony.entityjson.EntityJsonParser.parseEntityJson
17:38:55.536 [INFO]   [Creating]         [25/928]   Tests created: 2
17:38:57.977 [INFO]   [Creating]         [26/928] org.symphonyoss.symphony.entityjson.EntityJsonParser.parseEntityJson
17:38:57.977 [INFO]   [Creating]         [26/928]   Tests created: 2
17:38:59.674 [INFO]   [Creating]         [27/928] org.symphonyoss.symphony.entityjson.EntityJsonParser.parseStructuredObject
17:38:59.674 [INFO]   [Creating]         [27/928]   R011: Sandboxing policy violation
17:38:59.674 [INFO]   [Creating]         [27/928]     Diffblue Cover ran code in your project that tried
17:38:59.674 [INFO]   [Creating]         [27/928]     to access the network.
17:38:59.674 [INFO]   [Creating]         [27/928]     Diffblue Cover's default sandboxing policy disallows this in order to prevent
17:38:59.674 [INFO]   [Creating]         [27/928]     your code from damaging your system environment.
17:38:59.674 [INFO]   [Creating]         [27/928]     See https://diff.blue/R011 to resolve this issue.
17:39:00.072 [INFO]   [Creating]         [28/928] org.symphonyoss.symphony.entityjson.EntityJsonParser.parseStructuredObject
17:39:00.072 [INFO]   [Creating]         [28/928]   Tests created: 1
17:40:01.394 [INFO]   [Creating]         [29/928] org.symphonyoss.symphony.entityjson.EntityJsonParser.parseStructuredObject
17:40:01.394 [INFO]   [Creating]         [29/928]   Tests created: 2
17:40:04.001 [INFO]   [Creating]         [30/928] org.symphonyoss.symphony.entityjson.EntityJsonParser.validate
17:40:04.002 [INFO]   [Creating]         [30/928]   Tests created: 1
17:40:07.200 [INFO]   [Creating]         [31/928] org.symphonyoss.symphony.entityjson.EntityJsonParser.validate
17:40:07.200 [INFO]   [Creating]         [31/928]   Tests created: 2
17:40:08.245 [INFO]   [Creating]         [32/928] org.symphonyoss.symphony.entityjson.EntityJsonParser.validate
17:40:08.245 [INFO]   [Creating]         [32/928]   R011: Sandboxing policy violation
17:40:08.245 [INFO]   [Creating]         [32/928]     Diffblue Cover ran code in your project that tried
17:40:08.245 [INFO]   [Creating]         [32/928]     to access the network.
17:40:08.245 [INFO]   [Creating]         [32/928]     Diffblue Cover's default sandboxing policy disallows this in order to prevent
17:40:08.245 [INFO]   [Creating]         [32/928]     your code from damaging your system environment.
17:40:08.245 [INFO]   [Creating]         [32/928]     See https://diff.blue/R011 to resolve this issue.
17:40:08.247 [INFO]   [Creating]         [33/928] org.symphonyoss.symphony.entityjson.EntityJsonParser.validate
17:40:08.247 [INFO]   [Creating]         [33/928]   R011: Sandboxing policy violation
17:40:08.247 [INFO]   [Creating]         [33/928]     Diffblue Cover ran code in your project that tried
17:40:08.247 [INFO]   [Creating]         [33/928]     to access the network.
17:40:08.247 [INFO]   [Creating]         [33/928]     Diffblue Cover's default sandboxing policy disallows this in order to prevent
17:40:08.247 [INFO]   [Creating]         [33/928]     your code from damaging your system environment.
17:40:08.247 [INFO]   [Creating]         [33/928]     See https://diff.blue/R011 to resolve this issue.
17:40:08.248 [INFO]   [Creating]      [4/141] org.symphonyoss.symphony.entityjson.EntityJsonParser
17:40:08.249 [INFO]   [Creating]      [4/141]   Tests created: 10
17:40:08.249 [INFO]   [Creating]    
================================================================================
= Starting analysis for class 'org.symphonyoss.symphony.entityjson.EntityJsonParserBuilder'
================================================================================
17:40:08.249 [INFO]   [Creating]    Filtering out non-testable methods...
17:40:08.253 [INFO]   [Creating]    Filtering of methods complete. Creating analysis request
17:40:08.253 [INFO]   [Creating]    Attempting to get service client, retry 1.
17:40:08.446 [INFO]   [Creating]         [34/928] org.symphonyoss.symphony.entityjson.EntityJsonParserBuilder.<init>
17:40:08.446 [INFO]   [Creating]         [35/928] org.symphonyoss.symphony.entityjson.EntityJsonParserBuilder.build
17:40:08.446 [INFO]   [Creating]         [36/928] org.symphonyoss.symphony.entityjson.EntityJsonParserBuilder.isUnrestrictedSchemaLoad
17:40:08.446 [INFO]   [Creating]         [37/928] org.symphonyoss.symphony.entityjson.EntityJsonParserBuilder.withUnrestrictedSchemaLoad
17:40:08.446 [INFO]   [Creating]         [37/928]   Tests created: 1
17:40:08.447 [INFO]   [Creating]      [5/141] org.symphonyoss.symphony.entityjson.EntityJsonParserBuilder
17:40:08.447 [INFO]   [Creating]      [5/141]   Tests created: 1
17:40:08.448 [INFO]   [Creating]    
================================================================================
= Starting analysis for class 'org.symphonyoss.symphony.entityjson.EntityJsonURIDownloader'
================================================================================
17:40:08.448 [INFO]   [Creating]    Filtering out non-testable methods...
17:40:08.451 [INFO]   [Creating]    Filtering of methods complete. Creating analysis request
17:40:08.451 [INFO]   [Creating]    Attempting to get service client, retry 1.
17:40:08.845 [INFO]   [Creating]         [38/928] org.symphonyoss.symphony.entityjson.EntityJsonURIDownloader.<init>
17:40:08.845 [INFO]   [Creating]         [39/928] org.symphonyoss.symphony.entityjson.EntityJsonURIDownloader.getInstance
17:40:08.845 [INFO]   [Creating]         [39/928]   Tests created: 1
17:40:08.848 [INFO]   [Creating]         [40/928] org.symphonyoss.symphony.entityjson.EntityJsonURIDownloader.fetch
17:40:08.848 [INFO]   [Creating]         [40/928]   R013: No inputs found that don't throw a trivial exception
17:40:08.848 [INFO]   [Creating]         [40/928]     Diffblue Cover tried to run the arrange/act section, but the test threw
17:40:08.848 [INFO]   [Creating]         [40/928]     java.lang.NullPointerException
17:40:08.848 [INFO]   [Creating]         [40/928]         at org.symphonyoss.symphony.entityjson.EntityJsonURIDownloader.fetch(EntityJsonURIDownloader.java:62)
17:40:08.848 [INFO]   [Creating]         [40/928]     In order to prevent fetch(URI)
17:40:08.848 [INFO]   [Creating]         [40/928]     from throwing NullPointerException, add constructors or factory
17:40:08.848 [INFO]   [Creating]         [40/928]     methods that make it easier to construct fully initialized objects used in
17:40:08.848 [INFO]   [Creating]         [40/928]     fetch(URI).
17:40:08.848 [INFO]   [Creating]         [40/928]     See https://diff.blue/R013 to resolve this issue.
17:40:08.849 [INFO]   [Creating]      [6/141] org.symphonyoss.symphony.entityjson.EntityJsonURIDownloader
17:40:08.849 [INFO]   [Creating]      [6/141]   Tests created: 1
17:40:08.850 [INFO]   [Creating]    
================================================================================
= Starting analysis for class 'org.symphonyoss.symphony.entityjson.InvalidInstanceException'
================================================================================
17:40:08.850 [INFO]   [Creating]    Filtering out non-testable methods...
17:40:08.854 [INFO]   [Creating]    Filtering of methods complete. Creating analysis request
17:40:08.854 [INFO]   [Creating]    Attempting to get service client, retry 1.
17:40:09.335 [INFO]   [Creating]         [41/928] org.symphonyoss.symphony.entityjson.InvalidInstanceException.<init>
17:40:09.335 [INFO]   [Creating]         [42/928] org.symphonyoss.symphony.entityjson.InvalidInstanceException.<init>
17:40:09.335 [INFO]   [Creating]         [43/928] org.symphonyoss.symphony.entityjson.InvalidInstanceException.<init>
17:40:09.335 [INFO]   [Creating]         [44/928] org.symphonyoss.symphony.entityjson.InvalidInstanceException.<init>
17:40:09.335 [INFO]   [Creating]         [45/928] org.symphonyoss.symphony.entityjson.InvalidInstanceException.<init>
17:40:09.335 [INFO]   [Creating]         [45/928]   Tests created: 5
17:40:09.336 [INFO]   [Creating]      [7/141] org.symphonyoss.symphony.entityjson.InvalidInstanceException
17:40:09.337 [INFO]   [Creating]      [7/141]   Tests created: 5
17:40:09.337 [INFO]   [Creating]    
================================================================================
= Starting analysis for class 'org.symphonyoss.symphony.entityjson.InvalidSchemaException'
================================================================================
17:40:09.337 [INFO]   [Creating]    Filtering out non-testable methods...
17:40:09.340 [INFO]   [Creating]    Filtering of methods complete. Creating analysis request
17:40:09.340 [INFO]   [Creating]    Attempting to get service client, retry 1.
17:40:09.798 [INFO]   [Creating]         [46/928] org.symphonyoss.symphony.entityjson.InvalidSchemaException.<init>
17:40:09.798 [INFO]   [Creating]         [47/928] org.symphonyoss.symphony.entityjson.InvalidSchemaException.<init>
17:40:09.798 [INFO]   [Creating]         [48/928] org.symphonyoss.symphony.entityjson.InvalidSchemaException.<init>
17:40:09.798 [INFO]   [Creating]         [49/928] org.symphonyoss.symphony.entityjson.InvalidSchemaException.<init>
17:40:09.798 [INFO]   [Creating]         [50/928] org.symphonyoss.symphony.entityjson.InvalidSchemaException.<init>
17:40:09.798 [INFO]   [Creating]         [50/928]   Tests created: 5
17:40:09.800 [INFO]   [Creating]      [8/141] org.symphonyoss.symphony.entityjson.InvalidSchemaException
17:40:09.800 [INFO]   [Creating]      [8/141]   Tests created: 5
17:40:09.801 [INFO]   [Creating]    
================================================================================
= Starting analysis for class 'org.symphonyoss.symphony.entityjson.NoSchemaException'
================================================================================
17:40:09.801 [INFO]   [Creating]    Filtering out non-testable methods...
17:40:09.803 [INFO]   [Creating]    Filtering of methods complete. Creating analysis request
17:40:09.803 [INFO]   [Creating]    Attempting to get service client, retry 1.
17:40:10.279 [INFO]   [Creating]         [51/928] org.symphonyoss.symphony.entityjson.NoSchemaException.<init>
17:40:10.279 [INFO]   [Creating]         [52/928] org.symphonyoss.symphony.entityjson.NoSchemaException.<init>
17:40:10.279 [INFO]   [Creating]         [53/928] org.symphonyoss.symphony.entityjson.NoSchemaException.<init>
17:40:10.279 [INFO]   [Creating]         [54/928] org.symphonyoss.symphony.entityjson.NoSchemaException.<init>
17:40:10.279 [INFO]   [Creating]         [55/928] org.symphonyoss.symphony.entityjson.NoSchemaException.<init>
17:40:10.279 [INFO]   [Creating]         [55/928]   Tests created: 5
17:40:10.280 [INFO]   [Creating]      [9/141] org.symphonyoss.symphony.entityjson.NoSchemaException
17:40:10.280 [INFO]   [Creating]      [9/141]   Tests created: 5
17:40:10.281 [INFO]   [Creating]    
================================================================================
= Starting analysis for class 'org.symphonyoss.symphony.entityjson.SchemaValidationException'
================================================================================
17:40:10.281 [INFO]   [Creating]    Filtering out non-testable methods...
17:40:10.283 [INFO]   [Creating]    Filtering of methods complete. Creating analysis request
17:40:10.283 [INFO]   [Creating]    Attempting to get service client, retry 1.
17:40:10.728 [INFO]   [Creating]         [56/928] org.symphonyoss.symphony.entityjson.SchemaValidationException.<init>
17:40:10.728 [INFO]   [Creating]         [57/928] org.symphonyoss.symphony.entityjson.SchemaValidationException.<init>
17:40:10.728 [INFO]   [Creating]         [58/928] org.symphonyoss.symphony.entityjson.SchemaValidationException.<init>
17:40:10.728 [INFO]   [Creating]         [59/928] org.symphonyoss.symphony.entityjson.SchemaValidationException.<init>
17:40:10.728 [INFO]   [Creating]         [60/928] org.symphonyoss.symphony.entityjson.SchemaValidationException.<init>
17:40:10.728 [INFO]   [Creating]         [60/928]   Tests created: 5
17:40:10.729 [INFO]   [Creating]     [10/141] org.symphonyoss.symphony.entityjson.SchemaValidationException
17:40:10.729 [INFO]   [Creating]     [10/141]   Tests created: 5
17:40:10.730 [INFO]   [Creating]    
================================================================================
= Starting analysis for class 'org.symphonyoss.symphony.entityjson.StructuredObject'
================================================================================
17:40:10.731 [INFO]   [Creating]    Filtering out non-testable methods...
17:40:10.738 [INFO]   [Creating]    Filtering of methods complete. Creating analysis request
17:40:10.739 [INFO]   [Creating]    Attempting to get service client, retry 1.
17:40:10.823 [INFO]   [Creating]         [61/928] org.symphonyoss.symphony.entityjson.StructuredObject.getContext
17:40:10.823 [INFO]   [Creating]         [62/928] org.symphonyoss.symphony.entityjson.StructuredObject.getIdList
17:40:10.823 [INFO]   [Creating]         [63/928] org.symphonyoss.symphony.entityjson.StructuredObject.getMajorVersion
17:40:10.823 [INFO]   [Creating]         [64/928] org.symphonyoss.symphony.entityjson.StructuredObject.getMinorVersion
17:40:10.823 [INFO]   [Creating]         [65/928] org.symphonyoss.symphony.entityjson.StructuredObject.getType
17:40:10.823 [INFO]   [Creating]         [66/928] org.symphonyoss.symphony.entityjson.StructuredObject.getVersion
17:40:10.824 [INFO]   [Creating]         [67/928] org.symphonyoss.symphony.entityjson.StructuredObject.toString
17:40:10.824 [INFO]   [Creating]         [67/928]   R081: Exception in arrange section
17:40:10.824 [INFO]   [Creating]         [67/928]     Diffblue Cover was unable to construct an instance of the class under test using
17:40:10.824 [INFO]   [Creating]         [67/928]     org.symphonyoss.symphony.entityjson.StructuredObject.getContext().
17:40:10.824 [INFO]   [Creating]         [67/928]     The arrange section threw
17:40:10.824 [INFO]   [Creating]         [67/928]     java.lang.NullPointerException
17:40:10.824 [INFO]   [Creating]         [67/928]         at org.symphonyoss.symphony.entityjson.StructuredObject.<init>(StructuredObject.java:81)
17:40:10.824 [INFO]   [Creating]         [67/928]         at org.symphonyoss.symphony.entityjson.StructuredObject.<init>(StructuredObject.java:72)
17:40:10.824 [INFO]   [Creating]         [67/928]     More information about the exception is provided in the support log.
17:40:10.824 [INFO]   [Creating]         [67/928]     See https://diff.blue/R081 for further troubleshooting of this issue.
17:40:14.993 [INFO]   [Creating]         [68/928] org.symphonyoss.symphony.entityjson.StructuredObject.<init>
17:40:14.993 [INFO]   [Creating]         [68/928]   Tests created: 3
17:40:15.957 [INFO]   [Creating]         [69/928] org.symphonyoss.symphony.entityjson.StructuredObject.<init>
17:40:15.957 [INFO]   [Creating]         [69/928]   Tests created: 4
17:40:15.960 [INFO]   [Creating]         [70/928] org.symphonyoss.symphony.entityjson.StructuredObject.validate
17:40:15.960 [INFO]   [Creating]         [70/928]   R013: No inputs found that don't throw a trivial exception
17:40:15.960 [INFO]   [Creating]         [70/928]     Diffblue Cover tried to run the arrange/act section, but the test threw
17:40:15.960 [INFO]   [Creating]         [70/928]     java.lang.NullPointerException
17:40:15.960 [INFO]   [Creating]         [70/928]         at org.symphonyoss.symphony.entityjson.StructuredObject.<init>(StructuredObject.java:81)
17:40:15.960 [INFO]   [Creating]         [70/928]         at org.symphonyoss.symphony.entityjson.StructuredObject.<init>(StructuredObject.java:72)
17:40:15.960 [INFO]   [Creating]         [70/928]     In order to prevent validate(EntityJsonParser)
17:40:15.960 [INFO]   [Creating]         [70/928]     from throwing NullPointerException, add constructors or factory
17:40:15.960 [INFO]   [Creating]         [70/928]     methods that make it easier to construct fully initialized objects used in
17:40:15.960 [INFO]   [Creating]         [70/928]     validate(EntityJsonParser).
17:40:15.960 [INFO]   [Creating]         [70/928]     See https://diff.blue/R013 to resolve this issue.
17:40:15.962 [INFO]   [Creating]     [11/141] org.symphonyoss.symphony.entityjson.StructuredObject
17:40:15.962 [INFO]   [Creating]     [11/141]   Tests created: 7
17:40:15.963 [INFO]   [Creating]    
================================================================================
= Starting analysis for class 'org.symphonyoss.symphony.entityjson.StructuredObjectId'
================================================================================
17:40:15.963 [INFO]   [Creating]    Filtering out non-testable methods...
17:40:15.964 [INFO]   [Creating]    Filtering of methods complete. Creating analysis request
17:40:15.964 [INFO]   [Creating]    Attempting to get service client, retry 1.
17:40:16.012 [INFO]   [Creating]         [71/928] org.symphonyoss.symphony.entityjson.StructuredObjectId.toString
17:40:16.012 [INFO]   [Creating]         [71/928]   R081: Exception in arrange section
17:40:16.012 [INFO]   [Creating]         [71/928]     Diffblue Cover was unable to construct an instance of the class under test using
17:40:16.012 [INFO]   [Creating]         [71/928]     org.symphonyoss.symphony.entityjson.StructuredObjectId.toString().
17:40:16.012 [INFO]   [Creating]         [71/928]     The arrange section threw
17:40:16.012 [INFO]   [Creating]         [71/928]     java.lang.IllegalArgumentException: JSON node must contain a 'type' field
17:40:16.012 [INFO]   [Creating]         [71/928]         at org.symphonyoss.symphony.entityjson.StructuredObjectId.<init>(StructuredObjectId.java:45)
17:40:16.012 [INFO]   [Creating]         [71/928]     More information about the exception is provided in the support log.
17:40:16.012 [INFO]   [Creating]         [71/928]     See https://diff.blue/R081 for further troubleshooting of this issue.
17:40:16.584 [INFO]   [Creating]         [72/928] org.symphonyoss.symphony.entityjson.StructuredObjectId.<init>
17:40:16.584 [INFO]   [Creating]         [72/928]   Tests created: 1
17:40:16.585 [INFO]   [Creating]     [12/141] org.symphonyoss.symphony.entityjson.StructuredObjectId
17:40:16.585 [INFO]   [Creating]     [12/141]   Tests created: 1
17:40:16.585 [INFO]   [Creating]    
================================================================================
= Starting analysis for class 'org.symphonyoss.symphony.entityjson.UntrustedSchemaSourceException'
================================================================================
17:40:16.585 [INFO]   [Creating]    Filtering out non-testable methods...
17:40:16.588 [INFO]   [Creating]    Filtering of methods complete. Creating analysis request
17:40:16.588 [INFO]   [Creating]    Attempting to get service client, retry 1.
17:40:17.017 [INFO]   [Creating]         [73/928] org.symphonyoss.symphony.entityjson.UntrustedSchemaSourceException.<init>
17:40:17.017 [INFO]   [Creating]         [74/928] org.symphonyoss.symphony.entityjson.UntrustedSchemaSourceException.<init>
17:40:17.017 [INFO]   [Creating]         [75/928] org.symphonyoss.symphony.entityjson.UntrustedSchemaSourceException.<init>
17:40:17.017 [INFO]   [Creating]         [76/928] org.symphonyoss.symphony.entityjson.UntrustedSchemaSourceException.<init>
17:40:17.017 [INFO]   [Creating]         [77/928] org.symphonyoss.symphony.entityjson.UntrustedSchemaSourceException.<init>
17:40:17.017 [INFO]   [Creating]         [77/928]   Tests created: 5
17:40:17.018 [INFO]   [Creating]     [13/141] org.symphonyoss.symphony.entityjson.UntrustedSchemaSourceException
17:40:17.019 [INFO]   [Creating]     [13/141]   Tests created: 5
17:40:17.019 [INFO]   [Creating]    
================================================================================
= Starting analysis for class 'org.symphonyoss.symphony.messageml.MessageMLContext'
================================================================================
17:40:17.019 [INFO]   [Creating]    Filtering out non-testable methods...
17:40:17.037 [INFO]   [Creating]    Filtering of methods complete. Creating analysis request
17:40:17.037 [INFO]   [Creating]    Attempting to get service client, retry 1.
17:40:18.571 [INFO]   [Creating]         [78/928] org.symphonyoss.symphony.messageml.MessageMLContext.getBiContext
17:40:18.571 [INFO]   [Creating]         [78/928]   Tests created: 1
17:40:19.082 [INFO]   [Creating]         [79/928] org.symphonyoss.symphony.messageml.MessageMLContext.<init>
17:40:19.082 [INFO]   [Creating]         [79/928]   Tests created: 1
17:40:19.235 [INFO]   [Creating]         [80/928] org.symphonyoss.symphony.messageml.MessageMLContext.generateShortId
17:40:19.235 [INFO]   [Creating]         [80/928]   Diffblue AI was unable to find a test
17:40:19.411 [INFO]   [Creating]         [81/928] org.symphonyoss.symphony.messageml.MessageMLContext.getEntities
17:40:19.411 [INFO]   [Creating]         [81/928]   Tests created: 1
17:40:19.593 [INFO]   [Creating]         [82/928] org.symphonyoss.symphony.messageml.MessageMLContext.getEntityJson
17:40:19.593 [INFO]   [Creating]         [82/928]   Tests created: 1
17:40:19.772 [INFO]   [Creating]         [83/928] org.symphonyoss.symphony.messageml.MessageMLContext.getMarkdown
17:40:19.772 [INFO]   [Creating]         [83/928]   Tests created: 1
17:40:20.120 [INFO]   [Creating]         [84/928] org.symphonyoss.symphony.messageml.MessageMLContext.getMessageML
17:40:20.120 [INFO]   [Creating]         [84/928]   Tests created: 1
17:40:20.587 [INFO]   [Creating]         [85/928] org.symphonyoss.symphony.messageml.MessageMLContext.getPresentationML
17:40:20.587 [INFO]   [Creating]         [85/928]   Tests created: 1
17:40:20.940 [INFO]   [Creating]         [86/928] org.symphonyoss.symphony.messageml.MessageMLContext.getText
17:40:20.940 [INFO]   [Creating]         [86/928]   Tests created: 1
17:40:27.440 [INFO]   [Creating]         [87/928] org.symphonyoss.symphony.messageml.MessageMLContext.getText
17:40:27.440 [INFO]   [Creating]         [87/928]   Tests created: 1
17:40:31.915 [INFO]   [Creating]         [88/928] org.symphonyoss.symphony.messageml.MessageMLContext.parseMarkdown
17:40:31.915 [INFO]   [Creating]         [88/928]   Tests created: 8
17:40:31.918 [INFO]   [Creating]         [89/928] org.symphonyoss.symphony.messageml.MessageMLContext.parseMessageML
17:40:31.918 [INFO]   [Creating]         [89/928]   R013: No inputs found that don't throw a trivial exception
17:40:31.918 [INFO]   [Creating]         [89/928]     Diffblue Cover tried to run the arrange/act section, but the test threw
17:40:31.918 [INFO]   [Creating]         [89/928]     org.symphonyoss.symphony.messageml.exceptions.InvalidInputException: Invalid messageML: The markup in the document preceding the root element must be well-formed.
17:40:31.918 [INFO]   [Creating]         [89/928]         at org.symphonyoss.symphony.messageml.MessageMLParser.parseDocument(MessageMLParser.java:406)
17:40:31.918 [INFO]   [Creating]         [89/928]         at org.symphonyoss.symphony.messageml.MessageMLParser.parseMessageML(MessageMLParser.java:352)
17:40:31.918 [INFO]   [Creating]         [89/928]         at org.symphonyoss.symphony.messageml.MessageMLParser.parse(MessageMLParser.java:204)
17:40:31.918 [INFO]   [Creating]         [89/928]         at org.symphonyoss.symphony.messageml.MessageMLContext.parseMessageML(MessageMLContext.java:80)
17:40:31.918 [INFO]   [Creating]         [89/928]     In order to prevent parseMessageML(String, String, String)
17:40:31.918 [INFO]   [Creating]         [89/928]     from throwing InvalidInputException, add constructors or factory
17:40:31.918 [INFO]   [Creating]         [89/928]     methods that make it easier to construct fully initialized objects used in
17:40:31.918 [INFO]   [Creating]         [89/928]     parseMessageML(String, String, String).
17:40:31.918 [INFO]   [Creating]         [89/928]     See https://diff.blue/R013 to resolve this issue.
17:40:31.919 [INFO]   [Creating]     [14/141] org.symphonyoss.symphony.messageml.MessageMLContext
17:40:31.919 [INFO]   [Creating]     [14/141]   Tests created: 17
17:40:31.920 [INFO]   [Creating]    
================================================================================
= Starting analysis for class 'org.symphonyoss.symphony.messageml.MessageMLParser'
================================================================================
17:40:31.920 [INFO]   [Creating]    Filtering out non-testable methods...
17:40:31.939 [INFO]   [Creating]    Filtering of methods complete. Creating analysis request
17:40:31.939 [INFO]   [Creating]    Attempting to get service client, retry 1.
17:40:32.965 [INFO]   [Creating]         [90/928] org.symphonyoss.symphony.messageml.MessageMLParser.<init>
17:40:32.965 [INFO]   [Creating]         [91/928] org.symphonyoss.symphony.messageml.MessageMLParser.getBiContext
17:40:32.965 [INFO]   [Creating]         [92/928] org.symphonyoss.symphony.messageml.MessageMLParser.getEntityJson
17:40:32.965 [INFO]   [Creating]         [93/928] org.symphonyoss.symphony.messageml.MessageMLParser.getMessageFormat
17:40:32.965 [INFO]   [Creating]         [93/928]   Tests created: 1
17:40:39.766 [INFO]   [Creating]         [94/928] org.symphonyoss.symphony.messageml.MessageMLParser.clearBiContext
17:40:39.766 [INFO]   [Creating]         [94/928]   Tests created: 1
17:40:47.961 [INFO]   [Creating]         [95/928] org.symphonyoss.symphony.messageml.MessageMLParser.createElement
17:40:47.961 [INFO]   [Creating]         [95/928]   Tests created: 51
17:40:51.105 [INFO]   [Creating]         [96/928] org.symphonyoss.symphony.messageml.MessageMLParser.getAllSplittableAttributes
17:40:51.105 [INFO]   [Creating]         [96/928]   R013: No inputs found that don't throw a trivial exception
17:40:51.105 [INFO]   [Creating]         [96/928]     Diffblue Cover tried to run the arrange/act section, but the test threw
17:40:51.105 [INFO]   [Creating]         [96/928]     java.lang.NullPointerException
17:40:51.105 [INFO]   [Creating]         [96/928]         at org.symphonyoss.symphony.messageml.MessageMLParser.getAllSplittableAttributes(MessageMLParser.java:693)
17:40:51.105 [INFO]   [Creating]         [96/928]     In order to prevent getAllSplittableAttributes(String)
17:40:51.105 [INFO]   [Creating]         [96/928]     from throwing NullPointerException, add constructors or factory
17:40:51.105 [INFO]   [Creating]         [96/928]     methods that make it easier to construct fully initialized objects used in
17:40:51.105 [INFO]   [Creating]         [96/928]     getAllSplittableAttributes(String).
17:40:51.105 [INFO]   [Creating]         [96/928]     See https://diff.blue/R013 to resolve this issue.
17:40:54.390 [INFO]   [Creating]         [97/928] org.symphonyoss.symphony.messageml.MessageMLParser.getAllSplittableValues
17:40:54.390 [INFO]   [Creating]         [97/928]   R013: No inputs found that don't throw a trivial exception
17:40:54.390 [INFO]   [Creating]         [97/928]     Diffblue Cover tried to run the arrange/act section, but the test threw
17:40:54.390 [INFO]   [Creating]         [97/928]     java.lang.NullPointerException
17:40:54.390 [INFO]   [Creating]         [97/928]         at org.symphonyoss.symphony.messageml.MessageMLParser.getAllSplittableValues(MessageMLParser.java:706)
17:40:54.390 [INFO]   [Creating]         [97/928]     In order to prevent getAllSplittableValues(String)
17:40:54.390 [INFO]   [Creating]         [97/928]     from throwing NullPointerException, add constructors or factory
17:40:54.390 [INFO]   [Creating]         [97/928]     methods that make it easier to construct fully initialized objects used in
17:40:54.390 [INFO]   [Creating]         [97/928]     getAllSplittableValues(String).
17:40:54.390 [INFO]   [Creating]         [97/928]     See https://diff.blue/R013 to resolve this issue.
17:40:57.664 [INFO]   [Creating]         [98/928] org.symphonyoss.symphony.messageml.MessageMLParser.getSplittableAttributes
17:40:57.664 [INFO]   [Creating]         [98/928]   R013: No inputs found that don't throw a trivial exception
17:40:57.664 [INFO]   [Creating]         [98/928]     Diffblue Cover tried to run the arrange/act section, but the test threw
17:40:57.664 [INFO]   [Creating]         [98/928]     java.lang.NullPointerException
17:40:57.664 [INFO]   [Creating]         [98/928]         at org.symphonyoss.symphony.messageml.MessageMLParser.getSplittableAttributes(MessageMLParser.java:680)
17:40:57.665 [INFO]   [Creating]         [98/928]     In order to prevent getSplittableAttributes(String, Class)
17:40:57.665 [INFO]   [Creating]         [98/928]     from throwing NullPointerException, add constructors or factory
17:40:57.665 [INFO]   [Creating]         [98/928]     methods that make it easier to construct fully initialized objects used in
17:40:57.665 [INFO]   [Creating]         [98/928]     getSplittableAttributes(String, Class).
17:40:57.665 [INFO]   [Creating]         [98/928]     See https://diff.blue/R013 to resolve this issue.
17:41:06.440 [INFO]   [Creating]         [99/928] org.symphonyoss.symphony.messageml.MessageMLParser.loadElementId
17:41:06.440 [INFO]   [Creating]         [99/928]   R013: No inputs found that don't throw a trivial exception
17:41:06.440 [INFO]   [Creating]         [99/928]     Diffblue Cover tried to run the arrange/act section, but the test threw
17:41:06.440 [INFO]   [Creating]         [99/928]     java.lang.NullPointerException
17:41:06.440 [INFO]   [Creating]         [99/928]         at org.symphonyoss.symphony.messageml.MessageMLParser.loadElementId(MessageMLParser.java:668)
17:41:06.440 [INFO]   [Creating]         [99/928]     In order to prevent loadElementId(String)
17:41:06.440 [INFO]   [Creating]         [99/928]     from throwing NullPointerException, add constructors or factory
17:41:06.440 [INFO]   [Creating]         [99/928]     methods that make it easier to construct fully initialized objects used in
17:41:06.440 [INFO]   [Creating]         [99/928]     loadElementId(String).
17:41:06.440 [INFO]   [Creating]         [99/928]     See https://diff.blue/R013 to resolve this issue.
17:41:10.497 [INFO]   [Creating]        [100/928] org.symphonyoss.symphony.messageml.MessageMLParser.parse
17:41:10.497 [INFO]   [Creating]        [100/928]   Tests created: 15
17:41:10.958 [INFO]   [Creating]        [101/928] org.symphonyoss.symphony.messageml.MessageMLParser.parseDocument
17:41:10.958 [INFO]   [Creating]        [101/928]   Tests created: 4
17:41:10.959 [INFO]   [Creating]     [15/141] org.symphonyoss.symphony.messageml.MessageMLParser
17:41:10.959 [INFO]   [Creating]     [15/141]   Tests created: 72
17:41:10.960 [INFO]   [Creating]    
================================================================================
= Starting analysis for class 'org.symphonyoss.symphony.messageml.MessageMLParser$SplittableData'
================================================================================
17:41:10.960 [INFO]   [Creating]    Filtering out non-testable methods...
17:41:10.963 [INFO]   [Creating]    Filtering of methods complete. Creating analysis request
17:41:10.963 [INFO]   [Creating]    Attempting to get service client, retry 1.
17:41:11.527 [INFO]   [Creating]        [102/928] org.symphonyoss.symphony.messageml.MessageMLParser$SplittableData.<init>
17:41:11.527 [INFO]   [Creating]        [102/928]   Tests created: 1
17:41:12.627 [INFO]   [Creating]        [103/928] org.symphonyoss.symphony.messageml.MessageMLParser$SplittableData.addAttribute
17:41:12.627 [INFO]   [Creating]        [103/928]   Tests created: 1
17:41:12.902 [INFO]   [Creating]        [104/928] org.symphonyoss.symphony.messageml.MessageMLParser$SplittableData.create
17:41:12.902 [INFO]   [Creating]        [104/928]   Diffblue AI was unable to find a test
17:41:13.106 [INFO]   [Creating]        [105/928] org.symphonyoss.symphony.messageml.MessageMLParser$SplittableData.exists
17:41:13.106 [INFO]   [Creating]        [105/928]   Tests created: 1
17:41:13.327 [INFO]   [Creating]        [106/928] org.symphonyoss.symphony.messageml.MessageMLParser$SplittableData.getAllAttributes
17:41:13.327 [INFO]   [Creating]        [106/928]   Tests created: 1
17:41:13.710 [INFO]   [Creating]        [107/928] org.symphonyoss.symphony.messageml.MessageMLParser$SplittableData.getAllValues
17:41:13.710 [INFO]   [Creating]        [107/928]   Tests created: 1
17:41:13.841 [INFO]   [Creating]        [108/928] org.symphonyoss.symphony.messageml.MessageMLParser$SplittableData.getAttributes
17:41:13.841 [INFO]   [Creating]        [108/928]   Tests created: 1
17:41:13.842 [INFO]   [Creating]     [16/141] org.symphonyoss.symphony.messageml.MessageMLParser$SplittableData
17:41:13.842 [INFO]   [Creating]     [16/141]   Tests created: 6
17:41:13.843 [INFO]   [Creating]    
================================================================================
= Starting analysis for class 'org.symphonyoss.symphony.messageml.bi.BiContext'
================================================================================
17:41:13.843 [INFO]   [Creating]    Filtering out non-testable methods...
17:41:13.846 [INFO]   [Creating]    Filtering of methods complete. Creating analysis request
17:41:13.846 [INFO]   [Creating]    Attempting to get service client, retry 1.
17:41:14.150 [INFO]   [Creating]        [109/928] org.symphonyoss.symphony.messageml.bi.BiContext.<init>
17:41:14.150 [INFO]   [Creating]        [110/928] org.symphonyoss.symphony.messageml.bi.BiContext.getItems
17:41:14.150 [INFO]   [Creating]        [110/928]   Tests created: 1
17:41:14.386 [INFO]   [Creating]        [111/928] org.symphonyoss.symphony.messageml.bi.BiContext.addItem
17:41:14.386 [INFO]   [Creating]        [111/928]   Tests created: 1
17:41:14.997 [INFO]   [Creating]        [112/928] org.symphonyoss.symphony.messageml.bi.BiContext.addItemWithValue
17:41:14.997 [INFO]   [Creating]        [112/928]   Tests created: 1
17:41:15.924 [INFO]   [Creating]        [113/928] org.symphonyoss.symphony.messageml.bi.BiContext.isAttributeSet
17:41:15.924 [INFO]   [Creating]        [113/928]   Tests created: 4
17:41:16.771 [INFO]   [Creating]        [114/928] org.symphonyoss.symphony.messageml.bi.BiContext.updateItemCount
17:41:16.771 [INFO]   [Creating]        [114/928]   Tests created: 6
17:41:18.181 [INFO]   [Creating]        [115/928] org.symphonyoss.symphony.messageml.bi.BiContext.updateItemCount
17:41:18.181 [INFO]   [Creating]        [115/928]   Tests created: 4
17:41:19.486 [INFO]   [Creating]        [116/928] org.symphonyoss.symphony.messageml.bi.BiContext.updateItemCount
17:41:19.486 [INFO]   [Creating]        [116/928]   Tests created: 9
17:41:19.912 [INFO]   [Creating]        [117/928] org.symphonyoss.symphony.messageml.bi.BiContext.updateItemWithMaxValue
17:41:19.912 [INFO]   [Creating]        [117/928]   Tests created: 6
17:41:19.913 [INFO]   [Creating]     [17/141] org.symphonyoss.symphony.messageml.bi.BiContext
17:41:19.913 [INFO]   [Creating]     [17/141]   Tests created: 32
17:41:19.914 [INFO]   [Creating]    
================================================================================
= Starting analysis for class 'org.symphonyoss.symphony.messageml.bi.BiEventType'
================================================================================
17:41:19.914 [INFO]   [Creating]    Filtering out non-testable methods...
17:41:19.916 [INFO]   [Creating]        [118/928] org.symphonyoss.symphony.messageml.bi.BiEventType.valueOf
17:41:19.916 [INFO]   [Creating]        [118/928]   T012: Synthetic method
17:41:19.916 [INFO]   [Creating]        [118/928]     Indicates that the method is synthetic. Currently, this includes methods:
17:41:19.916 [INFO]   [Creating]        [118/928]     - that are marked as synthetic by the compiler
17:41:19.916 [INFO]   [Creating]        [118/928]     - that are not directly callable
17:41:19.916 [INFO]   [Creating]        [118/928]     - that exist on the JDK class but do not appear in the source code
17:41:19.916 [INFO]   [Creating]        [118/928]     Diffblue Cover considers these methods as not directly callable.
17:41:19.917 [INFO]   [Creating]        [119/928] org.symphonyoss.symphony.messageml.bi.BiEventType.values
17:41:19.917 [INFO]   [Creating]        [119/928]   T012: Synthetic method
17:41:19.917 [INFO]   [Creating]        [119/928]     Indicates that the method is synthetic. Currently, this includes methods:
17:41:19.917 [INFO]   [Creating]        [119/928]     - that are marked as synthetic by the compiler
17:41:19.917 [INFO]   [Creating]        [119/928]     - that are not directly callable
17:41:19.917 [INFO]   [Creating]        [119/928]     - that exist on the JDK class but do not appear in the source code
17:41:19.917 [INFO]   [Creating]        [119/928]     Diffblue Cover considers these methods as not directly callable.
17:41:19.918 [INFO]   [Creating]    Filtering of methods complete. Creating analysis request
17:41:19.918 [INFO]   [Creating]    Attempting to get service client, retry 1.
17:41:20.025 [INFO]   [Creating]        [120/928] org.symphonyoss.symphony.messageml.bi.BiEventType.getType
17:41:20.025 [INFO]   [Creating]        [120/928]   Tests created: 1
17:41:20.026 [INFO]   [Creating]     [18/141] org.symphonyoss.symphony.messageml.bi.BiEventType
17:41:20.026 [INFO]   [Creating]     [18/141]   Tests created: 1
17:41:20.027 [INFO]   [Creating]    
================================================================================
= Starting analysis for class 'org.symphonyoss.symphony.messageml.bi.BiFields'
================================================================================
17:41:20.027 [INFO]   [Creating]    Filtering out non-testable methods...
17:41:20.029 [INFO]   [Creating]        [121/928] org.symphonyoss.symphony.messageml.bi.BiFields.valueOf
17:41:20.029 [INFO]   [Creating]        [121/928]   T012: Synthetic method
17:41:20.029 [INFO]   [Creating]        [121/928]     Indicates that the method is synthetic. Currently, this includes methods:
17:41:20.029 [INFO]   [Creating]        [121/928]     - that are marked as synthetic by the compiler
17:41:20.029 [INFO]   [Creating]        [121/928]     - that are not directly callable
17:41:20.029 [INFO]   [Creating]        [121/928]     - that exist on the JDK class but do not appear in the source code
17:41:20.029 [INFO]   [Creating]        [121/928]     Diffblue Cover considers these methods as not directly callable.
17:41:20.030 [INFO]   [Creating]        [122/928] org.symphonyoss.symphony.messageml.bi.BiFields.values
17:41:20.030 [INFO]   [Creating]        [122/928]   T012: Synthetic method
17:41:20.030 [INFO]   [Creating]        [122/928]     Indicates that the method is synthetic. Currently, this includes methods:
17:41:20.030 [INFO]   [Creating]        [122/928]     - that are marked as synthetic by the compiler
17:41:20.030 [INFO]   [Creating]        [122/928]     - that are not directly callable
17:41:20.030 [INFO]   [Creating]        [122/928]     - that exist on the JDK class but do not appear in the source code
17:41:20.030 [INFO]   [Creating]        [122/928]     Diffblue Cover considers these methods as not directly callable.
17:41:20.031 [INFO]   [Creating]    Filtering of methods complete. Creating analysis request
17:41:20.031 [INFO]   [Creating]    Attempting to get service client, retry 1.
17:41:20.132 [INFO]   [Creating]        [123/928] org.symphonyoss.symphony.messageml.bi.BiFields.getDefaultValue
17:41:20.132 [INFO]   [Creating]        [124/928] org.symphonyoss.symphony.messageml.bi.BiFields.getType
17:41:20.132 [INFO]   [Creating]        [125/928] org.symphonyoss.symphony.messageml.bi.BiFields.getValue
17:41:20.132 [INFO]   [Creating]        [125/928]   Tests created: 1
17:41:20.132 [INFO]   [Creating]     [19/141] org.symphonyoss.symphony.messageml.bi.BiFields
17:41:20.132 [INFO]   [Creating]     [19/141]   Tests created: 1
17:41:20.133 [INFO]   [Creating]    
================================================================================
= Starting analysis for class 'org.symphonyoss.symphony.messageml.bi.BiItem'
================================================================================
17:41:20.133 [INFO]   [Creating]    Filtering out non-testable methods...
17:41:20.136 [INFO]   [Creating]    Filtering of methods complete. Creating analysis request
17:41:20.136 [INFO]   [Creating]    Attempting to get service client, retry 1.
17:41:20.906 [INFO]   [Creating]        [126/928] org.symphonyoss.symphony.messageml.bi.BiItem.<init>
17:41:20.906 [INFO]   [Creating]        [127/928] org.symphonyoss.symphony.messageml.bi.BiItem.getAttributes
17:41:20.906 [INFO]   [Creating]        [128/928] org.symphonyoss.symphony.messageml.bi.BiItem.getName
17:41:20.906 [INFO]   [Creating]        [128/928]   Tests created: 1
17:41:21.184 [INFO]   [Creating]        [129/928] org.symphonyoss.symphony.messageml.bi.BiItem.equals
17:41:21.184 [INFO]   [Creating]        [130/928] org.symphonyoss.symphony.messageml.bi.BiItem.hashCode
17:41:21.184 [INFO]   [Creating]        [130/928]   Tests created: 6
17:41:21.521 [INFO]   [Creating]        [131/928] org.symphonyoss.symphony.messageml.bi.BiItem.<init>
17:41:21.521 [INFO]   [Creating]        [131/928]   Tests created: 1
17:41:21.810 [INFO]   [Creating]        [132/928] org.symphonyoss.symphony.messageml.bi.BiItem.increaseAttributeCount
17:41:21.810 [INFO]   [Creating]        [132/928]   Tests created: 1
17:41:21.891 [INFO]   [Creating]        [133/928] org.symphonyoss.symphony.messageml.bi.BiItem.setMaxAttribute
17:41:21.891 [INFO]   [Creating]        [133/928]   Tests created: 2
17:41:21.891 [INFO]   [Creating]     [20/141] org.symphonyoss.symphony.messageml.bi.BiItem
17:41:21.891 [INFO]   [Creating]     [20/141]   Tests created: 11
17:41:21.892 [INFO]   [Creating]    
================================================================================
= Starting analysis for class 'org.symphonyoss.symphony.messageml.elements.Bold'
================================================================================
17:41:21.892 [INFO]   [Creating]    Filtering out non-testable methods...
17:41:21.895 [INFO]   [Creating]    Filtering of methods complete. Creating analysis request
17:41:21.895 [INFO]   [Creating]    Attempting to get service client, retry 1.
17:41:23.372 [INFO]   [Creating]        [134/928] org.symphonyoss.symphony.messageml.elements.Bold.<init>
17:41:23.372 [INFO]   [Creating]        [134/928]   Tests created: 1
17:41:24.751 [INFO]   [Creating]        [135/928] org.symphonyoss.symphony.messageml.elements.Bold.asMarkdown
17:41:24.751 [INFO]   [Creating]        [135/928]   Tests created: 1
17:41:24.859 [INFO]   [Creating]        [136/928] org.symphonyoss.symphony.messageml.elements.Bold.validate
17:41:24.859 [INFO]   [Creating]        [136/928]   Tests created: 3
17:41:24.860 [INFO]   [Creating]     [21/141] org.symphonyoss.symphony.messageml.elements.Bold
17:41:24.860 [INFO]   [Creating]     [21/141]   Tests created: 5
17:41:24.861 [INFO]   [Creating]    
================================================================================
= Starting analysis for class 'org.symphonyoss.symphony.messageml.elements.BulletList'
================================================================================
17:41:24.861 [INFO]   [Creating]    Filtering out non-testable methods...
17:41:24.862 [INFO]   [Creating]    Filtering of methods complete. Creating analysis request
17:41:24.863 [INFO]   [Creating]    Attempting to get service client, retry 1.
17:41:26.247 [INFO]   [Creating]        [137/928] org.symphonyoss.symphony.messageml.elements.BulletList.<init>
17:41:26.247 [INFO]   [Creating]        [137/928]   Tests created: 1
17:41:27.704 [INFO]   [Creating]        [138/928] org.symphonyoss.symphony.messageml.elements.BulletList.asMarkdown
17:41:27.704 [INFO]   [Creating]        [138/928]   Tests created: 1
17:41:29.361 [INFO]   [Creating]        [139/928] org.symphonyoss.symphony.messageml.elements.BulletList.updateBiContext
17:41:29.361 [INFO]   [Creating]        [139/928]   Tests created: 6
17:41:29.465 [INFO]   [Creating]        [140/928] org.symphonyoss.symphony.messageml.elements.BulletList.validate
17:41:29.465 [INFO]   [Creating]        [140/928]   Tests created: 2
17:41:29.467 [INFO]   [Creating]     [22/141] org.symphonyoss.symphony.messageml.elements.BulletList
17:41:29.467 [INFO]   [Creating]     [22/141]   Tests created: 10
17:41:29.467 [INFO]   [Creating]    
================================================================================
= Starting analysis for class 'org.symphonyoss.symphony.messageml.elements.Button'
================================================================================
17:41:29.467 [INFO]   [Creating]    Filtering out non-testable methods...
17:41:29.470 [INFO]   [Creating]    Filtering of methods complete. Creating analysis request
17:41:29.470 [INFO]   [Creating]    Attempting to get service client, retry 1.
17:41:31.247 [INFO]   [Creating]        [141/928] org.symphonyoss.symphony.messageml.elements.Button.<init>
17:41:31.247 [INFO]   [Creating]        [141/928]   Tests created: 1
17:41:38.360 [INFO]   [Creating]        [142/928] org.symphonyoss.symphony.messageml.elements.Button.asMarkdown
17:41:38.360 [INFO]   [Creating]        [142/928]   Tests created: 1
17:41:41.211 [INFO]   [Creating]        [143/928] org.symphonyoss.symphony.messageml.elements.Button.asPresentationML
17:41:41.211 [INFO]   [Creating]        [143/928]   Tests created: 17
17:41:42.529 [INFO]   [Creating]        [144/928] org.symphonyoss.symphony.messageml.elements.Button.buildAttribute
17:41:42.529 [INFO]   [Creating]        [144/928]   Tests created: 3
17:41:44.222 [INFO]   [Creating]        [145/928] org.symphonyoss.symphony.messageml.elements.Button.updateBiContext
17:41:44.222 [INFO]   [Creating]        [145/928]   Tests created: 1
17:41:44.390 [INFO]   [Creating]        [146/928] org.symphonyoss.symphony.messageml.elements.Button.validate
17:41:44.390 [INFO]   [Creating]        [146/928]   Tests created: 2
17:41:44.392 [INFO]   [Creating]     [23/141] org.symphonyoss.symphony.messageml.elements.Button
17:41:44.392 [INFO]   [Creating]     [23/141]   Tests created: 25
17:41:44.393 [INFO]   [Creating]    
================================================================================
= Starting analysis for class 'org.symphonyoss.symphony.messageml.elements.Card'
================================================================================
17:41:44.393 [INFO]   [Creating]    Filtering out non-testable methods...
17:41:44.396 [INFO]   [Creating]    Filtering of methods complete. Creating analysis request
17:41:44.396 [INFO]   [Creating]    Attempting to get service client, retry 1.
17:41:49.395 [INFO]   [Creating]        [147/928] org.symphonyoss.symphony.messageml.elements.Card.<init>
17:41:49.395 [INFO]   [Creating]        [148/928] org.symphonyoss.symphony.messageml.elements.Card.getPresentationMLTag
17:41:49.395 [INFO]   [Creating]        [148/928]   Tests created: 1
17:41:51.736 [INFO]   [Creating]        [149/928] org.symphonyoss.symphony.messageml.elements.Card.asPresentationML
17:41:51.736 [INFO]   [Creating]        [149/928]   Tests created: 17
17:41:53.375 [INFO]   [Creating]        [150/928] org.symphonyoss.symphony.messageml.elements.Card.buildAttribute
17:41:53.375 [INFO]   [Creating]        [150/928]   Tests created: 2
17:41:53.861 [INFO]   [Creating]        [151/928] org.symphonyoss.symphony.messageml.elements.Card.updateBiContext
17:41:53.861 [INFO]   [Creating]        [151/928]   Tests created: 6
17:41:53.862 [INFO]   [Creating]     [24/141] org.symphonyoss.symphony.messageml.elements.Card
17:41:53.862 [INFO]   [Creating]     [24/141]   Tests created: 26
17:41:53.863 [INFO]   [Creating]    
================================================================================
= Starting analysis for class 'org.symphonyoss.symphony.messageml.elements.CardBody'
================================================================================
17:41:53.863 [INFO]   [Creating]    Filtering out non-testable methods...
17:41:53.864 [INFO]   [Creating]    Filtering of methods complete. Creating analysis request
17:41:53.864 [INFO]   [Creating]    Attempting to get service client, retry 1.
17:41:54.686 [INFO]   [Creating]        [152/928] org.symphonyoss.symphony.messageml.elements.CardBody.<init>
17:41:54.686 [INFO]   [Creating]        [153/928] org.symphonyoss.symphony.messageml.elements.CardBody.getPresentationMLTag
17:41:54.686 [INFO]   [Creating]        [153/928]   Tests created: 1
17:41:59.355 [INFO]   [Creating]        [154/928] org.symphonyoss.symphony.messageml.elements.CardBody.asMarkdown
17:41:59.355 [INFO]   [Creating]        [154/928]   Tests created: 1
17:42:01.282 [INFO]   [Creating]        [155/928] org.symphonyoss.symphony.messageml.elements.CardBody.asPresentationML
17:42:01.282 [INFO]   [Creating]        [155/928]   Tests created: 17
17:42:02.762 [INFO]   [Creating]        [156/928] org.symphonyoss.symphony.messageml.elements.CardBody.buildAttribute
17:42:02.762 [INFO]   [Creating]        [156/928]   Tests created: 1
17:42:02.901 [INFO]   [Creating]        [157/928] org.symphonyoss.symphony.messageml.elements.CardBody.validate
17:42:02.901 [INFO]   [Creating]        [157/928]   Tests created: 2
17:42:02.902 [INFO]   [Creating]     [25/141] org.symphonyoss.symphony.messageml.elements.CardBody
17:42:02.902 [INFO]   [Creating]     [25/141]   Tests created: 22
17:42:02.903 [INFO]   [Creating]    
================================================================================
= Starting analysis for class 'org.symphonyoss.symphony.messageml.elements.CardHeader'
================================================================================
17:42:02.903 [INFO]   [Creating]    Filtering out non-testable methods...
17:42:02.904 [INFO]   [Creating]    Filtering of methods complete. Creating analysis request
17:42:02.904 [INFO]   [Creating]    Attempting to get service client, retry 1.
17:42:03.718 [INFO]   [Creating]        [158/928] org.symphonyoss.symphony.messageml.elements.CardHeader.<init>
17:42:03.718 [INFO]   [Creating]        [159/928] org.symphonyoss.symphony.messageml.elements.CardHeader.getPresentationMLTag
17:42:03.718 [INFO]   [Creating]        [159/928]   Tests created: 1
17:42:08.519 [INFO]   [Creating]        [160/928] org.symphonyoss.symphony.messageml.elements.CardHeader.asMarkdown
17:42:08.519 [INFO]   [Creating]        [160/928]   Tests created: 1
17:42:10.460 [INFO]   [Creating]        [161/928] org.symphonyoss.symphony.messageml.elements.CardHeader.asPresentationML
17:42:10.460 [INFO]   [Creating]        [161/928]   Tests created: 17
17:42:11.913 [INFO]   [Creating]        [162/928] org.symphonyoss.symphony.messageml.elements.CardHeader.buildAttribute
17:42:11.913 [INFO]   [Creating]        [162/928]   Tests created: 1
17:42:12.042 [INFO]   [Creating]        [163/928] org.symphonyoss.symphony.messageml.elements.CardHeader.validate
17:42:12.042 [INFO]   [Creating]        [163/928]   Tests created: 2
17:42:12.043 [INFO]   [Creating]     [26/141] org.symphonyoss.symphony.messageml.elements.CardHeader
17:42:12.043 [INFO]   [Creating]     [26/141]   Tests created: 22
17:42:12.044 [INFO]   [Creating]    
================================================================================
= Starting analysis for class 'org.symphonyoss.symphony.messageml.elements.CashTag'
================================================================================
17:42:12.044 [INFO]   [Creating]    Filtering out non-testable methods...
17:42:12.047 [INFO]   [Creating]    Filtering of methods complete. Creating analysis request
17:42:12.047 [INFO]   [Creating]    Attempting to get service client, retry 1.
17:42:12.821 [INFO]   [Creating]        [164/928] org.symphonyoss.symphony.messageml.elements.CashTag.getEntitySubType
17:42:12.821 [INFO]   [Creating]        [165/928] org.symphonyoss.symphony.messageml.elements.CashTag.getEntityType
17:42:12.821 [INFO]   [Creating]        [166/928] org.symphonyoss.symphony.messageml.elements.CashTag.getEntityVersion
17:42:12.821 [INFO]   [Creating]        [167/928] org.symphonyoss.symphony.messageml.elements.CashTag.toString
17:42:12.821 [INFO]   [Creating]        [167/928]   Tests created: 1
17:42:13.509 [INFO]   [Creating]        [168/928] org.symphonyoss.symphony.messageml.elements.CashTag.<init>
17:42:13.509 [INFO]   [Creating]        [168/928]   Tests created: 1
17:42:14.188 [INFO]   [Creating]        [169/928] org.symphonyoss.symphony.messageml.elements.CashTag.<init>
17:42:14.188 [INFO]   [Creating]        [169/928]   Tests created: 1
17:42:15.138 [INFO]   [Creating]        [170/928] org.symphonyoss.symphony.messageml.elements.CashTag.<init>
17:42:15.138 [INFO]   [Creating]        [170/928]   Tests created: 1
17:42:16.009 [INFO]   [Creating]        [171/928] org.symphonyoss.symphony.messageml.elements.CashTag.asMarkdown
17:42:16.009 [INFO]   [Creating]        [171/928]   Tests created: 1
17:42:17.547 [INFO]   [Creating]        [172/928] org.symphonyoss.symphony.messageml.elements.CashTag.asText
17:42:17.547 [INFO]   [Creating]        [172/928]   Tests created: 1
17:42:17.946 [INFO]   [Creating]        [173/928] org.symphonyoss.symphony.messageml.elements.CashTag.updateBiContext
17:42:17.946 [INFO]   [Creating]        [173/928]   Tests created: 6
17:42:17.947 [INFO]   [Creating]     [27/141] org.symphonyoss.symphony.messageml.elements.CashTag
17:42:17.947 [INFO]   [Creating]     [27/141]   Tests created: 12
17:42:17.948 [INFO]   [Creating]    
================================================================================
= Starting analysis for class 'org.symphonyoss.symphony.messageml.elements.Checkbox'
================================================================================
17:42:17.948 [INFO]   [Creating]    Filtering out non-testable methods...
17:42:17.951 [INFO]   [Creating]    Filtering of methods complete. Creating analysis request
17:42:17.951 [INFO]   [Creating]    Attempting to get service client, retry 1.
17:42:20.403 [INFO]   [Creating]        [174/928] org.symphonyoss.symphony.messageml.elements.Checkbox.<init>
17:42:20.403 [INFO]   [Creating]        [175/928] org.symphonyoss.symphony.messageml.elements.Checkbox.getElementId
17:42:20.403 [INFO]   [Creating]        [176/928] org.symphonyoss.symphony.messageml.elements.Checkbox.getPresentationMLDivClass
17:42:20.403 [INFO]   [Creating]        [177/928] org.symphonyoss.symphony.messageml.elements.Checkbox.getPresentationMLInputType
17:42:20.403 [INFO]   [Creating]        [177/928]   Tests created: 1
17:42:22.010 [INFO]   [Creating]        [178/928] org.symphonyoss.symphony.messageml.elements.Checkbox.asMarkdown
17:42:22.010 [INFO]   [Creating]        [178/928]   Tests created: 4
17:42:23.276 [INFO]   [Creating]        [179/928] org.symphonyoss.symphony.messageml.elements.Checkbox.buildAttribute
17:42:23.276 [INFO]   [Creating]        [179/928]   Tests created: 2
17:42:24.940 [INFO]   [Creating]        [180/928] org.symphonyoss.symphony.messageml.elements.Checkbox.updateBiContext
17:42:24.940 [INFO]   [Creating]        [180/928]   Tests created: 4
17:42:25.077 [INFO]   [Creating]        [181/928] org.symphonyoss.symphony.messageml.elements.Checkbox.validate
17:42:25.077 [INFO]   [Creating]        [181/928]   Tests created: 2
17:42:25.078 [INFO]   [Creating]     [28/141] org.symphonyoss.symphony.messageml.elements.Checkbox
17:42:25.078 [INFO]   [Creating]     [28/141]   Tests created: 13
17:42:25.079 [INFO]   [Creating]    
================================================================================
= Starting analysis for class 'org.symphonyoss.symphony.messageml.elements.Chime'
================================================================================
17:42:25.079 [INFO]   [Creating]    Filtering out non-testable methods...
17:42:25.082 [INFO]   [Creating]    Filtering of methods complete. Creating analysis request
17:42:25.082 [INFO]   [Creating]    Attempting to get service client, retry 1.
17:42:25.155 [INFO]   [Creating]        [182/928] org.symphonyoss.symphony.messageml.elements.Chime.getPresentationMLTag
17:42:25.155 [INFO]   [Creating]        [182/928]   R081: Exception in arrange section
17:42:25.155 [INFO]   [Creating]        [182/928]     Diffblue Cover was unable to construct an instance of the class under test using
17:42:25.155 [INFO]   [Creating]        [182/928]     org.symphonyoss.symphony.messageml.elements.Chime.getPresentationMLTag().
17:42:25.155 [INFO]   [Creating]        [182/928]     The arrange section threw
17:42:25.155 [INFO]   [Creating]        [182/928]     org.symphonyoss.symphony.messageml.exceptions.InvalidInputException: Element "chime" has to be the only element in the message.
17:42:25.155 [INFO]   [Creating]        [182/928]         at org.symphonyoss.symphony.messageml.elements.Chime.<init>(Chime.java:46)
17:42:25.155 [INFO]   [Creating]        [182/928]     More information about the exception is provided in the support log.
17:42:25.155 [INFO]   [Creating]        [182/928]     See https://diff.blue/R081 for further troubleshooting of this issue.
17:42:27.476 [INFO]   [Creating]        [183/928] org.symphonyoss.symphony.messageml.elements.Chime.<init>
17:42:27.476 [INFO]   [Creating]        [183/928]   Tests created: 2
17:42:28.435 [INFO]   [Creating]        [184/928] org.symphonyoss.symphony.messageml.elements.Chime.asPresentationML
17:42:28.435 [INFO]   [Creating]        [184/928]   Tests created: 4
17:42:29.663 [INFO]   [Creating]        [185/928] org.symphonyoss.symphony.messageml.elements.Chime.asText
17:42:29.663 [INFO]   [Creating]        [185/928]   Tests created: 1
17:42:31.360 [INFO]   [Creating]        [186/928] org.symphonyoss.symphony.messageml.elements.Chime.buildAttribute
17:42:31.360 [INFO]   [Creating]        [186/928]   Tests created: 2
17:42:32.849 [INFO]   [Creating]        [187/928] org.symphonyoss.symphony.messageml.elements.Chime.updateBiContext
17:42:32.849 [INFO]   [Creating]        [187/928]   Tests created: 6
17:42:32.950 [INFO]   [Creating]        [188/928] org.symphonyoss.symphony.messageml.elements.Chime.validate
17:42:32.950 [INFO]   [Creating]        [188/928]   Tests created: 2
17:42:32.951 [INFO]   [Creating]     [29/141] org.symphonyoss.symphony.messageml.elements.Chime
17:42:32.951 [INFO]   [Creating]     [29/141]   Tests created: 17
17:42:32.952 [INFO]   [Creating]    
================================================================================
= Starting analysis for class 'org.symphonyoss.symphony.messageml.elements.Code'
================================================================================
17:42:32.952 [INFO]   [Creating]    Filtering out non-testable methods...
17:42:32.954 [INFO]   [Creating]    Filtering of methods complete. Creating analysis request
17:42:32.954 [INFO]   [Creating]    Attempting to get service client, retry 1.
17:42:34.182 [INFO]   [Creating]        [189/928] org.symphonyoss.symphony.messageml.elements.Code.<init>
17:42:34.182 [INFO]   [Creating]        [189/928]   Tests created: 1
17:42:35.164 [INFO]   [Creating]        [190/928] org.symphonyoss.symphony.messageml.elements.Code.<init>
17:42:35.164 [INFO]   [Creating]        [190/928]   Tests created: 1
17:42:40.138 [INFO]   [Creating]        [191/928] org.symphonyoss.symphony.messageml.elements.Code.asMarkdown
17:42:40.138 [INFO]   [Creating]        [191/928]   Tests created: 2
17:42:42.211 [INFO]   [Creating]        [192/928] org.symphonyoss.symphony.messageml.elements.Code.asPresentationML
17:42:42.211 [INFO]   [Creating]        [192/928]   Tests created: 17
17:42:43.078 [INFO]   [Creating]        [193/928] org.symphonyoss.symphony.messageml.elements.Code.buildAttribute
17:42:43.078 [INFO]   [Creating]        [193/928]   Tests created: 1
17:42:44.692 [INFO]   [Creating]        [194/928] org.symphonyoss.symphony.messageml.elements.Code.getPresentationMLTag
17:42:44.692 [INFO]   [Creating]        [194/928]   Tests created: 1
17:42:48.344 [INFO]   [Creating]        [195/928] org.symphonyoss.symphony.messageml.elements.Code.updateBiContext
17:42:48.344 [INFO]   [Creating]        [195/928]   Tests created: 6
17:42:48.733 [INFO]   [Creating]        [196/928] org.symphonyoss.symphony.messageml.elements.Code.validate
17:42:48.733 [INFO]   [Creating]        [196/928]   Tests created: 5
17:42:48.734 [INFO]   [Creating]     [30/141] org.symphonyoss.symphony.messageml.elements.Code
17:42:48.734 [INFO]   [Creating]     [30/141]   Tests created: 34
17:42:48.735 [INFO]   [Creating]    
================================================================================
= Starting analysis for class 'org.symphonyoss.symphony.messageml.elements.DatePicker'
================================================================================
17:42:48.735 [INFO]   [Creating]    Filtering out non-testable methods...
17:42:48.738 [INFO]   [Creating]    Filtering of methods complete. Creating analysis request
17:42:48.738 [INFO]   [Creating]    Attempting to get service client, retry 1.
17:42:49.723 [INFO]   [Creating]        [197/928] org.symphonyoss.symphony.messageml.elements.DatePicker.<init>
17:42:49.723 [INFO]   [Creating]        [197/928]   Tests created: 1
17:42:51.685 [INFO]   [Creating]        [198/928] org.symphonyoss.symphony.messageml.elements.DatePicker.asMarkdown
17:42:51.685 [INFO]   [Creating]        [198/928]   Tests created: 1
17:42:54.104 [INFO]   [Creating]        [199/928] org.symphonyoss.symphony.messageml.elements.DatePicker.asPresentationML
17:42:54.104 [INFO]   [Creating]        [199/928]   Tests created: 4
17:42:55.437 [INFO]   [Creating]        [200/928] org.symphonyoss.symphony.messageml.elements.DatePicker.buildAttribute
17:42:55.437 [INFO]   [Creating]        [200/928]   Tests created: 6
17:42:57.230 [INFO]   [Creating]        [201/928] org.symphonyoss.symphony.messageml.elements.DatePicker.updateBiContext
17:42:57.230 [INFO]   [Creating]        [201/928]   Tests created: 1
17:42:57.456 [INFO]   [Creating]        [202/928] org.symphonyoss.symphony.messageml.elements.DatePicker.validate
17:42:57.457 [INFO]   [Creating]        [202/928]   Tests created: 3
17:42:57.457 [INFO]   [Creating]     [31/141] org.symphonyoss.symphony.messageml.elements.DatePicker
17:42:57.457 [INFO]   [Creating]     [31/141]   Tests created: 16
17:42:57.458 [INFO]   [Creating]    
================================================================================
= Starting analysis for class 'org.symphonyoss.symphony.messageml.elements.DateSelector'
================================================================================
17:42:57.458 [INFO]   [Creating]    Filtering out non-testable methods...
17:42:57.461 [INFO]   [Creating]    Filtering of methods complete. Creating analysis request
17:42:57.461 [INFO]   [Creating]    Attempting to get service client, retry 1.
17:42:58.388 [INFO]   [Creating]        [203/928] org.symphonyoss.symphony.messageml.elements.DateSelector.<init>
17:42:58.388 [INFO]   [Creating]        [204/928] org.symphonyoss.symphony.messageml.elements.DateSelector.getPresentationMLTag
17:42:58.388 [INFO]   [Creating]        [204/928]   Tests created: 1
17:43:00.234 [INFO]   [Creating]        [205/928] org.symphonyoss.symphony.messageml.elements.DateSelector.asMarkdown
17:43:00.234 [INFO]   [Creating]        [205/928]   Tests created: 1
17:43:02.418 [INFO]   [Creating]        [206/928] org.symphonyoss.symphony.messageml.elements.DateSelector.asPresentationML
17:43:02.418 [INFO]   [Creating]        [206/928]   Tests created: 4
17:43:03.694 [INFO]   [Creating]        [207/928] org.symphonyoss.symphony.messageml.elements.DateSelector.buildAll
17:43:03.694 [INFO]   [Creating]        [207/928]   Tests created: 4
17:43:05.761 [INFO]   [Creating]        [208/928] org.symphonyoss.symphony.messageml.elements.DateSelector.buildAttribute
17:43:05.761 [INFO]   [Creating]        [208/928]   Tests created: 1
17:43:06.708 [INFO]   [Creating]        [209/928] org.symphonyoss.symphony.messageml.elements.DateSelector.buildElementFromDiv
17:43:06.708 [INFO]   [Creating]        [209/928]   R013: No inputs found that don't throw a trivial exception
17:43:06.708 [INFO]   [Creating]        [209/928]     Diffblue Cover tried to run the arrange/act section, but the test threw
17:43:06.708 [INFO]   [Creating]        [209/928]     javax.imageio.metadata.IIODOMException: No such attribute!
17:43:06.708 [INFO]   [Creating]        [209/928]         at javax.imageio.metadata.IIOMetadataNode.removeAttribute(IIOMetadataNode.java:803)
17:43:06.708 [INFO]   [Creating]        [209/928]         at javax.imageio.metadata.IIOMetadataNode.removeAttribute(IIOMetadataNode.java:787)
17:43:06.708 [INFO]   [Creating]        [209/928]         at org.symphonyoss.symphony.messageml.elements.DateSelector.buildElementFromDiv(DateSelector.java:140)
17:43:06.708 [INFO]   [Creating]        [209/928]     In order to prevent buildElementFromDiv(MessageMLParser, Element)
17:43:06.708 [INFO]   [Creating]        [209/928]     from throwing IIODOMException, add constructors or factory
17:43:06.709 [INFO]   [Creating]        [209/928]     methods that make it easier to construct fully initialized objects used in
17:43:06.709 [INFO]   [Creating]        [209/928]     buildElementFromDiv(MessageMLParser, Element).
17:43:06.709 [INFO]   [Creating]        [209/928]     See https://diff.blue/R013 to resolve this issue.
17:43:08.153 [INFO]   [Creating]        [210/928] org.symphonyoss.symphony.messageml.elements.DateSelector.updateBiContext
17:43:08.153 [INFO]   [Creating]        [210/928]   Tests created: 1
17:43:08.270 [INFO]   [Creating]        [211/928] org.symphonyoss.symphony.messageml.elements.DateSelector.validate
17:43:08.270 [INFO]   [Creating]        [211/928]   Tests created: 2
17:43:08.271 [INFO]   [Creating]     [32/141] org.symphonyoss.symphony.messageml.elements.DateSelector
17:43:08.271 [INFO]   [Creating]     [32/141]   Tests created: 14
17:43:08.272 [INFO]   [Creating]    
================================================================================
= Starting analysis for class 'org.symphonyoss.symphony.messageml.elements.Dialog'
================================================================================
17:43:08.272 [INFO]   [Creating]    Filtering out non-testable methods...
17:43:08.275 [INFO]   [Creating]    Filtering of methods complete. Creating analysis request
17:43:08.275 [INFO]   [Creating]    Attempting to get service client, retry 1.
17:43:09.134 [INFO]   [Creating]        [212/928] org.symphonyoss.symphony.messageml.elements.Dialog.<init>
17:43:09.134 [INFO]   [Creating]        [212/928]   Tests created: 1
17:43:14.967 [INFO]   [Creating]        [213/928] org.symphonyoss.symphony.messageml.elements.Dialog.asMarkdown
17:43:14.967 [INFO]   [Creating]        [213/928]   Tests created: 1
17:43:18.675 [INFO]   [Creating]        [214/928] org.symphonyoss.symphony.messageml.elements.Dialog.asPresentationML
17:43:18.675 [INFO]   [Creating]        [214/928]   Tests created: 18
17:43:21.458 [INFO]   [Creating]        [215/928] org.symphonyoss.symphony.messageml.elements.Dialog.buildAttribute
17:43:21.458 [INFO]   [Creating]        [215/928]   Tests created: 9
17:43:22.191 [INFO]   [Creating]        [216/928] org.symphonyoss.symphony.messageml.elements.Dialog.getPresentationMlIdAttribute
17:43:22.191 [INFO]   [Creating]        [216/928]   Diffblue AI was unable to find a test
17:43:23.929 [INFO]   [Creating]        [217/928] org.symphonyoss.symphony.messageml.elements.Dialog.hasIdAttribute
17:43:23.929 [INFO]   [Creating]        [217/928]   Tests created: 1
17:43:25.749 [INFO]   [Creating]        [218/928] org.symphonyoss.symphony.messageml.elements.Dialog.updateBiContext
17:43:25.749 [INFO]   [Creating]        [218/928]   Tests created: 6
17:43:25.846 [INFO]   [Creating]        [219/928] org.symphonyoss.symphony.messageml.elements.Dialog.validate
17:43:25.846 [INFO]   [Creating]        [219/928]   Tests created: 1
17:43:25.847 [INFO]   [Creating]     [33/141] org.symphonyoss.symphony.messageml.elements.Dialog
17:43:25.847 [INFO]   [Creating]     [33/141]   Tests created: 37
17:43:25.848 [INFO]   [Creating]    
================================================================================
= Starting analysis for class 'org.symphonyoss.symphony.messageml.elements.DialogChild'
================================================================================
17:43:25.848 [INFO]   [Creating]    Filtering out non-testable methods...
17:43:25.850 [INFO]   [Creating]    Filtering of methods complete. Creating analysis request
17:43:25.850 [INFO]   [Creating]    Attempting to get service client, retry 1.
17:43:31.032 [INFO]   [Creating]        [220/928] org.symphonyoss.symphony.messageml.elements.DialogChild.asMarkdown
17:43:31.032 [INFO]   [Creating]        [220/928]   Tests created: 1
17:43:33.166 [INFO]   [Creating]        [221/928] org.symphonyoss.symphony.messageml.elements.DialogChild.asPresentationML
17:43:33.166 [INFO]   [Creating]        [221/928]   Tests created: 15
17:43:33.239 [INFO]   [Creating]        [222/928] org.symphonyoss.symphony.messageml.elements.DialogChild.validate
17:43:33.239 [INFO]   [Creating]        [222/928]   Tests created: 1
17:43:33.240 [INFO]   [Creating]     [34/141] org.symphonyoss.symphony.messageml.elements.DialogChild
17:43:33.240 [INFO]   [Creating]     [34/141]   Tests created: 17
17:43:33.241 [INFO]   [Creating]    
================================================================================
= Starting analysis for class 'org.symphonyoss.symphony.messageml.elements.DialogChild$Body'
================================================================================
17:43:33.241 [INFO]   [Creating]    Filtering out non-testable methods...
17:43:33.241 [INFO]   [Creating]    Filtering of methods complete. Creating analysis request
17:43:33.241 [INFO]   [Creating]    Attempting to get service client, retry 1.
17:43:33.393 [INFO]   [Creating]        [223/928] org.symphonyoss.symphony.messageml.elements.DialogChild$Body.<init>
17:43:33.393 [INFO]   [Creating]        [223/928]   Tests created: 1
17:43:33.393 [INFO]   [Creating]     [35/141] org.symphonyoss.symphony.messageml.elements.DialogChild$Body
17:43:33.393 [INFO]   [Creating]     [35/141]   Tests created: 1
17:43:33.394 [INFO]   [Creating]    
================================================================================
= Starting analysis for class 'org.symphonyoss.symphony.messageml.elements.DialogChild$Footer'
================================================================================
17:43:33.394 [INFO]   [Creating]    Filtering out non-testable methods...
17:43:33.395 [INFO]   [Creating]    Filtering of methods complete. Creating analysis request
17:43:33.395 [INFO]   [Creating]    Attempting to get service client, retry 1.
17:43:33.557 [INFO]   [Creating]        [224/928] org.symphonyoss.symphony.messageml.elements.DialogChild$Footer.<init>
17:43:33.557 [INFO]   [Creating]        [224/928]   Tests created: 1
17:43:33.558 [INFO]   [Creating]     [36/141] org.symphonyoss.symphony.messageml.elements.DialogChild$Footer
17:43:33.558 [INFO]   [Creating]     [36/141]   Tests created: 1
17:43:33.559 [INFO]   [Creating]    
================================================================================
= Starting analysis for class 'org.symphonyoss.symphony.messageml.elements.DialogChild$Title'
================================================================================
17:43:33.559 [INFO]   [Creating]    Filtering out non-testable methods...
17:43:33.560 [INFO]   [Creating]    Filtering of methods complete. Creating analysis request
17:43:33.560 [INFO]   [Creating]    Attempting to get service client, retry 1.
17:43:33.717 [INFO]   [Creating]        [225/928] org.symphonyoss.symphony.messageml.elements.DialogChild$Title.<init>
17:43:33.717 [INFO]   [Creating]        [225/928]   Tests created: 1
17:43:33.717 [INFO]   [Creating]     [37/141] org.symphonyoss.symphony.messageml.elements.DialogChild$Title
17:43:33.718 [INFO]   [Creating]     [37/141]   Tests created: 1
17:43:33.718 [INFO]   [Creating]    
================================================================================
= Starting analysis for class 'org.symphonyoss.symphony.messageml.elements.Div'
================================================================================
17:43:33.719 [INFO]   [Creating]    Filtering out non-testable methods...
17:43:33.721 [INFO]   [Creating]    Filtering of methods complete. Creating analysis request
17:43:33.721 [INFO]   [Creating]    Attempting to get service client, retry 1.
17:43:35.291 [INFO]   [Creating]        [226/928] org.symphonyoss.symphony.messageml.elements.Div.<init>
17:43:35.291 [INFO]   [Creating]        [226/928]   Tests created: 1
17:43:35.995 [INFO]   [Creating]        [227/928] org.symphonyoss.symphony.messageml.elements.Div.asEntityJson
17:43:35.995 [INFO]   [Creating]        [227/928]   Tests created: 1
17:43:37.195 [INFO]   [Creating]        [228/928] org.symphonyoss.symphony.messageml.elements.Div.asMarkdown
17:43:37.195 [INFO]   [Creating]        [228/928]   Tests created: 1
17:43:38.699 [INFO]   [Creating]        [229/928] org.symphonyoss.symphony.messageml.elements.Div.buildAttribute
17:43:38.699 [INFO]   [Creating]        [229/928]   Tests created: 1
17:43:40.454 [INFO]   [Creating]        [230/928] org.symphonyoss.symphony.messageml.elements.Div.updateBiContext
17:43:40.454 [INFO]   [Creating]        [230/928]   Tests created: 6
17:43:40.502 [INFO]   [Creating]        [231/928] org.symphonyoss.symphony.messageml.elements.Div.validate
17:43:40.502 [INFO]   [Creating]        [231/928]   Tests created: 1
17:43:40.503 [INFO]   [Creating]     [38/141] org.symphonyoss.symphony.messageml.elements.Div
17:43:40.503 [INFO]   [Creating]     [38/141]   Tests created: 11
17:43:40.504 [INFO]   [Creating]    
================================================================================
= Starting analysis for class 'org.symphonyoss.symphony.messageml.elements.Element'
================================================================================
17:43:40.504 [INFO]   [Creating]    Filtering out non-testable methods...
17:43:40.577 [INFO]   [Creating]    Filtering of methods complete. Creating analysis request
17:43:40.577 [INFO]   [Creating]    Attempting to get service client, retry 1.
17:43:42.896 [INFO]   [Creating]        [232/928] org.symphonyoss.symphony.messageml.elements.Element.addChild
17:43:42.896 [INFO]   [Creating]        [232/928]   Diffblue AI was unable to find a test
17:43:43.717 [INFO]   [Creating]        [233/928] org.symphonyoss.symphony.messageml.elements.Element.areNestedElementsAllowed
17:43:43.717 [INFO]   [Creating]        [233/928]   Tests created: 1
17:43:50.403 [INFO]   [Creating]        [234/928] org.symphonyoss.symphony.messageml.elements.Element.asEntityJson
17:43:50.403 [INFO]   [Creating]        [234/928]   Tests created: 1
17:43:53.855 [INFO]   [Creating]        [235/928] org.symphonyoss.symphony.messageml.elements.Element.asPresentationML
17:43:53.855 [INFO]   [Creating]        [235/928]   Tests created: 27
17:43:56.591 [INFO]   [Creating]        [236/928] org.symphonyoss.symphony.messageml.elements.Element.asText
17:43:56.591 [INFO]   [Creating]        [236/928]   Tests created: 3
17:43:58.386 [INFO]   [Creating]        [237/928] org.symphonyoss.symphony.messageml.elements.Element.assertAttributeIsBoolean
17:43:58.386 [INFO]   [Creating]        [237/928]   R013: No inputs found that don't throw a trivial exception
17:43:58.386 [INFO]   [Creating]        [237/928]     Diffblue Cover tried to run the arrange/act section, but the test threw
17:43:58.386 [INFO]   [Creating]        [237/928]     java.lang.NullPointerException
17:43:58.386 [INFO]   [Creating]        [237/928]         at org.symphonyoss.symphony.messageml.elements.Element.assertAttributeValue(Element.java:551)
17:43:58.386 [INFO]   [Creating]        [237/928]         at org.symphonyoss.symphony.messageml.elements.Element.assertAttributeIsBoolean(Element.java:566)
17:43:58.386 [INFO]   [Creating]        [237/928]     In order to prevent assertAttributeIsBoolean(String)
17:43:58.386 [INFO]   [Creating]        [237/928]     from throwing NullPointerException, add constructors or factory
17:43:58.386 [INFO]   [Creating]        [237/928]     methods that make it easier to construct fully initialized objects used in
17:43:58.386 [INFO]   [Creating]        [237/928]     assertAttributeIsBoolean(String).
17:43:58.386 [INFO]   [Creating]        [237/928]     See https://diff.blue/R013 to resolve this issue.
17:43:59.410 [INFO]   [Creating]        [238/928] org.symphonyoss.symphony.messageml.elements.Element.assertAttributeMaxLength
17:43:59.410 [INFO]   [Creating]        [238/928]   Diffblue AI was unable to find a test
17:44:01.639 [INFO]   [Creating]        [239/928] org.symphonyoss.symphony.messageml.elements.Element.assertAttributeNotBlank
17:44:01.639 [INFO]   [Creating]        [239/928]   Tests created: 1
17:45:01.747 [INFO]   [Creating]    Service shutdown due to watchdog timeout
17:45:01.755 [INFO]   [Creating]    
== begin thread dump ==

47 threads

Thread 38 'ClassGraph-worker-2':
  java.base@11.0.29/jdk.internal.misc.Unsafe.park(Native Method)
  java.base@11.0.29/java.util.concurrent.locks.LockSupport.park(LockSupport.java:194)
  java.base@11.0.29/java.util.concurrent.locks.AbstractQueuedSynchronizer$ConditionObject.await(AbstractQueuedSynchronizer.java:2081)
  java.base@11.0.29/java.util.concurrent.LinkedBlockingQueue.take(LinkedBlockingQueue.java:433)
  java.base@11.0.29/java.util.concurrent.ThreadPoolExecutor.getTask(ThreadPoolExecutor.java:1054)
  java.base@11.0.29/java.util.concurrent.ThreadPoolExecutor.runWorker(ThreadPoolExecutor.java:1114)
  java.base@11.0.29/java.util.concurrent.ThreadPoolExecutor$Worker.run(ThreadPoolExecutor.java:628)
  java.base@11.0.29/java.lang.Thread.run(Thread.java:829)
Thread 580 'TimedExecutor-429':
  java.base@11.0.29/jdk.internal.misc.Unsafe.park(Native Method)
  java.base@11.0.29/java.util.concurrent.locks.LockSupport.park(LockSupport.java:194)
  java.base@11.0.29/java.util.concurrent.locks.AbstractQueuedSynchronizer$ConditionObject.await(AbstractQueuedSynchronizer.java:2081)
  java.base@11.0.29/java.util.concurrent.ArrayBlockingQueue.take(ArrayBlockingQueue.java:417)
  com.diffblue.cover.sandbox.execution.TaskQueueRunner.run(SourceFile:39)
  com.diffblue.cover.sandbox.execution.WorkerThread.run(SourceFile:265)
Thread 51 'ClassGraph-worker-15':
  java.base@11.0.29/jdk.internal.misc.Unsafe.park(Native Method)
  java.base@11.0.29/java.util.concurrent.locks.LockSupport.park(LockSupport.java:194)
  java.base@11.0.29/java.util.concurrent.locks.AbstractQueuedSynchronizer$ConditionObject.await(AbstractQueuedSynchronizer.java:2081)
  java.base@11.0.29/java.util.concurrent.LinkedBlockingQueue.take(LinkedBlockingQueue.java:433)
  java.base@11.0.29/java.util.concurrent.ThreadPoolExecutor.getTask(ThreadPoolExecutor.java:1054)
  java.base@11.0.29/java.util.concurrent.ThreadPoolExecutor.runWorker(ThreadPoolExecutor.java:1114)
  java.base@11.0.29/java.util.concurrent.ThreadPoolExecutor$Worker.run(ThreadPoolExecutor.java:628)
  java.base@11.0.29/java.lang.Thread.run(Thread.java:829)
Thread 48 'ClassGraph-worker-12':
  java.base@11.0.29/jdk.internal.misc.Unsafe.park(Native Method)
  java.base@11.0.29/java.util.concurrent.locks.LockSupport.park(LockSupport.java:194)
  java.base@11.0.29/java.util.concurrent.locks.AbstractQueuedSynchronizer$ConditionObject.await(AbstractQueuedSynchronizer.java:2081)
  java.base@11.0.29/java.util.concurrent.LinkedBlockingQueue.take(LinkedBlockingQueue.java:433)
  java.base@11.0.29/java.util.concurrent.ThreadPoolExecutor.getTask(ThreadPoolExecutor.java:1054)
  java.base@11.0.29/java.util.concurrent.ThreadPoolExecutor.runWorker(ThreadPoolExecutor.java:1114)
  java.base@11.0.29/java.util.concurrent.ThreadPoolExecutor$Worker.run(ThreadPoolExecutor.java:628)
  java.base@11.0.29/java.lang.Thread.run(Thread.java:829)
Thread 50 'ClassGraph-worker-14':
  java.base@11.0.29/jdk.internal.misc.Unsafe.park(Native Method)
  java.base@11.0.29/java.util.concurrent.locks.LockSupport.park(LockSupport.java:194)
  java.base@11.0.29/java.util.concurrent.locks.AbstractQueuedSynchronizer$ConditionObject.await(AbstractQueuedSynchronizer.java:2081)
  java.base@11.0.29/java.util.concurrent.LinkedBlockingQueue.take(LinkedBlockingQueue.java:433)
  java.base@11.0.29/java.util.concurrent.ThreadPoolExecutor.getTask(ThreadPoolExecutor.java:1054)
  java.base@11.0.29/java.util.concurrent.ThreadPoolExecutor.runWorker(ThreadPoolExecutor.java:1114)
  java.base@11.0.29/java.util.concurrent.ThreadPoolExecutor$Worker.run(ThreadPoolExecutor.java:628)
  java.base@11.0.29/java.lang.Thread.run(Thread.java:829)
Thread 60 'ClassGraph-worker-24':
  java.base@11.0.29/jdk.internal.misc.Unsafe.park(Native Method)
  java.base@11.0.29/java.util.concurrent.locks.LockSupport.park(LockSupport.java:194)
  java.base@11.0.29/java.util.concurrent.locks.AbstractQueuedSynchronizer$ConditionObject.await(AbstractQueuedSynchronizer.java:2081)
  java.base@11.0.29/java.util.concurrent.LinkedBlockingQueue.take(LinkedBlockingQueue.java:433)
  java.base@11.0.29/java.util.concurrent.ThreadPoolExecutor.getTask(ThreadPoolExecutor.java:1054)
  java.base@11.0.29/java.util.concurrent.ThreadPoolExecutor.runWorker(ThreadPoolExecutor.java:1114)
  java.base@11.0.29/java.util.concurrent.ThreadPoolExecutor$Worker.run(ThreadPoolExecutor.java:628)
  java.base@11.0.29/java.lang.Thread.run(Thread.java:829)
Thread 19 'Common-Cleaner':
  java.base@11.0.29/java.lang.Object.wait(Native Method)
  java.base@11.0.29/java.lang.ref.ReferenceQueue.remove(ReferenceQueue.java:155)
  java.base@11.0.29/jdk.internal.ref.CleanerImpl.run(CleanerImpl.java:148)
  java.base@11.0.29/java.lang.Thread.run(Unknown Source)
  java.base@11.0.29/jdk.internal.misc.InnocuousThread.run(InnocuousThread.java:161)
Thread 22 'grpc-default-worker-ELG-1-1':
  io.grpc.netty.shaded.io.netty.channel.epoll.Native.epollWait0(Native Method)
  io.grpc.netty.shaded.io.netty.channel.epoll.Native.epollWait(SourceFile:182)
  io.grpc.netty.shaded.io.netty.channel.epoll.EpollEventLoop.epollWait(SourceFile:290)
  io.grpc.netty.shaded.io.netty.channel.epoll.EpollEventLoop.run(SourceFile:354)
  io.grpc.netty.shaded.io.netty.util.concurrent.SingleThreadEventExecutor$4.run(SourceFile:997)
  io.grpc.netty.shaded.io.netty.util.internal.ThreadExecutorMap$2.run(SourceFile:74)
  io.grpc.netty.shaded.io.netty.util.concurrent.FastThreadLocalRunnable.run(SourceFile:30)
  java.base@11.0.29/java.lang.Thread.run(Unknown Source)
Thread 43 'ClassGraph-worker-7':
  java.base@11.0.29/jdk.internal.misc.Unsafe.park(Native Method)
  java.base@11.0.29/java.util.concurrent.locks.LockSupport.park(LockSupport.java:194)
  java.base@11.0.29/java.util.concurrent.locks.AbstractQueuedSynchronizer$ConditionObject.await(AbstractQueuedSynchronizer.java:2081)
  java.base@11.0.29/java.util.concurrent.LinkedBlockingQueue.take(LinkedBlockingQueue.java:433)
  java.base@11.0.29/java.util.concurrent.ThreadPoolExecutor.getTask(ThreadPoolExecutor.java:1054)
  java.base@11.0.29/java.util.concurrent.ThreadPoolExecutor.runWorker(ThreadPoolExecutor.java:1114)
  java.base@11.0.29/java.util.concurrent.ThreadPoolExecutor$Worker.run(ThreadPoolExecutor.java:628)
  java.base@11.0.29/java.lang.Thread.run(Thread.java:829)
Thread 594 'TimedExecutor-443':
  java.base@11.0.29/java.util.stream.ReduceOps$ReduceOp.evaluateSequential(ReduceOps.java:913)
  java.base@11.0.29/java.util.stream.AbstractPipeline.evaluate(AbstractPipeline.java:234)
  java.base@11.0.29/java.util.stream.ReferencePipeline.reduce(ReferencePipeline.java:558)
  java.base@11.0.29/java.util.stream.ReferencePipeline.max(ReferencePipeline.java:594)
  com.diffblue.cover.commons.f.c.b(SourceFile:89)
  com.diffblue.cover.commons.f.c.a(SourceFile:104)
  com.diffblue.a.a.c.c.a.a(SourceFile:140)
  com.diffblue.a.a.c.a.h.a(SourceFile:1258)
  com.diffblue.a.a.c.a.h.b(SourceFile:137)
  com.diffblue.a.a.c.a.h$$Lambda$1238/0x000000080083c840.apply(Unknown Source)
  java.base@11.0.29/java.util.Optional.map(Optional.java:265)
  com.diffblue.a.a.c.a.h.c(SourceFile:135)
  com.diffblue.a.a.c.a.h$$Lambda$1221/0x0000000800838840.call(Unknown Source)
  com.diffblue.cover.sandbox.execution.AbsorbLinkageErrors.run(SourceFile:24)
  com.diffblue.cover.sandbox.execution.SafeExecutor.run(SourceFile:27)
  com.diffblue.a.a.c.a.h.a(SourceFile:130)
  com.diffblue.a.m.a(SourceFile:1481)
  jdk.internal.reflect.GeneratedMethodAccessor186.invoke(Unknown Source)
  java.base@11.0.29/jdk.internal.reflect.DelegatingMethodAccessorImpl.invoke(DelegatingMethodAccessorImpl.java:43)
  java.base@11.0.29/java.lang.reflect.Method.invoke(Method.java:566)
  com.diffblue.a.ad$a.a(SourceFile:96)
  com.diffblue.a.ad$a.invoke(SourceFile:76)
  com.sun.proxy.$Proxy18.a(Unknown Source)
  com.diffblue.fuzztest.d.c.d.a(SourceFile:94)
  com.diffblue.fuzztest.d.c.d$$Lambda$1219/0x0000000800838040.apply(Unknown Source)
  com.diffblue.fuzztest.d.c.d.c(SourceFile:191)
  com.diffblue.fuzztest.d.a.a(SourceFile:55)
  com.diffblue.fuzztest.g.y.a(SourceFile:52)
  com.diffblue.fuzztest.g.i.a(SourceFile:104)
  com.diffblue.fuzztest.g.a.a(SourceFile:46)
  com.diffblue.fuzztest.g.p.a(SourceFile:128)
  com.diffblue.fuzztest.g.a.a(SourceFile:46)
  com.diffblue.fuzztest.g.ae.a(SourceFile:94)
  com.diffblue.fuzztest.g.af.a(SourceFile:162)
  com.diffblue.fuzztest.g.ae.a(SourceFile:193)
  com.diffblue.fuzztest.g.e.r(SourceFile:499)
  com.diffblue.fuzztest.g.e$$Lambda$674/0x0000000800719040.call(Unknown Source)
  com.diffblue.cover.sandbox.a.a$$Lambda$675/0x0000000800719440.call(Unknown Source)
  com.diffblue.cover.sandbox.execution.WorkerThread.lambda$callWorkerThread$3(SourceFile:164)
  com.diffblue.cover.sandbox.execution.WorkerThread$$Lambda$323/0x00000008004edc40.run(Unknown Source)
  com.diffblue.cover.sandbox.execution.WorkerThread.run(SourceFile:265)
Thread 3 'Finalizer':
  java.base@11.0.29/java.lang.Object.wait(Native Method)
  java.base@11.0.29/java.lang.ref.ReferenceQueue.remove(ReferenceQueue.java:155)
  java.base@11.0.29/java.lang.ref.ReferenceQueue.remove(ReferenceQueue.java:176)
  java.base@11.0.29/java.lang.ref.Finalizer$FinalizerThread.run(Finalizer.java:170)
Thread 27 'grpc-default-worker-ELG-1-3':
  io.grpc.netty.shaded.io.netty.channel.epoll.Native.epollWait0(Native Method)
  io.grpc.netty.shaded.io.netty.channel.epoll.Native.epollWait(SourceFile:182)
  io.grpc.netty.shaded.io.netty.channel.epoll.EpollEventLoop.epollWait(SourceFile:290)
  io.grpc.netty.shaded.io.netty.channel.epoll.EpollEventLoop.run(SourceFile:354)
  io.grpc.netty.shaded.io.netty.util.concurrent.SingleThreadEventExecutor$4.run(SourceFile:997)
  io.grpc.netty.shaded.io.netty.util.internal.ThreadExecutorMap$2.run(SourceFile:74)
  io.grpc.netty.shaded.io.netty.util.concurrent.FastThreadLocalRunnable.run(SourceFile:30)
  java.base@11.0.29/java.lang.Thread.run(Unknown Source)
Thread 40 'ClassGraph-worker-4':
  java.base@11.0.29/jdk.internal.misc.Unsafe.park(Native Method)
  java.base@11.0.29/java.util.concurrent.locks.LockSupport.park(LockSupport.java:194)
  java.base@11.0.29/java.util.concurrent.locks.AbstractQueuedSynchronizer$ConditionObject.await(AbstractQueuedSynchronizer.java:2081)
  java.base@11.0.29/java.util.concurrent.LinkedBlockingQueue.take(LinkedBlockingQueue.java:433)
  java.base@11.0.29/java.util.concurrent.ThreadPoolExecutor.getTask(ThreadPoolExecutor.java:1054)
  java.base@11.0.29/java.util.concurrent.ThreadPoolExecutor.runWorker(ThreadPoolExecutor.java:1114)
  java.base@11.0.29/java.util.concurrent.ThreadPoolExecutor$Worker.run(ThreadPoolExecutor.java:628)
  java.base@11.0.29/java.lang.Thread.run(Thread.java:829)
Thread 29 'PeriodicWatchdogResetTimer':
  java.base@11.0.29/java.lang.Object.wait(Native Method)
  java.base@11.0.29/java.lang.Object.wait(Object.java:328)
  java.base@11.0.29/java.util.TimerThread.mainLoop(Timer.java:527)
  java.base@11.0.29/java.util.TimerThread.run(Timer.java:506)
Thread 28 'grpc-default-executor-1':
  java.base@11.0.29/jdk.internal.misc.Unsafe.park(Native Method)
  java.base@11.0.29/java.util.concurrent.locks.LockSupport.parkNanos(LockSupport.java:234)
  java.base@11.0.29/java.util.concurrent.SynchronousQueue$TransferStack.awaitFulfill(SynchronousQueue.java:462)
  java.base@11.0.29/java.util.concurrent.SynchronousQueue$TransferStack.transfer(SynchronousQueue.java:361)
  java.base@11.0.29/java.util.concurrent.SynchronousQueue.poll(SynchronousQueue.java:937)
  java.base@11.0.29/java.util.concurrent.ThreadPoolExecutor.getTask(ThreadPoolExecutor.java:1053)
  java.base@11.0.29/java.util.concurrent.ThreadPoolExecutor.runWorker(ThreadPoolExecutor.java:1114)
  java.base@11.0.29/java.util.concurrent.ThreadPoolExecutor$Worker.run(ThreadPoolExecutor.java:628)
  java.base@11.0.29/java.lang.Thread.run(Unknown Source)
Thread 36 'ClassGraph-worker-0':
  java.base@11.0.29/jdk.internal.misc.Unsafe.park(Native Method)
  java.base@11.0.29/java.util.concurrent.locks.LockSupport.park(LockSupport.java:194)
  java.base@11.0.29/java.util.concurrent.locks.AbstractQueuedSynchronizer$ConditionObject.await(AbstractQueuedSynchronizer.java:2081)
  java.base@11.0.29/java.util.concurrent.LinkedBlockingQueue.take(LinkedBlockingQueue.java:433)
  java.base@11.0.29/java.util.concurrent.ThreadPoolExecutor.getTask(ThreadPoolExecutor.java:1054)
  java.base@11.0.29/java.util.concurrent.ThreadPoolExecutor.runWorker(ThreadPoolExecutor.java:1114)
  java.base@11.0.29/java.util.concurrent.ThreadPoolExecutor$Worker.run(ThreadPoolExecutor.java:628)
  java.base@11.0.29/java.lang.Thread.run(Thread.java:829)
Thread 42 'ClassGraph-worker-6':
  java.base@11.0.29/jdk.internal.misc.Unsafe.park(Native Method)
  java.base@11.0.29/java.util.concurrent.locks.LockSupport.park(LockSupport.java:194)
  java.base@11.0.29/java.util.concurrent.locks.AbstractQueuedSynchronizer$ConditionObject.await(AbstractQueuedSynchronizer.java:2081)
  java.base@11.0.29/java.util.concurrent.LinkedBlockingQueue.take(LinkedBlockingQueue.java:433)
  java.base@11.0.29/java.util.concurrent.ThreadPoolExecutor.getTask(ThreadPoolExecutor.java:1054)
  java.base@11.0.29/java.util.concurrent.ThreadPoolExecutor.runWorker(ThreadPoolExecutor.java:1114)
  java.base@11.0.29/java.util.concurrent.ThreadPoolExecutor$Worker.run(ThreadPoolExecutor.java:628)
  java.base@11.0.29/java.lang.Thread.run(Thread.java:829)
Thread 45 'ClassGraph-worker-9':
  java.base@11.0.29/jdk.internal.misc.Unsafe.park(Native Method)
  java.base@11.0.29/java.util.concurrent.locks.LockSupport.park(LockSupport.java:194)
  java.base@11.0.29/java.util.concurrent.locks.AbstractQueuedSynchronizer$ConditionObject.await(AbstractQueuedSynchronizer.java:2081)
  java.base@11.0.29/java.util.concurrent.LinkedBlockingQueue.take(LinkedBlockingQueue.java:433)
  java.base@11.0.29/java.util.concurrent.ThreadPoolExecutor.getTask(ThreadPoolExecutor.java:1054)
  java.base@11.0.29/java.util.concurrent.ThreadPoolExecutor.runWorker(ThreadPoolExecutor.java:1114)
  java.base@11.0.29/java.util.concurrent.ThreadPoolExecutor$Worker.run(ThreadPoolExecutor.java:628)
  java.base@11.0.29/java.lang.Thread.run(Thread.java:829)
Thread 49 'ClassGraph-worker-13':
  java.base@11.0.29/jdk.internal.misc.Unsafe.park(Native Method)
  java.base@11.0.29/java.util.concurrent.locks.LockSupport.park(LockSupport.java:194)
  java.base@11.0.29/java.util.concurrent.locks.AbstractQueuedSynchronizer$ConditionObject.await(AbstractQueuedSynchronizer.java:2081)
  java.base@11.0.29/java.util.concurrent.LinkedBlockingQueue.take(LinkedBlockingQueue.java:433)
  java.base@11.0.29/java.util.concurrent.ThreadPoolExecutor.getTask(ThreadPoolExecutor.java:1054)
  java.base@11.0.29/java.util.concurrent.ThreadPoolExecutor.runWorker(ThreadPoolExecutor.java:1114)
  java.base@11.0.29/java.util.concurrent.ThreadPoolExecutor$Worker.run(ThreadPoolExecutor.java:628)
  java.base@11.0.29/java.lang.Thread.run(Thread.java:829)
Thread 63 'ClassGraph-worker-27':
  java.base@11.0.29/jdk.internal.misc.Unsafe.park(Native Method)
  java.base@11.0.29/java.util.concurrent.locks.LockSupport.park(LockSupport.java:194)
  java.base@11.0.29/java.util.concurrent.locks.AbstractQueuedSynchronizer$ConditionObject.await(AbstractQueuedSynchronizer.java:2081)
  java.base@11.0.29/java.util.concurrent.LinkedBlockingQueue.take(LinkedBlockingQueue.java:433)
  java.base@11.0.29/java.util.concurrent.ThreadPoolExecutor.getTask(ThreadPoolExecutor.java:1054)
  java.base@11.0.29/java.util.concurrent.ThreadPoolExecutor.runWorker(ThreadPoolExecutor.java:1114)
  java.base@11.0.29/java.util.concurrent.ThreadPoolExecutor$Worker.run(ThreadPoolExecutor.java:628)
  java.base@11.0.29/java.lang.Thread.run(Thread.java:829)
Thread 44 'ClassGraph-worker-8':
  java.base@11.0.29/jdk.internal.misc.Unsafe.park(Native Method)
  java.base@11.0.29/java.util.concurrent.locks.LockSupport.park(LockSupport.java:194)
  java.base@11.0.29/java.util.concurrent.locks.AbstractQueuedSynchronizer$ConditionObject.await(AbstractQueuedSynchronizer.java:2081)
  java.base@11.0.29/java.util.concurrent.LinkedBlockingQueue.take(LinkedBlockingQueue.java:433)
  java.base@11.0.29/java.util.concurrent.ThreadPoolExecutor.getTask(ThreadPoolExecutor.java:1054)
  java.base@11.0.29/java.util.concurrent.ThreadPoolExecutor.runWorker(ThreadPoolExecutor.java:1114)
  java.base@11.0.29/java.util.concurrent.ThreadPoolExecutor$Worker.run(ThreadPoolExecutor.java:628)
  java.base@11.0.29/java.lang.Thread.run(Thread.java:829)
Thread 20 'Service log dispatcher':
  java.base@11.0.29/jdk.internal.misc.Unsafe.park(Native Method)
  java.base@11.0.29/java.util.concurrent.locks.LockSupport.park(LockSupport.java:194)
  java.base@11.0.29/java.util.concurrent.locks.AbstractQueuedSynchronizer$ConditionObject.await(AbstractQueuedSynchronizer.java:2081)
  java.base@11.0.29/java.util.concurrent.LinkedBlockingQueue.take(LinkedBlockingQueue.java:433)
  com.diffblue.cover.logging.RemoteLogAppender$a.run(SourceFile:203)
Thread 167 'grpc-default-executor-2':
  java.base@11.0.29/java.lang.Object.wait(Native Method)
  java.base@11.0.29/java.lang.Thread.join(Thread.java:1300)
  java.base@11.0.29/java.lang.Thread.join(Thread.java:1375)
  com.diffblue.cover.sandbox.execution.WorkerThread.callWorkerThread(SourceFile:183)
  com.diffblue.cover.sandbox.a.a.a(SourceFile:63)
  com.diffblue.fuzztest.g.e.u(SourceFile:786)
  com.diffblue.fuzztest.g.e$$Lambda$673/0x0000000800718c40.call(Unknown Source)
  com.diffblue.cover.sandbox.execution.WrapExceptionsInBaseException.handleException(SourceFile:64)
  com.diffblue.cover.sandbox.execution.WrapThrowableInBaseException.lambda$run$0(SourceFile:26)
  com.diffblue.cover.sandbox.execution.WrapThrowableInBaseException$$Lambda$316/0x00000008004ef840.call(Unknown Source)
  com.diffblue.cover.sandbox.execution.WrapThrowableInBaseException.handleThrowable(SourceFile:37)
  com.diffblue.cover.sandbox.execution.WrapThrowableInBaseException.run(SourceFile:26)
  com.diffblue.fuzztest.g.e.a(SourceFile:785)
  com.diffblue.fuzztest.g.o.a(SourceFile:198)
  com.diffblue.cover.analysis.a.c$a.a(SourceFile:290)
  com.diffblue.cover.analysis.a.c$a$$Lambda$672/0x0000000800718840.get(Unknown Source)
  com.diffblue.cover.analysis.a.c$a.a(SourceFile:124)
  com.diffblue.cover.analysis.a.c$a.tryAdvance(SourceFile:290)
  com.diffblue.cover.service.analyzer.a.c$a.a(SourceFile:2049)
  com.diffblue.cover.service.analyzer.a.a.m$h.invoke(SourceFile:719)
  io.grpc.stub.ServerCalls$UnaryServerCallHandler$UnaryServerCallListener.onHalfClose(SourceFile:182)
  io.grpc.internal.ServerCallImpl$ServerStreamListenerImpl.halfClosed(SourceFile:355)
  io.grpc.internal.ServerImpl$JumpToApplicationThreadServerStreamListener$1HalfClosed.runInContext(SourceFile:867)
  io.grpc.internal.ContextRunnable.run(SourceFile:37)
  io.grpc.internal.SerializingExecutor.run(SourceFile:133)
  java.base@11.0.29/java.util.concurrent.ThreadPoolExecutor.runWorker(ThreadPoolExecutor.java:1128)
  java.base@11.0.29/java.util.concurrent.ThreadPoolExecutor$Worker.run(ThreadPoolExecutor.java:628)
  java.base@11.0.29/java.lang.Thread.run(Thread.java:829)
Thread 39 'ClassGraph-worker-3':
  java.base@11.0.29/jdk.internal.misc.Unsafe.park(Native Method)
  java.base@11.0.29/java.util.concurrent.locks.LockSupport.park(LockSupport.java:194)
  java.base@11.0.29/java.util.concurrent.locks.AbstractQueuedSynchronizer$ConditionObject.await(AbstractQueuedSynchronizer.java:2081)
  java.base@11.0.29/java.util.concurrent.LinkedBlockingQueue.take(LinkedBlockingQueue.java:433)
  java.base@11.0.29/java.util.concurrent.ThreadPoolExecutor.getTask(ThreadPoolExecutor.java:1054)
  java.base@11.0.29/java.util.concurrent.ThreadPoolExecutor.runWorker(ThreadPoolExecutor.java:1114)
  java.base@11.0.29/java.util.concurrent.ThreadPoolExecutor$Worker.run(ThreadPoolExecutor.java:628)
  java.base@11.0.29/java.lang.Thread.run(Thread.java:829)
Thread 37 'ClassGraph-worker-1':
  java.base@11.0.29/jdk.internal.misc.Unsafe.park(Native Method)
  java.base@11.0.29/java.util.concurrent.locks.LockSupport.park(LockSupport.java:194)
  java.base@11.0.29/java.util.concurrent.locks.AbstractQueuedSynchronizer$ConditionObject.await(AbstractQueuedSynchronizer.java:2081)
  java.base@11.0.29/java.util.concurrent.LinkedBlockingQueue.take(LinkedBlockingQueue.java:433)
  java.base@11.0.29/java.util.concurrent.ThreadPoolExecutor.getTask(ThreadPoolExecutor.java:1054)
  java.base@11.0.29/java.util.concurrent.ThreadPoolExecutor.runWorker(ThreadPoolExecutor.java:1114)
  java.base@11.0.29/java.util.concurrent.ThreadPoolExecutor$Worker.run(ThreadPoolExecutor.java:628)
  java.base@11.0.29/java.lang.Thread.run(Thread.java:829)
Thread 46 'ClassGraph-worker-10':
  java.base@11.0.29/jdk.internal.misc.Unsafe.park(Native Method)
  java.base@11.0.29/java.util.concurrent.locks.LockSupport.park(LockSupport.java:194)
  java.base@11.0.29/java.util.concurrent.locks.AbstractQueuedSynchronizer$ConditionObject.await(AbstractQueuedSynchronizer.java:2081)
  java.base@11.0.29/java.util.concurrent.LinkedBlockingQueue.take(LinkedBlockingQueue.java:433)
  java.base@11.0.29/java.util.concurrent.ThreadPoolExecutor.getTask(ThreadPoolExecutor.java:1054)
  java.base@11.0.29/java.util.concurrent.ThreadPoolExecutor.runWorker(ThreadPoolExecutor.java:1114)
  java.base@11.0.29/java.util.concurrent.ThreadPoolExecutor$Worker.run(ThreadPoolExecutor.java:628)
  java.base@11.0.29/java.lang.Thread.run(Thread.java:829)
Thread 124 'ForkJoinPool.commonPool-worker-51':
  java.base@11.0.29/jdk.internal.misc.Unsafe.park(Native Method)
  java.base@11.0.29/java.util.concurrent.locks.LockSupport.park(LockSupport.java:194)
  java.base@11.0.29/java.util.concurrent.ForkJoinPool.runWorker(ForkJoinPool.java:1628)
  java.base@11.0.29/java.util.concurrent.ForkJoinWorkerThread.run(ForkJoinWorkerThread.java:183)
Thread 24 'grpc-default-executor-0':
  java.base@11.0.29/jdk.internal.misc.Unsafe.park(Native Method)
  java.base@11.0.29/java.util.concurrent.locks.LockSupport.parkNanos(LockSupport.java:234)
  java.base@11.0.29/java.util.concurrent.SynchronousQueue$TransferStack.awaitFulfill(SynchronousQueue.java:462)
  java.base@11.0.29/java.util.concurrent.SynchronousQueue$TransferStack.transfer(SynchronousQueue.java:361)
  java.base@11.0.29/java.util.concurrent.SynchronousQueue.poll(SynchronousQueue.java:937)
  java.base@11.0.29/java.util.concurrent.ThreadPoolExecutor.getTask(ThreadPoolExecutor.java:1053)
  java.base@11.0.29/java.util.concurrent.ThreadPoolExecutor.runWorker(ThreadPoolExecutor.java:1114)
  java.base@11.0.29/java.util.concurrent.ThreadPoolExecutor$Worker.run(ThreadPoolExecutor.java:628)
  java.base@11.0.29/java.lang.Thread.run(Unknown Source)
Thread 62 'ClassGraph-worker-26':
  java.base@11.0.29/jdk.internal.misc.Unsafe.park(Native Method)
  java.base@11.0.29/java.util.concurrent.locks.LockSupport.park(LockSupport.java:194)
  java.base@11.0.29/java.util.concurrent.locks.AbstractQueuedSynchronizer$ConditionObject.await(AbstractQueuedSynchronizer.java:2081)
  java.base@11.0.29/java.util.concurrent.LinkedBlockingQueue.take(LinkedBlockingQueue.java:433)
  java.base@11.0.29/java.util.concurrent.ThreadPoolExecutor.getTask(ThreadPoolExecutor.java:1054)
  java.base@11.0.29/java.util.concurrent.ThreadPoolExecutor.runWorker(ThreadPoolExecutor.java:1114)
  java.base@11.0.29/java.util.concurrent.ThreadPoolExecutor$Worker.run(ThreadPoolExecutor.java:628)
  java.base@11.0.29/java.lang.Thread.run(Thread.java:829)
Thread 1 'main':
  java.base@11.0.29/java.lang.Thread.dumpThreads(Native Method)
  java.base@11.0.29/java.lang.Thread.getAllStackTraces(Thread.java:1653)
  com.diffblue.cover.service.a.a.a.d(SourceFile:3190)
  com.diffblue.cover.service.a.a.b.a(SourceFile:180)
  com.diffblue.cover.service.analyzer.Main.main(SourceFile:46)
  java.base@11.0.29/jdk.internal.reflect.NativeMethodAccessorImpl.invoke0(Native Method)
  java.base@11.0.29/jdk.internal.reflect.NativeMethodAccessorImpl.invoke(NativeMethodAccessorImpl.java:62)
  java.base@11.0.29/jdk.internal.reflect.DelegatingMethodAccessorImpl.invoke(DelegatingMethodAccessorImpl.java:43)
  java.base@11.0.29/java.lang.reflect.Method.invoke(Method.java:566)
  com.diffblue.cover.launcher.Launcher.invokeMainMethod(Launcher.java:118)
  com.diffblue.cover.launcher.Launcher.main(Launcher.java:74)
Thread 41 'ClassGraph-worker-5':
  java.base@11.0.29/jdk.internal.misc.Unsafe.park(Native Method)
  java.base@11.0.29/java.util.concurrent.locks.LockSupport.park(LockSupport.java:194)
  java.base@11.0.29/java.util.concurrent.locks.AbstractQueuedSynchronizer$ConditionObject.await(AbstractQueuedSynchronizer.java:2081)
  java.base@11.0.29/java.util.concurrent.LinkedBlockingQueue.take(LinkedBlockingQueue.java:433)
  java.base@11.0.29/java.util.concurrent.ThreadPoolExecutor.getTask(ThreadPoolExecutor.java:1054)
  java.base@11.0.29/java.util.concurrent.ThreadPoolExecutor.runWorker(ThreadPoolExecutor.java:1114)
  java.base@11.0.29/java.util.concurrent.ThreadPoolExecutor$Worker.run(ThreadPoolExecutor.java:628)
  java.base@11.0.29/java.lang.Thread.run(Thread.java:829)
Thread 47 'ClassGraph-worker-11':
  java.base@11.0.29/jdk.internal.misc.Unsafe.park(Native Method)
  java.base@11.0.29/java.util.concurrent.locks.LockSupport.park(LockSupport.java:194)
  java.base@11.0.29/java.util.concurrent.locks.AbstractQueuedSynchronizer$ConditionObject.await(AbstractQueuedSynchronizer.java:2081)
  java.base@11.0.29/java.util.concurrent.LinkedBlockingQueue.take(LinkedBlockingQueue.java:433)
  java.base@11.0.29/java.util.concurrent.ThreadPoolExecutor.getTask(ThreadPoolExecutor.java:1054)
  java.base@11.0.29/java.util.concurrent.ThreadPoolExecutor.runWorker(ThreadPoolExecutor.java:1114)
  java.base@11.0.29/java.util.concurrent.ThreadPoolExecutor$Worker.run(ThreadPoolExecutor.java:628)
  java.base@11.0.29/java.lang.Thread.run(Thread.java:829)
Thread 25 'grpc-default-boss-ELG-3-1':
  io.grpc.netty.shaded.io.netty.channel.epoll.Native.epollWait(Native Method)
  io.grpc.netty.shaded.io.netty.channel.epoll.Native.epollWait(SourceFile:209)
  io.grpc.netty.shaded.io.netty.channel.epoll.Native.epollWait(SourceFile:202)
  io.grpc.netty.shaded.io.netty.channel.epoll.EpollEventLoop.epollWaitNoTimerChange(SourceFile:294)
  io.grpc.netty.shaded.io.netty.channel.epoll.EpollEventLoop.run(SourceFile:351)
  io.grpc.netty.shaded.io.netty.util.concurrent.SingleThreadEventExecutor$4.run(SourceFile:997)
  io.grpc.netty.shaded.io.netty.util.internal.ThreadExecutorMap$2.run(SourceFile:74)
  io.grpc.netty.shaded.io.netty.util.concurrent.FastThreadLocalRunnable.run(SourceFile:30)
  java.base@11.0.29/java.lang.Thread.run(Unknown Source)
Thread 52 'ClassGraph-worker-16':
  java.base@11.0.29/jdk.internal.misc.Unsafe.park(Native Method)
  java.base@11.0.29/java.util.concurrent.locks.LockSupport.park(LockSupport.java:194)
  java.base@11.0.29/java.util.concurrent.locks.AbstractQueuedSynchronizer$ConditionObject.await(AbstractQueuedSynchronizer.java:2081)
  java.base@11.0.29/java.util.concurrent.LinkedBlockingQueue.take(LinkedBlockingQueue.java:433)
  java.base@11.0.29/java.util.concurrent.ThreadPoolExecutor.getTask(ThreadPoolExecutor.java:1054)
  java.base@11.0.29/java.util.concurrent.ThreadPoolExecutor.runWorker(ThreadPoolExecutor.java:1114)
  java.base@11.0.29/java.util.concurrent.ThreadPoolExecutor$Worker.run(ThreadPoolExecutor.java:628)
  java.base@11.0.29/java.lang.Thread.run(Thread.java:829)
Thread 2 'Reference Handler':
  java.base@11.0.29/java.lang.ref.Reference.waitForReferencePendingList(Native Method)
  java.base@11.0.29/java.lang.ref.Reference.processPendingReferences(Reference.java:241)
  java.base@11.0.29/java.lang.ref.Reference$ReferenceHandler.run(Reference.java:213)
Thread 58 'ClassGraph-worker-22':
  java.base@11.0.29/jdk.internal.misc.Unsafe.park(Native Method)
  java.base@11.0.29/java.util.concurrent.locks.LockSupport.park(LockSupport.java:194)
  java.base@11.0.29/java.util.concurrent.locks.AbstractQueuedSynchronizer$ConditionObject.await(AbstractQueuedSynchronizer.java:2081)
  java.base@11.0.29/java.util.concurrent.LinkedBlockingQueue.take(LinkedBlockingQueue.java:433)
  java.base@11.0.29/java.util.concurrent.ThreadPoolExecutor.getTask(ThreadPoolExecutor.java:1054)
  java.base@11.0.29/java.util.concurrent.ThreadPoolExecutor.runWorker(ThreadPoolExecutor.java:1114)
  java.base@11.0.29/java.util.concurrent.ThreadPoolExecutor$Worker.run(ThreadPoolExecutor.java:628)
  java.base@11.0.29/java.lang.Thread.run(Thread.java:829)
Thread 57 'ClassGraph-worker-21':
  java.base@11.0.29/jdk.internal.misc.Unsafe.park(Native Method)
  java.base@11.0.29/java.util.concurrent.locks.LockSupport.park(LockSupport.java:194)
  java.base@11.0.29/java.util.concurrent.locks.AbstractQueuedSynchronizer$ConditionObject.await(AbstractQueuedSynchronizer.java:2081)
  java.base@11.0.29/java.util.concurrent.LinkedBlockingQueue.take(LinkedBlockingQueue.java:433)
  java.base@11.0.29/java.util.concurrent.ThreadPoolExecutor.getTask(ThreadPoolExecutor.java:1054)
  java.base@11.0.29/java.util.concurrent.ThreadPoolExecutor.runWorker(ThreadPoolExecutor.java:1114)
  java.base@11.0.29/java.util.concurrent.ThreadPoolExecutor$Worker.run(ThreadPoolExecutor.java:628)
  java.base@11.0.29/java.lang.Thread.run(Thread.java:829)
Thread 26 'Thread-1':
  java.base@11.0.29/java.lang.Thread.sleep(Native Method)
  com.diffblue.cover.service.a.a.a$a.run(SourceFile:248)
Thread 56 'ClassGraph-worker-20':
  java.base@11.0.29/jdk.internal.misc.Unsafe.park(Native Method)
  java.base@11.0.29/java.util.concurrent.locks.LockSupport.park(LockSupport.java:194)
  java.base@11.0.29/java.util.concurrent.locks.AbstractQueuedSynchronizer$ConditionObject.await(AbstractQueuedSynchronizer.java:2081)
  java.base@11.0.29/java.util.concurrent.LinkedBlockingQueue.take(LinkedBlockingQueue.java:433)
  java.base@11.0.29/java.util.concurrent.ThreadPoolExecutor.getTask(ThreadPoolExecutor.java:1054)
  java.base@11.0.29/java.util.concurrent.ThreadPoolExecutor.runWorker(ThreadPoolExecutor.java:1114)
  java.base@11.0.29/java.util.concurrent.ThreadPoolExecutor$Worker.run(ThreadPoolExecutor.java:628)
  java.base@11.0.29/java.lang.Thread.run(Thread.java:829)
Thread 59 'ClassGraph-worker-23':
  java.base@11.0.29/jdk.internal.misc.Unsafe.park(Native Method)
  java.base@11.0.29/java.util.concurrent.locks.LockSupport.park(LockSupport.java:194)
  java.base@11.0.29/java.util.concurrent.locks.AbstractQueuedSynchronizer$ConditionObject.await(AbstractQueuedSynchronizer.java:2081)
  java.base@11.0.29/java.util.concurrent.LinkedBlockingQueue.take(LinkedBlockingQueue.java:433)
  java.base@11.0.29/java.util.concurrent.ThreadPoolExecutor.getTask(ThreadPoolExecutor.java:1054)
  java.base@11.0.29/java.util.concurrent.ThreadPoolExecutor.runWorker(ThreadPoolExecutor.java:1114)
  java.base@11.0.29/java.util.concurrent.ThreadPoolExecutor$Worker.run(ThreadPoolExecutor.java:628)
  java.base@11.0.29/java.lang.Thread.run(Thread.java:829)
Thread 55 'ClassGraph-worker-19':
  java.base@11.0.29/jdk.internal.misc.Unsafe.park(Native Method)
  java.base@11.0.29/java.util.concurrent.locks.LockSupport.park(LockSupport.java:194)
  java.base@11.0.29/java.util.concurrent.locks.AbstractQueuedSynchronizer$ConditionObject.await(AbstractQueuedSynchronizer.java:2081)
  java.base@11.0.29/java.util.concurrent.LinkedBlockingQueue.take(LinkedBlockingQueue.java:433)
  java.base@11.0.29/java.util.concurrent.ThreadPoolExecutor.getTask(ThreadPoolExecutor.java:1054)
  java.base@11.0.29/java.util.concurrent.ThreadPoolExecutor.runWorker(ThreadPoolExecutor.java:1114)
  java.base@11.0.29/java.util.concurrent.ThreadPoolExecutor$Worker.run(ThreadPoolExecutor.java:628)
  java.base@11.0.29/java.lang.Thread.run(Thread.java:829)
Thread 61 'ClassGraph-worker-25':
  java.base@11.0.29/jdk.internal.misc.Unsafe.park(Native Method)
  java.base@11.0.29/java.util.concurrent.locks.LockSupport.park(LockSupport.java:194)
  java.base@11.0.29/java.util.concurrent.locks.AbstractQueuedSynchronizer$ConditionObject.await(AbstractQueuedSynchronizer.java:2081)
  java.base@11.0.29/java.util.concurrent.LinkedBlockingQueue.take(LinkedBlockingQueue.java:433)
  java.base@11.0.29/java.util.concurrent.ThreadPoolExecutor.getTask(ThreadPoolExecutor.java:1054)
  java.base@11.0.29/java.util.concurrent.ThreadPoolExecutor.runWorker(ThreadPoolExecutor.java:1114)
  java.base@11.0.29/java.util.concurrent.ThreadPoolExecutor$Worker.run(ThreadPoolExecutor.java:628)
  java.base@11.0.29/java.lang.Thread.run(Thread.java:829)
Thread 4 'Signal Dispatcher':
Thread 64 'ClassGraph-worker-28':
  java.base@11.0.29/jdk.internal.misc.Unsafe.park(Native Method)
  java.base@11.0.29/java.util.concurrent.locks.LockSupport.park(LockSupport.java:194)
  java.base@11.0.29/java.util.concurrent.locks.AbstractQueuedSynchronizer$ConditionObject.await(AbstractQueuedSynchronizer.java:2081)
  java.base@11.0.29/java.util.concurrent.LinkedBlockingQueue.take(LinkedBlockingQueue.java:433)
  java.base@11.0.29/java.util.concurrent.ThreadPoolExecutor.getTask(ThreadPoolExecutor.java:1054)
  java.base@11.0.29/java.util.concurrent.ThreadPoolExecutor.runWorker(ThreadPoolExecutor.java:1114)
  java.base@11.0.29/java.util.concurrent.ThreadPoolExecutor$Worker.run(ThreadPoolExecutor.java:628)
  java.base@11.0.29/java.lang.Thread.run(Thread.java:829)
Thread 53 'ClassGraph-worker-17':
  java.base@11.0.29/jdk.internal.misc.Unsafe.park(Native Method)
  java.base@11.0.29/java.util.concurrent.locks.LockSupport.park(LockSupport.java:194)
  java.base@11.0.29/java.util.concurrent.locks.AbstractQueuedSynchronizer$ConditionObject.await(AbstractQueuedSynchronizer.java:2081)
  java.base@11.0.29/java.util.concurrent.LinkedBlockingQueue.take(LinkedBlockingQueue.java:433)
  java.base@11.0.29/java.util.concurrent.ThreadPoolExecutor.getTask(ThreadPoolExecutor.java:1054)
  java.base@11.0.29/java.util.concurrent.ThreadPoolExecutor.runWorker(ThreadPoolExecutor.java:1114)
  java.base@11.0.29/java.util.concurrent.ThreadPoolExecutor$Worker.run(ThreadPoolExecutor.java:628)
  java.base@11.0.29/java.lang.Thread.run(Thread.java:829)
Thread 54 'ClassGraph-worker-18':
  java.base@11.0.29/jdk.internal.misc.Unsafe.park(Native Method)
  java.base@11.0.29/java.util.concurrent.locks.LockSupport.park(LockSupport.java:194)
  java.base@11.0.29/java.util.concurrent.locks.AbstractQueuedSynchronizer$ConditionObject.await(AbstractQueuedSynchronizer.java:2081)
  java.base@11.0.29/java.util.concurrent.LinkedBlockingQueue.take(LinkedBlockingQueue.java:433)
  java.base@11.0.29/java.util.concurrent.ThreadPoolExecutor.getTask(ThreadPoolExecutor.java:1054)
  java.base@11.0.29/java.util.concurrent.ThreadPoolExecutor.runWorker(ThreadPoolExecutor.java:1114)
  java.base@11.0.29/java.util.concurrent.ThreadPoolExecutor$Worker.run(ThreadPoolExecutor.java:628)
  java.base@11.0.29/java.lang.Thread.run(Thread.java:829)
Thread 23 'grpc-default-worker-ELG-1-2':
  io.grpc.netty.shaded.io.netty.channel.epoll.Native.epollWait(Native Method)
  io.grpc.netty.shaded.io.netty.channel.epoll.Native.epollWait(SourceFile:209)
  io.grpc.netty.shaded.io.netty.channel.epoll.Native.epollWait(SourceFile:202)
  io.grpc.netty.shaded.io.netty.channel.epoll.EpollEventLoop.epollWaitNoTimerChange(SourceFile:294)
  io.grpc.netty.shaded.io.netty.channel.epoll.EpollEventLoop.run(SourceFile:351)
  io.grpc.netty.shaded.io.netty.util.concurrent.SingleThreadEventExecutor$4.run(SourceFile:997)
  io.grpc.netty.shaded.io.netty.util.internal.ThreadExecutorMap$2.run(SourceFile:74)
  io.grpc.netty.shaded.io.netty.util.concurrent.FastThreadLocalRunnable.run(SourceFile:30)
  java.base@11.0.29/java.lang.Thread.run(Unknown Source)
== end thread dump ==

17:45:02.757 [INFO]   [Creating]    Exiting service.
17:45:03.237 [INFO]   [Creating]    Filtering of methods complete. Creating analysis request
17:45:03.237 [INFO]   [Creating]    Attempting to get service client, retry 1.
17:45:03.237 [INFO]   [Creating]    Starting monitoring server.
17:45:03.238 [INFO]   [Creating]    Monitoring server listening on localhost/127.0.0.1:40497
17:45:03.239 [INFO]   [Creating]    Starting analyzer server process...
17:45:03.239 [INFO]   [Creating]    Server command-line: /home/jbergqvist/.sdkman/candidates/java/11.0.29-amzn/bin/java -XX:+IgnoreUnrecognizedVMOptions -XX:StartFlightRecording=duration=300s,filename=.diffblue/cover-flight.jfr -Djdk.attach.allowAttachSelf=true -Djdk.jar.maxSignatureFileSize=100000000 -ea -javaagent:/opt/cover/launcher-shared-jar.jar -Dlogback.configurationFile=/tmp/diffblue/config/logback-remote-service.xml -Dcom.diffblue.springIsolationJar=/opt/cover/cover-isolation-layer.jar -Dcover.jar.path=/opt/cover/cover-service-analyzer.jar -Dcom.diffblue.assertionSuggestionJar=/opt/cover/cover-service-analyzer.jar -Dcover.main.class=com.diffblue.cover.service.analyzer.Main -jar /opt/cover/launcher-shared-jar.jar --service-lifespan 120 --monitoring-service-port 40497 --index-service-port 40497 --debug-log
17:45:03.239 [INFO]   [Creating]    Server started. Waiting up to 300 seconds for a connection to be established...
17:45:04.246 [INFO]   [Creating]    Starting new remote monitor client
17:45:04.887 [INFO]   [Creating]    Attempting to start remote server.
17:45:05.030 [INFO]   [Creating]    Server started, listening on localhost/127.0.0.1:36919
17:45:05.034 [INFO]   [Creating]    Expect analyzer service to be listening on port 36919.
17:45:05.098 [INFO]   [Creating]    Started analyzer service and client retrieved.
17:45:20.639 [INFO]   [Creating]        [240/928] org.symphonyoss.symphony.messageml.elements.Element.assertAttributeValue
17:45:20.639 [INFO]   [Creating]        [240/928]   R013: No inputs found that don't throw a trivial exception
17:45:20.639 [INFO]   [Creating]        [240/928]     Diffblue Cover tried to run the arrange/act section, but the test threw
17:45:20.639 [INFO]   [Creating]        [240/928]     java.lang.NullPointerException
17:45:20.639 [INFO]   [Creating]        [240/928]         at org.symphonyoss.symphony.messageml.elements.Element.assertAttributeValue(Element.java:551)
17:45:20.639 [INFO]   [Creating]        [240/928]     In order to prevent assertAttributeValue(String, Collection)
17:45:20.639 [INFO]   [Creating]        [240/928]     from throwing NullPointerException, add constructors or factory
17:45:20.639 [INFO]   [Creating]        [240/928]     methods that make it easier to construct fully initialized objects used in
17:45:20.639 [INFO]   [Creating]        [240/928]     assertAttributeValue(String, Collection).
17:45:20.639 [INFO]   [Creating]        [240/928]     See https://diff.blue/R013 to resolve this issue.
17:45:21.650 [INFO]   [Creating]        [240/928] org.symphonyoss.symphony.messageml.elements.Element.addChild
17:45:21.650 [INFO]   [Creating]        [240/928]   Diffblue AI was unable to find a test
17:45:23.046 [INFO]   [Creating]        [240/928] org.symphonyoss.symphony.messageml.elements.Element.areNestedElementsAllowed
17:45:23.046 [INFO]   [Creating]        [240/928]   Tests created: 2
17:45:32.753 [INFO]   [Creating]        [240/928] org.symphonyoss.symphony.messageml.elements.Element.asEntityJson
17:45:32.753 [INFO]   [Creating]        [240/928]   Tests created: 2
17:45:37.811 [INFO]   [Creating]        [240/928] org.symphonyoss.symphony.messageml.elements.Element.asPresentationML
17:45:37.811 [INFO]   [Creating]        [240/928]   Tests created: 54
17:45:41.413 [INFO]   [Creating]        [240/928] org.symphonyoss.symphony.messageml.elements.Element.asText
17:45:41.413 [INFO]   [Creating]        [240/928]   Tests created: 6
17:45:43.559 [INFO]   [Creating]        [240/928] org.symphonyoss.symphony.messageml.elements.Element.assertAttributeIsBoolean
17:45:43.559 [INFO]   [Creating]        [240/928]   R013: No inputs found that don't throw a trivial exception
17:45:43.559 [INFO]   [Creating]        [240/928]     Diffblue Cover tried to run the arrange/act section, but the test threw
17:45:43.559 [INFO]   [Creating]        [240/928]     java.lang.NullPointerException
17:45:43.559 [INFO]   [Creating]        [240/928]         at org.symphonyoss.symphony.messageml.elements.Element.assertAttributeValue(Element.java:551)
17:45:43.559 [INFO]   [Creating]        [240/928]         at org.symphonyoss.symphony.messageml.elements.Element.assertAttributeIsBoolean(Element.java:566)
17:45:43.559 [INFO]   [Creating]        [240/928]     In order to prevent assertAttributeIsBoolean(String)
17:45:43.559 [INFO]   [Creating]        [240/928]     from throwing NullPointerException, add constructors or factory
17:45:43.559 [INFO]   [Creating]        [240/928]     methods that make it easier to construct fully initialized objects used in
17:45:43.559 [INFO]   [Creating]        [240/928]     assertAttributeIsBoolean(String).
17:45:43.559 [INFO]   [Creating]        [240/928]     See https://diff.blue/R013 to resolve this issue.
17:45:44.797 [INFO]   [Creating]        [240/928] org.symphonyoss.symphony.messageml.elements.Element.assertAttributeMaxLength
17:45:44.797 [INFO]   [Creating]        [240/928]   Diffblue AI was unable to find a test
17:45:47.563 [INFO]   [Creating]        [240/928] org.symphonyoss.symphony.messageml.elements.Element.assertAttributeNotBlank
17:45:47.563 [INFO]   [Creating]        [240/928]   Tests created: 2
17:46:48.063 [INFO]   [Creating]    Service shutdown due to watchdog timeout
17:46:48.072 [INFO]   [Creating]    
== begin thread dump ==

108 threads

Thread 121 'ClassGraph-worker-80':
  java.base@11.0.29/jdk.internal.misc.Unsafe.park(Native Method)
  java.base@11.0.29/java.util.concurrent.locks.LockSupport.park(LockSupport.java:194)
  java.base@11.0.29/java.util.concurrent.locks.AbstractQueuedSynchronizer$ConditionObject.await(AbstractQueuedSynchronizer.java:2081)
  java.base@11.0.29/java.util.concurrent.LinkedBlockingQueue.take(LinkedBlockingQueue.java:433)
  java.base@11.0.29/java.util.concurrent.ThreadPoolExecutor.getTask(ThreadPoolExecutor.java:1054)
  java.base@11.0.29/java.util.concurrent.ThreadPoolExecutor.runWorker(ThreadPoolExecutor.java:1114)
  java.base@11.0.29/java.util.concurrent.ThreadPoolExecutor$Worker.run(ThreadPoolExecutor.java:628)
  java.base@11.0.29/java.lang.Thread.run(Thread.java:829)
Thread 57 'ClassGraph-worker-16':
  java.base@11.0.29/jdk.internal.misc.Unsafe.park(Native Method)
  java.base@11.0.29/java.util.concurrent.locks.LockSupport.park(LockSupport.java:194)
  java.base@11.0.29/java.util.concurrent.locks.AbstractQueuedSynchronizer$ConditionObject.await(AbstractQueuedSynchronizer.java:2081)
  java.base@11.0.29/java.util.concurrent.LinkedBlockingQueue.take(LinkedBlockingQueue.java:433)
  java.base@11.0.29/java.util.concurrent.ThreadPoolExecutor.getTask(ThreadPoolExecutor.java:1054)
  java.base@11.0.29/java.util.concurrent.ThreadPoolExecutor.runWorker(ThreadPoolExecutor.java:1114)
  java.base@11.0.29/java.util.concurrent.ThreadPoolExecutor$Worker.run(ThreadPoolExecutor.java:628)
  java.base@11.0.29/java.lang.Thread.run(Thread.java:829)
Thread 71 'ClassGraph-worker-30':
  java.base@11.0.29/jdk.internal.misc.Unsafe.park(Native Method)
  java.base@11.0.29/java.util.concurrent.locks.LockSupport.park(LockSupport.java:194)
  java.base@11.0.29/java.util.concurrent.locks.AbstractQueuedSynchronizer$ConditionObject.await(AbstractQueuedSynchronizer.java:2081)
  java.base@11.0.29/java.util.concurrent.LinkedBlockingQueue.take(LinkedBlockingQueue.java:433)
  java.base@11.0.29/java.util.concurrent.ThreadPoolExecutor.getTask(ThreadPoolExecutor.java:1054)
  java.base@11.0.29/java.util.concurrent.ThreadPoolExecutor.runWorker(ThreadPoolExecutor.java:1114)
  java.base@11.0.29/java.util.concurrent.ThreadPoolExecutor$Worker.run(ThreadPoolExecutor.java:628)
  java.base@11.0.29/java.lang.Thread.run(Thread.java:829)
Thread 78 'ClassGraph-worker-37':
  java.base@11.0.29/jdk.internal.misc.Unsafe.park(Native Method)
  java.base@11.0.29/java.util.concurrent.locks.LockSupport.park(LockSupport.java:194)
  java.base@11.0.29/java.util.concurrent.locks.AbstractQueuedSynchronizer$ConditionObject.await(AbstractQueuedSynchronizer.java:2081)
  java.base@11.0.29/java.util.concurrent.LinkedBlockingQueue.take(LinkedBlockingQueue.java:433)
  java.base@11.0.29/java.util.concurrent.ThreadPoolExecutor.getTask(ThreadPoolExecutor.java:1054)
  java.base@11.0.29/java.util.concurrent.ThreadPoolExecutor.runWorker(ThreadPoolExecutor.java:1114)
  java.base@11.0.29/java.util.concurrent.ThreadPoolExecutor$Worker.run(ThreadPoolExecutor.java:628)
  java.base@11.0.29/java.lang.Thread.run(Thread.java:829)
Thread 109 'ClassGraph-worker-68':
  java.base@11.0.29/jdk.internal.misc.Unsafe.park(Native Method)
  java.base@11.0.29/java.util.concurrent.locks.LockSupport.park(LockSupport.java:194)
  java.base@11.0.29/java.util.concurrent.locks.AbstractQueuedSynchronizer$ConditionObject.await(AbstractQueuedSynchronizer.java:2081)
  java.base@11.0.29/java.util.concurrent.LinkedBlockingQueue.take(LinkedBlockingQueue.java:433)
  java.base@11.0.29/java.util.concurrent.ThreadPoolExecutor.getTask(ThreadPoolExecutor.java:1054)
  java.base@11.0.29/java.util.concurrent.ThreadPoolExecutor.runWorker(ThreadPoolExecutor.java:1114)
  java.base@11.0.29/java.util.concurrent.ThreadPoolExecutor$Worker.run(ThreadPoolExecutor.java:628)
  java.base@11.0.29/java.lang.Thread.run(Thread.java:829)
Thread 110 'ClassGraph-worker-69':
  java.base@11.0.29/jdk.internal.misc.Unsafe.park(Native Method)
  java.base@11.0.29/java.util.concurrent.locks.LockSupport.park(LockSupport.java:194)
  java.base@11.0.29/java.util.concurrent.locks.AbstractQueuedSynchronizer$ConditionObject.await(AbstractQueuedSynchronizer.java:2081)
  java.base@11.0.29/java.util.concurrent.LinkedBlockingQueue.take(LinkedBlockingQueue.java:433)
  java.base@11.0.29/java.util.concurrent.ThreadPoolExecutor.getTask(ThreadPoolExecutor.java:1054)
  java.base@11.0.29/java.util.concurrent.ThreadPoolExecutor.runWorker(ThreadPoolExecutor.java:1114)
  java.base@11.0.29/java.util.concurrent.ThreadPoolExecutor$Worker.run(ThreadPoolExecutor.java:628)
  java.base@11.0.29/java.lang.Thread.run(Thread.java:829)
Thread 54 'ClassGraph-worker-13':
  java.base@11.0.29/jdk.internal.misc.Unsafe.park(Native Method)
  java.base@11.0.29/java.util.concurrent.locks.LockSupport.park(LockSupport.java:194)
  java.base@11.0.29/java.util.concurrent.locks.AbstractQueuedSynchronizer$ConditionObject.await(AbstractQueuedSynchronizer.java:2081)
  java.base@11.0.29/java.util.concurrent.LinkedBlockingQueue.take(LinkedBlockingQueue.java:433)
  java.base@11.0.29/java.util.concurrent.ThreadPoolExecutor.getTask(ThreadPoolExecutor.java:1054)
  java.base@11.0.29/java.util.concurrent.ThreadPoolExecutor.runWorker(ThreadPoolExecutor.java:1114)
  java.base@11.0.29/java.util.concurrent.ThreadPoolExecutor$Worker.run(ThreadPoolExecutor.java:628)
  java.base@11.0.29/java.lang.Thread.run(Thread.java:829)
Thread 62 'ClassGraph-worker-21':
  java.base@11.0.29/jdk.internal.misc.Unsafe.park(Native Method)
  java.base@11.0.29/java.util.concurrent.locks.LockSupport.park(LockSupport.java:194)
  java.base@11.0.29/java.util.concurrent.locks.AbstractQueuedSynchronizer$ConditionObject.await(AbstractQueuedSynchronizer.java:2081)
  java.base@11.0.29/java.util.concurrent.LinkedBlockingQueue.take(LinkedBlockingQueue.java:433)
  java.base@11.0.29/java.util.concurrent.ThreadPoolExecutor.getTask(ThreadPoolExecutor.java:1054)
  java.base@11.0.29/java.util.concurrent.ThreadPoolExecutor.runWorker(ThreadPoolExecutor.java:1114)
  java.base@11.0.29/java.util.concurrent.ThreadPoolExecutor$Worker.run(ThreadPoolExecutor.java:628)
  java.base@11.0.29/java.lang.Thread.run(Thread.java:829)
Thread 66 'ClassGraph-worker-25':
  java.base@11.0.29/jdk.internal.misc.Unsafe.park(Native Method)
  java.base@11.0.29/java.util.concurrent.locks.LockSupport.park(LockSupport.java:194)
  java.base@11.0.29/java.util.concurrent.locks.AbstractQueuedSynchronizer$ConditionObject.await(AbstractQueuedSynchronizer.java:2081)
  java.base@11.0.29/java.util.concurrent.LinkedBlockingQueue.take(LinkedBlockingQueue.java:433)
  java.base@11.0.29/java.util.concurrent.ThreadPoolExecutor.getTask(ThreadPoolExecutor.java:1054)
  java.base@11.0.29/java.util.concurrent.ThreadPoolExecutor.runWorker(ThreadPoolExecutor.java:1114)
  java.base@11.0.29/java.util.concurrent.ThreadPoolExecutor$Worker.run(ThreadPoolExecutor.java:628)
  java.base@11.0.29/java.lang.Thread.run(Thread.java:829)
Thread 32 'grpc-default-worker-ELG-1-3':
  io.grpc.netty.shaded.io.netty.channel.epoll.Native.epollWait0(Native Method)
  io.grpc.netty.shaded.io.netty.channel.epoll.Native.epollWait(SourceFile:182)
  io.grpc.netty.shaded.io.netty.channel.epoll.EpollEventLoop.epollWait(SourceFile:290)
  io.grpc.netty.shaded.io.netty.channel.epoll.EpollEventLoop.run(SourceFile:354)
  io.grpc.netty.shaded.io.netty.util.concurrent.SingleThreadEventExecutor$4.run(SourceFile:997)
  io.grpc.netty.shaded.io.netty.util.internal.ThreadExecutorMap$2.run(SourceFile:74)
  io.grpc.netty.shaded.io.netty.util.concurrent.FastThreadLocalRunnable.run(SourceFile:30)
  java.base@11.0.29/java.lang.Thread.run(Unknown Source)
Thread 98 'ClassGraph-worker-57':
  java.base@11.0.29/jdk.internal.misc.Unsafe.park(Native Method)
  java.base@11.0.29/java.util.concurrent.locks.LockSupport.park(LockSupport.java:194)
  java.base@11.0.29/java.util.concurrent.locks.AbstractQueuedSynchronizer$ConditionObject.await(AbstractQueuedSynchronizer.java:2081)
  java.base@11.0.29/java.util.concurrent.LinkedBlockingQueue.take(LinkedBlockingQueue.java:433)
  java.base@11.0.29/java.util.concurrent.ThreadPoolExecutor.getTask(ThreadPoolExecutor.java:1054)
  java.base@11.0.29/java.util.concurrent.ThreadPoolExecutor.runWorker(ThreadPoolExecutor.java:1114)
  java.base@11.0.29/java.util.concurrent.ThreadPoolExecutor$Worker.run(ThreadPoolExecutor.java:628)
  java.base@11.0.29/java.lang.Thread.run(Thread.java:829)
Thread 122 'ClassGraph-worker-81':
  java.base@11.0.29/jdk.internal.misc.Unsafe.park(Native Method)
  java.base@11.0.29/java.util.concurrent.locks.LockSupport.park(LockSupport.java:194)
  java.base@11.0.29/java.util.concurrent.locks.AbstractQueuedSynchronizer$ConditionObject.await(AbstractQueuedSynchronizer.java:2081)
  java.base@11.0.29/java.util.concurrent.LinkedBlockingQueue.take(LinkedBlockingQueue.java:433)
  java.base@11.0.29/java.util.concurrent.ThreadPoolExecutor.getTask(ThreadPoolExecutor.java:1054)
  java.base@11.0.29/java.util.concurrent.ThreadPoolExecutor.runWorker(ThreadPoolExecutor.java:1114)
  java.base@11.0.29/java.util.concurrent.ThreadPoolExecutor$Worker.run(ThreadPoolExecutor.java:628)
  java.base@11.0.29/java.lang.Thread.run(Thread.java:829)
Thread 48 'ClassGraph-worker-7':
  java.base@11.0.29/jdk.internal.misc.Unsafe.park(Native Method)
  java.base@11.0.29/java.util.concurrent.locks.LockSupport.park(LockSupport.java:194)
  java.base@11.0.29/java.util.concurrent.locks.AbstractQueuedSynchronizer$ConditionObject.await(AbstractQueuedSynchronizer.java:2081)
  java.base@11.0.29/java.util.concurrent.LinkedBlockingQueue.take(LinkedBlockingQueue.java:433)
  java.base@11.0.29/java.util.concurrent.ThreadPoolExecutor.getTask(ThreadPoolExecutor.java:1054)
  java.base@11.0.29/java.util.concurrent.ThreadPoolExecutor.runWorker(ThreadPoolExecutor.java:1114)
  java.base@11.0.29/java.util.concurrent.ThreadPoolExecutor$Worker.run(ThreadPoolExecutor.java:628)
  java.base@11.0.29/java.lang.Thread.run(Thread.java:829)
Thread 113 'ClassGraph-worker-72':
  java.base@11.0.29/jdk.internal.misc.Unsafe.park(Native Method)
  java.base@11.0.29/java.util.concurrent.locks.LockSupport.park(LockSupport.java:194)
  java.base@11.0.29/java.util.concurrent.locks.AbstractQueuedSynchronizer$ConditionObject.await(AbstractQueuedSynchronizer.java:2081)
  java.base@11.0.29/java.util.concurrent.LinkedBlockingQueue.take(LinkedBlockingQueue.java:433)
  java.base@11.0.29/java.util.concurrent.ThreadPoolExecutor.getTask(ThreadPoolExecutor.java:1054)
  java.base@11.0.29/java.util.concurrent.ThreadPoolExecutor.runWorker(ThreadPoolExecutor.java:1114)
  java.base@11.0.29/java.util.concurrent.ThreadPoolExecutor$Worker.run(ThreadPoolExecutor.java:628)
  java.base@11.0.29/java.lang.Thread.run(Thread.java:829)
Thread 172 'TimedExecutor-19':
  java.base@11.0.29/java.util.stream.StreamOpFlag.fromCharacteristics(StreamOpFlag.java:733)
  java.base@11.0.29/java.util.stream.StreamSupport.stream(StreamSupport.java:70)
  java.base@11.0.29/java.util.Collection.stream(Collection.java:711)
  com.diffblue.cover.commons.f.c.b(SourceFile:89)
  com.diffblue.cover.commons.f.c.a(SourceFile:104)
  com.diffblue.a.a.c.c.a.a(SourceFile:140)
  com.diffblue.a.a.c.a.h.a(SourceFile:1258)
  com.diffblue.a.a.c.a.h.b(SourceFile:137)
  com.diffblue.a.a.c.a.h$$Lambda$1608/0x00000008009dc840.apply(Unknown Source)
  java.base@11.0.29/java.util.Optional.map(Optional.java:265)
  com.diffblue.a.a.c.a.h.c(SourceFile:135)
  com.diffblue.a.a.c.a.h$$Lambda$1591/0x00000008009d9840.call(Unknown Source)
  com.diffblue.cover.sandbox.execution.AbsorbLinkageErrors.run(SourceFile:24)
  com.diffblue.cover.sandbox.execution.SafeExecutor.run(SourceFile:27)
  com.diffblue.a.a.c.a.h.a(SourceFile:130)
  com.diffblue.a.m.a(SourceFile:1481)
  jdk.internal.reflect.GeneratedMethodAccessor192.invoke(Unknown Source)
  java.base@11.0.29/jdk.internal.reflect.DelegatingMethodAccessorImpl.invoke(DelegatingMethodAccessorImpl.java:43)
  java.base@11.0.29/java.lang.reflect.Method.invoke(Method.java:566)
  com.diffblue.a.ad$a.a(SourceFile:96)
  com.diffblue.a.ad$a.invoke(SourceFile:76)
  com.sun.proxy.$Proxy40.a(Unknown Source)
  com.diffblue.fuzztest.d.c.d.a(SourceFile:94)
  com.diffblue.fuzztest.d.c.d$$Lambda$1315/0x0000000800965040.apply(Unknown Source)
  com.diffblue.fuzztest.d.c.d.c(SourceFile:191)
  com.diffblue.fuzztest.d.a.a(SourceFile:55)
  com.diffblue.fuzztest.g.y.a(SourceFile:52)
  com.diffblue.fuzztest.g.i.a(SourceFile:104)
  com.diffblue.fuzztest.g.a.a(SourceFile:46)
  com.diffblue.fuzztest.g.p.a(SourceFile:128)
  com.diffblue.fuzztest.g.a.a(SourceFile:46)
  com.diffblue.fuzztest.g.ae.a(SourceFile:94)
  com.diffblue.fuzztest.g.af.a(SourceFile:162)
  com.diffblue.fuzztest.g.ae.a(SourceFile:193)
  com.diffblue.fuzztest.g.e.r(SourceFile:499)
  com.diffblue.fuzztest.g.e$$Lambda$775/0x00000008007f2440.call(Unknown Source)
  com.diffblue.cover.sandbox.a.a$$Lambda$776/0x00000008007f2840.call(Unknown Source)
  com.diffblue.cover.sandbox.execution.WorkerThread.lambda$callWorkerThread$3(SourceFile:164)
  com.diffblue.cover.sandbox.execution.WorkerThread$$Lambda$372/0x0000000800525c40.run(Unknown Source)
  com.diffblue.cover.sandbox.execution.WorkerThread.run(SourceFile:265)
Thread 93 'ClassGraph-worker-52':
  java.base@11.0.29/jdk.internal.misc.Unsafe.park(Native Method)
  java.base@11.0.29/java.util.concurrent.locks.LockSupport.park(LockSupport.java:194)
  java.base@11.0.29/java.util.concurrent.locks.AbstractQueuedSynchronizer$ConditionObject.await(AbstractQueuedSynchronizer.java:2081)
  java.base@11.0.29/java.util.concurrent.LinkedBlockingQueue.take(LinkedBlockingQueue.java:433)
  java.base@11.0.29/java.util.concurrent.ThreadPoolExecutor.getTask(ThreadPoolExecutor.java:1054)
  java.base@11.0.29/java.util.concurrent.ThreadPoolExecutor.runWorker(ThreadPoolExecutor.java:1114)
  java.base@11.0.29/java.util.concurrent.ThreadPoolExecutor$Worker.run(ThreadPoolExecutor.java:628)
  java.base@11.0.29/java.lang.Thread.run(Thread.java:829)
Thread 3 'Finalizer':
  java.base@11.0.29/java.lang.Object.wait(Native Method)
  java.base@11.0.29/java.lang.ref.ReferenceQueue.remove(ReferenceQueue.java:155)
  java.base@11.0.29/java.lang.ref.ReferenceQueue.remove(ReferenceQueue.java:176)
  java.base@11.0.29/java.lang.ref.Finalizer$FinalizerThread.run(Finalizer.java:170)
Thread 50 'ClassGraph-worker-9':
  java.base@11.0.29/jdk.internal.misc.Unsafe.park(Native Method)
  java.base@11.0.29/java.util.concurrent.locks.LockSupport.park(LockSupport.java:194)
  java.base@11.0.29/java.util.concurrent.locks.AbstractQueuedSynchronizer$ConditionObject.await(AbstractQueuedSynchronizer.java:2081)
  java.base@11.0.29/java.util.concurrent.LinkedBlockingQueue.take(LinkedBlockingQueue.java:433)
  java.base@11.0.29/java.util.concurrent.ThreadPoolExecutor.getTask(ThreadPoolExecutor.java:1054)
  java.base@11.0.29/java.util.concurrent.ThreadPoolExecutor.runWorker(ThreadPoolExecutor.java:1114)
  java.base@11.0.29/java.util.concurrent.ThreadPoolExecutor$Worker.run(ThreadPoolExecutor.java:628)
  java.base@11.0.29/java.lang.Thread.run(Thread.java:829)
Thread 41 'ClassGraph-worker-0':
  java.base@11.0.29/jdk.internal.misc.Unsafe.park(Native Method)
  java.base@11.0.29/java.util.concurrent.locks.LockSupport.park(LockSupport.java:194)
  java.base@11.0.29/java.util.concurrent.locks.AbstractQueuedSynchronizer$ConditionObject.await(AbstractQueuedSynchronizer.java:2081)
  java.base@11.0.29/java.util.concurrent.LinkedBlockingQueue.take(LinkedBlockingQueue.java:433)
  java.base@11.0.29/java.util.concurrent.ThreadPoolExecutor.getTask(ThreadPoolExecutor.java:1054)
  java.base@11.0.29/java.util.concurrent.ThreadPoolExecutor.runWorker(ThreadPoolExecutor.java:1114)
  java.base@11.0.29/java.util.concurrent.ThreadPoolExecutor$Worker.run(ThreadPoolExecutor.java:628)
  java.base@11.0.29/java.lang.Thread.run(Thread.java:829)
Thread 75 'ClassGraph-worker-34':
  java.base@11.0.29/jdk.internal.misc.Unsafe.park(Native Method)
  java.base@11.0.29/java.util.concurrent.locks.LockSupport.park(LockSupport.java:194)
  java.base@11.0.29/java.util.concurrent.locks.AbstractQueuedSynchronizer$ConditionObject.await(AbstractQueuedSynchronizer.java:2081)
  java.base@11.0.29/java.util.concurrent.LinkedBlockingQueue.take(LinkedBlockingQueue.java:433)
  java.base@11.0.29/java.util.concurrent.ThreadPoolExecutor.getTask(ThreadPoolExecutor.java:1054)
  java.base@11.0.29/java.util.concurrent.ThreadPoolExecutor.runWorker(ThreadPoolExecutor.java:1114)
  java.base@11.0.29/java.util.concurrent.ThreadPoolExecutor$Worker.run(ThreadPoolExecutor.java:628)
  java.base@11.0.29/java.lang.Thread.run(Thread.java:829)
Thread 87 'ClassGraph-worker-46':
  java.base@11.0.29/jdk.internal.misc.Unsafe.park(Native Method)
  java.base@11.0.29/java.util.concurrent.locks.LockSupport.park(LockSupport.java:194)
  java.base@11.0.29/java.util.concurrent.locks.AbstractQueuedSynchronizer$ConditionObject.await(AbstractQueuedSynchronizer.java:2081)
  java.base@11.0.29/java.util.concurrent.LinkedBlockingQueue.take(LinkedBlockingQueue.java:433)
  java.base@11.0.29/java.util.concurrent.ThreadPoolExecutor.getTask(ThreadPoolExecutor.java:1054)
  java.base@11.0.29/java.util.concurrent.ThreadPoolExecutor.runWorker(ThreadPoolExecutor.java:1114)
  java.base@11.0.29/java.util.concurrent.ThreadPoolExecutor$Worker.run(ThreadPoolExecutor.java:628)
  java.base@11.0.29/java.lang.Thread.run(Thread.java:829)
Thread 46 'ClassGraph-worker-5':
  java.base@11.0.29/jdk.internal.misc.Unsafe.park(Native Method)
  java.base@11.0.29/java.util.concurrent.locks.LockSupport.park(LockSupport.java:194)
  java.base@11.0.29/java.util.concurrent.locks.AbstractQueuedSynchronizer$ConditionObject.await(AbstractQueuedSynchronizer.java:2081)
  java.base@11.0.29/java.util.concurrent.LinkedBlockingQueue.take(LinkedBlockingQueue.java:433)
  java.base@11.0.29/java.util.concurrent.ThreadPoolExecutor.getTask(ThreadPoolExecutor.java:1054)
  java.base@11.0.29/java.util.concurrent.ThreadPoolExecutor.runWorker(ThreadPoolExecutor.java:1114)
  java.base@11.0.29/java.util.concurrent.ThreadPoolExecutor$Worker.run(ThreadPoolExecutor.java:628)
  java.base@11.0.29/java.lang.Thread.run(Thread.java:829)
Thread 96 'ClassGraph-worker-55':
  java.base@11.0.29/jdk.internal.misc.Unsafe.park(Native Method)
  java.base@11.0.29/java.util.concurrent.locks.LockSupport.park(LockSupport.java:194)
  java.base@11.0.29/java.util.concurrent.locks.AbstractQueuedSynchronizer$ConditionObject.await(AbstractQueuedSynchronizer.java:2081)
  java.base@11.0.29/java.util.concurrent.LinkedBlockingQueue.take(LinkedBlockingQueue.java:433)
  java.base@11.0.29/java.util.concurrent.ThreadPoolExecutor.getTask(ThreadPoolExecutor.java:1054)
  java.base@11.0.29/java.util.concurrent.ThreadPoolExecutor.runWorker(ThreadPoolExecutor.java:1114)
  java.base@11.0.29/java.util.concurrent.ThreadPoolExecutor$Worker.run(ThreadPoolExecutor.java:628)
  java.base@11.0.29/java.lang.Thread.run(Thread.java:829)
Thread 42 'ClassGraph-worker-1':
  java.base@11.0.29/jdk.internal.misc.Unsafe.park(Native Method)
  java.base@11.0.29/java.util.concurrent.locks.LockSupport.park(LockSupport.java:194)
  java.base@11.0.29/java.util.concurrent.locks.AbstractQueuedSynchronizer$ConditionObject.await(AbstractQueuedSynchronizer.java:2081)
  java.base@11.0.29/java.util.concurrent.LinkedBlockingQueue.take(LinkedBlockingQueue.java:433)
  java.base@11.0.29/java.util.concurrent.ThreadPoolExecutor.getTask(ThreadPoolExecutor.java:1054)
  java.base@11.0.29/java.util.concurrent.ThreadPoolExecutor.runWorker(ThreadPoolExecutor.java:1114)
  java.base@11.0.29/java.util.concurrent.ThreadPoolExecutor$Worker.run(ThreadPoolExecutor.java:628)
  java.base@11.0.29/java.lang.Thread.run(Thread.java:829)
Thread 2 'Reference Handler':
  java.base@11.0.29/java.lang.ref.Reference.waitForReferencePendingList(Native Method)
  java.base@11.0.29/java.lang.ref.Reference.processPendingReferences(Reference.java:241)
  java.base@11.0.29/java.lang.ref.Reference$ReferenceHandler.run(Reference.java:213)
Thread 27 'grpc-default-worker-ELG-1-1':
  io.grpc.netty.shaded.io.netty.channel.epoll.Native.epollWait0(Native Method)
  io.grpc.netty.shaded.io.netty.channel.epoll.Native.epollWait(SourceFile:182)
  io.grpc.netty.shaded.io.netty.channel.epoll.EpollEventLoop.epollWait(SourceFile:290)
  io.grpc.netty.shaded.io.netty.channel.epoll.EpollEventLoop.run(SourceFile:354)
  io.grpc.netty.shaded.io.netty.util.concurrent.SingleThreadEventExecutor$4.run(SourceFile:997)
  io.grpc.netty.shaded.io.netty.util.internal.ThreadExecutorMap$2.run(SourceFile:74)
  io.grpc.netty.shaded.io.netty.util.concurrent.FastThreadLocalRunnable.run(SourceFile:30)
  java.base@11.0.29/java.lang.Thread.run(Unknown Source)
Thread 65 'ClassGraph-worker-24':
  java.base@11.0.29/jdk.internal.misc.Unsafe.park(Native Method)
  java.base@11.0.29/java.util.concurrent.locks.LockSupport.park(LockSupport.java:194)
  java.base@11.0.29/java.util.concurrent.locks.AbstractQueuedSynchronizer$ConditionObject.await(AbstractQueuedSynchronizer.java:2081)
  java.base@11.0.29/java.util.concurrent.LinkedBlockingQueue.take(LinkedBlockingQueue.java:433)
  java.base@11.0.29/java.util.concurrent.ThreadPoolExecutor.getTask(ThreadPoolExecutor.java:1054)
  java.base@11.0.29/java.util.concurrent.ThreadPoolExecutor.runWorker(ThreadPoolExecutor.java:1114)
  java.base@11.0.29/java.util.concurrent.ThreadPoolExecutor$Worker.run(ThreadPoolExecutor.java:628)
  java.base@11.0.29/java.lang.Thread.run(Thread.java:829)
Thread 76 'ClassGraph-worker-35':
  java.base@11.0.29/jdk.internal.misc.Unsafe.park(Native Method)
  java.base@11.0.29/java.util.concurrent.locks.LockSupport.park(LockSupport.java:194)
  java.base@11.0.29/java.util.concurrent.locks.AbstractQueuedSynchronizer$ConditionObject.await(AbstractQueuedSynchronizer.java:2081)
  java.base@11.0.29/java.util.concurrent.LinkedBlockingQueue.take(LinkedBlockingQueue.java:433)
  java.base@11.0.29/java.util.concurrent.ThreadPoolExecutor.getTask(ThreadPoolExecutor.java:1054)
  java.base@11.0.29/java.util.concurrent.ThreadPoolExecutor.runWorker(ThreadPoolExecutor.java:1114)
  java.base@11.0.29/java.util.concurrent.ThreadPoolExecutor$Worker.run(ThreadPoolExecutor.java:628)
  java.base@11.0.29/java.lang.Thread.run(Thread.java:829)
Thread 128 'grpc-default-executor-2':
  java.base@11.0.29/jdk.internal.misc.Unsafe.park(Native Method)
  java.base@11.0.29/java.util.concurrent.locks.LockSupport.parkNanos(LockSupport.java:234)
  java.base@11.0.29/java.util.concurrent.SynchronousQueue$TransferStack.awaitFulfill(SynchronousQueue.java:462)
  java.base@11.0.29/java.util.concurrent.SynchronousQueue$TransferStack.transfer(SynchronousQueue.java:361)
  java.base@11.0.29/java.util.concurrent.SynchronousQueue.poll(SynchronousQueue.java:937)
  java.base@11.0.29/java.util.concurrent.ThreadPoolExecutor.getTask(ThreadPoolExecutor.java:1053)
  java.base@11.0.29/java.util.concurrent.ThreadPoolExecutor.runWorker(ThreadPoolExecutor.java:1114)
  java.base@11.0.29/java.util.concurrent.ThreadPoolExecutor$Worker.run(ThreadPoolExecutor.java:628)
  java.base@11.0.29/java.lang.Thread.run(Thread.java:829)
Thread 88 'ClassGraph-worker-47':
  java.base@11.0.29/jdk.internal.misc.Unsafe.park(Native Method)
  java.base@11.0.29/java.util.concurrent.locks.LockSupport.park(LockSupport.java:194)
  java.base@11.0.29/java.util.concurrent.locks.AbstractQueuedSynchronizer$ConditionObject.await(AbstractQueuedSynchronizer.java:2081)
  java.base@11.0.29/java.util.concurrent.LinkedBlockingQueue.take(LinkedBlockingQueue.java:433)
  java.base@11.0.29/java.util.concurrent.ThreadPoolExecutor.getTask(ThreadPoolExecutor.java:1054)
  java.base@11.0.29/java.util.concurrent.ThreadPoolExecutor.runWorker(ThreadPoolExecutor.java:1114)
  java.base@11.0.29/java.util.concurrent.ThreadPoolExecutor$Worker.run(ThreadPoolExecutor.java:628)
  java.base@11.0.29/java.lang.Thread.run(Thread.java:829)
Thread 119 'ClassGraph-worker-78':
  java.base@11.0.29/jdk.internal.misc.Unsafe.park(Native Method)
  java.base@11.0.29/java.util.concurrent.locks.LockSupport.park(LockSupport.java:194)
  java.base@11.0.29/java.util.concurrent.locks.AbstractQueuedSynchronizer$ConditionObject.await(AbstractQueuedSynchronizer.java:2081)
  java.base@11.0.29/java.util.concurrent.LinkedBlockingQueue.take(LinkedBlockingQueue.java:433)
  java.base@11.0.29/java.util.concurrent.ThreadPoolExecutor.getTask(ThreadPoolExecutor.java:1054)
  java.base@11.0.29/java.util.concurrent.ThreadPoolExecutor.runWorker(ThreadPoolExecutor.java:1114)
  java.base@11.0.29/java.util.concurrent.ThreadPoolExecutor$Worker.run(ThreadPoolExecutor.java:628)
  java.base@11.0.29/java.lang.Thread.run(Thread.java:829)
Thread 82 'ClassGraph-worker-41':
  java.base@11.0.29/jdk.internal.misc.Unsafe.park(Native Method)
  java.base@11.0.29/java.util.concurrent.locks.LockSupport.park(LockSupport.java:194)
  java.base@11.0.29/java.util.concurrent.locks.AbstractQueuedSynchronizer$ConditionObject.await(AbstractQueuedSynchronizer.java:2081)
  java.base@11.0.29/java.util.concurrent.LinkedBlockingQueue.take(LinkedBlockingQueue.java:433)
  java.base@11.0.29/java.util.concurrent.ThreadPoolExecutor.getTask(ThreadPoolExecutor.java:1054)
  java.base@11.0.29/java.util.concurrent.ThreadPoolExecutor.runWorker(ThreadPoolExecutor.java:1114)
  java.base@11.0.29/java.util.concurrent.ThreadPoolExecutor$Worker.run(ThreadPoolExecutor.java:628)
  java.base@11.0.29/java.lang.Thread.run(Thread.java:829)
Thread 63 'ClassGraph-worker-22':
  java.base@11.0.29/jdk.internal.misc.Unsafe.park(Native Method)
  java.base@11.0.29/java.util.concurrent.locks.LockSupport.park(LockSupport.java:194)
  java.base@11.0.29/java.util.concurrent.locks.AbstractQueuedSynchronizer$ConditionObject.await(AbstractQueuedSynchronizer.java:2081)
  java.base@11.0.29/java.util.concurrent.LinkedBlockingQueue.take(LinkedBlockingQueue.java:433)
  java.base@11.0.29/java.util.concurrent.ThreadPoolExecutor.getTask(ThreadPoolExecutor.java:1054)
  java.base@11.0.29/java.util.concurrent.ThreadPoolExecutor.runWorker(ThreadPoolExecutor.java:1114)
  java.base@11.0.29/java.util.concurrent.ThreadPoolExecutor$Worker.run(ThreadPoolExecutor.java:628)
  java.base@11.0.29/java.lang.Thread.run(Thread.java:829)
Thread 100 'ClassGraph-worker-59':
  java.base@11.0.29/jdk.internal.misc.Unsafe.park(Native Method)
  java.base@11.0.29/java.util.concurrent.locks.LockSupport.park(LockSupport.java:194)
  java.base@11.0.29/java.util.concurrent.locks.AbstractQueuedSynchronizer$ConditionObject.await(AbstractQueuedSynchronizer.java:2081)
  java.base@11.0.29/java.util.concurrent.LinkedBlockingQueue.take(LinkedBlockingQueue.java:433)
  java.base@11.0.29/java.util.concurrent.ThreadPoolExecutor.getTask(ThreadPoolExecutor.java:1054)
  java.base@11.0.29/java.util.concurrent.ThreadPoolExecutor.runWorker(ThreadPoolExecutor.java:1114)
  java.base@11.0.29/java.util.concurrent.ThreadPoolExecutor$Worker.run(ThreadPoolExecutor.java:628)
  java.base@11.0.29/java.lang.Thread.run(Thread.java:829)
Thread 70 'ClassGraph-worker-29':
  java.base@11.0.29/jdk.internal.misc.Unsafe.park(Native Method)
  java.base@11.0.29/java.util.concurrent.locks.LockSupport.park(LockSupport.java:194)
  java.base@11.0.29/java.util.concurrent.locks.AbstractQueuedSynchronizer$ConditionObject.await(AbstractQueuedSynchronizer.java:2081)
  java.base@11.0.29/java.util.concurrent.LinkedBlockingQueue.take(LinkedBlockingQueue.java:433)
  java.base@11.0.29/java.util.concurrent.ThreadPoolExecutor.getTask(ThreadPoolExecutor.java:1054)
  java.base@11.0.29/java.util.concurrent.ThreadPoolExecutor.runWorker(ThreadPoolExecutor.java:1114)
  java.base@11.0.29/java.util.concurrent.ThreadPoolExecutor$Worker.run(ThreadPoolExecutor.java:628)
  java.base@11.0.29/java.lang.Thread.run(Thread.java:829)
Thread 59 'ClassGraph-worker-18':
  java.base@11.0.29/jdk.internal.misc.Unsafe.park(Native Method)
  java.base@11.0.29/java.util.concurrent.locks.LockSupport.park(LockSupport.java:194)
  java.base@11.0.29/java.util.concurrent.locks.AbstractQueuedSynchronizer$ConditionObject.await(AbstractQueuedSynchronizer.java:2081)
  java.base@11.0.29/java.util.concurrent.LinkedBlockingQueue.take(LinkedBlockingQueue.java:433)
  java.base@11.0.29/java.util.concurrent.ThreadPoolExecutor.getTask(ThreadPoolExecutor.java:1054)
  java.base@11.0.29/java.util.concurrent.ThreadPoolExecutor.runWorker(ThreadPoolExecutor.java:1114)
  java.base@11.0.29/java.util.concurrent.ThreadPoolExecutor$Worker.run(ThreadPoolExecutor.java:628)
  java.base@11.0.29/java.lang.Thread.run(Thread.java:829)
Thread 77 'ClassGraph-worker-36':
  java.base@11.0.29/jdk.internal.misc.Unsafe.park(Native Method)
  java.base@11.0.29/java.util.concurrent.locks.LockSupport.park(LockSupport.java:194)
  java.base@11.0.29/java.util.concurrent.locks.AbstractQueuedSynchronizer$ConditionObject.await(AbstractQueuedSynchronizer.java:2081)
  java.base@11.0.29/java.util.concurrent.LinkedBlockingQueue.take(LinkedBlockingQueue.java:433)
  java.base@11.0.29/java.util.concurrent.ThreadPoolExecutor.getTask(ThreadPoolExecutor.java:1054)
  java.base@11.0.29/java.util.concurrent.ThreadPoolExecutor.runWorker(ThreadPoolExecutor.java:1114)
  java.base@11.0.29/java.util.concurrent.ThreadPoolExecutor$Worker.run(ThreadPoolExecutor.java:628)
  java.base@11.0.29/java.lang.Thread.run(Thread.java:829)
Thread 29 'grpc-default-executor-0':
  java.base@11.0.29/jdk.internal.misc.Unsafe.park(Native Method)
  java.base@11.0.29/java.util.concurrent.locks.LockSupport.parkNanos(LockSupport.java:234)
  java.base@11.0.29/java.util.concurrent.SynchronousQueue$TransferStack.awaitFulfill(SynchronousQueue.java:462)
  java.base@11.0.29/java.util.concurrent.SynchronousQueue$TransferStack.transfer(SynchronousQueue.java:361)
  java.base@11.0.29/java.util.concurrent.SynchronousQueue.poll(SynchronousQueue.java:937)
  java.base@11.0.29/java.util.concurrent.ThreadPoolExecutor.getTask(ThreadPoolExecutor.java:1053)
  java.base@11.0.29/java.util.concurrent.ThreadPoolExecutor.runWorker(ThreadPoolExecutor.java:1114)
  java.base@11.0.29/java.util.concurrent.ThreadPoolExecutor$Worker.run(ThreadPoolExecutor.java:628)
  java.base@11.0.29/java.lang.Thread.run(Unknown Source)
Thread 123 'ClassGraph-worker-82':
  java.base@11.0.29/jdk.internal.misc.Unsafe.park(Native Method)
  java.base@11.0.29/java.util.concurrent.locks.LockSupport.park(LockSupport.java:194)
  java.base@11.0.29/java.util.concurrent.locks.AbstractQueuedSynchronizer$ConditionObject.await(AbstractQueuedSynchronizer.java:2081)
  java.base@11.0.29/java.util.concurrent.LinkedBlockingQueue.take(LinkedBlockingQueue.java:433)
  java.base@11.0.29/java.util.concurrent.ThreadPoolExecutor.getTask(ThreadPoolExecutor.java:1054)
  java.base@11.0.29/java.util.concurrent.ThreadPoolExecutor.runWorker(ThreadPoolExecutor.java:1114)
  java.base@11.0.29/java.util.concurrent.ThreadPoolExecutor$Worker.run(ThreadPoolExecutor.java:628)
  java.base@11.0.29/java.lang.Thread.run(Thread.java:829)
Thread 21 'JFR Periodic Tasks':
  java.base@11.0.29/java.lang.Object.wait(Native Method)
  jdk.jfr@11.0.29/jdk.jfr.internal.PlatformRecorder.takeNap(PlatformRecorder.java:448)
  jdk.jfr@11.0.29/jdk.jfr.internal.PlatformRecorder.periodicTask(PlatformRecorder.java:441)
  jdk.jfr@11.0.29/jdk.jfr.internal.PlatformRecorder.lambda$startDiskMonitor$1(PlatformRecorder.java:386)
  jdk.jfr@11.0.29/jdk.jfr.internal.PlatformRecorder$$Lambda$64/0x00000008000f8040.run(Unknown Source)
  java.base@11.0.29/java.lang.Thread.run(Unknown Source)
Thread 85 'ClassGraph-worker-44':
  java.base@11.0.29/jdk.internal.misc.Unsafe.park(Native Method)
  java.base@11.0.29/java.util.concurrent.locks.LockSupport.park(LockSupport.java:194)
  java.base@11.0.29/java.util.concurrent.locks.AbstractQueuedSynchronizer$ConditionObject.await(AbstractQueuedSynchronizer.java:2081)
  java.base@11.0.29/java.util.concurrent.LinkedBlockingQueue.take(LinkedBlockingQueue.java:433)
  java.base@11.0.29/java.util.concurrent.ThreadPoolExecutor.getTask(ThreadPoolExecutor.java:1054)
  java.base@11.0.29/java.util.concurrent.ThreadPoolExecutor.runWorker(ThreadPoolExecutor.java:1114)
  java.base@11.0.29/java.util.concurrent.ThreadPoolExecutor$Worker.run(ThreadPoolExecutor.java:628)
  java.base@11.0.29/java.lang.Thread.run(Thread.java:829)
Thread 99 'ClassGraph-worker-58':
  java.base@11.0.29/jdk.internal.misc.Unsafe.park(Native Method)
  java.base@11.0.29/java.util.concurrent.locks.LockSupport.park(LockSupport.java:194)
  java.base@11.0.29/java.util.concurrent.locks.AbstractQueuedSynchronizer$ConditionObject.await(AbstractQueuedSynchronizer.java:2081)
  java.base@11.0.29/java.util.concurrent.LinkedBlockingQueue.take(LinkedBlockingQueue.java:433)
  java.base@11.0.29/java.util.concurrent.ThreadPoolExecutor.getTask(ThreadPoolExecutor.java:1054)
  java.base@11.0.29/java.util.concurrent.ThreadPoolExecutor.runWorker(ThreadPoolExecutor.java:1114)
  java.base@11.0.29/java.util.concurrent.ThreadPoolExecutor$Worker.run(ThreadPoolExecutor.java:628)
  java.base@11.0.29/java.lang.Thread.run(Thread.java:829)
Thread 120 'ClassGraph-worker-79':
  java.base@11.0.29/jdk.internal.misc.Unsafe.park(Native Method)
  java.base@11.0.29/java.util.concurrent.locks.LockSupport.park(LockSupport.java:194)
  java.base@11.0.29/java.util.concurrent.locks.AbstractQueuedSynchronizer$ConditionObject.await(AbstractQueuedSynchronizer.java:2081)
  java.base@11.0.29/java.util.concurrent.LinkedBlockingQueue.take(LinkedBlockingQueue.java:433)
  java.base@11.0.29/java.util.concurrent.ThreadPoolExecutor.getTask(ThreadPoolExecutor.java:1054)
  java.base@11.0.29/java.util.concurrent.ThreadPoolExecutor.runWorker(ThreadPoolExecutor.java:1114)
  java.base@11.0.29/java.util.concurrent.ThreadPoolExecutor$Worker.run(ThreadPoolExecutor.java:628)
  java.base@11.0.29/java.lang.Thread.run(Thread.java:829)
Thread 28 'grpc-default-worker-ELG-1-2':
  io.grpc.netty.shaded.io.netty.buffer.AbstractByteBuf.ensureAccessible(SourceFile:1453)
  io.grpc.netty.shaded.io.netty.buffer.AbstractByteBuf.checkReadableBytes0(SourceFile:1440)
  io.grpc.netty.shaded.io.netty.buffer.AbstractByteBuf.readInt(SourceFile:809)
  io.grpc.netty.shaded.io.netty.handler.codec.http2.Http2CodecUtil.readUnsignedInt(SourceFile:204)
  io.grpc.netty.shaded.io.netty.handler.codec.http2.DefaultHttp2FrameReader.processHeaderState(SourceFile:191)
  io.grpc.netty.shaded.io.netty.handler.codec.http2.DefaultHttp2FrameReader.readFrame(SourceFile:147)
  io.grpc.netty.shaded.io.netty.handler.codec.http2.Http2InboundFrameLogger.readFrame(SourceFile:41)
  io.grpc.netty.shaded.io.netty.handler.codec.http2.DefaultHttp2ConnectionDecoder.decodeFrame(SourceFile:173)
  io.grpc.netty.shaded.io.netty.handler.codec.http2.Http2ConnectionHandler$FrameDecoder.decode(SourceFile:393)
  io.grpc.netty.shaded.io.netty.handler.codec.http2.Http2ConnectionHandler.decode(SourceFile:453)
  io.grpc.netty.shaded.io.netty.handler.codec.ByteToMessageDecoder.decodeRemovalReentryProtection(SourceFile:510)
  io.grpc.netty.shaded.io.netty.handler.codec.ByteToMessageDecoder.callDecode(SourceFile:449)
  io.grpc.netty.shaded.io.netty.handler.codec.ByteToMessageDecoder.channelRead(SourceFile:279)
  io.grpc.netty.shaded.io.netty.channel.AbstractChannelHandlerContext.invokeChannelRead(SourceFile:379)
  io.grpc.netty.shaded.io.netty.channel.AbstractChannelHandlerContext.invokeChannelRead(SourceFile:365)
  io.grpc.netty.shaded.io.netty.channel.AbstractChannelHandlerContext.fireChannelRead(SourceFile:357)
  io.grpc.netty.shaded.io.netty.channel.DefaultChannelPipeline$HeadContext.channelRead(SourceFile:1410)
  io.grpc.netty.shaded.io.netty.channel.AbstractChannelHandlerContext.invokeChannelRead(SourceFile:379)
  io.grpc.netty.shaded.io.netty.channel.AbstractChannelHandlerContext.invokeChannelRead(SourceFile:365)
  io.grpc.netty.shaded.io.netty.channel.DefaultChannelPipeline.fireChannelRead(SourceFile:919)
  io.grpc.netty.shaded.io.netty.channel.epoll.AbstractEpollStreamChannel$EpollStreamUnsafe.epollInReady(SourceFile:800)
  io.grpc.netty.shaded.io.netty.channel.epoll.EpollEventLoop.processReady(SourceFile:487)
  io.grpc.netty.shaded.io.netty.channel.epoll.EpollEventLoop.run(SourceFile:385)
  io.grpc.netty.shaded.io.netty.util.concurrent.SingleThreadEventExecutor$4.run(SourceFile:997)
  io.grpc.netty.shaded.io.netty.util.internal.ThreadExecutorMap$2.run(SourceFile:74)
  io.grpc.netty.shaded.io.netty.util.concurrent.FastThreadLocalRunnable.run(SourceFile:30)
  java.base@11.0.29/java.lang.Thread.run(Unknown Source)
Thread 45 'ClassGraph-worker-4':
  java.base@11.0.29/jdk.internal.misc.Unsafe.park(Native Method)
  java.base@11.0.29/java.util.concurrent.locks.LockSupport.park(LockSupport.java:194)
  java.base@11.0.29/java.util.concurrent.locks.AbstractQueuedSynchronizer$ConditionObject.await(AbstractQueuedSynchronizer.java:2081)
  java.base@11.0.29/java.util.concurrent.LinkedBlockingQueue.take(LinkedBlockingQueue.java:433)
  java.base@11.0.29/java.util.concurrent.ThreadPoolExecutor.getTask(ThreadPoolExecutor.java:1054)
  java.base@11.0.29/java.util.concurrent.ThreadPoolExecutor.runWorker(ThreadPoolExecutor.java:1114)
  java.base@11.0.29/java.util.concurrent.ThreadPoolExecutor$Worker.run(ThreadPoolExecutor.java:628)
  java.base@11.0.29/java.lang.Thread.run(Thread.java:829)
Thread 118 'ClassGraph-worker-77':
  java.base@11.0.29/jdk.internal.misc.Unsafe.park(Native Method)
  java.base@11.0.29/java.util.concurrent.locks.LockSupport.park(LockSupport.java:194)
  java.base@11.0.29/java.util.concurrent.locks.AbstractQueuedSynchronizer$ConditionObject.await(AbstractQueuedSynchronizer.java:2081)
  java.base@11.0.29/java.util.concurrent.LinkedBlockingQueue.take(LinkedBlockingQueue.java:433)
  java.base@11.0.29/java.util.concurrent.ThreadPoolExecutor.getTask(ThreadPoolExecutor.java:1054)
  java.base@11.0.29/java.util.concurrent.ThreadPoolExecutor.runWorker(ThreadPoolExecutor.java:1114)
  java.base@11.0.29/java.util.concurrent.ThreadPoolExecutor$Worker.run(ThreadPoolExecutor.java:628)
  java.base@11.0.29/java.lang.Thread.run(Thread.java:829)
Thread 49 'ClassGraph-worker-8':
  java.base@11.0.29/jdk.internal.misc.Unsafe.park(Native Method)
  java.base@11.0.29/java.util.concurrent.locks.LockSupport.park(LockSupport.java:194)
  java.base@11.0.29/java.util.concurrent.locks.AbstractQueuedSynchronizer$ConditionObject.await(AbstractQueuedSynchronizer.java:2081)
  java.base@11.0.29/java.util.concurrent.LinkedBlockingQueue.take(LinkedBlockingQueue.java:433)
  java.base@11.0.29/java.util.concurrent.ThreadPoolExecutor.getTask(ThreadPoolExecutor.java:1054)
  java.base@11.0.29/java.util.concurrent.ThreadPoolExecutor.runWorker(ThreadPoolExecutor.java:1114)
  java.base@11.0.29/java.util.concurrent.ThreadPoolExecutor$Worker.run(ThreadPoolExecutor.java:628)
  java.base@11.0.29/java.lang.Thread.run(Thread.java:829)
Thread 124 'ClassGraph-worker-83':
  java.base@11.0.29/jdk.internal.misc.Unsafe.park(Native Method)
  java.base@11.0.29/java.util.concurrent.locks.LockSupport.park(LockSupport.java:194)
  java.base@11.0.29/java.util.concurrent.locks.AbstractQueuedSynchronizer$ConditionObject.await(AbstractQueuedSynchronizer.java:2081)
  java.base@11.0.29/java.util.concurrent.LinkedBlockingQueue.take(LinkedBlockingQueue.java:433)
  java.base@11.0.29/java.util.concurrent.ThreadPoolExecutor.getTask(ThreadPoolExecutor.java:1054)
  java.base@11.0.29/java.util.concurrent.ThreadPoolExecutor.runWorker(ThreadPoolExecutor.java:1114)
  java.base@11.0.29/java.util.concurrent.ThreadPoolExecutor$Worker.run(ThreadPoolExecutor.java:628)
  java.base@11.0.29/java.lang.Thread.run(Thread.java:829)
Thread 108 'ClassGraph-worker-67':
  java.base@11.0.29/jdk.internal.misc.Unsafe.park(Native Method)
  java.base@11.0.29/java.util.concurrent.locks.LockSupport.park(LockSupport.java:194)
  java.base@11.0.29/java.util.concurrent.locks.AbstractQueuedSynchronizer$ConditionObject.await(AbstractQueuedSynchronizer.java:2081)
  java.base@11.0.29/java.util.concurrent.LinkedBlockingQueue.take(LinkedBlockingQueue.java:433)
  java.base@11.0.29/java.util.concurrent.ThreadPoolExecutor.getTask(ThreadPoolExecutor.java:1054)
  java.base@11.0.29/java.util.concurrent.ThreadPoolExecutor.runWorker(ThreadPoolExecutor.java:1114)
  java.base@11.0.29/java.util.concurrent.ThreadPoolExecutor$Worker.run(ThreadPoolExecutor.java:628)
  java.base@11.0.29/java.lang.Thread.run(Thread.java:829)
Thread 43 'ClassGraph-worker-2':
  java.base@11.0.29/jdk.internal.misc.Unsafe.park(Native Method)
  java.base@11.0.29/java.util.concurrent.locks.LockSupport.park(LockSupport.java:194)
  java.base@11.0.29/java.util.concurrent.locks.AbstractQueuedSynchronizer$ConditionObject.await(AbstractQueuedSynchronizer.java:2081)
  java.base@11.0.29/java.util.concurrent.LinkedBlockingQueue.take(LinkedBlockingQueue.java:433)
  java.base@11.0.29/java.util.concurrent.ThreadPoolExecutor.getTask(ThreadPoolExecutor.java:1054)
  java.base@11.0.29/java.util.concurrent.ThreadPoolExecutor.runWorker(ThreadPoolExecutor.java:1114)
  java.base@11.0.29/java.util.concurrent.ThreadPoolExecutor$Worker.run(ThreadPoolExecutor.java:628)
  java.base@11.0.29/java.lang.Thread.run(Thread.java:829)
Thread 64 'ClassGraph-worker-23':
  java.base@11.0.29/jdk.internal.misc.Unsafe.park(Native Method)
  java.base@11.0.29/java.util.concurrent.locks.LockSupport.park(LockSupport.java:194)
  java.base@11.0.29/java.util.concurrent.locks.AbstractQueuedSynchronizer$ConditionObject.await(AbstractQueuedSynchronizer.java:2081)
  java.base@11.0.29/java.util.concurrent.LinkedBlockingQueue.take(LinkedBlockingQueue.java:433)
  java.base@11.0.29/java.util.concurrent.ThreadPoolExecutor.getTask(ThreadPoolExecutor.java:1054)
  java.base@11.0.29/java.util.concurrent.ThreadPoolExecutor.runWorker(ThreadPoolExecutor.java:1114)
  java.base@11.0.29/java.util.concurrent.ThreadPoolExecutor$Worker.run(ThreadPoolExecutor.java:628)
  java.base@11.0.29/java.lang.Thread.run(Thread.java:829)
Thread 114 'ClassGraph-worker-73':
  java.base@11.0.29/jdk.internal.misc.Unsafe.park(Native Method)
  java.base@11.0.29/java.util.concurrent.locks.LockSupport.park(LockSupport.java:194)
  java.base@11.0.29/java.util.concurrent.locks.AbstractQueuedSynchronizer$ConditionObject.await(AbstractQueuedSynchronizer.java:2081)
  java.base@11.0.29/java.util.concurrent.LinkedBlockingQueue.take(LinkedBlockingQueue.java:433)
  java.base@11.0.29/java.util.concurrent.ThreadPoolExecutor.getTask(ThreadPoolExecutor.java:1054)
  java.base@11.0.29/java.util.concurrent.ThreadPoolExecutor.runWorker(ThreadPoolExecutor.java:1114)
  java.base@11.0.29/java.util.concurrent.ThreadPoolExecutor$Worker.run(ThreadPoolExecutor.java:628)
  java.base@11.0.29/java.lang.Thread.run(Thread.java:829)
Thread 89 'ClassGraph-worker-48':
  java.base@11.0.29/jdk.internal.misc.Unsafe.park(Native Method)
  java.base@11.0.29/java.util.concurrent.locks.LockSupport.park(LockSupport.java:194)
  java.base@11.0.29/java.util.concurrent.locks.AbstractQueuedSynchronizer$ConditionObject.await(AbstractQueuedSynchronizer.java:2081)
  java.base@11.0.29/java.util.concurrent.LinkedBlockingQueue.take(LinkedBlockingQueue.java:433)
  java.base@11.0.29/java.util.concurrent.ThreadPoolExecutor.getTask(ThreadPoolExecutor.java:1054)
  java.base@11.0.29/java.util.concurrent.ThreadPoolExecutor.runWorker(ThreadPoolExecutor.java:1114)
  java.base@11.0.29/java.util.concurrent.ThreadPoolExecutor$Worker.run(ThreadPoolExecutor.java:628)
  java.base@11.0.29/java.lang.Thread.run(Thread.java:829)
Thread 80 'ClassGraph-worker-39':
  java.base@11.0.29/jdk.internal.misc.Unsafe.park(Native Method)
  java.base@11.0.29/java.util.concurrent.locks.LockSupport.park(LockSupport.java:194)
  java.base@11.0.29/java.util.concurrent.locks.AbstractQueuedSynchronizer$ConditionObject.await(AbstractQueuedSynchronizer.java:2081)
  java.base@11.0.29/java.util.concurrent.LinkedBlockingQueue.take(LinkedBlockingQueue.java:433)
  java.base@11.0.29/java.util.concurrent.ThreadPoolExecutor.getTask(ThreadPoolExecutor.java:1054)
  java.base@11.0.29/java.util.concurrent.ThreadPoolExecutor.runWorker(ThreadPoolExecutor.java:1114)
  java.base@11.0.29/java.util.concurrent.ThreadPoolExecutor$Worker.run(ThreadPoolExecutor.java:628)
  java.base@11.0.29/java.lang.Thread.run(Thread.java:829)
Thread 126 'ClassGraph-worker-85':
  java.base@11.0.29/jdk.internal.misc.Unsafe.park(Native Method)
  java.base@11.0.29/java.util.concurrent.locks.LockSupport.park(LockSupport.java:194)
  java.base@11.0.29/java.util.concurrent.locks.AbstractQueuedSynchronizer$ConditionObject.await(AbstractQueuedSynchronizer.java:2081)
  java.base@11.0.29/java.util.concurrent.LinkedBlockingQueue.take(LinkedBlockingQueue.java:433)
  java.base@11.0.29/java.util.concurrent.ThreadPoolExecutor.getTask(ThreadPoolExecutor.java:1054)
  java.base@11.0.29/java.util.concurrent.ThreadPoolExecutor.runWorker(ThreadPoolExecutor.java:1114)
  java.base@11.0.29/java.util.concurrent.ThreadPoolExecutor$Worker.run(ThreadPoolExecutor.java:628)
  java.base@11.0.29/java.lang.Thread.run(Thread.java:829)
Thread 60 'ClassGraph-worker-19':
  java.base@11.0.29/jdk.internal.misc.Unsafe.park(Native Method)
  java.base@11.0.29/java.util.concurrent.locks.LockSupport.park(LockSupport.java:194)
  java.base@11.0.29/java.util.concurrent.locks.AbstractQueuedSynchronizer$ConditionObject.await(AbstractQueuedSynchronizer.java:2081)
  java.base@11.0.29/java.util.concurrent.LinkedBlockingQueue.take(LinkedBlockingQueue.java:433)
  java.base@11.0.29/java.util.concurrent.ThreadPoolExecutor.getTask(ThreadPoolExecutor.java:1054)
  java.base@11.0.29/java.util.concurrent.ThreadPoolExecutor.runWorker(ThreadPoolExecutor.java:1114)
  java.base@11.0.29/java.util.concurrent.ThreadPoolExecutor$Worker.run(ThreadPoolExecutor.java:628)
  java.base@11.0.29/java.lang.Thread.run(Thread.java:829)
Thread 86 'ClassGraph-worker-45':
  java.base@11.0.29/jdk.internal.misc.Unsafe.park(Native Method)
  java.base@11.0.29/java.util.concurrent.locks.LockSupport.park(LockSupport.java:194)
  java.base@11.0.29/java.util.concurrent.locks.AbstractQueuedSynchronizer$ConditionObject.await(AbstractQueuedSynchronizer.java:2081)
  java.base@11.0.29/java.util.concurrent.LinkedBlockingQueue.take(LinkedBlockingQueue.java:433)
  java.base@11.0.29/java.util.concurrent.ThreadPoolExecutor.getTask(ThreadPoolExecutor.java:1054)
  java.base@11.0.29/java.util.concurrent.ThreadPoolExecutor.runWorker(ThreadPoolExecutor.java:1114)
  java.base@11.0.29/java.util.concurrent.ThreadPoolExecutor$Worker.run(ThreadPoolExecutor.java:628)
  java.base@11.0.29/java.lang.Thread.run(Thread.java:829)
Thread 101 'ClassGraph-worker-60':
  java.base@11.0.29/jdk.internal.misc.Unsafe.park(Native Method)
  java.base@11.0.29/java.util.concurrent.locks.LockSupport.park(LockSupport.java:194)
  java.base@11.0.29/java.util.concurrent.locks.AbstractQueuedSynchronizer$ConditionObject.await(AbstractQueuedSynchronizer.java:2081)
  java.base@11.0.29/java.util.concurrent.LinkedBlockingQueue.take(LinkedBlockingQueue.java:433)
  java.base@11.0.29/java.util.concurrent.ThreadPoolExecutor.getTask(ThreadPoolExecutor.java:1054)
  java.base@11.0.29/java.util.concurrent.ThreadPoolExecutor.runWorker(ThreadPoolExecutor.java:1114)
  java.base@11.0.29/java.util.concurrent.ThreadPoolExecutor$Worker.run(ThreadPoolExecutor.java:628)
  java.base@11.0.29/java.lang.Thread.run(Thread.java:829)
Thread 4 'Signal Dispatcher':
Thread 92 'ClassGraph-worker-51':
  java.base@11.0.29/jdk.internal.misc.Unsafe.park(Native Method)
  java.base@11.0.29/java.util.concurrent.locks.LockSupport.park(LockSupport.java:194)
  java.base@11.0.29/java.util.concurrent.locks.AbstractQueuedSynchronizer$ConditionObject.await(AbstractQueuedSynchronizer.java:2081)
  java.base@11.0.29/java.util.concurrent.LinkedBlockingQueue.take(LinkedBlockingQueue.java:433)
  java.base@11.0.29/java.util.concurrent.ThreadPoolExecutor.getTask(ThreadPoolExecutor.java:1054)
  java.base@11.0.29/java.util.concurrent.ThreadPoolExecutor.runWorker(ThreadPoolExecutor.java:1114)
  java.base@11.0.29/java.util.concurrent.ThreadPoolExecutor$Worker.run(ThreadPoolExecutor.java:628)
  java.base@11.0.29/java.lang.Thread.run(Thread.java:829)
Thread 34 'PeriodicWatchdogResetTimer':
  java.base@11.0.29/java.lang.Object.wait(Native Method)
  java.base@11.0.29/java.lang.Object.wait(Object.java:328)
  java.base@11.0.29/java.util.TimerThread.mainLoop(Timer.java:527)
  java.base@11.0.29/java.util.TimerThread.run(Timer.java:506)
Thread 40 'TimedExecutor-5':
  java.base@11.0.29/jdk.internal.misc.Unsafe.park(Native Method)
  java.base@11.0.29/java.util.concurrent.locks.LockSupport.park(LockSupport.java:194)
  java.base@11.0.29/java.util.concurrent.locks.AbstractQueuedSynchronizer$ConditionObject.await(AbstractQueuedSynchronizer.java:2081)
  java.base@11.0.29/java.util.concurrent.ArrayBlockingQueue.take(ArrayBlockingQueue.java:417)
  com.diffblue.cover.sandbox.execution.TaskQueueRunner.run(SourceFile:39)
  com.diffblue.cover.sandbox.execution.WorkerThread.run(SourceFile:265)
Thread 115 'ClassGraph-worker-74':
  java.base@11.0.29/jdk.internal.misc.Unsafe.park(Native Method)
  java.base@11.0.29/java.util.concurrent.locks.LockSupport.park(LockSupport.java:194)
  java.base@11.0.29/java.util.concurrent.locks.AbstractQueuedSynchronizer$ConditionObject.await(AbstractQueuedSynchronizer.java:2081)
  java.base@11.0.29/java.util.concurrent.LinkedBlockingQueue.take(LinkedBlockingQueue.java:433)
  java.base@11.0.29/java.util.concurrent.ThreadPoolExecutor.getTask(ThreadPoolExecutor.java:1054)
  java.base@11.0.29/java.util.concurrent.ThreadPoolExecutor.runWorker(ThreadPoolExecutor.java:1114)
  java.base@11.0.29/java.util.concurrent.ThreadPoolExecutor$Worker.run(ThreadPoolExecutor.java:628)
  java.base@11.0.29/java.lang.Thread.run(Thread.java:829)
Thread 44 'ClassGraph-worker-3':
  java.base@11.0.29/jdk.internal.misc.Unsafe.park(Native Method)
  java.base@11.0.29/java.util.concurrent.locks.LockSupport.park(LockSupport.java:194)
  java.base@11.0.29/java.util.concurrent.locks.AbstractQueuedSynchronizer$ConditionObject.await(AbstractQueuedSynchronizer.java:2081)
  java.base@11.0.29/java.util.concurrent.LinkedBlockingQueue.take(LinkedBlockingQueue.java:433)
  java.base@11.0.29/java.util.concurrent.ThreadPoolExecutor.getTask(ThreadPoolExecutor.java:1054)
  java.base@11.0.29/java.util.concurrent.ThreadPoolExecutor.runWorker(ThreadPoolExecutor.java:1114)
  java.base@11.0.29/java.util.concurrent.ThreadPoolExecutor$Worker.run(ThreadPoolExecutor.java:628)
  java.base@11.0.29/java.lang.Thread.run(Thread.java:829)
Thread 68 'ClassGraph-worker-27':
  java.base@11.0.29/jdk.internal.misc.Unsafe.park(Native Method)
  java.base@11.0.29/java.util.concurrent.locks.LockSupport.park(LockSupport.java:194)
  java.base@11.0.29/java.util.concurrent.locks.AbstractQueuedSynchronizer$ConditionObject.await(AbstractQueuedSynchronizer.java:2081)
  java.base@11.0.29/java.util.concurrent.LinkedBlockingQueue.take(LinkedBlockingQueue.java:433)
  java.base@11.0.29/java.util.concurrent.ThreadPoolExecutor.getTask(ThreadPoolExecutor.java:1054)
  java.base@11.0.29/java.util.concurrent.ThreadPoolExecutor.runWorker(ThreadPoolExecutor.java:1114)
  java.base@11.0.29/java.util.concurrent.ThreadPoolExecutor$Worker.run(ThreadPoolExecutor.java:628)
  java.base@11.0.29/java.lang.Thread.run(Thread.java:829)
Thread 69 'ClassGraph-worker-28':
  java.base@11.0.29/jdk.internal.misc.Unsafe.park(Native Method)
  java.base@11.0.29/java.util.concurrent.locks.LockSupport.park(LockSupport.java:194)
  java.base@11.0.29/java.util.concurrent.locks.AbstractQueuedSynchronizer$ConditionObject.await(AbstractQueuedSynchronizer.java:2081)
  java.base@11.0.29/java.util.concurrent.LinkedBlockingQueue.take(LinkedBlockingQueue.java:433)
  java.base@11.0.29/java.util.concurrent.ThreadPoolExecutor.getTask(ThreadPoolExecutor.java:1054)
  java.base@11.0.29/java.util.concurrent.ThreadPoolExecutor.runWorker(ThreadPoolExecutor.java:1114)
  java.base@11.0.29/java.util.concurrent.ThreadPoolExecutor$Worker.run(ThreadPoolExecutor.java:628)
  java.base@11.0.29/java.lang.Thread.run(Thread.java:829)
Thread 97 'ClassGraph-worker-56':
  java.base@11.0.29/jdk.internal.misc.Unsafe.park(Native Method)
  java.base@11.0.29/java.util.concurrent.locks.LockSupport.park(LockSupport.java:194)
  java.base@11.0.29/java.util.concurrent.locks.AbstractQueuedSynchronizer$ConditionObject.await(AbstractQueuedSynchronizer.java:2081)
  java.base@11.0.29/java.util.concurrent.LinkedBlockingQueue.take(LinkedBlockingQueue.java:433)
  java.base@11.0.29/java.util.concurrent.ThreadPoolExecutor.getTask(ThreadPoolExecutor.java:1054)
  java.base@11.0.29/java.util.concurrent.ThreadPoolExecutor.runWorker(ThreadPoolExecutor.java:1114)
  java.base@11.0.29/java.util.concurrent.ThreadPoolExecutor$Worker.run(ThreadPoolExecutor.java:628)
  java.base@11.0.29/java.lang.Thread.run(Thread.java:829)
Thread 91 'ClassGraph-worker-50':
  java.base@11.0.29/jdk.internal.misc.Unsafe.park(Native Method)
  java.base@11.0.29/java.util.concurrent.locks.LockSupport.park(LockSupport.java:194)
  java.base@11.0.29/java.util.concurrent.locks.AbstractQueuedSynchronizer$ConditionObject.await(AbstractQueuedSynchronizer.java:2081)
  java.base@11.0.29/java.util.concurrent.LinkedBlockingQueue.take(LinkedBlockingQueue.java:433)
  java.base@11.0.29/java.util.concurrent.ThreadPoolExecutor.getTask(ThreadPoolExecutor.java:1054)
  java.base@11.0.29/java.util.concurrent.ThreadPoolExecutor.runWorker(ThreadPoolExecutor.java:1114)
  java.base@11.0.29/java.util.concurrent.ThreadPoolExecutor$Worker.run(ThreadPoolExecutor.java:628)
  java.base@11.0.29/java.lang.Thread.run(Thread.java:829)
Thread 116 'ClassGraph-worker-75':
  java.base@11.0.29/jdk.internal.misc.Unsafe.park(Native Method)
  java.base@11.0.29/java.util.concurrent.locks.LockSupport.park(LockSupport.java:194)
  java.base@11.0.29/java.util.concurrent.locks.AbstractQueuedSynchronizer$ConditionObject.await(AbstractQueuedSynchronizer.java:2081)
  java.base@11.0.29/java.util.concurrent.LinkedBlockingQueue.take(LinkedBlockingQueue.java:433)
  java.base@11.0.29/java.util.concurrent.ThreadPoolExecutor.getTask(ThreadPoolExecutor.java:1054)
  java.base@11.0.29/java.util.concurrent.ThreadPoolExecutor.runWorker(ThreadPoolExecutor.java:1114)
  java.base@11.0.29/java.util.concurrent.ThreadPoolExecutor$Worker.run(ThreadPoolExecutor.java:628)
  java.base@11.0.29/java.lang.Thread.run(Thread.java:829)
Thread 53 'ClassGraph-worker-12':
  java.base@11.0.29/jdk.internal.misc.Unsafe.park(Native Method)
  java.base@11.0.29/java.util.concurrent.locks.LockSupport.park(LockSupport.java:194)
  java.base@11.0.29/java.util.concurrent.locks.AbstractQueuedSynchronizer$ConditionObject.await(AbstractQueuedSynchronizer.java:2081)
  java.base@11.0.29/java.util.concurrent.LinkedBlockingQueue.take(LinkedBlockingQueue.java:433)
  java.base@11.0.29/java.util.concurrent.ThreadPoolExecutor.getTask(ThreadPoolExecutor.java:1054)
  java.base@11.0.29/java.util.concurrent.ThreadPoolExecutor.runWorker(ThreadPoolExecutor.java:1114)
  java.base@11.0.29/java.util.concurrent.ThreadPoolExecutor$Worker.run(ThreadPoolExecutor.java:628)
  java.base@11.0.29/java.lang.Thread.run(Thread.java:829)
Thread 55 'ClassGraph-worker-14':
  java.base@11.0.29/jdk.internal.misc.Unsafe.park(Native Method)
  java.base@11.0.29/java.util.concurrent.locks.LockSupport.park(LockSupport.java:194)
  java.base@11.0.29/java.util.concurrent.locks.AbstractQueuedSynchronizer$ConditionObject.await(AbstractQueuedSynchronizer.java:2081)
  java.base@11.0.29/java.util.concurrent.LinkedBlockingQueue.take(LinkedBlockingQueue.java:433)
  java.base@11.0.29/java.util.concurrent.ThreadPoolExecutor.getTask(ThreadPoolExecutor.java:1054)
  java.base@11.0.29/java.util.concurrent.ThreadPoolExecutor.runWorker(ThreadPoolExecutor.java:1114)
  java.base@11.0.29/java.util.concurrent.ThreadPoolExecutor$Worker.run(ThreadPoolExecutor.java:628)
  java.base@11.0.29/java.lang.Thread.run(Thread.java:829)
Thread 58 'ClassGraph-worker-17':
  java.base@11.0.29/jdk.internal.misc.Unsafe.park(Native Method)
  java.base@11.0.29/java.util.concurrent.locks.LockSupport.park(LockSupport.java:194)
  java.base@11.0.29/java.util.concurrent.locks.AbstractQueuedSynchronizer$ConditionObject.await(AbstractQueuedSynchronizer.java:2081)
  java.base@11.0.29/java.util.concurrent.LinkedBlockingQueue.take(LinkedBlockingQueue.java:433)
  java.base@11.0.29/java.util.concurrent.ThreadPoolExecutor.getTask(ThreadPoolExecutor.java:1054)
  java.base@11.0.29/java.util.concurrent.ThreadPoolExecutor.runWorker(ThreadPoolExecutor.java:1114)
  java.base@11.0.29/java.util.concurrent.ThreadPoolExecutor$Worker.run(ThreadPoolExecutor.java:628)
  java.base@11.0.29/java.lang.Thread.run(Thread.java:829)
Thread 33 'grpc-default-executor-1':
  java.base@11.0.29/java.lang.Object.wait(Native Method)
  java.base@11.0.29/java.lang.Thread.join(Thread.java:1300)
  java.base@11.0.29/java.lang.Thread.join(Thread.java:1375)
  com.diffblue.cover.sandbox.execution.WorkerThread.callWorkerThread(SourceFile:183)
  com.diffblue.cover.sandbox.a.a.a(SourceFile:63)
  com.diffblue.fuzztest.g.e.u(SourceFile:786)
  com.diffblue.fuzztest.g.e$$Lambda$774/0x00000008007f2040.call(Unknown Source)
  com.diffblue.cover.sandbox.execution.WrapExceptionsInBaseException.handleException(SourceFile:64)
  com.diffblue.cover.sandbox.execution.WrapThrowableInBaseException.lambda$run$0(SourceFile:26)
  com.diffblue.cover.sandbox.execution.WrapThrowableInBaseException$$Lambda$365/0x0000000800521c40.call(Unknown Source)
  com.diffblue.cover.sandbox.execution.WrapThrowableInBaseException.handleThrowable(SourceFile:37)
  com.diffblue.cover.sandbox.execution.WrapThrowableInBaseException.run(SourceFile:26)
  com.diffblue.fuzztest.g.e.a(SourceFile:785)
  com.diffblue.fuzztest.g.o.a(SourceFile:198)
  com.diffblue.cover.analysis.a.c$a.a(SourceFile:290)
  com.diffblue.cover.analysis.a.c$a$$Lambda$771/0x00000008007f1440.get(Unknown Source)
  com.diffblue.cover.analysis.a.c$a.a(SourceFile:124)
  com.diffblue.cover.analysis.a.c$a.tryAdvance(SourceFile:290)
  com.diffblue.cover.service.analyzer.a.c$a.a(SourceFile:2049)
  com.diffblue.cover.service.analyzer.a.a.m$h.invoke(SourceFile:719)
  io.grpc.stub.ServerCalls$UnaryServerCallHandler$UnaryServerCallListener.onHalfClose(SourceFile:182)
  io.grpc.internal.ServerCallImpl$ServerStreamListenerImpl.halfClosed(SourceFile:355)
  io.grpc.internal.ServerImpl$JumpToApplicationThreadServerStreamListener$1HalfClosed.runInContext(SourceFile:867)
  io.grpc.internal.ContextRunnable.run(SourceFile:37)
  io.grpc.internal.SerializingExecutor.run(SourceFile:133)
  java.base@11.0.29/java.util.concurrent.ThreadPoolExecutor.runWorker(ThreadPoolExecutor.java:1128)
  java.base@11.0.29/java.util.concurrent.ThreadPoolExecutor$Worker.run(ThreadPoolExecutor.java:628)
  java.base@11.0.29/java.lang.Thread.run(Unknown Source)
Thread 81 'ClassGraph-worker-40':
  java.base@11.0.29/jdk.internal.misc.Unsafe.park(Native Method)
  java.base@11.0.29/java.util.concurrent.locks.LockSupport.park(LockSupport.java:194)
  java.base@11.0.29/java.util.concurrent.locks.AbstractQueuedSynchronizer$ConditionObject.await(AbstractQueuedSynchronizer.java:2081)
  java.base@11.0.29/java.util.concurrent.LinkedBlockingQueue.take(LinkedBlockingQueue.java:433)
  java.base@11.0.29/java.util.concurrent.ThreadPoolExecutor.getTask(ThreadPoolExecutor.java:1054)
  java.base@11.0.29/java.util.concurrent.ThreadPoolExecutor.runWorker(ThreadPoolExecutor.java:1114)
  java.base@11.0.29/java.util.concurrent.ThreadPoolExecutor$Worker.run(ThreadPoolExecutor.java:628)
  java.base@11.0.29/java.lang.Thread.run(Thread.java:829)
Thread 72 'ClassGraph-worker-31':
  java.base@11.0.29/jdk.internal.misc.Unsafe.park(Native Method)
  java.base@11.0.29/java.util.concurrent.locks.LockSupport.park(LockSupport.java:194)
  java.base@11.0.29/java.util.concurrent.locks.AbstractQueuedSynchronizer$ConditionObject.await(AbstractQueuedSynchronizer.java:2081)
  java.base@11.0.29/java.util.concurrent.LinkedBlockingQueue.take(LinkedBlockingQueue.java:433)
  java.base@11.0.29/java.util.concurrent.ThreadPoolExecutor.getTask(ThreadPoolExecutor.java:1054)
  java.base@11.0.29/java.util.concurrent.ThreadPoolExecutor.runWorker(ThreadPoolExecutor.java:1114)
  java.base@11.0.29/java.util.concurrent.ThreadPoolExecutor$Worker.run(ThreadPoolExecutor.java:628)
  java.base@11.0.29/java.lang.Thread.run(Thread.java:829)
Thread 61 'ClassGraph-worker-20':
  java.base@11.0.29/jdk.internal.misc.Unsafe.park(Native Method)
  java.base@11.0.29/java.util.concurrent.locks.LockSupport.park(LockSupport.java:194)
  java.base@11.0.29/java.util.concurrent.locks.AbstractQueuedSynchronizer$ConditionObject.await(AbstractQueuedSynchronizer.java:2081)
  java.base@11.0.29/java.util.concurrent.LinkedBlockingQueue.take(LinkedBlockingQueue.java:433)
  java.base@11.0.29/java.util.concurrent.ThreadPoolExecutor.getTask(ThreadPoolExecutor.java:1054)
  java.base@11.0.29/java.util.concurrent.ThreadPoolExecutor.runWorker(ThreadPoolExecutor.java:1114)
  java.base@11.0.29/java.util.concurrent.ThreadPoolExecutor$Worker.run(ThreadPoolExecutor.java:628)
  java.base@11.0.29/java.lang.Thread.run(Thread.java:829)
Thread 117 'ClassGraph-worker-76':
  java.base@11.0.29/jdk.internal.misc.Unsafe.park(Native Method)
  java.base@11.0.29/java.util.concurrent.locks.LockSupport.park(LockSupport.java:194)
  java.base@11.0.29/java.util.concurrent.locks.AbstractQueuedSynchronizer$ConditionObject.await(AbstractQueuedSynchronizer.java:2081)
  java.base@11.0.29/java.util.concurrent.LinkedBlockingQueue.take(LinkedBlockingQueue.java:433)
  java.base@11.0.29/java.util.concurrent.ThreadPoolExecutor.getTask(ThreadPoolExecutor.java:1054)
  java.base@11.0.29/java.util.concurrent.ThreadPoolExecutor.runWorker(ThreadPoolExecutor.java:1114)
  java.base@11.0.29/java.util.concurrent.ThreadPoolExecutor$Worker.run(ThreadPoolExecutor.java:628)
  java.base@11.0.29/java.lang.Thread.run(Thread.java:829)
Thread 20 'JFR Recorder Thread':
Thread 47 'ClassGraph-worker-6':
  java.base@11.0.29/jdk.internal.misc.Unsafe.park(Native Method)
  java.base@11.0.29/java.util.concurrent.locks.LockSupport.park(LockSupport.java:194)
  java.base@11.0.29/java.util.concurrent.locks.AbstractQueuedSynchronizer$ConditionObject.await(AbstractQueuedSynchronizer.java:2081)
  java.base@11.0.29/java.util.concurrent.LinkedBlockingQueue.take(LinkedBlockingQueue.java:433)
  java.base@11.0.29/java.util.concurrent.ThreadPoolExecutor.getTask(ThreadPoolExecutor.java:1054)
  java.base@11.0.29/java.util.concurrent.ThreadPoolExecutor.runWorker(ThreadPoolExecutor.java:1114)
  java.base@11.0.29/java.util.concurrent.ThreadPoolExecutor$Worker.run(ThreadPoolExecutor.java:628)
  java.base@11.0.29/java.lang.Thread.run(Thread.java:829)
Thread 51 'ClassGraph-worker-10':
  java.base@11.0.29/jdk.internal.misc.Unsafe.park(Native Method)
  java.base@11.0.29/java.util.concurrent.locks.LockSupport.park(LockSupport.java:194)
  java.base@11.0.29/java.util.concurrent.locks.AbstractQueuedSynchronizer$ConditionObject.await(AbstractQueuedSynchronizer.java:2081)
  java.base@11.0.29/java.util.concurrent.LinkedBlockingQueue.take(LinkedBlockingQueue.java:433)
  java.base@11.0.29/java.util.concurrent.ThreadPoolExecutor.getTask(ThreadPoolExecutor.java:1054)
  java.base@11.0.29/java.util.concurrent.ThreadPoolExecutor.runWorker(ThreadPoolExecutor.java:1114)
  java.base@11.0.29/java.util.concurrent.ThreadPoolExecutor$Worker.run(ThreadPoolExecutor.java:628)
  java.base@11.0.29/java.lang.Thread.run(Thread.java:829)
Thread 103 'ClassGraph-worker-62':
  java.base@11.0.29/jdk.internal.misc.Unsafe.park(Native Method)
  java.base@11.0.29/java.util.concurrent.locks.LockSupport.park(LockSupport.java:194)
  java.base@11.0.29/java.util.concurrent.locks.AbstractQueuedSynchronizer$ConditionObject.await(AbstractQueuedSynchronizer.java:2081)
  java.base@11.0.29/java.util.concurrent.LinkedBlockingQueue.take(LinkedBlockingQueue.java:433)
  java.base@11.0.29/java.util.concurrent.ThreadPoolExecutor.getTask(ThreadPoolExecutor.java:1054)
  java.base@11.0.29/java.util.concurrent.ThreadPoolExecutor.runWorker(ThreadPoolExecutor.java:1114)
  java.base@11.0.29/java.util.concurrent.ThreadPoolExecutor$Worker.run(ThreadPoolExecutor.java:628)
  java.base@11.0.29/java.lang.Thread.run(Thread.java:829)
Thread 102 'ClassGraph-worker-61':
  java.base@11.0.29/jdk.internal.misc.Unsafe.park(Native Method)
  java.base@11.0.29/java.util.concurrent.locks.LockSupport.park(LockSupport.java:194)
  java.base@11.0.29/java.util.concurrent.locks.AbstractQueuedSynchronizer$ConditionObject.await(AbstractQueuedSynchronizer.java:2081)
  java.base@11.0.29/java.util.concurrent.LinkedBlockingQueue.take(LinkedBlockingQueue.java:433)
  java.base@11.0.29/java.util.concurrent.ThreadPoolExecutor.getTask(ThreadPoolExecutor.java:1054)
  java.base@11.0.29/java.util.concurrent.ThreadPoolExecutor.runWorker(ThreadPoolExecutor.java:1114)
  java.base@11.0.29/java.util.concurrent.ThreadPoolExecutor$Worker.run(ThreadPoolExecutor.java:628)
  java.base@11.0.29/java.lang.Thread.run(Thread.java:829)
Thread 25 'Service log dispatcher':
  java.base@11.0.29/jdk.internal.misc.Unsafe.park(Native Method)
  java.base@11.0.29/java.util.concurrent.locks.LockSupport.park(LockSupport.java:194)
  java.base@11.0.29/java.util.concurrent.locks.AbstractQueuedSynchronizer$ConditionObject.await(AbstractQueuedSynchronizer.java:2081)
  java.base@11.0.29/java.util.concurrent.LinkedBlockingQueue.take(LinkedBlockingQueue.java:433)
  com.diffblue.cover.logging.RemoteLogAppender$a.run(SourceFile:203)
Thread 90 'ClassGraph-worker-49':
  java.base@11.0.29/jdk.internal.misc.Unsafe.park(Native Method)
  java.base@11.0.29/java.util.concurrent.locks.LockSupport.park(LockSupport.java:194)
  java.base@11.0.29/java.util.concurrent.locks.AbstractQueuedSynchronizer$ConditionObject.await(AbstractQueuedSynchronizer.java:2081)
  java.base@11.0.29/java.util.concurrent.LinkedBlockingQueue.take(LinkedBlockingQueue.java:433)
  java.base@11.0.29/java.util.concurrent.ThreadPoolExecutor.getTask(ThreadPoolExecutor.java:1054)
  java.base@11.0.29/java.util.concurrent.ThreadPoolExecutor.runWorker(ThreadPoolExecutor.java:1114)
  java.base@11.0.29/java.util.concurrent.ThreadPoolExecutor$Worker.run(ThreadPoolExecutor.java:628)
  java.base@11.0.29/java.lang.Thread.run(Thread.java:829)
Thread 125 'ClassGraph-worker-84':
  java.base@11.0.29/jdk.internal.misc.Unsafe.park(Native Method)
  java.base@11.0.29/java.util.concurrent.locks.LockSupport.park(LockSupport.java:194)
  java.base@11.0.29/java.util.concurrent.locks.AbstractQueuedSynchronizer$ConditionObject.await(AbstractQueuedSynchronizer.java:2081)
  java.base@11.0.29/java.util.concurrent.LinkedBlockingQueue.take(LinkedBlockingQueue.java:433)
  java.base@11.0.29/java.util.concurrent.ThreadPoolExecutor.getTask(ThreadPoolExecutor.java:1054)
  java.base@11.0.29/java.util.concurrent.ThreadPoolExecutor.runWorker(ThreadPoolExecutor.java:1114)
  java.base@11.0.29/java.util.concurrent.ThreadPoolExecutor$Worker.run(ThreadPoolExecutor.java:628)
  java.base@11.0.29/java.lang.Thread.run(Thread.java:829)
Thread 56 'ClassGraph-worker-15':
  java.base@11.0.29/jdk.internal.misc.Unsafe.park(Native Method)
  java.base@11.0.29/java.util.concurrent.locks.LockSupport.park(LockSupport.java:194)
  java.base@11.0.29/java.util.concurrent.locks.AbstractQueuedSynchronizer$ConditionObject.await(AbstractQueuedSynchronizer.java:2081)
  java.base@11.0.29/java.util.concurrent.LinkedBlockingQueue.take(LinkedBlockingQueue.java:433)
  java.base@11.0.29/java.util.concurrent.ThreadPoolExecutor.getTask(ThreadPoolExecutor.java:1054)
  java.base@11.0.29/java.util.concurrent.ThreadPoolExecutor.runWorker(ThreadPoolExecutor.java:1114)
  java.base@11.0.29/java.util.concurrent.ThreadPoolExecutor$Worker.run(ThreadPoolExecutor.java:628)
  java.base@11.0.29/java.lang.Thread.run(Thread.java:829)
Thread 83 'ClassGraph-worker-42':
  java.base@11.0.29/jdk.internal.misc.Unsafe.park(Native Method)
  java.base@11.0.29/java.util.concurrent.locks.LockSupport.park(LockSupport.java:194)
  java.base@11.0.29/java.util.concurrent.locks.AbstractQueuedSynchronizer$ConditionObject.await(AbstractQueuedSynchronizer.java:2081)
  java.base@11.0.29/java.util.concurrent.LinkedBlockingQueue.take(LinkedBlockingQueue.java:433)
  java.base@11.0.29/java.util.concurrent.ThreadPoolExecutor.getTask(ThreadPoolExecutor.java:1054)
  java.base@11.0.29/java.util.concurrent.ThreadPoolExecutor.runWorker(ThreadPoolExecutor.java:1114)
  java.base@11.0.29/java.util.concurrent.ThreadPoolExecutor$Worker.run(ThreadPoolExecutor.java:628)
  java.base@11.0.29/java.lang.Thread.run(Thread.java:829)
Thread 19 'Common-Cleaner':
  java.base@11.0.29/java.lang.Object.wait(Native Method)
  java.base@11.0.29/java.lang.ref.ReferenceQueue.remove(ReferenceQueue.java:155)
  java.base@11.0.29/jdk.internal.ref.CleanerImpl.run(CleanerImpl.java:148)
  java.base@11.0.29/java.lang.Thread.run(Unknown Source)
  java.base@11.0.29/jdk.internal.misc.InnocuousThread.run(InnocuousThread.java:161)
Thread 107 'ClassGraph-worker-66':
  java.base@11.0.29/jdk.internal.misc.Unsafe.park(Native Method)
  java.base@11.0.29/java.util.concurrent.locks.LockSupport.park(LockSupport.java:194)
  java.base@11.0.29/java.util.concurrent.locks.AbstractQueuedSynchronizer$ConditionObject.await(AbstractQueuedSynchronizer.java:2081)
  java.base@11.0.29/java.util.concurrent.LinkedBlockingQueue.take(LinkedBlockingQueue.java:433)
  java.base@11.0.29/java.util.concurrent.ThreadPoolExecutor.getTask(ThreadPoolExecutor.java:1054)
  java.base@11.0.29/java.util.concurrent.ThreadPoolExecutor.runWorker(ThreadPoolExecutor.java:1114)
  java.base@11.0.29/java.util.concurrent.ThreadPoolExecutor$Worker.run(ThreadPoolExecutor.java:628)
  java.base@11.0.29/java.lang.Thread.run(Thread.java:829)
Thread 127 'ClassGraph-worker-86':
  java.base@11.0.29/jdk.internal.misc.Unsafe.park(Native Method)
  java.base@11.0.29/java.util.concurrent.locks.LockSupport.park(LockSupport.java:194)
  java.base@11.0.29/java.util.concurrent.locks.AbstractQueuedSynchronizer$ConditionObject.await(AbstractQueuedSynchronizer.java:2081)
  java.base@11.0.29/java.util.concurrent.LinkedBlockingQueue.take(LinkedBlockingQueue.java:433)
  java.base@11.0.29/java.util.concurrent.ThreadPoolExecutor.getTask(ThreadPoolExecutor.java:1054)
  java.base@11.0.29/java.util.concurrent.ThreadPoolExecutor.runWorker(ThreadPoolExecutor.java:1114)
  java.base@11.0.29/java.util.concurrent.ThreadPoolExecutor$Worker.run(ThreadPoolExecutor.java:628)
  java.base@11.0.29/java.lang.Thread.run(Thread.java:829)
Thread 112 'ClassGraph-worker-71':
  java.base@11.0.29/jdk.internal.misc.Unsafe.park(Native Method)
  java.base@11.0.29/java.util.concurrent.locks.LockSupport.park(LockSupport.java:194)
  java.base@11.0.29/java.util.concurrent.locks.AbstractQueuedSynchronizer$ConditionObject.await(AbstractQueuedSynchronizer.java:2081)
  java.base@11.0.29/java.util.concurrent.LinkedBlockingQueue.take(LinkedBlockingQueue.java:433)
  java.base@11.0.29/java.util.concurrent.ThreadPoolExecutor.getTask(ThreadPoolExecutor.java:1054)
  java.base@11.0.29/java.util.concurrent.ThreadPoolExecutor.runWorker(ThreadPoolExecutor.java:1114)
  java.base@11.0.29/java.util.concurrent.ThreadPoolExecutor$Worker.run(ThreadPoolExecutor.java:628)
  java.base@11.0.29/java.lang.Thread.run(Thread.java:829)
Thread 95 'ClassGraph-worker-54':
  java.base@11.0.29/jdk.internal.misc.Unsafe.park(Native Method)
  java.base@11.0.29/java.util.concurrent.locks.LockSupport.park(LockSupport.java:194)
  java.base@11.0.29/java.util.concurrent.locks.AbstractQueuedSynchronizer$ConditionObject.await(AbstractQueuedSynchronizer.java:2081)
  java.base@11.0.29/java.util.concurrent.LinkedBlockingQueue.take(LinkedBlockingQueue.java:433)
  java.base@11.0.29/java.util.concurrent.ThreadPoolExecutor.getTask(ThreadPoolExecutor.java:1054)
  java.base@11.0.29/java.util.concurrent.ThreadPoolExecutor.runWorker(ThreadPoolExecutor.java:1114)
  java.base@11.0.29/java.util.concurrent.ThreadPoolExecutor$Worker.run(ThreadPoolExecutor.java:628)
  java.base@11.0.29/java.lang.Thread.run(Thread.java:829)
Thread 84 'ClassGraph-worker-43':
  java.base@11.0.29/jdk.internal.misc.Unsafe.park(Native Method)
  java.base@11.0.29/java.util.concurrent.locks.LockSupport.park(LockSupport.java:194)
  java.base@11.0.29/java.util.concurrent.locks.AbstractQueuedSynchronizer$ConditionObject.await(AbstractQueuedSynchronizer.java:2081)
  java.base@11.0.29/java.util.concurrent.LinkedBlockingQueue.take(LinkedBlockingQueue.java:433)
  java.base@11.0.29/java.util.concurrent.ThreadPoolExecutor.getTask(ThreadPoolExecutor.java:1054)
  java.base@11.0.29/java.util.concurrent.ThreadPoolExecutor.runWorker(ThreadPoolExecutor.java:1114)
  java.base@11.0.29/java.util.concurrent.ThreadPoolExecutor$Worker.run(ThreadPoolExecutor.java:628)
  java.base@11.0.29/java.lang.Thread.run(Thread.java:829)
Thread 74 'ClassGraph-worker-33':
  java.base@11.0.29/jdk.internal.misc.Unsafe.park(Native Method)
  java.base@11.0.29/java.util.concurrent.locks.LockSupport.park(LockSupport.java:194)
  java.base@11.0.29/java.util.concurrent.locks.AbstractQueuedSynchronizer$ConditionObject.await(AbstractQueuedSynchronizer.java:2081)
  java.base@11.0.29/java.util.concurrent.LinkedBlockingQueue.take(LinkedBlockingQueue.java:433)
  java.base@11.0.29/java.util.concurrent.ThreadPoolExecutor.getTask(ThreadPoolExecutor.java:1054)
  java.base@11.0.29/java.util.concurrent.ThreadPoolExecutor.runWorker(ThreadPoolExecutor.java:1114)
  java.base@11.0.29/java.util.concurrent.ThreadPoolExecutor$Worker.run(ThreadPoolExecutor.java:628)
  java.base@11.0.29/java.lang.Thread.run(Thread.java:829)
Thread 30 'grpc-default-boss-ELG-3-1':
  io.grpc.netty.shaded.io.netty.channel.epoll.Native.epollWait(Native Method)
  io.grpc.netty.shaded.io.netty.channel.epoll.Native.epollWait(SourceFile:209)
  io.grpc.netty.shaded.io.netty.channel.epoll.Native.epollWait(SourceFile:202)
  io.grpc.netty.shaded.io.netty.channel.epoll.EpollEventLoop.epollWaitNoTimerChange(SourceFile:294)
  io.grpc.netty.shaded.io.netty.channel.epoll.EpollEventLoop.run(SourceFile:351)
  io.grpc.netty.shaded.io.netty.util.concurrent.SingleThreadEventExecutor$4.run(SourceFile:997)
  io.grpc.netty.shaded.io.netty.util.internal.ThreadExecutorMap$2.run(SourceFile:74)
  io.grpc.netty.shaded.io.netty.util.concurrent.FastThreadLocalRunnable.run(SourceFile:30)
  java.base@11.0.29/java.lang.Thread.run(Unknown Source)
Thread 67 'ClassGraph-worker-26':
  java.base@11.0.29/jdk.internal.misc.Unsafe.park(Native Method)
  java.base@11.0.29/java.util.concurrent.locks.LockSupport.park(LockSupport.java:194)
  java.base@11.0.29/java.util.concurrent.locks.AbstractQueuedSynchronizer$ConditionObject.await(AbstractQueuedSynchronizer.java:2081)
  java.base@11.0.29/java.util.concurrent.LinkedBlockingQueue.take(LinkedBlockingQueue.java:433)
  java.base@11.0.29/java.util.concurrent.ThreadPoolExecutor.getTask(ThreadPoolExecutor.java:1054)
  java.base@11.0.29/java.util.concurrent.ThreadPoolExecutor.runWorker(ThreadPoolExecutor.java:1114)
  java.base@11.0.29/java.util.concurrent.ThreadPoolExecutor$Worker.run(ThreadPoolExecutor.java:628)
  java.base@11.0.29/java.lang.Thread.run(Thread.java:829)
Thread 105 'ClassGraph-worker-64':
  java.base@11.0.29/jdk.internal.misc.Unsafe.park(Native Method)
  java.base@11.0.29/java.util.concurrent.locks.LockSupport.park(LockSupport.java:194)
  java.base@11.0.29/java.util.concurrent.locks.AbstractQueuedSynchronizer$ConditionObject.await(AbstractQueuedSynchronizer.java:2081)
  java.base@11.0.29/java.util.concurrent.LinkedBlockingQueue.take(LinkedBlockingQueue.java:433)
  java.base@11.0.29/java.util.concurrent.ThreadPoolExecutor.getTask(ThreadPoolExecutor.java:1054)
  java.base@11.0.29/java.util.concurrent.ThreadPoolExecutor.runWorker(ThreadPoolExecutor.java:1114)
  java.base@11.0.29/java.util.concurrent.ThreadPoolExecutor$Worker.run(ThreadPoolExecutor.java:628)
  java.base@11.0.29/java.lang.Thread.run(Thread.java:829)
Thread 1 'main':
  java.base@11.0.29/java.lang.Thread.dumpThreads(Native Method)
  java.base@11.0.29/java.lang.Thread.getAllStackTraces(Thread.java:1653)
  com.diffblue.cover.service.a.a.a.d(SourceFile:3190)
  com.diffblue.cover.service.a.a.b.a(SourceFile:180)
  com.diffblue.cover.service.analyzer.Main.main(SourceFile:46)
  java.base@11.0.29/jdk.internal.reflect.NativeMethodAccessorImpl.invoke0(Native Method)
  java.base@11.0.29/jdk.internal.reflect.NativeMethodAccessorImpl.invoke(NativeMethodAccessorImpl.java:62)
  java.base@11.0.29/jdk.internal.reflect.DelegatingMethodAccessorImpl.invoke(DelegatingMethodAccessorImpl.java:43)
  java.base@11.0.29/java.lang.reflect.Method.invoke(Method.java:566)
  com.diffblue.cover.launcher.Launcher.invokeMainMethod(Launcher.java:118)
  com.diffblue.cover.launcher.Launcher.main(Launcher.java:74)
Thread 31 'Thread-2':
  java.base@11.0.29/java.lang.Thread.sleep(Native Method)
  com.diffblue.cover.service.a.a.a$a.run(SourceFile:248)
Thread 52 'ClassGraph-worker-11':
  java.base@11.0.29/jdk.internal.misc.Unsafe.park(Native Method)
  java.base@11.0.29/java.util.concurrent.locks.LockSupport.park(LockSupport.java:194)
  java.base@11.0.29/java.util.concurrent.locks.AbstractQueuedSynchronizer$ConditionObject.await(AbstractQueuedSynchronizer.java:2081)
  java.base@11.0.29/java.util.concurrent.LinkedBlockingQueue.take(LinkedBlockingQueue.java:433)
  java.base@11.0.29/java.util.concurrent.ThreadPoolExecutor.getTask(ThreadPoolExecutor.java:1054)
  java.base@11.0.29/java.util.concurrent.ThreadPoolExecutor.runWorker(ThreadPoolExecutor.java:1114)
  java.base@11.0.29/java.util.concurrent.ThreadPoolExecutor$Worker.run(ThreadPoolExecutor.java:628)
  java.base@11.0.29/java.lang.Thread.run(Thread.java:829)
Thread 111 'ClassGraph-worker-70':
  java.base@11.0.29/jdk.internal.misc.Unsafe.park(Native Method)
  java.base@11.0.29/java.util.concurrent.locks.LockSupport.park(LockSupport.java:194)
  java.base@11.0.29/java.util.concurrent.locks.AbstractQueuedSynchronizer$ConditionObject.await(AbstractQueuedSynchronizer.java:2081)
  java.base@11.0.29/java.util.concurrent.LinkedBlockingQueue.take(LinkedBlockingQueue.java:433)
  java.base@11.0.29/java.util.concurrent.ThreadPoolExecutor.getTask(ThreadPoolExecutor.java:1054)
  java.base@11.0.29/java.util.concurrent.ThreadPoolExecutor.runWorker(ThreadPoolExecutor.java:1114)
  java.base@11.0.29/java.util.concurrent.ThreadPoolExecutor$Worker.run(ThreadPoolExecutor.java:628)
  java.base@11.0.29/java.lang.Thread.run(Thread.java:829)
Thread 94 'ClassGraph-worker-53':
  java.base@11.0.29/jdk.internal.misc.Unsafe.park(Native Method)
  java.base@11.0.29/java.util.concurrent.locks.LockSupport.park(LockSupport.java:194)
  java.base@11.0.29/java.util.concurrent.locks.AbstractQueuedSynchronizer$ConditionObject.await(AbstractQueuedSynchronizer.java:2081)
  java.base@11.0.29/java.util.concurrent.LinkedBlockingQueue.take(LinkedBlockingQueue.java:433)
  java.base@11.0.29/java.util.concurrent.ThreadPoolExecutor.getTask(ThreadPoolExecutor.java:1054)
  java.base@11.0.29/java.util.concurrent.ThreadPoolExecutor.runWorker(ThreadPoolExecutor.java:1114)
  java.base@11.0.29/java.util.concurrent.ThreadPoolExecutor$Worker.run(ThreadPoolExecutor.java:628)
  java.base@11.0.29/java.lang.Thread.run(Thread.java:829)
Thread 73 'ClassGraph-worker-32':
  java.base@11.0.29/jdk.internal.misc.Unsafe.park(Native Method)
  java.base@11.0.29/java.util.concurrent.locks.LockSupport.park(LockSupport.java:194)
  java.base@11.0.29/java.util.concurrent.locks.AbstractQueuedSynchronizer$ConditionObject.await(AbstractQueuedSynchronizer.java:2081)
  java.base@11.0.29/java.util.concurrent.LinkedBlockingQueue.take(LinkedBlockingQueue.java:433)
  java.base@11.0.29/java.util.concurrent.ThreadPoolExecutor.getTask(ThreadPoolExecutor.java:1054)
  java.base@11.0.29/java.util.concurrent.ThreadPoolExecutor.runWorker(ThreadPoolExecutor.java:1114)
  java.base@11.0.29/java.util.concurrent.ThreadPoolExecutor$Worker.run(ThreadPoolExecutor.java:628)
  java.base@11.0.29/java.lang.Thread.run(Thread.java:829)
Thread 104 'ClassGraph-worker-63':
  java.base@11.0.29/jdk.internal.misc.Unsafe.park(Native Method)
  java.base@11.0.29/java.util.concurrent.locks.LockSupport.park(LockSupport.java:194)
  java.base@11.0.29/java.util.concurrent.locks.AbstractQueuedSynchronizer$ConditionObject.await(AbstractQueuedSynchronizer.java:2081)
  java.base@11.0.29/java.util.concurrent.LinkedBlockingQueue.take(LinkedBlockingQueue.java:433)
  java.base@11.0.29/java.util.concurrent.ThreadPoolExecutor.getTask(ThreadPoolExecutor.java:1054)
  java.base@11.0.29/java.util.concurrent.ThreadPoolExecutor.runWorker(ThreadPoolExecutor.java:1114)
  java.base@11.0.29/java.util.concurrent.ThreadPoolExecutor$Worker.run(ThreadPoolExecutor.java:628)
  java.base@11.0.29/java.lang.Thread.run(Thread.java:829)
Thread 106 'ClassGraph-worker-65':
  java.base@11.0.29/jdk.internal.misc.Unsafe.park(Native Method)
  java.base@11.0.29/java.util.concurrent.locks.LockSupport.park(LockSupport.java:194)
  java.base@11.0.29/java.util.concurrent.locks.AbstractQueuedSynchronizer$ConditionObject.await(AbstractQueuedSynchronizer.java:2081)
  java.base@11.0.29/java.util.concurrent.LinkedBlockingQueue.take(LinkedBlockingQueue.java:433)
  java.base@11.0.29/java.util.concurrent.ThreadPoolExecutor.getTask(ThreadPoolExecutor.java:1054)
  java.base@11.0.29/java.util.concurrent.ThreadPoolExecutor.runWorker(ThreadPoolExecutor.java:1114)
  java.base@11.0.29/java.util.concurrent.ThreadPoolExecutor$Worker.run(ThreadPoolExecutor.java:628)
  java.base@11.0.29/java.lang.Thread.run(Thread.java:829)
Thread 79 'ClassGraph-worker-38':
  java.base@11.0.29/jdk.internal.misc.Unsafe.park(Native Method)
  java.base@11.0.29/java.util.concurrent.locks.LockSupport.park(LockSupport.java:194)
  java.base@11.0.29/java.util.concurrent.locks.AbstractQueuedSynchronizer$ConditionObject.await(AbstractQueuedSynchronizer.java:2081)
  java.base@11.0.29/java.util.concurrent.LinkedBlockingQueue.take(LinkedBlockingQueue.java:433)
  java.base@11.0.29/java.util.concurrent.ThreadPoolExecutor.getTask(ThreadPoolExecutor.java:1054)
  java.base@11.0.29/java.util.concurrent.ThreadPoolExecutor.runWorker(ThreadPoolExecutor.java:1114)
  java.base@11.0.29/java.util.concurrent.ThreadPoolExecutor$Worker.run(ThreadPoolExecutor.java:628)
  java.base@11.0.29/java.lang.Thread.run(Thread.java:829)
Thread 24 'JFR Recording Scheduler':
  java.base@11.0.29/java.lang.Object.wait(Native Method)
  java.base@11.0.29/java.util.TimerThread.mainLoop(Unknown Source)
  java.base@11.0.29/java.util.TimerThread.run(Unknown Source)
Thread 130 'ForkJoinPool.commonPool-worker-51':
  java.base@11.0.29/jdk.internal.misc.Unsafe.park(Native Method)
  java.base@11.0.29/java.util.concurrent.locks.LockSupport.park(LockSupport.java:194)
  java.base@11.0.29/java.util.concurrent.ForkJoinPool.runWorker(ForkJoinPool.java:1628)
  java.base@11.0.29/java.util.concurrent.ForkJoinWorkerThread.run(ForkJoinWorkerThread.java:183)
== end thread dump ==

17:46:49.075 [INFO]   [Creating]    Exiting service.
17:46:49.094 [INFO]   [Creating]        [240/928] org.symphonyoss.symphony.messageml.elements.Element.assertAttributeValue
17:46:49.094 [INFO]   [Creating]        [240/928]   R013: No inputs found that don't throw a trivial exception
17:46:49.094 [INFO]   [Creating]        [240/928]     Diffblue Cover tried to run the arrange/act section, but the test threw
17:46:49.094 [INFO]   [Creating]        [240/928]     java.lang.NullPointerException
17:46:49.094 [INFO]   [Creating]        [240/928]         at org.symphonyoss.symphony.messageml.elements.Element.assertAttributeValue(Element.java:551)
17:46:49.094 [INFO]   [Creating]        [240/928]     In order to prevent assertAttributeValue(String, Collection)
17:46:49.094 [INFO]   [Creating]        [240/928]     from throwing NullPointerException, add constructors or factory
17:46:49.094 [INFO]   [Creating]        [240/928]     methods that make it easier to construct fully initialized objects used in
17:46:49.094 [INFO]   [Creating]        [240/928]     assertAttributeValue(String, Collection).
17:46:49.094 [INFO]   [Creating]        [240/928]     See https://diff.blue/R013 to resolve this issue.
17:46:50.209 [INFO]   [Creating]     [39/141] org.symphonyoss.symphony.messageml.elements.Element
17:46:50.209 [INFO]   [Creating]     [39/141]   Tests created: 66
17:46:50.210 [INFO]   [Creating]    
================================================================================
= Starting analysis for class 'org.symphonyoss.symphony.messageml.elements.Emoji'
================================================================================
17:46:50.210 [INFO]   [Creating]    Filtering out non-testable methods...
17:46:50.218 [INFO]   [Creating]    Filtering of methods complete. Creating analysis request
17:46:50.218 [INFO]   [Creating]    Attempting to get service client, retry 1.
17:46:50.218 [INFO]   [Creating]    Starting monitoring server.
17:46:50.219 [INFO]   [Creating]    Monitoring server listening on localhost/127.0.0.1:35857
17:46:50.219 [INFO]   [Creating]    Starting analyzer server process...
17:46:50.219 [INFO]   [Creating]    Server command-line: /home/jbergqvist/.sdkman/candidates/java/11.0.29-amzn/bin/java -XX:+IgnoreUnrecognizedVMOptions -XX:StartFlightRecording=duration=300s,filename=.diffblue/cover-flight.jfr -Djdk.attach.allowAttachSelf=true -Djdk.jar.maxSignatureFileSize=100000000 -ea -javaagent:/opt/cover/launcher-shared-jar.jar -Dlogback.configurationFile=/tmp/diffblue/config/logback-remote-service.xml -Dcom.diffblue.springIsolationJar=/opt/cover/cover-isolation-layer.jar -Dcover.jar.path=/opt/cover/cover-service-analyzer.jar -Dcom.diffblue.assertionSuggestionJar=/opt/cover/cover-service-analyzer.jar -Dcover.main.class=com.diffblue.cover.service.analyzer.Main -jar /opt/cover/launcher-shared-jar.jar --service-lifespan 120 --monitoring-service-port 35857 --index-service-port 35857 --debug-log
17:46:50.220 [INFO]   [Creating]    Server started. Waiting up to 300 seconds for a connection to be established...
17:46:51.265 [INFO]   [Creating]    Starting new remote monitor client
17:46:51.931 [INFO]   [Creating]    Attempting to start remote server.
17:46:52.089 [INFO]   [Creating]    Server started, listening on localhost/127.0.0.1:34447
17:46:52.092 [INFO]   [Creating]    Expect analyzer service to be listening on port 34447.
17:46:52.153 [INFO]   [Creating]    Started analyzer service and client retrieved.
17:47:04.571 [INFO]   [Creating]        [241/928] org.symphonyoss.symphony.messageml.elements.Emoji.getAnnotation
17:47:04.571 [INFO]   [Creating]        [242/928] org.symphonyoss.symphony.messageml.elements.Emoji.getEntityIdPrefix
17:47:04.571 [INFO]   [Creating]        [243/928] org.symphonyoss.symphony.messageml.elements.Emoji.getEntitySubType
17:47:04.571 [INFO]   [Creating]        [244/928] org.symphonyoss.symphony.messageml.elements.Emoji.getEntityType
17:47:04.571 [INFO]   [Creating]        [245/928] org.symphonyoss.symphony.messageml.elements.Emoji.getEntityValue
17:47:04.571 [INFO]   [Creating]        [246/928] org.symphonyoss.symphony.messageml.elements.Emoji.getEntityVersion
17:47:04.571 [INFO]   [Creating]        [247/928] org.symphonyoss.symphony.messageml.elements.Emoji.getFamily
17:47:04.571 [INFO]   [Creating]        [248/928] org.symphonyoss.symphony.messageml.elements.Emoji.getShortCode
17:47:04.571 [INFO]   [Creating]        [249/928] org.symphonyoss.symphony.messageml.elements.Emoji.getSize
17:47:04.571 [INFO]   [Creating]        [250/928] org.symphonyoss.symphony.messageml.elements.Emoji.toString
17:47:04.571 [INFO]   [Creating]        [250/928]   Tests created: 1
17:47:05.696 [INFO]   [Creating]        [251/928] org.symphonyoss.symphony.messageml.elements.Emoji.<init>
17:47:05.696 [INFO]   [Creating]        [251/928]   Tests created: 1
17:47:12.410 [INFO]   [Creating]        [252/928] org.symphonyoss.symphony.messageml.elements.Emoji.<init>
17:47:12.410 [INFO]   [Creating]        [252/928]   Tests created: 1
17:47:13.486 [INFO]   [Creating]        [253/928] org.symphonyoss.symphony.messageml.elements.Emoji.asEntityJson
17:47:13.486 [INFO]   [Creating]        [253/928]   Tests created: 1
17:47:20.718 [INFO]   [Creating]        [254/928] org.symphonyoss.symphony.messageml.elements.Emoji.asMarkdown
17:47:20.718 [INFO]   [Creating]        [254/928]   Tests created: 1
17:47:24.197 [INFO]   [Creating]        [255/928] org.symphonyoss.symphony.messageml.elements.Emoji.asPresentationML
17:47:24.197 [INFO]   [Creating]        [255/928]   Tests created: 15
17:47:25.808 [INFO]   [Creating]        [256/928] org.symphonyoss.symphony.messageml.elements.Emoji.asText
17:47:25.808 [INFO]   [Creating]        [256/928]   Tests created: 4
17:47:27.814 [INFO]   [Creating]        [257/928] org.symphonyoss.symphony.messageml.elements.Emoji.buildAttribute
17:47:27.814 [INFO]   [Creating]        [257/928]   Tests created: 1
17:47:32.823 [INFO]   [Creating]        [258/928] org.symphonyoss.symphony.messageml.elements.Emoji.updateBiContext
17:47:32.823 [INFO]   [Creating]        [258/928]   Tests created: 7
17:47:33.720 [INFO]   [Creating]        [259/928] org.symphonyoss.symphony.messageml.elements.Emoji.validate
17:47:33.720 [INFO]   [Creating]        [259/928]   Tests created: 10
17:47:33.721 [INFO]   [Creating]     [40/141] org.symphonyoss.symphony.messageml.elements.Emoji
17:47:33.721 [INFO]   [Creating]     [40/141]   Tests created: 42
17:47:33.722 [INFO]   [Creating]    
================================================================================
= Starting analysis for class 'org.symphonyoss.symphony.messageml.elements.Entity'
================================================================================
17:47:33.722 [INFO]   [Creating]    Filtering out non-testable methods...
17:47:33.729 [INFO]   [Creating]    Filtering of methods complete. Creating analysis request
17:47:33.729 [INFO]   [Creating]    Attempting to get service client, retry 1.
17:47:37.328 [INFO]   [Creating]        [260/928] org.symphonyoss.symphony.messageml.elements.Entity.buildAttribute
17:47:37.328 [INFO]   [Creating]        [260/928]   Tests created: 1
17:47:40.934 [INFO]   [Creating]        [261/928] org.symphonyoss.symphony.messageml.elements.Entity.validate
17:47:40.934 [INFO]   [Creating]        [261/928]   Tests created: 2
17:47:41.791 [INFO]   [Creating]        [262/928] org.symphonyoss.symphony.messageml.elements.Entity.asEntityJson
17:47:41.791 [INFO]   [Creating]        [262/928]   Tests created: 1
17:47:42.722 [INFO]   [Creating]        [263/928] org.symphonyoss.symphony.messageml.elements.Entity.getEntityId
17:47:42.722 [INFO]   [Creating]        [263/928]   Tests created: 1
17:47:42.770 [INFO]   [Creating]        [264/928] org.symphonyoss.symphony.messageml.elements.Entity.getPresentationMLTag
17:47:42.770 [INFO]   [Creating]        [264/928]   Tests created: 1
17:47:42.771 [INFO]   [Creating]     [41/141] org.symphonyoss.symphony.messageml.elements.Entity
17:47:42.771 [INFO]   [Creating]     [41/141]   Tests created: 6
17:47:42.772 [INFO]   [Creating]    
================================================================================
= Starting analysis for class 'org.symphonyoss.symphony.messageml.elements.ExpandableCard'
================================================================================
17:47:42.772 [INFO]   [Creating]    Filtering out non-testable methods...
17:47:42.774 [INFO]   [Creating]    Filtering of methods complete. Creating analysis request
17:47:42.774 [INFO]   [Creating]    Attempting to get service client, retry 1.
17:47:47.636 [INFO]   [Creating]        [265/928] org.symphonyoss.symphony.messageml.elements.ExpandableCard.<init>
17:47:47.636 [INFO]   [Creating]        [266/928] org.symphonyoss.symphony.messageml.elements.ExpandableCard.getPresentationMLTag
17:47:47.636 [INFO]   [Creating]        [266/928]   Tests created: 1
17:47:49.811 [INFO]   [Creating]        [267/928] org.symphonyoss.symphony.messageml.elements.ExpandableCard.asPresentationML
17:47:49.811 [INFO]   [Creating]        [267/928]   Tests created: 15
17:47:52.988 [INFO]   [Creating]        [268/928] org.symphonyoss.symphony.messageml.elements.ExpandableCard.buildAttribute
17:47:52.988 [INFO]   [Creating]        [268/928]   Tests created: 2
17:47:54.597 [INFO]   [Creating]        [269/928] org.symphonyoss.symphony.messageml.elements.ExpandableCard.updateBiContext
17:47:54.597 [INFO]   [Creating]        [269/928]   Diffblue AI was unable to find a test
17:47:54.662 [INFO]   [Creating]        [270/928] org.symphonyoss.symphony.messageml.elements.ExpandableCard.validate
17:47:54.662 [INFO]   [Creating]        [270/928]   Tests created: 1
17:47:54.663 [INFO]   [Creating]     [42/141] org.symphonyoss.symphony.messageml.elements.ExpandableCard
17:47:54.663 [INFO]   [Creating]     [42/141]   Tests created: 19
17:47:54.663 [INFO]   [Creating]    
================================================================================
= Starting analysis for class 'org.symphonyoss.symphony.messageml.elements.ExpandableCardBody'
================================================================================
17:47:54.663 [INFO]   [Creating]    Filtering out non-testable methods...
17:47:54.665 [INFO]   [Creating]    Filtering of methods complete. Creating analysis request
17:47:54.665 [INFO]   [Creating]    Attempting to get service client, retry 1.
17:47:55.618 [INFO]   [Creating]        [271/928] org.symphonyoss.symphony.messageml.elements.ExpandableCardBody.<init>
17:47:55.618 [INFO]   [Creating]        [272/928] org.symphonyoss.symphony.messageml.elements.ExpandableCardBody.getPresentationMLTag
17:47:55.618 [INFO]   [Creating]        [272/928]   Tests created: 1
17:48:00.209 [INFO]   [Creating]        [273/928] org.symphonyoss.symphony.messageml.elements.ExpandableCardBody.asMarkdown
17:48:00.209 [INFO]   [Creating]        [273/928]   Tests created: 1
17:48:02.128 [INFO]   [Creating]        [274/928] org.symphonyoss.symphony.messageml.elements.ExpandableCardBody.asPresentationML
17:48:02.128 [INFO]   [Creating]        [274/928]   Tests created: 15
17:48:03.610 [INFO]   [Creating]        [275/928] org.symphonyoss.symphony.messageml.elements.ExpandableCardBody.buildAttribute
17:48:03.610 [INFO]   [Creating]        [275/928]   Tests created: 1
17:48:03.671 [INFO]   [Creating]        [276/928] org.symphonyoss.symphony.messageml.elements.ExpandableCardBody.validate
17:48:03.671 [INFO]   [Creating]        [276/928]   Tests created: 1
17:48:03.671 [INFO]   [Creating]     [43/141] org.symphonyoss.symphony.messageml.elements.ExpandableCardBody
17:48:03.672 [INFO]   [Creating]     [43/141]   Tests created: 19
17:48:03.672 [INFO]   [Creating]    
================================================================================
= Starting analysis for class 'org.symphonyoss.symphony.messageml.elements.ExpandableCardHeader'
================================================================================
17:48:03.672 [INFO]   [Creating]    Filtering out non-testable methods...
17:48:03.674 [INFO]   [Creating]    Filtering of methods complete. Creating analysis request
17:48:03.674 [INFO]   [Creating]    Attempting to get service client, retry 1.
17:48:04.572 [INFO]   [Creating]        [277/928] org.symphonyoss.symphony.messageml.elements.ExpandableCardHeader.<init>
17:48:04.572 [INFO]   [Creating]        [278/928] org.symphonyoss.symphony.messageml.elements.ExpandableCardHeader.getPresentationMLTag
17:48:04.572 [INFO]   [Creating]        [278/928]   Tests created: 1
17:48:09.189 [INFO]   [Creating]        [279/928] org.symphonyoss.symphony.messageml.elements.ExpandableCardHeader.asMarkdown
17:48:09.189 [INFO]   [Creating]        [279/928]   Tests created: 1
17:48:11.039 [INFO]   [Creating]        [280/928] org.symphonyoss.symphony.messageml.elements.ExpandableCardHeader.asPresentationML
17:48:11.039 [INFO]   [Creating]        [280/928]   Tests created: 15
17:48:12.580 [INFO]   [Creating]        [281/928] org.symphonyoss.symphony.messageml.elements.ExpandableCardHeader.buildAttribute
17:48:12.580 [INFO]   [Creating]        [281/928]   Tests created: 1
17:48:12.640 [INFO]   [Creating]        [282/928] org.symphonyoss.symphony.messageml.elements.ExpandableCardHeader.validate
17:48:12.640 [INFO]   [Creating]        [282/928]   Tests created: 1
17:48:12.640 [INFO]   [Creating]     [44/141] org.symphonyoss.symphony.messageml.elements.ExpandableCardHeader
17:48:12.640 [INFO]   [Creating]     [44/141]   Tests created: 19
17:48:12.641 [INFO]   [Creating]    
================================================================================
= Starting analysis for class 'org.symphonyoss.symphony.messageml.elements.Form'
================================================================================
17:48:12.641 [INFO]   [Creating]    Filtering out non-testable methods...
17:48:12.643 [INFO]   [Creating]    Filtering of methods complete. Creating analysis request
17:48:12.643 [INFO]   [Creating]    Attempting to get service client, retry 1.
17:48:13.658 [INFO]   [Creating]        [283/928] org.symphonyoss.symphony.messageml.elements.Form.<init>
17:48:13.658 [INFO]   [Creating]        [283/928]   Tests created: 1
17:48:18.259 [INFO]   [Creating]        [284/928] org.symphonyoss.symphony.messageml.elements.Form.asMarkdown
17:48:18.259 [INFO]   [Creating]        [284/928]   Tests created: 1
17:48:20.135 [INFO]   [Creating]        [285/928] org.symphonyoss.symphony.messageml.elements.Form.asPresentationML
17:48:20.135 [INFO]   [Creating]        [285/928]   Tests created: 15
17:48:20.942 [INFO]   [Creating]        [286/928] org.symphonyoss.symphony.messageml.elements.Form.buildAttribute
17:48:20.942 [INFO]   [Creating]        [286/928]   Tests created: 1
17:48:22.034 [INFO]   [Creating]        [287/928] org.symphonyoss.symphony.messageml.elements.Form.hasIdAttribute
17:48:22.034 [INFO]   [Creating]        [287/928]   Tests created: 1
17:48:23.988 [INFO]   [Creating]        [288/928] org.symphonyoss.symphony.messageml.elements.Form.updateBiContext
17:48:23.988 [INFO]   [Creating]        [288/928]   Tests created: 1
17:48:24.354 [INFO]   [Creating]        [289/928] org.symphonyoss.symphony.messageml.elements.Form.validate
17:48:24.354 [INFO]   [Creating]        [289/928]   Tests created: 5
17:48:24.355 [INFO]   [Creating]     [45/141] org.symphonyoss.symphony.messageml.elements.Form
17:48:24.355 [INFO]   [Creating]     [45/141]   Tests created: 25
17:48:24.356 [INFO]   [Creating]    
================================================================================
= Starting analysis for class 'org.symphonyoss.symphony.messageml.elements.FormElement'
================================================================================
17:48:24.356 [INFO]   [Creating]    Filtering out non-testable methods...
17:48:24.357 [INFO]   [Creating]    Filtering of methods complete. Creating analysis request
17:48:24.357 [INFO]   [Creating]    Attempting to get service client, retry 1.
17:48:25.212 [INFO]   [Creating]        [290/928] org.symphonyoss.symphony.messageml.elements.FormElement.<init>
17:48:25.212 [INFO]   [Creating]        [290/928]   Tests created: 1
17:48:28.777 [INFO]   [Creating]        [291/928] org.symphonyoss.symphony.messageml.elements.FormElement.<init>
17:48:28.777 [INFO]   [Creating]        [291/928]   Tests created: 1
17:48:28.931 [INFO]   [Creating]        [292/928] org.symphonyoss.symphony.messageml.elements.FormElement.validate
17:48:28.931 [INFO]   [Creating]        [292/928]   Tests created: 4
17:48:28.932 [INFO]   [Creating]     [46/141] org.symphonyoss.symphony.messageml.elements.FormElement
17:48:28.932 [INFO]   [Creating]     [46/141]   Tests created: 6
17:48:28.933 [INFO]   [Creating]    
================================================================================
= Starting analysis for class 'org.symphonyoss.symphony.messageml.elements.FormatEnum'
================================================================================
17:48:28.933 [INFO]   [Creating]    Filtering out non-testable methods...
17:48:28.934 [INFO]   [Creating]        [293/928] org.symphonyoss.symphony.messageml.elements.FormatEnum.valueOf
17:48:28.934 [INFO]   [Creating]        [293/928]   T012: Synthetic method
17:48:28.934 [INFO]   [Creating]        [293/928]     Indicates that the method is synthetic. Currently, this includes methods:
17:48:28.934 [INFO]   [Creating]        [293/928]     - that are marked as synthetic by the compiler
17:48:28.934 [INFO]   [Creating]        [293/928]     - that are not directly callable
17:48:28.934 [INFO]   [Creating]        [293/928]     - that exist on the JDK class but do not appear in the source code
17:48:28.934 [INFO]   [Creating]        [293/928]     Diffblue Cover considers these methods as not directly callable.
17:48:28.935 [INFO]   [Creating]        [294/928] org.symphonyoss.symphony.messageml.elements.FormatEnum.values
17:48:28.935 [INFO]   [Creating]        [294/928]   T012: Synthetic method
17:48:28.935 [INFO]   [Creating]        [294/928]     Indicates that the method is synthetic. Currently, this includes methods:
17:48:28.935 [INFO]   [Creating]        [294/928]     - that are marked as synthetic by the compiler
17:48:28.935 [INFO]   [Creating]        [294/928]     - that are not directly callable
17:48:28.935 [INFO]   [Creating]        [294/928]     - that exist on the JDK class but do not appear in the source code
17:48:28.935 [INFO]   [Creating]        [294/928]     Diffblue Cover considers these methods as not directly callable.
17:48:28.935 [INFO]   [Creating]     [47/141] org.symphonyoss.symphony.messageml.elements.FormatEnum
17:48:28.935 [INFO]   [Creating]     [47/141]   Tests created: 0
17:48:28.935 [INFO]   [Creating]    No testable methods
17:48:28.935 [INFO]   [Creating]    
================================================================================
= Starting analysis for class 'org.symphonyoss.symphony.messageml.elements.GroupedElement'
================================================================================
17:48:28.935 [INFO]   [Creating]    Filtering out non-testable methods...
17:48:28.938 [INFO]   [Creating]    Filtering of methods complete. Creating analysis request
17:48:28.938 [INFO]   [Creating]    Attempting to get service client, retry 1.
17:48:37.441 [INFO]   [Creating]        [295/928] org.symphonyoss.symphony.messageml.elements.GroupedElement.asPresentationML
17:48:37.441 [INFO]   [Creating]        [295/928]   Tests created: 4
17:48:40.027 [INFO]   [Creating]        [296/928] org.symphonyoss.symphony.messageml.elements.GroupedElement.buildAll
17:48:40.027 [INFO]   [Creating]        [296/928]   Tests created: 8
17:48:41.477 [INFO]   [Creating]        [297/928] org.symphonyoss.symphony.messageml.elements.GroupedElement.buildElementAttrFromInputTag
17:48:41.477 [INFO]   [Creating]        [297/928]   R013: No inputs found that don't throw a trivial exception
17:48:41.477 [INFO]   [Creating]        [297/928]     Diffblue Cover tried to run the arrange/act section, but the test threw
17:48:41.477 [INFO]   [Creating]        [297/928]     org.w3c.dom.DOMException: This NamedNodeMap is read-only!
17:48:41.477 [INFO]   [Creating]        [297/928]         at javax.imageio.metadata.IIONamedNodeMap.removeNamedItem(IIOMetadataNode.java:81)
17:48:41.477 [INFO]   [Creating]        [297/928]         at org.symphonyoss.symphony.messageml.elements.GroupedElement.buildElementAttrFromInputTag(GroupedElement.java:132)
17:48:41.477 [INFO]   [Creating]        [297/928]     In order to prevent buildElementAttrFromInputTag(MessageMLParser, Node)
17:48:41.477 [INFO]   [Creating]        [297/928]     from throwing DOMException, add constructors or factory
17:48:41.477 [INFO]   [Creating]        [297/928]     methods that make it easier to construct fully initialized objects used in
17:48:41.477 [INFO]   [Creating]        [297/928]     buildElementAttrFromInputTag(MessageMLParser, Node).
17:48:41.477 [INFO]   [Creating]        [297/928]     See https://diff.blue/R013 to resolve this issue.
17:48:42.471 [INFO]   [Creating]        [298/928] org.symphonyoss.symphony.messageml.elements.GroupedElement.buildElementFromGroupDiv
17:48:42.471 [INFO]   [Creating]        [298/928]   Tests created: 1
17:48:42.551 [INFO]   [Creating]        [299/928] org.symphonyoss.symphony.messageml.elements.GroupedElement.buildGroupedElementInputAttributes
17:48:42.551 [INFO]   [Creating]        [299/928]   Tests created: 1
17:48:42.552 [INFO]   [Creating]     [48/141] org.symphonyoss.symphony.messageml.elements.GroupedElement
17:48:42.552 [INFO]   [Creating]     [48/141]   Tests created: 14
17:48:42.553 [INFO]   [Creating]    
================================================================================
= Starting analysis for class 'org.symphonyoss.symphony.messageml.elements.HashTag'
================================================================================
17:48:42.553 [INFO]   [Creating]    Filtering out non-testable methods...
17:48:42.558 [INFO]   [Creating]    Filtering of methods complete. Creating analysis request
17:48:42.558 [INFO]   [Creating]    Attempting to get service client, retry 1.
17:48:43.447 [INFO]   [Creating]        [300/928] org.symphonyoss.symphony.messageml.elements.HashTag.getEntitySubType
17:48:43.447 [INFO]   [Creating]        [301/928] org.symphonyoss.symphony.messageml.elements.HashTag.getEntityType
17:48:43.447 [INFO]   [Creating]        [302/928] org.symphonyoss.symphony.messageml.elements.HashTag.getEntityVersion
17:48:43.447 [INFO]   [Creating]        [303/928] org.symphonyoss.symphony.messageml.elements.HashTag.getTagPattern
17:48:43.447 [INFO]   [Creating]        [304/928] org.symphonyoss.symphony.messageml.elements.HashTag.toString
17:48:43.447 [INFO]   [Creating]        [304/928]   Tests created: 1
17:48:44.166 [INFO]   [Creating]        [305/928] org.symphonyoss.symphony.messageml.elements.HashTag.<init>
17:48:44.166 [INFO]   [Creating]        [305/928]   Tests created: 1
17:48:44.908 [INFO]   [Creating]        [306/928] org.symphonyoss.symphony.messageml.elements.HashTag.<init>
17:48:44.908 [INFO]   [Creating]        [306/928]   Tests created: 1
17:48:45.878 [INFO]   [Creating]        [307/928] org.symphonyoss.symphony.messageml.elements.HashTag.<init>
17:48:45.878 [INFO]   [Creating]        [307/928]   Tests created: 1
17:48:46.835 [INFO]   [Creating]        [308/928] org.symphonyoss.symphony.messageml.elements.HashTag.asMarkdown
17:48:46.835 [INFO]   [Creating]        [308/928]   Tests created: 1
17:48:48.409 [INFO]   [Creating]        [309/928] org.symphonyoss.symphony.messageml.elements.HashTag.asText
17:48:48.409 [INFO]   [Creating]        [309/928]   Tests created: 1
17:48:52.823 [INFO]   [Creating]        [310/928] org.symphonyoss.symphony.messageml.elements.HashTag.updateBiContext
17:48:52.823 [INFO]   [Creating]        [310/928]   Tests created: 6
17:48:53.253 [INFO]   [Creating]        [311/928] org.symphonyoss.symphony.messageml.elements.HashTag.validate
17:48:53.253 [INFO]   [Creating]        [311/928]   Tests created: 8
17:48:53.254 [INFO]   [Creating]     [49/141] org.symphonyoss.symphony.messageml.elements.HashTag
17:48:53.254 [INFO]   [Creating]     [49/141]   Tests created: 20
17:48:53.254 [INFO]   [Creating]    
================================================================================
= Starting analysis for class 'org.symphonyoss.symphony.messageml.elements.Header'
================================================================================
17:48:53.254 [INFO]   [Creating]    Filtering out non-testable methods...
17:48:53.256 [INFO]   [Creating]    Filtering of methods complete. Creating analysis request
17:48:53.256 [INFO]   [Creating]    Attempting to get service client, retry 1.
17:48:54.769 [INFO]   [Creating]        [312/928] org.symphonyoss.symphony.messageml.elements.Header.<init>
17:48:54.769 [INFO]   [Creating]        [312/928]   Tests created: 1
17:48:54.900 [INFO]   [Creating]        [313/928] org.symphonyoss.symphony.messageml.elements.Header.asMarkdown
17:48:54.900 [INFO]   [Creating]        [313/928]   Tests created: 1
17:48:56.612 [INFO]   [Creating]        [314/928] org.symphonyoss.symphony.messageml.elements.Header.isHeaderElement
17:48:56.612 [INFO]   [Creating]        [314/928]   Tests created: 2
17:48:58.450 [INFO]   [Creating]        [315/928] org.symphonyoss.symphony.messageml.elements.Header.updateBiContext
17:48:58.450 [INFO]   [Creating]        [315/928]   Tests created: 6
17:48:58.594 [INFO]   [Creating]        [316/928] org.symphonyoss.symphony.messageml.elements.Header.validate
17:48:58.594 [INFO]   [Creating]        [316/928]   Tests created: 3
17:48:58.595 [INFO]   [Creating]     [50/141] org.symphonyoss.symphony.messageml.elements.Header
17:48:58.595 [INFO]   [Creating]     [50/141]   Tests created: 13
17:48:58.740 [INFO]   [Creating]    
================================================================================
= Starting analysis for class 'org.symphonyoss.symphony.messageml.elements.HorizontalRule'
================================================================================
17:48:58.741 [INFO]   [Creating]    Filtering out non-testable methods...
17:48:58.742 [INFO]   [Creating]    Filtering of methods complete. Creating analysis request
17:48:58.742 [INFO]   [Creating]    Attempting to get service client, retry 1.
17:48:58.743 [INFO]   [Creating]    Starting monitoring server.
17:48:58.743 [INFO]   [Creating]    Monitoring server listening on localhost/127.0.0.1:35257
17:48:58.797 [INFO]   [Creating]    Starting analyzer server process...
17:48:58.797 [INFO]   [Creating]    Server command-line: /home/jbergqvist/.sdkman/candidates/java/11.0.29-amzn/bin/java -XX:+IgnoreUnrecognizedVMOptions -Djdk.attach.allowAttachSelf=true -Djdk.jar.maxSignatureFileSize=100000000 -ea -javaagent:/opt/cover/launcher-shared-jar.jar -Dlogback.configurationFile=/tmp/diffblue/config/logback-remote-service.xml -Dcom.diffblue.springIsolationJar=/opt/cover/cover-isolation-layer.jar -Dcover.jar.path=/opt/cover/cover-service-analyzer.jar -Dcom.diffblue.assertionSuggestionJar=/opt/cover/cover-service-analyzer.jar -Dcover.main.class=com.diffblue.cover.service.analyzer.Main -jar /opt/cover/launcher-shared-jar.jar --service-lifespan 120 --monitoring-service-port 35257 --index-service-port 35257 --debug-log
17:48:58.798 [INFO]   [Creating]    Server started. Waiting up to 300 seconds for a connection to be established...
17:48:59.669 [INFO]   [Creating]    Starting new remote monitor client
17:49:00.324 [INFO]   [Creating]    Attempting to start remote server.
17:49:00.467 [INFO]   [Creating]    Server started, listening on localhost/127.0.0.1:42951
17:49:00.470 [INFO]   [Creating]    Expect analyzer service to be listening on port 42951.
17:49:00.533 [INFO]   [Creating]    Started analyzer service and client retrieved.
17:49:12.567 [INFO]   [Creating]        [317/928] org.symphonyoss.symphony.messageml.elements.HorizontalRule.toString
17:49:12.567 [INFO]   [Creating]        [317/928]   Tests created: 1
17:49:13.711 [INFO]   [Creating]        [318/928] org.symphonyoss.symphony.messageml.elements.HorizontalRule.<init>
17:49:13.711 [INFO]   [Creating]        [318/928]   Tests created: 1
17:49:14.768 [INFO]   [Creating]        [319/928] org.symphonyoss.symphony.messageml.elements.HorizontalRule.areNestedElementsAllowed
17:49:14.768 [INFO]   [Creating]        [319/928]   Tests created: 1
17:49:15.702 [INFO]   [Creating]        [320/928] org.symphonyoss.symphony.messageml.elements.HorizontalRule.asMarkdown
17:49:15.702 [INFO]   [Creating]        [320/928]   Tests created: 1
17:49:17.358 [INFO]   [Creating]        [321/928] org.symphonyoss.symphony.messageml.elements.HorizontalRule.asText
17:49:17.358 [INFO]   [Creating]        [321/928]   Tests created: 1
17:49:19.277 [INFO]   [Creating]        [322/928] org.symphonyoss.symphony.messageml.elements.HorizontalRule.buildAttribute
17:49:19.277 [INFO]   [Creating]        [322/928]   Tests created: 1
17:49:19.356 [INFO]   [Creating]        [323/928] org.symphonyoss.symphony.messageml.elements.HorizontalRule.validate
17:49:19.356 [INFO]   [Creating]        [323/928]   Tests created: 2
17:49:19.358 [INFO]   [Creating]     [51/141] org.symphonyoss.symphony.messageml.elements.HorizontalRule
17:49:19.358 [INFO]   [Creating]     [51/141]   Tests created: 8
17:49:19.358 [INFO]   [Creating]    
================================================================================
= Starting analysis for class 'org.symphonyoss.symphony.messageml.elements.Image'
================================================================================
17:49:19.358 [INFO]   [Creating]    Filtering out non-testable methods...
17:49:19.360 [INFO]   [Creating]    Filtering of methods complete. Creating analysis request
17:49:19.360 [INFO]   [Creating]    Attempting to get service client, retry 1.
17:49:21.026 [INFO]   [Creating]        [324/928] org.symphonyoss.symphony.messageml.elements.Image.<init>
17:49:21.026 [INFO]   [Creating]        [324/928]   Tests created: 1
17:49:23.324 [INFO]   [Creating]        [325/928] org.symphonyoss.symphony.messageml.elements.Image.areNestedElementsAllowed
17:49:23.324 [INFO]   [Creating]        [325/928]   Tests created: 1
17:49:25.551 [INFO]   [Creating]        [326/928] org.symphonyoss.symphony.messageml.elements.Image.buildAttribute
17:49:25.551 [INFO]   [Creating]        [326/928]   Tests created: 1
17:49:27.405 [INFO]   [Creating]        [327/928] org.symphonyoss.symphony.messageml.elements.Image.updateBiContext
17:49:27.405 [INFO]   [Creating]        [327/928]   Tests created: 7
17:49:27.507 [INFO]   [Creating]        [328/928] org.symphonyoss.symphony.messageml.elements.Image.validate
17:49:27.507 [INFO]   [Creating]        [328/928]   Tests created: 2
17:49:27.508 [INFO]   [Creating]     [52/141] org.symphonyoss.symphony.messageml.elements.Image
17:49:27.508 [INFO]   [Creating]     [52/141]   Tests created: 12
17:49:27.509 [INFO]   [Creating]    
================================================================================
= Starting analysis for class 'org.symphonyoss.symphony.messageml.elements.Italic'
================================================================================
17:49:27.509 [INFO]   [Creating]    Filtering out non-testable methods...
17:49:27.510 [INFO]   [Creating]    Filtering of methods complete. Creating analysis request
17:49:27.510 [INFO]   [Creating]    Attempting to get service client, retry 1.
17:49:29.034 [INFO]   [Creating]        [329/928] org.symphonyoss.symphony.messageml.elements.Italic.<init>
17:49:29.034 [INFO]   [Creating]        [329/928]   Tests created: 1
17:49:30.598 [INFO]   [Creating]        [330/928] org.symphonyoss.symphony.messageml.elements.Italic.asMarkdown
17:49:30.598 [INFO]   [Creating]        [330/928]   Tests created: 1
17:49:30.729 [INFO]   [Creating]        [331/928] org.symphonyoss.symphony.messageml.elements.Italic.validate
17:49:30.729 [INFO]   [Creating]        [331/928]   Tests created: 3
17:49:30.730 [INFO]   [Creating]     [53/141] org.symphonyoss.symphony.messageml.elements.Italic
17:49:30.730 [INFO]   [Creating]     [53/141]   Tests created: 5
17:49:30.731 [INFO]   [Creating]    
================================================================================
= Starting analysis for class 'org.symphonyoss.symphony.messageml.elements.Keyword'
================================================================================
17:49:30.731 [INFO]   [Creating]    Filtering out non-testable methods...
17:49:30.734 [INFO]   [Creating]    Filtering of methods complete. Creating analysis request
17:49:30.734 [INFO]   [Creating]    Attempting to get service client, retry 1.
17:49:34.343 [INFO]   [Creating]        [332/928] org.symphonyoss.symphony.messageml.elements.Keyword.asPresentationML
17:49:34.343 [INFO]   [Creating]        [332/928]   Tests created: 8
17:49:36.316 [INFO]   [Creating]        [333/928] org.symphonyoss.symphony.messageml.elements.Keyword.getTag
17:49:36.316 [INFO]   [Creating]        [333/928]   Tests created: 1
17:49:36.317 [INFO]   [Creating]        [334/928] org.symphonyoss.symphony.messageml.elements.Keyword.toString
17:49:36.317 [INFO]   [Creating]        [334/928]   R003: Test did not increase coverage
17:49:36.317 [INFO]   [Creating]        [334/928]     Diffblue Cover could not find a test that improves the coverage already
17:49:36.317 [INFO]   [Creating]        [334/928]     provided by existing tests.
17:49:40.189 [INFO]   [Creating]        [335/928] org.symphonyoss.symphony.messageml.elements.Keyword.validate
17:49:40.189 [INFO]   [Creating]        [335/928]   Tests created: 3
17:49:41.041 [INFO]   [Creating]        [336/928] org.symphonyoss.symphony.messageml.elements.Keyword.buildAttribute
17:49:41.041 [INFO]   [Creating]        [336/928]   Tests created: 1
17:49:41.944 [INFO]   [Creating]        [337/928] org.symphonyoss.symphony.messageml.elements.Keyword.getEntityIdPrefix
17:49:41.944 [INFO]   [Creating]        [337/928]   Tests created: 1
17:49:41.991 [INFO]   [Creating]        [338/928] org.symphonyoss.symphony.messageml.elements.Keyword.getEntityValue
17:49:41.991 [INFO]   [Creating]        [338/928]   Tests created: 1
17:49:41.992 [INFO]   [Creating]     [54/141] org.symphonyoss.symphony.messageml.elements.Keyword
17:49:41.992 [INFO]   [Creating]     [54/141]   Tests created: 15
17:49:41.993 [INFO]   [Creating]    
================================================================================
= Starting analysis for class 'org.symphonyoss.symphony.messageml.elements.LabelableElement'
================================================================================
17:49:41.993 [INFO]   [Creating]    Filtering out non-testable methods...
17:49:42.001 [INFO]   [Creating]    Filtering of methods complete. Creating analysis request
17:49:42.001 [INFO]   [Creating]    Attempting to get service client, retry 1.
17:49:43.620 [INFO]   [Creating]        [339/928] org.symphonyoss.symphony.messageml.elements.LabelableElement.getLabelAttribute
17:49:43.620 [INFO]   [Creating]        [339/928]   Tests created: 1
17:49:44.451 [INFO]   [Creating]        [340/928] org.symphonyoss.symphony.messageml.elements.LabelableElement.getPresentationMLLabelTag
17:49:44.451 [INFO]   [Creating]        [340/928]   Tests created: 1
17:49:45.631 [INFO]   [Creating]        [341/928] org.symphonyoss.symphony.messageml.elements.LabelableElement.isLabel
17:49:45.631 [INFO]   [Creating]        [341/928]   Tests created: 1
17:49:47.514 [INFO]   [Creating]        [342/928] org.symphonyoss.symphony.messageml.elements.LabelableElement.isLabelNode
17:49:47.514 [INFO]   [Creating]        [342/928]   Tests created: 2
17:49:47.551 [INFO]   [Creating]        [343/928] org.symphonyoss.symphony.messageml.elements.LabelableElement.validateLabel
17:49:47.551 [INFO]   [Creating]        [343/928]   Tests created: 1
17:49:47.552 [INFO]   [Creating]     [55/141] org.symphonyoss.symphony.messageml.elements.LabelableElement
17:49:47.552 [INFO]   [Creating]     [55/141]   Tests created: 6
17:49:47.552 [INFO]   [Creating]    
================================================================================
= Starting analysis for class 'org.symphonyoss.symphony.messageml.elements.LineBreak'
================================================================================
17:49:47.552 [INFO]   [Creating]    Filtering out non-testable methods...
17:49:47.554 [INFO]   [Creating]    Filtering of methods complete. Creating analysis request
17:49:47.554 [INFO]   [Creating]    Attempting to get service client, retry 1.
17:49:48.337 [INFO]   [Creating]        [344/928] org.symphonyoss.symphony.messageml.elements.LineBreak.toString
17:49:48.337 [INFO]   [Creating]        [344/928]   Tests created: 1
17:49:49.145 [INFO]   [Creating]        [345/928] org.symphonyoss.symphony.messageml.elements.LineBreak.<init>
17:49:49.145 [INFO]   [Creating]        [345/928]   Tests created: 1
17:49:49.888 [INFO]   [Creating]        [346/928] org.symphonyoss.symphony.messageml.elements.LineBreak.areNestedElementsAllowed
17:49:49.888 [INFO]   [Creating]        [346/928]   Tests created: 1
17:49:50.657 [INFO]   [Creating]        [347/928] org.symphonyoss.symphony.messageml.elements.LineBreak.asMarkdown
17:49:50.657 [INFO]   [Creating]        [347/928]   Tests created: 1
17:49:51.765 [INFO]   [Creating]        [348/928] org.symphonyoss.symphony.messageml.elements.LineBreak.asText
17:49:51.765 [INFO]   [Creating]        [348/928]   Tests created: 1
17:49:53.367 [INFO]   [Creating]        [349/928] org.symphonyoss.symphony.messageml.elements.LineBreak.buildAttribute
17:49:53.367 [INFO]   [Creating]        [349/928]   Tests created: 1
17:49:55.088 [INFO]   [Creating]        [350/928] org.symphonyoss.symphony.messageml.elements.LineBreak.updateBiContext
17:49:55.088 [INFO]   [Creating]        [350/928]   Tests created: 6
17:49:55.186 [INFO]   [Creating]        [351/928] org.symphonyoss.symphony.messageml.elements.LineBreak.validate
17:49:55.186 [INFO]   [Creating]        [351/928]   Tests created: 2
17:49:55.187 [INFO]   [Creating]     [56/141] org.symphonyoss.symphony.messageml.elements.LineBreak
17:49:55.187 [INFO]   [Creating]     [56/141]   Tests created: 14
17:49:55.188 [INFO]   [Creating]    
================================================================================
= Starting analysis for class 'org.symphonyoss.symphony.messageml.elements.Link'
================================================================================
17:49:55.188 [INFO]   [Creating]    Filtering out non-testable methods...
17:49:55.190 [INFO]   [Creating]    Filtering of methods complete. Creating analysis request
17:49:55.190 [INFO]   [Creating]    Attempting to get service client, retry 1.
17:49:56.426 [INFO]   [Creating]        [352/928] org.symphonyoss.symphony.messageml.elements.Link.getUri
17:49:56.426 [INFO]   [Creating]        [353/928] org.symphonyoss.symphony.messageml.elements.Link.setUri
17:49:56.426 [INFO]   [Creating]        [353/928]   Tests created: 1
17:49:57.209 [INFO]   [Creating]        [354/928] org.symphonyoss.symphony.messageml.elements.Link.<init>
17:49:57.209 [INFO]   [Creating]        [354/928]   Tests created: 2
17:49:58.994 [INFO]   [Creating]        [355/928] org.symphonyoss.symphony.messageml.elements.Link.<init>
17:49:58.994 [INFO]   [Creating]        [355/928]   Tests created: 1
17:50:04.312 [INFO]   [Creating]        [356/928] org.symphonyoss.symphony.messageml.elements.Link.asMarkdown
17:50:04.312 [INFO]   [Creating]        [356/928]   Tests created: 3
17:50:06.615 [INFO]   [Creating]        [357/928] org.symphonyoss.symphony.messageml.elements.Link.asPresentationML
17:50:06.615 [INFO]   [Creating]        [357/928]   Tests created: 15
17:50:08.479 [INFO]   [Creating]        [358/928] org.symphonyoss.symphony.messageml.elements.Link.buildAttribute
17:50:08.479 [INFO]   [Creating]        [358/928]   Tests created: 1
17:50:13.086 [INFO]   [Creating]        [359/928] org.symphonyoss.symphony.messageml.elements.Link.updateBiContext
17:50:13.086 [INFO]   [Creating]        [359/928]   Tests created: 6
17:50:13.355 [INFO]   [Creating]        [360/928] org.symphonyoss.symphony.messageml.elements.Link.validate
17:50:13.355 [INFO]   [Creating]        [360/928]   Tests created: 3
17:50:13.356 [INFO]   [Creating]     [57/141] org.symphonyoss.symphony.messageml.elements.Link
17:50:13.356 [INFO]   [Creating]     [57/141]   Tests created: 32
17:50:13.357 [INFO]   [Creating]    
================================================================================
= Starting analysis for class 'org.symphonyoss.symphony.messageml.elements.ListItem'
================================================================================
17:50:13.357 [INFO]   [Creating]    Filtering out non-testable methods...
17:50:13.358 [INFO]   [Creating]    Filtering of methods complete. Creating analysis request
17:50:13.358 [INFO]   [Creating]    Attempting to get service client, retry 1.
17:50:14.773 [INFO]   [Creating]        [361/928] org.symphonyoss.symphony.messageml.elements.ListItem.<init>
17:50:14.773 [INFO]   [Creating]        [361/928]   Tests created: 1
17:50:16.186 [INFO]   [Creating]        [362/928] org.symphonyoss.symphony.messageml.elements.ListItem.asMarkdown
17:50:16.186 [INFO]   [Creating]        [362/928]   Tests created: 1
17:50:16.255 [INFO]   [Creating]        [363/928] org.symphonyoss.symphony.messageml.elements.ListItem.validate
17:50:16.255 [INFO]   [Creating]        [363/928]   Tests created: 2
17:50:16.256 [INFO]   [Creating]     [58/141] org.symphonyoss.symphony.messageml.elements.ListItem
17:50:16.256 [INFO]   [Creating]     [58/141]   Tests created: 4
17:50:16.257 [INFO]   [Creating]    
================================================================================
= Starting analysis for class 'org.symphonyoss.symphony.messageml.elements.Mention'
================================================================================
17:50:16.257 [INFO]   [Creating]    Filtering out non-testable methods...
17:50:16.263 [INFO]   [Creating]    Filtering of methods complete. Creating analysis request
17:50:16.263 [INFO]   [Creating]    Attempting to get service client, retry 1.
17:50:17.289 [INFO]   [Creating]        [364/928] org.symphonyoss.symphony.messageml.elements.Mention.getEntityIdPrefix
17:50:17.289 [INFO]   [Creating]        [365/928] org.symphonyoss.symphony.messageml.elements.Mention.getEntitySubType
17:50:17.289 [INFO]   [Creating]        [366/928] org.symphonyoss.symphony.messageml.elements.Mention.getEntityType
17:50:17.289 [INFO]   [Creating]        [367/928] org.symphonyoss.symphony.messageml.elements.Mention.getEntityVersion
17:50:17.289 [INFO]   [Creating]        [368/928] org.symphonyoss.symphony.messageml.elements.Mention.getUserPresentation
17:50:17.289 [INFO]   [Creating]        [368/928]   Tests created: 1
17:50:18.141 [INFO]   [Creating]        [369/928] org.symphonyoss.symphony.messageml.elements.Mention.<init>
17:50:18.141 [INFO]   [Creating]        [369/928]   Tests created: 1
17:50:18.986 [INFO]   [Creating]        [370/928] org.symphonyoss.symphony.messageml.elements.Mention.<init>
17:50:18.987 [INFO]   [Creating]        [370/928]   Tests created: 1
17:50:21.196 [INFO]   [Creating]        [371/928] org.symphonyoss.symphony.messageml.elements.Mention.<init>
17:50:21.196 [INFO]   [Creating]        [371/928]   Tests created: 1
17:50:23.585 [INFO]   [Creating]        [372/928] org.symphonyoss.symphony.messageml.elements.Mention.asEntityJson
17:50:23.585 [INFO]   [Creating]        [372/928]   Tests created: 1
17:50:27.550 [INFO]   [Creating]        [373/928] org.symphonyoss.symphony.messageml.elements.Mention.asMarkdown
17:50:27.550 [INFO]   [Creating]        [373/928]   Tests created: 2
17:50:32.108 [INFO]   [Creating]        [374/928] org.symphonyoss.symphony.messageml.elements.Mention.asPresentationML
17:50:32.108 [INFO]   [Creating]        [374/928]   Tests created: 5
17:50:34.259 [INFO]   [Creating]        [375/928] org.symphonyoss.symphony.messageml.elements.Mention.asText
17:50:34.259 [INFO]   [Creating]        [375/928]   R013: No inputs found that don't throw a trivial exception
17:50:34.259 [INFO]   [Creating]        [375/928]     Diffblue Cover tried to run the arrange/act section, but the test threw
17:50:34.259 [INFO]   [Creating]        [375/928]     java.lang.NullPointerException
17:50:34.259 [INFO]   [Creating]        [375/928]         at org.symphonyoss.symphony.messageml.elements.Mention.asText(Mention.java:168)
17:50:34.259 [INFO]   [Creating]        [375/928]     In order to prevent asText()
17:50:34.259 [INFO]   [Creating]        [375/928]     from throwing NullPointerException, add constructors or factory
17:50:34.259 [INFO]   [Creating]        [375/928]     methods that make it easier to construct fully initialized objects used in
17:50:34.259 [INFO]   [Creating]        [375/928]     asText().
17:50:34.259 [INFO]   [Creating]        [375/928]     See https://diff.blue/R013 to resolve this issue.
17:50:35.704 [INFO]   [Creating]        [376/928] org.symphonyoss.symphony.messageml.elements.Mention.buildAttribute
17:50:35.704 [INFO]   [Creating]        [376/928]   Tests created: 1
17:50:37.323 [INFO]   [Creating]        [377/928] org.symphonyoss.symphony.messageml.elements.Mention.getEntityValue
17:50:37.323 [INFO]   [Creating]        [377/928]   Tests created: 2
17:50:39.154 [INFO]   [Creating]        [378/928] org.symphonyoss.symphony.messageml.elements.Mention.toString
17:50:39.154 [INFO]   [Creating]        [378/928]   Tests created: 2
17:50:44.957 [INFO]   [Creating]        [379/928] org.symphonyoss.symphony.messageml.elements.Mention.updateBiContext
17:50:44.957 [INFO]   [Creating]        [379/928]   Tests created: 6
17:50:45.151 [INFO]   [Creating]        [380/928] org.symphonyoss.symphony.messageml.elements.Mention.validate
17:50:45.151 [INFO]   [Creating]        [380/928]   Tests created: 3
17:50:45.152 [INFO]   [Creating]     [59/141] org.symphonyoss.symphony.messageml.elements.Mention
17:50:45.152 [INFO]   [Creating]     [59/141]   Tests created: 26
17:50:45.153 [INFO]   [Creating]    
================================================================================
= Starting analysis for class 'org.symphonyoss.symphony.messageml.elements.MessageML'
================================================================================
17:50:45.153 [INFO]   [Creating]    Filtering out non-testable methods...
17:50:45.156 [INFO]   [Creating]    Filtering of methods complete. Creating analysis request
17:50:45.156 [INFO]   [Creating]    Attempting to get service client, retry 1.
17:50:47.260 [INFO]   [Creating]        [381/928] org.symphonyoss.symphony.messageml.elements.MessageML.<init>
17:50:47.260 [INFO]   [Creating]        [382/928] org.symphonyoss.symphony.messageml.elements.MessageML.getPresentationMLTag
17:50:47.260 [INFO]   [Creating]        [383/928] org.symphonyoss.symphony.messageml.elements.MessageML.isChime
17:50:47.260 [INFO]   [Creating]        [384/928] org.symphonyoss.symphony.messageml.elements.MessageML.setChime
17:50:47.260 [INFO]   [Creating]        [384/928]   Tests created: 1
17:50:49.947 [INFO]   [Creating]        [385/928] org.symphonyoss.symphony.messageml.elements.MessageML.asEntityJson
17:50:49.947 [INFO]   [Creating]        [385/928]   Tests created: 3
17:50:54.721 [INFO]   [Creating]        [386/928] org.symphonyoss.symphony.messageml.elements.MessageML.asMarkdown
17:50:54.721 [INFO]   [Creating]        [386/928]   Tests created: 9
17:50:58.320 [INFO]   [Creating]        [387/928] org.symphonyoss.symphony.messageml.elements.MessageML.asPresentationML
17:50:58.320 [INFO]   [Creating]        [387/928]   Tests created: 18
17:51:01.903 [INFO]   [Creating]        [388/928] org.symphonyoss.symphony.messageml.elements.MessageML.buildAttribute
17:51:01.903 [INFO]   [Creating]        [388/928]   Tests created: 2
17:51:06.282 [INFO]   [Creating]        [389/928] org.symphonyoss.symphony.messageml.elements.MessageML.enhanceFinancialTags
17:51:06.282 [INFO]   [Creating]        [389/928]   Tests created: 4
17:51:06.724 [INFO]   [Creating]        [390/928] org.symphonyoss.symphony.messageml.elements.MessageML.validate
17:51:06.724 [INFO]   [Creating]        [390/928]   Tests created: 6
17:51:06.725 [INFO]   [Creating]     [60/141] org.symphonyoss.symphony.messageml.elements.MessageML
17:51:06.725 [INFO]   [Creating]     [60/141]   Tests created: 43
17:51:06.726 [INFO]   [Creating]    
================================================================================
= Starting analysis for class 'org.symphonyoss.symphony.messageml.elements.MinMaxLengthElement'
================================================================================
17:51:06.726 [INFO]   [Creating]    Filtering out non-testable methods...
17:51:06.730 [INFO]   [Creating]    Filtering of methods complete. Creating analysis request
17:51:06.730 [INFO]   [Creating]    Attempting to get service client, retry 1.
17:51:09.126 [INFO]   [Creating]        [391/928] org.symphonyoss.symphony.messageml.elements.MinMaxLengthElement.getAttributeAsInteger
17:51:09.126 [INFO]   [Creating]        [391/928]   Tests created: 1
17:51:10.235 [INFO]   [Creating]        [392/928] org.symphonyoss.symphony.messageml.elements.MinMaxLengthElement.getDefaultValueIfCurrentIsNull
17:51:10.235 [INFO]   [Creating]        [392/928]   Tests created: 5
17:51:11.662 [INFO]   [Creating]        [393/928] org.symphonyoss.symphony.messageml.elements.MinMaxLengthElement.getLengthErrorMessage
17:51:11.662 [INFO]   [Creating]        [393/928]   Tests created: 1
17:51:13.063 [INFO]   [Creating]        [394/928] org.symphonyoss.symphony.messageml.elements.MinMaxLengthElement.isLengthOutOfRange
17:51:13.063 [INFO]   [Creating]        [394/928]   Tests created: 3
17:51:14.431 [INFO]   [Creating]        [395/928] org.symphonyoss.symphony.messageml.elements.MinMaxLengthElement.isMinAndMaxLengthCombinationValid
17:51:14.431 [INFO]   [Creating]        [395/928]   Tests created: 4
17:51:15.825 [INFO]   [Creating]        [396/928] org.symphonyoss.symphony.messageml.elements.MinMaxLengthElement.isTextBiggerThanMaxLength
17:51:15.825 [INFO]   [Creating]        [396/928]   Tests created: 4
17:51:17.016 [INFO]   [Creating]        [397/928] org.symphonyoss.symphony.messageml.elements.MinMaxLengthElement.isTextSmallerThanMinLength
17:51:17.016 [INFO]   [Creating]        [397/928]   Tests created: 4
17:51:18.780 [INFO]   [Creating]        [398/928] org.symphonyoss.symphony.messageml.elements.MinMaxLengthElement.validateInitialValueIfFound
17:51:18.780 [INFO]   [Creating]        [398/928]   Tests created: 1
17:51:18.831 [INFO]   [Creating]        [399/928] org.symphonyoss.symphony.messageml.elements.MinMaxLengthElement.validateMinAndMaxLengths
17:51:18.831 [INFO]   [Creating]        [399/928]   Tests created: 1
17:51:18.832 [INFO]   [Creating]     [61/141] org.symphonyoss.symphony.messageml.elements.MinMaxLengthElement
17:51:18.832 [INFO]   [Creating]     [61/141]   Tests created: 24
17:51:18.833 [INFO]   [Creating]    
================================================================================
= Starting analysis for class 'org.symphonyoss.symphony.messageml.elements.Option'
================================================================================
17:51:18.833 [INFO]   [Creating]    Filtering out non-testable methods...
17:51:18.834 [INFO]   [Creating]    Filtering of methods complete. Creating analysis request
17:51:18.834 [INFO]   [Creating]    Attempting to get service client, retry 1.
17:51:20.280 [INFO]   [Creating]        [400/928] org.symphonyoss.symphony.messageml.elements.Option.<init>
17:51:20.280 [INFO]   [Creating]        [400/928]   Tests created: 1
17:51:21.342 [INFO]   [Creating]        [401/928] org.symphonyoss.symphony.messageml.elements.Option.asMarkdown
17:51:21.342 [INFO]   [Creating]        [401/928]   Tests created: 1
17:51:22.801 [INFO]   [Creating]        [402/928] org.symphonyoss.symphony.messageml.elements.Option.buildAttribute
17:51:22.801 [INFO]   [Creating]        [402/928]   Tests created: 1
17:51:22.841 [INFO]   [Creating]        [403/928] org.symphonyoss.symphony.messageml.elements.Option.validate
17:51:22.841 [INFO]   [Creating]        [403/928]   Tests created: 1
17:51:22.842 [INFO]   [Creating]     [62/141] org.symphonyoss.symphony.messageml.elements.Option
17:51:22.842 [INFO]   [Creating]     [62/141]   Tests created: 4
17:51:22.843 [INFO]   [Creating]    
================================================================================
= Starting analysis for class 'org.symphonyoss.symphony.messageml.elements.OrderedList'
================================================================================
17:51:22.843 [INFO]   [Creating]    Filtering out non-testable methods...
17:51:22.844 [INFO]   [Creating]    Filtering of methods complete. Creating analysis request
17:51:22.844 [INFO]   [Creating]    Attempting to get service client, retry 1.
17:51:24.404 [INFO]   [Creating]        [404/928] org.symphonyoss.symphony.messageml.elements.OrderedList.<init>
17:51:24.404 [INFO]   [Creating]        [404/928]   Tests created: 1
17:51:25.958 [INFO]   [Creating]        [405/928] org.symphonyoss.symphony.messageml.elements.OrderedList.asMarkdown
17:51:25.958 [INFO]   [Creating]        [405/928]   Tests created: 1
17:51:27.748 [INFO]   [Creating]        [406/928] org.symphonyoss.symphony.messageml.elements.OrderedList.updateBiContext
17:51:27.748 [INFO]   [Creating]        [406/928]   Tests created: 6
17:51:27.847 [INFO]   [Creating]        [407/928] org.symphonyoss.symphony.messageml.elements.OrderedList.validate
17:51:27.847 [INFO]   [Creating]        [407/928]   Tests created: 2
17:51:27.848 [INFO]   [Creating]     [63/141] org.symphonyoss.symphony.messageml.elements.OrderedList
17:51:27.848 [INFO]   [Creating]     [63/141]   Tests created: 10
17:51:27.848 [INFO]   [Creating]    
================================================================================
= Starting analysis for class 'org.symphonyoss.symphony.messageml.elements.Paragraph'
================================================================================
17:51:27.848 [INFO]   [Creating]    Filtering out non-testable methods...
17:51:27.850 [INFO]   [Creating]    Filtering of methods complete. Creating analysis request
17:51:27.850 [INFO]   [Creating]    Attempting to get service client, retry 1.
17:51:28.600 [INFO]   [Creating]        [408/928] org.symphonyoss.symphony.messageml.elements.Paragraph.toString
17:51:28.600 [INFO]   [Creating]        [408/928]   Tests created: 1
17:51:29.341 [INFO]   [Creating]        [409/928] org.symphonyoss.symphony.messageml.elements.Paragraph.<init>
17:51:29.341 [INFO]   [Creating]        [409/928]   Tests created: 1
17:51:30.125 [INFO]   [Creating]        [410/928] org.symphonyoss.symphony.messageml.elements.Paragraph.asMarkdown
17:51:30.125 [INFO]   [Creating]        [410/928]   Tests created: 1
17:51:31.620 [INFO]   [Creating]        [411/928] org.symphonyoss.symphony.messageml.elements.Paragraph.asText
17:51:31.620 [INFO]   [Creating]        [411/928]   Tests created: 1
17:51:31.949 [INFO]   [Creating]        [412/928] org.symphonyoss.symphony.messageml.elements.Paragraph.updateBiContext
17:51:31.949 [INFO]   [Creating]        [412/928]   Tests created: 6
17:51:31.949 [INFO]   [Creating]     [64/141] org.symphonyoss.symphony.messageml.elements.Paragraph
17:51:31.950 [INFO]   [Creating]     [64/141]   Tests created: 10
17:51:31.950 [INFO]   [Creating]    
================================================================================
= Starting analysis for class 'org.symphonyoss.symphony.messageml.elements.PersonSelector'
================================================================================
17:51:31.950 [INFO]   [Creating]    Filtering out non-testable methods...
17:51:31.953 [INFO]   [Creating]    Filtering of methods complete. Creating analysis request
17:51:31.953 [INFO]   [Creating]    Attempting to get service client, retry 1.
17:51:33.133 [INFO]   [Creating]        [413/928] org.symphonyoss.symphony.messageml.elements.PersonSelector.<init>
17:51:33.133 [INFO]   [Creating]        [414/928] org.symphonyoss.symphony.messageml.elements.PersonSelector.getElementId
17:51:33.133 [INFO]   [Creating]        [415/928] org.symphonyoss.symphony.messageml.elements.PersonSelector.getPresentationMLTag
17:51:33.133 [INFO]   [Creating]        [415/928]   Tests created: 1
17:51:35.176 [INFO]   [Creating]        [416/928] org.symphonyoss.symphony.messageml.elements.PersonSelector.asMarkdown
17:51:35.176 [INFO]   [Creating]        [416/928]   Tests created: 1
17:51:37.592 [INFO]   [Creating]        [417/928] org.symphonyoss.symphony.messageml.elements.PersonSelector.asPresentationML
17:51:37.592 [INFO]   [Creating]        [417/928]   Tests created: 4
17:51:39.268 [INFO]   [Creating]        [418/928] org.symphonyoss.symphony.messageml.elements.PersonSelector.buildAll
17:51:39.268 [INFO]   [Creating]        [418/928]   Tests created: 4
17:51:40.441 [INFO]   [Creating]        [419/928] org.symphonyoss.symphony.messageml.elements.PersonSelector.buildAttribute
17:51:40.441 [INFO]   [Creating]        [419/928]   Tests created: 2
17:51:42.070 [INFO]   [Creating]        [420/928] org.symphonyoss.symphony.messageml.elements.PersonSelector.updateBiContext
17:51:42.070 [INFO]   [Creating]        [420/928]   Tests created: 1
17:51:42.181 [INFO]   [Creating]        [421/928] org.symphonyoss.symphony.messageml.elements.PersonSelector.validate
17:51:42.181 [INFO]   [Creating]        [421/928]   Tests created: 2
17:51:42.181 [INFO]   [Creating]     [65/141] org.symphonyoss.symphony.messageml.elements.PersonSelector
17:51:42.181 [INFO]   [Creating]     [65/141]   Tests created: 15
17:51:42.182 [INFO]   [Creating]    
================================================================================
= Starting analysis for class 'org.symphonyoss.symphony.messageml.elements.Preformatted'
================================================================================
17:51:42.182 [INFO]   [Creating]    Filtering out non-testable methods...
17:51:42.183 [INFO]   [Creating]    Filtering of methods complete. Creating analysis request
17:51:42.183 [INFO]   [Creating]    Attempting to get service client, retry 1.
17:51:43.592 [INFO]   [Creating]        [422/928] org.symphonyoss.symphony.messageml.elements.Preformatted.<init>
17:51:43.592 [INFO]   [Creating]        [422/928]   Tests created: 1
17:51:47.152 [INFO]   [Creating]        [423/928] org.symphonyoss.symphony.messageml.elements.Preformatted.asMarkdown
17:51:47.152 [INFO]   [Creating]        [423/928]   Tests created: 1
17:51:48.934 [INFO]   [Creating]        [424/928] org.symphonyoss.symphony.messageml.elements.Preformatted.asPresentationML
17:51:48.934 [INFO]   [Creating]        [424/928]   Tests created: 7
17:51:50.770 [INFO]   [Creating]        [425/928] org.symphonyoss.symphony.messageml.elements.Preformatted.updateBiContext
17:51:50.770 [INFO]   [Creating]        [425/928]   Tests created: 6
17:51:50.933 [INFO]   [Creating]        [426/928] org.symphonyoss.symphony.messageml.elements.Preformatted.validate
17:51:50.933 [INFO]   [Creating]        [426/928]   Tests created: 3
17:51:50.934 [INFO]   [Creating]     [66/141] org.symphonyoss.symphony.messageml.elements.Preformatted
17:51:50.934 [INFO]   [Creating]     [66/141]   Tests created: 18
17:51:50.934 [INFO]   [Creating]    
================================================================================
= Starting analysis for class 'org.symphonyoss.symphony.messageml.elements.Radio'
================================================================================
17:51:50.934 [INFO]   [Creating]    Filtering out non-testable methods...
17:51:50.937 [INFO]   [Creating]    Filtering of methods complete. Creating analysis request
17:51:50.937 [INFO]   [Creating]    Attempting to get service client, retry 1.
17:51:53.464 [INFO]   [Creating]        [427/928] org.symphonyoss.symphony.messageml.elements.Radio.<init>
17:51:53.464 [INFO]   [Creating]        [428/928] org.symphonyoss.symphony.messageml.elements.Radio.getElementId
17:51:53.464 [INFO]   [Creating]        [429/928] org.symphonyoss.symphony.messageml.elements.Radio.getPresentationMLDivClass
17:51:53.464 [INFO]   [Creating]        [430/928] org.symphonyoss.symphony.messageml.elements.Radio.getPresentationMLInputType
17:51:53.464 [INFO]   [Creating]        [430/928]   Tests created: 1
17:51:55.107 [INFO]   [Creating]        [431/928] org.symphonyoss.symphony.messageml.elements.Radio.asMarkdown
17:51:55.107 [INFO]   [Creating]        [431/928]   Tests created: 4
17:51:56.418 [INFO]   [Creating]        [432/928] org.symphonyoss.symphony.messageml.elements.Radio.buildAttribute
17:51:56.418 [INFO]   [Creating]        [432/928]   Tests created: 2
17:51:58.182 [INFO]   [Creating]        [433/928] org.symphonyoss.symphony.messageml.elements.Radio.updateBiContext
17:51:58.182 [INFO]   [Creating]        [433/928]   Tests created: 4
17:51:58.304 [INFO]   [Creating]        [434/928] org.symphonyoss.symphony.messageml.elements.Radio.validate
17:51:58.304 [INFO]   [Creating]        [434/928]   Tests created: 2
17:51:58.304 [INFO]   [Creating]     [67/141] org.symphonyoss.symphony.messageml.elements.Radio
17:51:58.304 [INFO]   [Creating]     [67/141]   Tests created: 13
17:51:58.305 [INFO]   [Creating]    
================================================================================
= Starting analysis for class 'org.symphonyoss.symphony.messageml.elements.RegexElement'
================================================================================
17:51:58.305 [INFO]   [Creating]    Filtering out non-testable methods...
17:51:58.308 [INFO]   [Creating]    Filtering of methods complete. Creating analysis request
17:51:58.308 [INFO]   [Creating]    Attempting to get service client, retry 1.
17:52:00.145 [INFO]   [Creating]        [435/928] org.symphonyoss.symphony.messageml.elements.RegexElement.getOtherAttributes
17:52:00.145 [INFO]   [Creating]        [435/928]   Tests created: 1
17:52:01.340 [INFO]   [Creating]        [436/928] org.symphonyoss.symphony.messageml.elements.RegexElement.getRegexAttrForPresentationML
17:52:01.340 [INFO]   [Creating]        [436/928]   Tests created: 1
17:52:01.373 [INFO]   [Creating]        [437/928] org.symphonyoss.symphony.messageml.elements.RegexElement.validateRegex
17:52:01.373 [INFO]   [Creating]        [437/928]   Tests created: 1
17:52:01.374 [INFO]   [Creating]     [68/141] org.symphonyoss.symphony.messageml.elements.RegexElement
17:52:01.374 [INFO]   [Creating]     [68/141]   Tests created: 3
17:52:01.375 [INFO]   [Creating]    
================================================================================
= Starting analysis for class 'org.symphonyoss.symphony.messageml.elements.RoomSelector'
================================================================================
17:52:01.375 [INFO]   [Creating]    Filtering out non-testable methods...
17:52:01.378 [INFO]   [Creating]    Filtering of methods complete. Creating analysis request
17:52:01.378 [INFO]   [Creating]    Attempting to get service client, retry 1.
17:52:02.424 [INFO]   [Creating]        [438/928] org.symphonyoss.symphony.messageml.elements.RoomSelector.<init>
17:52:02.424 [INFO]   [Creating]        [439/928] org.symphonyoss.symphony.messageml.elements.RoomSelector.getElementId
17:52:02.424 [INFO]   [Creating]        [440/928] org.symphonyoss.symphony.messageml.elements.RoomSelector.getPresentationMLTag
17:52:02.424 [INFO]   [Creating]        [440/928]   Tests created: 1
17:52:04.390 [INFO]   [Creating]        [441/928] org.symphonyoss.symphony.messageml.elements.RoomSelector.asMarkdown
17:52:04.390 [INFO]   [Creating]        [441/928]   Tests created: 1
17:52:06.673 [INFO]   [Creating]        [442/928] org.symphonyoss.symphony.messageml.elements.RoomSelector.asPresentationML
17:52:06.673 [INFO]   [Creating]        [442/928]   Tests created: 4
17:52:08.467 [INFO]   [Creating]        [443/928] org.symphonyoss.symphony.messageml.elements.RoomSelector.buildAll
17:52:08.467 [INFO]   [Creating]        [443/928]   Tests created: 4
17:52:09.584 [INFO]   [Creating]        [444/928] org.symphonyoss.symphony.messageml.elements.RoomSelector.buildAttribute
17:52:09.584 [INFO]   [Creating]        [444/928]   Tests created: 2
17:52:11.165 [INFO]   [Creating]        [445/928] org.symphonyoss.symphony.messageml.elements.RoomSelector.updateBiContext
17:52:11.165 [INFO]   [Creating]        [445/928]   Tests created: 1
17:52:11.278 [INFO]   [Creating]        [446/928] org.symphonyoss.symphony.messageml.elements.RoomSelector.validate
17:52:11.278 [INFO]   [Creating]        [446/928]   Tests created: 2
17:52:11.279 [INFO]   [Creating]     [69/141] org.symphonyoss.symphony.messageml.elements.RoomSelector
17:52:11.279 [INFO]   [Creating]     [69/141]   Tests created: 15
17:52:11.279 [INFO]   [Creating]    
================================================================================
= Starting analysis for class 'org.symphonyoss.symphony.messageml.elements.Select'
================================================================================
17:52:11.279 [INFO]   [Creating]    Filtering out non-testable methods...
17:52:11.282 [INFO]   [Creating]    Filtering of methods complete. Creating analysis request
17:52:11.282 [INFO]   [Creating]    Attempting to get service client, retry 1.
17:52:12.073 [INFO]   [Creating]        [447/928] org.symphonyoss.symphony.messageml.elements.Select.getElementId
17:52:12.073 [INFO]   [Creating]        [447/928]   Tests created: 1
17:52:12.935 [INFO]   [Creating]        [448/928] org.symphonyoss.symphony.messageml.elements.Select.<init>
17:52:12.935 [INFO]   [Creating]        [448/928]   Tests created: 1
17:52:14.245 [INFO]   [Creating]        [449/928] org.symphonyoss.symphony.messageml.elements.Select.asMarkdown
17:52:14.245 [INFO]   [Creating]        [449/928]   Tests created: 1
17:52:15.650 [INFO]   [Creating]        [450/928] org.symphonyoss.symphony.messageml.elements.Select.buildAttribute
17:52:15.650 [INFO]   [Creating]        [450/928]   Tests created: 1
17:53:55.328 [INFO]   [Creating]        [451/928] org.symphonyoss.symphony.messageml.elements.Select.updateBiContext
17:53:55.328 [INFO]   [Creating]        [451/928]   Tests created: 3
17:53:55.422 [INFO]   [Creating]        [452/928] org.symphonyoss.symphony.messageml.elements.Select.validate
17:53:55.422 [INFO]   [Creating]        [452/928]   Tests created: 2
17:53:55.422 [INFO]   [Creating]     [70/141] org.symphonyoss.symphony.messageml.elements.Select
17:53:55.423 [INFO]   [Creating]     [70/141]   Tests created: 9
17:53:55.423 [INFO]   [Creating]    
================================================================================
= Starting analysis for class 'org.symphonyoss.symphony.messageml.elements.Span'
================================================================================
17:53:55.423 [INFO]   [Creating]    Filtering out non-testable methods...
17:53:55.424 [INFO]   [Creating]    Filtering of methods complete. Creating analysis request
17:53:55.424 [INFO]   [Creating]    Attempting to get service client, retry 1.
17:53:57.135 [INFO]   [Creating]        [453/928] org.symphonyoss.symphony.messageml.elements.Span.<init>
17:53:57.135 [INFO]   [Creating]        [453/928]   Tests created: 1
17:53:58.483 [INFO]   [Creating]        [454/928] org.symphonyoss.symphony.messageml.elements.Span.asEntityJson
17:53:58.483 [INFO]   [Creating]        [454/928]   Tests created: 1
17:54:00.050 [INFO]   [Creating]        [455/928] org.symphonyoss.symphony.messageml.elements.Span.buildAttribute
17:54:00.050 [INFO]   [Creating]        [455/928]   Tests created: 1
17:54:01.778 [INFO]   [Creating]        [456/928] org.symphonyoss.symphony.messageml.elements.Span.updateBiContext
17:54:01.778 [INFO]   [Creating]        [456/928]   Tests created: 6
17:54:01.827 [INFO]   [Creating]        [457/928] org.symphonyoss.symphony.messageml.elements.Span.validate
17:54:01.827 [INFO]   [Creating]        [457/928]   Tests created: 1
17:54:01.828 [INFO]   [Creating]     [71/141] org.symphonyoss.symphony.messageml.elements.Span
17:54:01.828 [INFO]   [Creating]     [71/141]   Tests created: 10
17:54:01.829 [INFO]   [Creating]    
================================================================================
= Starting analysis for class 'org.symphonyoss.symphony.messageml.elements.SplittableElement'
================================================================================
17:54:01.829 [INFO]   [Creating]    Filtering out non-testable methods...
17:54:01.838 [INFO]   [Creating]    Filtering of methods complete. Creating analysis request
17:54:01.838 [INFO]   [Creating]    Attempting to get service client, retry 1.
17:54:05.133 [INFO]   [Creating]        [458/928] org.symphonyoss.symphony.messageml.elements.SplittableElement.getElementId
17:54:05.133 [INFO]   [Creating]        [458/928]   Tests created: 1
17:54:06.752 [INFO]   [Creating]        [459/928] org.symphonyoss.symphony.messageml.elements.SplittableElement.fillAttributes
17:54:06.752 [INFO]   [Creating]        [459/928]   R013: No inputs found that don't throw a trivial exception
17:54:06.752 [INFO]   [Creating]        [459/928]     Diffblue Cover tried to run the arrange/act section, but the test threw
17:54:06.752 [INFO]   [Creating]        [459/928]     org.w3c.dom.DOMException: Method not supported
17:54:06.752 [INFO]   [Creating]        [459/928]         at javax.imageio.metadata.IIOMetadataNode.getTextContent(IIOMetadataNode.java:1097)
17:54:06.752 [INFO]   [Creating]        [459/928]         at org.symphonyoss.symphony.messageml.elements.Element.getStringAttribute(Element.java:484)
17:54:06.752 [INFO]   [Creating]        [459/928]         at org.symphonyoss.symphony.messageml.elements.SplittableElement.fillAttributes(SplittableElement.java:159)
17:54:06.752 [INFO]   [Creating]        [459/928]         at org.symphonyoss.symphony.messageml.elements.SplittableElement.fillAttributes(SplittableElement.java:182)
17:54:06.752 [INFO]   [Creating]        [459/928]     In order to prevent fillAttributes(MessageMLParser, Node)
17:54:06.752 [INFO]   [Creating]        [459/928]     from throwing DOMException, add constructors or factory
17:54:06.752 [INFO]   [Creating]        [459/928]     methods that make it easier to construct fully initialized objects used in
17:54:06.752 [INFO]   [Creating]        [459/928]     fillAttributes(MessageMLParser, Node).
17:54:06.752 [INFO]   [Creating]        [459/928]     See https://diff.blue/R013 to resolve this issue.
17:54:07.592 [INFO]   [Creating]        [460/928] org.symphonyoss.symphony.messageml.elements.SplittableElement.fillAttributes
17:54:07.592 [INFO]   [Creating]        [460/928]   R013: No inputs found that don't throw a trivial exception
17:54:07.592 [INFO]   [Creating]        [460/928]     Diffblue Cover tried to run the arrange/act section, but the test threw
17:54:07.592 [INFO]   [Creating]        [460/928]     org.w3c.dom.DOMException: Method not supported
17:54:07.592 [INFO]   [Creating]        [460/928]         at javax.imageio.metadata.IIOMetadataNode.getTextContent(IIOMetadataNode.java:1097)
17:54:07.592 [INFO]   [Creating]        [460/928]         at org.symphonyoss.symphony.messageml.elements.Element.getStringAttribute(Element.java:484)
17:54:07.592 [INFO]   [Creating]        [460/928]         at org.symphonyoss.symphony.messageml.elements.SplittableElement.fillAttributes(SplittableElement.java:159)
17:54:07.592 [INFO]   [Creating]        [460/928]     In order to prevent fillAttributes(MessageMLParser, Node, Map)
17:54:07.592 [INFO]   [Creating]        [460/928]     from throwing DOMException, add constructors or factory
17:54:07.592 [INFO]   [Creating]        [460/928]     methods that make it easier to construct fully initialized objects used in
17:54:07.592 [INFO]   [Creating]        [460/928]     fillAttributes(MessageMLParser, Node, Map).
17:54:07.592 [INFO]   [Creating]        [460/928]     See https://diff.blue/R013 to resolve this issue.
17:54:08.975 [INFO]   [Creating]        [461/928] org.symphonyoss.symphony.messageml.elements.SplittableElement.isSplittable
17:54:08.975 [INFO]   [Creating]        [461/928]   Tests created: 1
17:54:11.341 [INFO]   [Creating]        [462/928] org.symphonyoss.symphony.messageml.elements.SplittableElement.isSplittableNodeComponent
17:54:11.341 [INFO]   [Creating]        [462/928]   Tests created: 3
17:54:12.309 [INFO]   [Creating]        [463/928] org.symphonyoss.symphony.messageml.elements.SplittableElement.splittableAsPresentationML
17:54:12.309 [INFO]   [Creating]        [463/928]   Tests created: 4
17:54:14.029 [INFO]   [Creating]        [464/928] org.symphonyoss.symphony.messageml.elements.SplittableElement.splittableRemove
17:54:14.029 [INFO]   [Creating]        [464/928]   Tests created: 1
17:54:14.069 [INFO]   [Creating]        [465/928] org.symphonyoss.symphony.messageml.elements.SplittableElement.validateSplittable
17:54:14.069 [INFO]   [Creating]        [465/928]   Tests created: 1
17:54:14.070 [INFO]   [Creating]     [72/141] org.symphonyoss.symphony.messageml.elements.SplittableElement
17:54:14.070 [INFO]   [Creating]     [72/141]   Tests created: 11
17:54:14.071 [INFO]   [Creating]    
================================================================================
= Starting analysis for class 'org.symphonyoss.symphony.messageml.elements.Styles'
================================================================================
17:54:14.071 [INFO]   [Creating]    Filtering out non-testable methods...
17:54:14.072 [INFO]   [Creating]    Filtering of methods complete. Creating analysis request
17:54:14.072 [INFO]   [Creating]    Attempting to get service client, retry 1.
17:54:14.104 [INFO]   [Creating]        [466/928] org.symphonyoss.symphony.messageml.elements.Styles.<init>
17:54:14.104 [INFO]   [Creating]        [466/928]   T005: Trivial constructor
17:54:14.104 [INFO]   [Creating]        [466/928]     See https://diff.blue/T005
17:54:16.578 [INFO]   [Creating]        [467/928] org.symphonyoss.symphony.messageml.elements.Styles.validate
17:54:16.578 [INFO]   [Creating]        [467/928]   Tests created: 4
17:54:16.578 [INFO]   [Creating]     [73/141] org.symphonyoss.symphony.messageml.elements.Styles
17:54:16.578 [INFO]   [Creating]     [73/141]   Tests created: 4
17:54:16.579 [INFO]   [Creating]    
================================================================================
= Starting analysis for class 'org.symphonyoss.symphony.messageml.elements.Subscript'
================================================================================
17:54:16.579 [INFO]   [Creating]    Filtering out non-testable methods...
17:54:16.580 [INFO]   [Creating]    Filtering of methods complete. Creating analysis request
17:54:16.580 [INFO]   [Creating]    Attempting to get service client, retry 1.
17:54:18.048 [INFO]   [Creating]        [468/928] org.symphonyoss.symphony.messageml.elements.Subscript.<init>
17:54:18.048 [INFO]   [Creating]        [468/928]   Tests created: 1
17:54:18.090 [INFO]   [Creating]        [469/928] org.symphonyoss.symphony.messageml.elements.Subscript.asMarkdown
17:54:18.090 [INFO]   [Creating]        [469/928]   Tests created: 1
17:54:18.090 [INFO]   [Creating]     [74/141] org.symphonyoss.symphony.messageml.elements.Subscript
17:54:18.091 [INFO]   [Creating]     [74/141]   Tests created: 2
17:54:18.091 [INFO]   [Creating]    
================================================================================
= Starting analysis for class 'org.symphonyoss.symphony.messageml.elements.Superscript'
================================================================================
17:54:18.091 [INFO]   [Creating]    Filtering out non-testable methods...
17:54:18.092 [INFO]   [Creating]    Filtering of methods complete. Creating analysis request
17:54:18.092 [INFO]   [Creating]    Attempting to get service client, retry 1.
17:54:19.543 [INFO]   [Creating]        [470/928] org.symphonyoss.symphony.messageml.elements.Superscript.<init>
17:54:19.543 [INFO]   [Creating]        [470/928]   Tests created: 1
17:54:19.588 [INFO]   [Creating]        [471/928] org.symphonyoss.symphony.messageml.elements.Superscript.asMarkdown
17:54:19.588 [INFO]   [Creating]        [471/928]   Tests created: 1
17:54:19.589 [INFO]   [Creating]     [75/141] org.symphonyoss.symphony.messageml.elements.Superscript
17:54:19.589 [INFO]   [Creating]     [75/141]   Tests created: 2
17:54:19.590 [INFO]   [Creating]    
================================================================================
= Starting analysis for class 'org.symphonyoss.symphony.messageml.elements.Table'
================================================================================
17:54:19.590 [INFO]   [Creating]    Filtering out non-testable methods...
17:54:19.591 [INFO]   [Creating]    Filtering of methods complete. Creating analysis request
17:54:19.591 [INFO]   [Creating]    Attempting to get service client, retry 1.
17:54:20.359 [INFO]   [Creating]        [472/928] org.symphonyoss.symphony.messageml.elements.Table.toString
17:54:20.359 [INFO]   [Creating]        [472/928]   Tests created: 1
17:54:21.197 [INFO]   [Creating]        [473/928] org.symphonyoss.symphony.messageml.elements.Table.<init>
17:54:21.197 [INFO]   [Creating]        [473/928]   Tests created: 1
17:54:23.512 [INFO]   [Creating]        [474/928] org.symphonyoss.symphony.messageml.elements.Table.asMarkdown
17:54:23.512 [INFO]   [Creating]        [474/928]   Tests created: 1
17:54:25.457 [INFO]   [Creating]        [475/928] org.symphonyoss.symphony.messageml.elements.Table.updateBiContext
17:54:25.457 [INFO]   [Creating]        [475/928]   Tests created: 8
17:54:25.571 [INFO]   [Creating]        [476/928] org.symphonyoss.symphony.messageml.elements.Table.validate
17:54:25.571 [INFO]   [Creating]        [476/928]   Tests created: 2
17:54:25.572 [INFO]   [Creating]     [76/141] org.symphonyoss.symphony.messageml.elements.Table
17:54:25.572 [INFO]   [Creating]     [76/141]   Tests created: 13
17:54:25.573 [INFO]   [Creating]    
================================================================================
= Starting analysis for class 'org.symphonyoss.symphony.messageml.elements.TableBody'
================================================================================
17:54:25.573 [INFO]   [Creating]    Filtering out non-testable methods...
17:54:25.574 [INFO]   [Creating]    Filtering of methods complete. Creating analysis request
17:54:25.574 [INFO]   [Creating]    Attempting to get service client, retry 1.
17:54:26.326 [INFO]   [Creating]        [477/928] org.symphonyoss.symphony.messageml.elements.TableBody.toString
17:54:26.326 [INFO]   [Creating]        [477/928]   Tests created: 1
17:54:27.908 [INFO]   [Creating]        [478/928] org.symphonyoss.symphony.messageml.elements.TableBody.<init>
17:54:27.908 [INFO]   [Creating]        [478/928]   Tests created: 1
17:54:27.985 [INFO]   [Creating]        [479/928] org.symphonyoss.symphony.messageml.elements.TableBody.validate
17:54:27.985 [INFO]   [Creating]        [479/928]   Tests created: 2
17:54:27.985 [INFO]   [Creating]     [77/141] org.symphonyoss.symphony.messageml.elements.TableBody
17:54:27.985 [INFO]   [Creating]     [77/141]   Tests created: 4
17:54:27.986 [INFO]   [Creating]    
================================================================================
= Starting analysis for class 'org.symphonyoss.symphony.messageml.elements.TableCell'
================================================================================
17:54:27.986 [INFO]   [Creating]    Filtering out non-testable methods...
17:54:27.987 [INFO]   [Creating]    Filtering of methods complete. Creating analysis request
17:54:27.987 [INFO]   [Creating]    Attempting to get service client, retry 1.
17:54:28.766 [INFO]   [Creating]        [480/928] org.symphonyoss.symphony.messageml.elements.TableCell.toString
17:54:28.766 [INFO]   [Creating]        [480/928]   Tests created: 1
17:54:29.537 [INFO]   [Creating]        [481/928] org.symphonyoss.symphony.messageml.elements.TableCell.<init>
17:54:29.537 [INFO]   [Creating]        [481/928]   Tests created: 1
17:54:30.795 [INFO]   [Creating]        [482/928] org.symphonyoss.symphony.messageml.elements.TableCell.asMarkdown
17:54:30.795 [INFO]   [Creating]        [482/928]   Tests created: 1
17:54:32.891 [INFO]   [Creating]        [483/928] org.symphonyoss.symphony.messageml.elements.TableCell.buildAttribute
17:54:32.891 [INFO]   [Creating]        [483/928]   Tests created: 1
17:54:32.893 [INFO]   [Creating]        [484/928] org.symphonyoss.symphony.messageml.elements.TableCell.updateBiContext
17:54:32.893 [INFO]   [Creating]        [484/928]   Diffblue AI was unable to find a test
17:54:32.894 [INFO]   [Creating]     [78/141] org.symphonyoss.symphony.messageml.elements.TableCell
17:54:32.894 [INFO]   [Creating]     [78/141]   Tests created: 4
17:54:32.894 [INFO]   [Creating]    
================================================================================
= Starting analysis for class 'org.symphonyoss.symphony.messageml.elements.TableFooter'
================================================================================
17:54:32.894 [INFO]   [Creating]    Filtering out non-testable methods...
17:54:32.895 [INFO]   [Creating]    Filtering of methods complete. Creating analysis request
17:54:32.895 [INFO]   [Creating]    Attempting to get service client, retry 1.
17:54:33.668 [INFO]   [Creating]        [485/928] org.symphonyoss.symphony.messageml.elements.TableFooter.toString
17:54:33.668 [INFO]   [Creating]        [485/928]   Tests created: 1
17:54:35.234 [INFO]   [Creating]        [486/928] org.symphonyoss.symphony.messageml.elements.TableFooter.<init>
17:54:35.234 [INFO]   [Creating]        [486/928]   Tests created: 1
17:54:36.999 [INFO]   [Creating]        [487/928] org.symphonyoss.symphony.messageml.elements.TableFooter.updateBiContext
17:54:36.999 [INFO]   [Creating]        [487/928]   Tests created: 6
17:54:37.092 [INFO]   [Creating]        [488/928] org.symphonyoss.symphony.messageml.elements.TableFooter.validate
17:54:37.092 [INFO]   [Creating]        [488/928]   Tests created: 2
17:54:37.093 [INFO]   [Creating]     [79/141] org.symphonyoss.symphony.messageml.elements.TableFooter
17:54:37.093 [INFO]   [Creating]     [79/141]   Tests created: 10
17:54:37.093 [INFO]   [Creating]    
================================================================================
= Starting analysis for class 'org.symphonyoss.symphony.messageml.elements.TableHeader'
================================================================================
17:54:37.093 [INFO]   [Creating]    Filtering out non-testable methods...
17:54:37.094 [INFO]   [Creating]    Filtering of methods complete. Creating analysis request
17:54:37.094 [INFO]   [Creating]    Attempting to get service client, retry 1.
17:54:37.961 [INFO]   [Creating]        [489/928] org.symphonyoss.symphony.messageml.elements.TableHeader.toString
17:54:37.961 [INFO]   [Creating]        [489/928]   Tests created: 1
17:54:39.501 [INFO]   [Creating]        [490/928] org.symphonyoss.symphony.messageml.elements.TableHeader.<init>
17:54:39.501 [INFO]   [Creating]        [490/928]   Tests created: 1
17:54:41.313 [INFO]   [Creating]        [491/928] org.symphonyoss.symphony.messageml.elements.TableHeader.updateBiContext
17:54:41.313 [INFO]   [Creating]        [491/928]   Tests created: 6
17:54:41.408 [INFO]   [Creating]        [492/928] org.symphonyoss.symphony.messageml.elements.TableHeader.validate
17:54:41.408 [INFO]   [Creating]        [492/928]   Tests created: 2
17:54:41.408 [INFO]   [Creating]     [80/141] org.symphonyoss.symphony.messageml.elements.TableHeader
17:54:41.408 [INFO]   [Creating]     [80/141]   Tests created: 10
17:54:41.409 [INFO]   [Creating]    
================================================================================
= Starting analysis for class 'org.symphonyoss.symphony.messageml.elements.TableHeaderCell'
================================================================================
17:54:41.409 [INFO]   [Creating]    Filtering out non-testable methods...
17:54:41.410 [INFO]   [Creating]    Filtering of methods complete. Creating analysis request
17:54:41.410 [INFO]   [Creating]    Attempting to get service client, retry 1.
17:54:42.167 [INFO]   [Creating]        [493/928] org.symphonyoss.symphony.messageml.elements.TableHeaderCell.toString
17:54:42.167 [INFO]   [Creating]        [493/928]   Tests created: 1
17:54:42.962 [INFO]   [Creating]        [494/928] org.symphonyoss.symphony.messageml.elements.TableHeaderCell.<init>
17:54:42.962 [INFO]   [Creating]        [494/928]   Tests created: 1
17:54:43.004 [INFO]   [Creating]        [495/928] org.symphonyoss.symphony.messageml.elements.TableHeaderCell.asMarkdown
17:54:43.004 [INFO]   [Creating]        [495/928]   Tests created: 1
17:54:43.004 [INFO]   [Creating]     [81/141] org.symphonyoss.symphony.messageml.elements.TableHeaderCell
17:54:43.005 [INFO]   [Creating]     [81/141]   Tests created: 3
17:54:43.005 [INFO]   [Creating]    
================================================================================
= Starting analysis for class 'org.symphonyoss.symphony.messageml.elements.TableRow'
================================================================================
17:54:43.005 [INFO]   [Creating]    Filtering out non-testable methods...
17:54:43.006 [INFO]   [Creating]    Filtering of methods complete. Creating analysis request
17:54:43.006 [INFO]   [Creating]    Attempting to get service client, retry 1.
17:54:43.768 [INFO]   [Creating]        [496/928] org.symphonyoss.symphony.messageml.elements.TableRow.toString
17:54:43.768 [INFO]   [Creating]        [496/928]   Tests created: 1
17:54:44.615 [INFO]   [Creating]        [497/928] org.symphonyoss.symphony.messageml.elements.TableRow.<init>
17:54:44.615 [INFO]   [Creating]        [497/928]   Tests created: 1
17:54:46.406 [INFO]   [Creating]        [498/928] org.symphonyoss.symphony.messageml.elements.TableRow.asMarkdown
17:54:46.406 [INFO]   [Creating]        [498/928]   Tests created: 1
17:54:48.354 [INFO]   [Creating]        [499/928] org.symphonyoss.symphony.messageml.elements.TableRow.updateBiContext
17:54:48.354 [INFO]   [Creating]        [499/928]   Tests created: 6
17:54:48.445 [INFO]   [Creating]        [500/928] org.symphonyoss.symphony.messageml.elements.TableRow.validate
17:54:48.445 [INFO]   [Creating]        [500/928]   Tests created: 2
17:54:48.445 [INFO]   [Creating]     [82/141] org.symphonyoss.symphony.messageml.elements.TableRow
17:54:48.446 [INFO]   [Creating]     [82/141]   Tests created: 11
17:54:48.446 [INFO]   [Creating]    
================================================================================
= Starting analysis for class 'org.symphonyoss.symphony.messageml.elements.Tag'
================================================================================
17:54:48.446 [INFO]   [Creating]    Filtering out non-testable methods...
17:54:48.450 [INFO]   [Creating]    Filtering of methods complete. Creating analysis request
17:54:48.450 [INFO]   [Creating]    Attempting to get service client, retry 1.
17:54:49.343 [INFO]   [Creating]        [501/928] org.symphonyoss.symphony.messageml.elements.Tag.getEntityIdPrefix
17:54:49.343 [INFO]   [Creating]        [502/928] org.symphonyoss.symphony.messageml.elements.Tag.getEntitySubType
17:54:49.343 [INFO]   [Creating]        [503/928] org.symphonyoss.symphony.messageml.elements.Tag.getEntityType
17:54:49.343 [INFO]   [Creating]        [503/928]   Tests created: 1
17:55:00.312 [INFO]   [Creating]        [504/928] org.symphonyoss.symphony.messageml.elements.Tag.<init>
17:55:00.312 [INFO]   [Creating]        [504/928]   Tests created: 1
17:55:05.703 [INFO]   [Creating]        [505/928] org.symphonyoss.symphony.messageml.elements.Tag.asEntityJson
17:55:05.703 [INFO]   [Creating]        [505/928]   Tests created: 1
17:55:10.280 [INFO]   [Creating]        [506/928] org.symphonyoss.symphony.messageml.elements.Tag.asMarkdown
17:55:10.280 [INFO]   [Creating]        [506/928]   Tests created: 7
17:55:12.551 [INFO]   [Creating]        [507/928] org.symphonyoss.symphony.messageml.elements.Tag.asPresentationML
17:55:12.551 [INFO]   [Creating]        [507/928]   Tests created: 8
17:55:14.844 [INFO]   [Creating]        [508/928] org.symphonyoss.symphony.messageml.elements.Tag.asText
17:55:14.844 [INFO]   [Creating]        [508/928]   Tests created: 2
17:55:16.669 [INFO]   [Creating]        [509/928] org.symphonyoss.symphony.messageml.elements.Tag.buildAttribute
17:55:16.669 [INFO]   [Creating]        [509/928]   Tests created: 1
17:55:18.567 [INFO]   [Creating]        [510/928] org.symphonyoss.symphony.messageml.elements.Tag.getEntityValue
17:55:18.567 [INFO]   [Creating]        [510/928]   Tests created: 2
17:55:20.924 [INFO]   [Creating]        [511/928] org.symphonyoss.symphony.messageml.elements.Tag.getEntityVersion
17:55:20.924 [INFO]   [Creating]        [511/928]   Tests created: 2
17:55:29.373 [INFO]   [Creating]        [512/928] org.symphonyoss.symphony.messageml.elements.Tag.updateBiContext
17:55:29.373 [INFO]   [Creating]        [512/928]   Tests created: 6
17:55:34.612 [INFO]   [Creating]        [513/928] org.symphonyoss.symphony.messageml.elements.Tag.validate
17:55:34.612 [INFO]   [Creating]        [513/928]   Tests created: 1
17:55:34.813 [INFO]   [Creating]        [514/928] org.symphonyoss.symphony.messageml.elements.Tag.validateFallBackTicker
17:55:34.813 [INFO]   [Creating]        [514/928]   Tests created: 2
17:55:34.813 [INFO]   [Creating]     [83/141] org.symphonyoss.symphony.messageml.elements.Tag
17:55:34.813 [INFO]   [Creating]     [83/141]   Tests created: 34
17:55:34.814 [INFO]   [Creating]    
================================================================================
= Starting analysis for class 'org.symphonyoss.symphony.messageml.elements.TextArea'
================================================================================
17:55:34.814 [INFO]   [Creating]    Filtering out non-testable methods...
17:55:34.817 [INFO]   [Creating]    Filtering of methods complete. Creating analysis request
17:55:34.817 [INFO]   [Creating]    Attempting to get service client, retry 1.
17:55:37.003 [INFO]   [Creating]        [515/928] org.symphonyoss.symphony.messageml.elements.TextArea.<init>
17:55:37.003 [INFO]   [Creating]        [516/928] org.symphonyoss.symphony.messageml.elements.TextArea.getElementId
17:55:37.003 [INFO]   [Creating]        [517/928] org.symphonyoss.symphony.messageml.elements.TextArea.getElementType
17:55:37.003 [INFO]   [Creating]        [518/928] org.symphonyoss.symphony.messageml.elements.TextArea.getMaxValueAllowed
17:55:37.003 [INFO]   [Creating]        [519/928] org.symphonyoss.symphony.messageml.elements.TextArea.getMinValueAllowed
17:55:37.003 [INFO]   [Creating]        [519/928]   Tests created: 1
17:55:40.494 [INFO]   [Creating]        [520/928] org.symphonyoss.symphony.messageml.elements.TextArea.asMarkdown
17:55:40.494 [INFO]   [Creating]        [520/928]   Tests created: 5
17:55:41.733 [INFO]   [Creating]        [521/928] org.symphonyoss.symphony.messageml.elements.TextArea.buildAttribute
17:55:41.733 [INFO]   [Creating]        [521/928]   Tests created: 4
17:55:45.590 [INFO]   [Creating]        [522/928] org.symphonyoss.symphony.messageml.elements.TextArea.getAttributeValue
17:55:45.590 [INFO]   [Creating]        [522/928]   Tests created: 1
17:55:46.779 [INFO]   [Creating]        [523/928] org.symphonyoss.symphony.messageml.elements.TextArea.getElementInitialValue
17:55:46.779 [INFO]   [Creating]        [523/928]   R013: No inputs found that don't throw a trivial exception
17:55:46.779 [INFO]   [Creating]        [523/928]     Diffblue Cover tried to run the arrange/act section, but the test threw
17:55:46.779 [INFO]   [Creating]        [523/928]     java.lang.IndexOutOfBoundsException: Index 0 out of bounds for length 0
17:55:46.779 [INFO]   [Creating]        [523/928]         at jdk.internal.util.Preconditions.outOfBounds(Preconditions.java:64)
17:55:46.779 [INFO]   [Creating]        [523/928]         at jdk.internal.util.Preconditions.outOfBoundsCheckIndex(Preconditions.java:70)
17:55:46.779 [INFO]   [Creating]        [523/928]         at jdk.internal.util.Preconditions.checkIndex(Preconditions.java:248)
17:55:46.779 [INFO]   [Creating]        [523/928]         at java.util.Objects.checkIndex(Objects.java:374)
17:55:46.779 [INFO]   [Creating]        [523/928]         at java.util.ArrayList.get(ArrayList.java:459)
17:55:46.779 [INFO]   [Creating]        [523/928]         at org.symphonyoss.symphony.messageml.elements.Element.getChild(Element.java:940)
17:55:46.779 [INFO]   [Creating]        [523/928]         at org.symphonyoss.symphony.messageml.elements.TextArea.getElementInitialValue(TextArea.java:139)
17:55:46.779 [INFO]   [Creating]        [523/928]     In order to prevent getElementInitialValue()
17:55:46.779 [INFO]   [Creating]        [523/928]     from throwing IndexOutOfBoundsException, add constructors or factory
17:55:46.779 [INFO]   [Creating]        [523/928]     methods that make it easier to construct fully initialized objects used in
17:55:46.779 [INFO]   [Creating]        [523/928]     getElementInitialValue().
17:55:46.779 [INFO]   [Creating]        [523/928]     See https://diff.blue/R013 to resolve this issue.
17:55:48.181 [INFO]   [Creating]        [524/928] org.symphonyoss.symphony.messageml.elements.TextArea.hasElementInitialValue
17:55:48.181 [INFO]   [Creating]        [524/928]   Tests created: 2
17:55:49.624 [INFO]   [Creating]        [525/928] org.symphonyoss.symphony.messageml.elements.TextArea.updateBiContext
17:55:49.624 [INFO]   [Creating]        [525/928]   Tests created: 2
17:55:49.741 [INFO]   [Creating]        [526/928] org.symphonyoss.symphony.messageml.elements.TextArea.validate
17:55:49.741 [INFO]   [Creating]        [526/928]   Tests created: 2
17:55:49.742 [INFO]   [Creating]     [84/141] org.symphonyoss.symphony.messageml.elements.TextArea
17:55:49.742 [INFO]   [Creating]     [84/141]   Tests created: 17
17:55:49.743 [INFO]   [Creating]    
================================================================================
= Starting analysis for class 'org.symphonyoss.symphony.messageml.elements.TextField'
================================================================================
17:55:49.743 [INFO]   [Creating]    Filtering out non-testable methods...
17:55:49.750 [INFO]   [Creating]    Filtering of methods complete. Creating analysis request
17:55:49.750 [INFO]   [Creating]    Attempting to get service client, retry 1.
17:55:50.794 [INFO]   [Creating]        [527/928] org.symphonyoss.symphony.messageml.elements.TextField.<init>
17:55:50.794 [INFO]   [Creating]        [528/928] org.symphonyoss.symphony.messageml.elements.TextField.getElementId
17:55:50.794 [INFO]   [Creating]        [529/928] org.symphonyoss.symphony.messageml.elements.TextField.getElementType
17:55:50.794 [INFO]   [Creating]        [530/928] org.symphonyoss.symphony.messageml.elements.TextField.getMaxValueAllowed
17:55:50.794 [INFO]   [Creating]        [531/928] org.symphonyoss.symphony.messageml.elements.TextField.getMinValueAllowed
17:55:50.794 [INFO]   [Creating]        [532/928] org.symphonyoss.symphony.messageml.elements.TextField.getPresentationMLTag
17:55:50.794 [INFO]   [Creating]        [532/928]   Tests created: 1
17:55:52.660 [INFO]   [Creating]        [533/928] org.symphonyoss.symphony.messageml.elements.TextField.areNestedElementsAllowed
17:55:52.660 [INFO]   [Creating]        [533/928]   Tests created: 1
17:55:55.531 [INFO]   [Creating]        [534/928] org.symphonyoss.symphony.messageml.elements.TextField.asMarkdown
17:55:55.531 [INFO]   [Creating]        [534/928]   Tests created: 5
17:55:57.611 [INFO]   [Creating]        [535/928] org.symphonyoss.symphony.messageml.elements.TextField.buildAll
17:55:57.611 [INFO]   [Creating]        [535/928]   Tests created: 7
17:55:58.694 [INFO]   [Creating]        [536/928] org.symphonyoss.symphony.messageml.elements.TextField.buildAttribute
17:55:58.694 [INFO]   [Creating]        [536/928]   Tests created: 2
17:56:02.521 [INFO]   [Creating]        [537/928] org.symphonyoss.symphony.messageml.elements.TextField.getAttributeValue
17:56:02.521 [INFO]   [Creating]        [537/928]   Tests created: 1
17:56:05.259 [INFO]   [Creating]        [538/928] org.symphonyoss.symphony.messageml.elements.TextField.getElementInitialValue
17:56:05.259 [INFO]   [Creating]        [538/928]   R013: No inputs found that don't throw a trivial exception
17:56:05.259 [INFO]   [Creating]        [538/928]     Diffblue Cover tried to run the arrange/act section, but the test threw
17:56:05.259 [INFO]   [Creating]        [538/928]     java.lang.IndexOutOfBoundsException: Index 0 out of bounds for length 0
17:56:05.259 [INFO]   [Creating]        [538/928]         at jdk.internal.util.Preconditions.outOfBounds(Preconditions.java:64)
17:56:05.259 [INFO]   [Creating]        [538/928]         at jdk.internal.util.Preconditions.outOfBoundsCheckIndex(Preconditions.java:70)
17:56:05.259 [INFO]   [Creating]        [538/928]         at jdk.internal.util.Preconditions.checkIndex(Preconditions.java:248)
17:56:05.259 [INFO]   [Creating]        [538/928]         at java.util.Objects.checkIndex(Objects.java:374)
17:56:05.259 [INFO]   [Creating]        [538/928]         at java.util.ArrayList.get(ArrayList.java:459)
17:56:05.259 [INFO]   [Creating]        [538/928]         at org.symphonyoss.symphony.messageml.elements.Element.getChild(Element.java:940)
17:56:05.259 [INFO]   [Creating]        [538/928]         at org.symphonyoss.symphony.messageml.elements.TextField.getElementInitialValue(TextField.java:270)
17:56:05.259 [INFO]   [Creating]        [538/928]     In order to prevent getElementInitialValue()
17:56:05.259 [INFO]   [Creating]        [538/928]     from throwing IndexOutOfBoundsException, add constructors or factory
17:56:05.259 [INFO]   [Creating]        [538/928]     methods that make it easier to construct fully initialized objects used in
17:56:05.259 [INFO]   [Creating]        [538/928]     getElementInitialValue().
17:56:05.259 [INFO]   [Creating]        [538/928]     See https://diff.blue/R013 to resolve this issue.
17:56:06.665 [INFO]   [Creating]        [539/928] org.symphonyoss.symphony.messageml.elements.TextField.getOtherAttributes
17:56:06.665 [INFO]   [Creating]        [539/928]   Tests created: 4
17:56:08.010 [INFO]   [Creating]        [540/928] org.symphonyoss.symphony.messageml.elements.TextField.hasElementInitialValue
17:56:08.010 [INFO]   [Creating]        [540/928]   Tests created: 2
17:56:09.728 [INFO]   [Creating]        [541/928] org.symphonyoss.symphony.messageml.elements.TextField.updateBiContext
17:56:09.728 [INFO]   [Creating]        [541/928]   Tests created: 2
17:56:09.883 [INFO]   [Creating]        [542/928] org.symphonyoss.symphony.messageml.elements.TextField.validate
17:56:09.883 [INFO]   [Creating]        [542/928]   Tests created: 2
17:56:09.883 [INFO]   [Creating]     [85/141] org.symphonyoss.symphony.messageml.elements.TextField
17:56:09.883 [INFO]   [Creating]     [85/141]   Tests created: 27
17:56:09.884 [INFO]   [Creating]    
================================================================================
= Starting analysis for class 'org.symphonyoss.symphony.messageml.elements.TextNode'
================================================================================
17:56:09.884 [INFO]   [Creating]    Filtering out non-testable methods...
17:56:09.886 [INFO]   [Creating]    Filtering of methods complete. Creating analysis request
17:56:09.886 [INFO]   [Creating]    Attempting to get service client, retry 1.
17:56:10.794 [INFO]   [Creating]        [543/928] org.symphonyoss.symphony.messageml.elements.TextNode.getText
17:56:10.794 [INFO]   [Creating]        [544/928] org.symphonyoss.symphony.messageml.elements.TextNode.setText
17:56:10.794 [INFO]   [Creating]        [545/928] org.symphonyoss.symphony.messageml.elements.TextNode.toString
17:56:10.794 [INFO]   [Creating]        [545/928]   Tests created: 1
17:56:12.341 [INFO]   [Creating]        [546/928] org.symphonyoss.symphony.messageml.elements.TextNode.<init>
17:56:12.341 [INFO]   [Creating]        [546/928]   Tests created: 1
17:56:13.231 [INFO]   [Creating]        [547/928] org.symphonyoss.symphony.messageml.elements.TextNode.<init>
17:56:13.231 [INFO]   [Creating]        [547/928]   R013: No inputs found that don't throw a trivial exception
17:56:13.231 [INFO]   [Creating]        [547/928]     Diffblue Cover tried to run the arrange/act section, but the test threw
17:56:13.231 [INFO]   [Creating]        [547/928]     java.lang.NullPointerException
17:56:13.231 [INFO]   [Creating]        [547/928]         at org.symphonyoss.symphony.messageml.elements.TextNode.<init>(TextNode.java:34)
17:56:13.231 [INFO]   [Creating]        [547/928]     In order to prevent <init>(Element, Text)
17:56:13.231 [INFO]   [Creating]        [547/928]     from throwing NullPointerException, add constructors or factory
17:56:13.231 [INFO]   [Creating]        [547/928]     methods that make it easier to construct fully initialized objects used in
17:56:13.231 [INFO]   [Creating]        [547/928]     <init>(Element, Text).
17:56:13.231 [INFO]   [Creating]        [547/928]     See https://diff.blue/R013 to resolve this issue.
17:56:15.468 [INFO]   [Creating]        [548/928] org.symphonyoss.symphony.messageml.elements.TextNode.asMarkdown
17:56:15.468 [INFO]   [Creating]        [548/928]   Tests created: 1
17:56:16.681 [INFO]   [Creating]        [549/928] org.symphonyoss.symphony.messageml.elements.TextNode.asPresentationML
17:56:16.681 [INFO]   [Creating]        [549/928]   Tests created: 7
17:56:18.474 [INFO]   [Creating]        [550/928] org.symphonyoss.symphony.messageml.elements.TextNode.asText
17:56:18.474 [INFO]   [Creating]        [550/928]   Tests created: 1
17:56:18.476 [INFO]   [Creating]        [551/928] org.symphonyoss.symphony.messageml.elements.TextNode.buildText
17:56:18.476 [INFO]   [Creating]        [551/928]   R013: No inputs found that don't throw a trivial exception
17:56:18.476 [INFO]   [Creating]        [551/928]     Diffblue Cover tried to run the arrange/act section, but the test threw
17:56:18.476 [INFO]   [Creating]        [551/928]     java.lang.NullPointerException
17:56:18.476 [INFO]   [Creating]        [551/928]         at org.symphonyoss.symphony.messageml.elements.TextNode.buildText(TextNode.java:60)
17:56:18.476 [INFO]   [Creating]        [551/928]     In order to prevent buildText(Text)
17:56:18.476 [INFO]   [Creating]        [551/928]     from throwing NullPointerException, add constructors or factory
17:56:18.476 [INFO]   [Creating]        [551/928]     methods that make it easier to construct fully initialized objects used in
17:56:18.476 [INFO]   [Creating]        [551/928]     buildText(Text).
17:56:18.476 [INFO]   [Creating]        [551/928]     See https://diff.blue/R013 to resolve this issue.
17:56:18.477 [INFO]   [Creating]     [86/141] org.symphonyoss.symphony.messageml.elements.TextNode
17:56:18.477 [INFO]   [Creating]     [86/141]   Tests created: 11
17:56:18.477 [INFO]   [Creating]    
================================================================================
= Starting analysis for class 'org.symphonyoss.symphony.messageml.elements.TimePicker'
================================================================================
17:56:18.477 [INFO]   [Creating]    Filtering out non-testable methods...
17:56:18.480 [INFO]   [Creating]    Filtering of methods complete. Creating analysis request
17:56:18.480 [INFO]   [Creating]    Attempting to get service client, retry 1.
17:56:19.562 [INFO]   [Creating]        [552/928] org.symphonyoss.symphony.messageml.elements.TimePicker.<init>
17:56:19.562 [INFO]   [Creating]        [552/928]   Tests created: 1
17:56:21.608 [INFO]   [Creating]        [553/928] org.symphonyoss.symphony.messageml.elements.TimePicker.asMarkdown
17:56:21.608 [INFO]   [Creating]        [553/928]   Tests created: 1
17:56:25.756 [INFO]   [Creating]        [554/928] org.symphonyoss.symphony.messageml.elements.TimePicker.asPresentationML
17:56:25.757 [INFO]   [Creating]        [554/928]   Tests created: 4
17:56:27.251 [INFO]   [Creating]        [555/928] org.symphonyoss.symphony.messageml.elements.TimePicker.buildAttribute
17:56:27.251 [INFO]   [Creating]        [555/928]   Tests created: 7
17:56:29.049 [INFO]   [Creating]        [556/928] org.symphonyoss.symphony.messageml.elements.TimePicker.updateBiContext
17:56:29.049 [INFO]   [Creating]        [556/928]   Tests created: 1
17:56:29.214 [INFO]   [Creating]        [557/928] org.symphonyoss.symphony.messageml.elements.TimePicker.validate
17:56:29.214 [INFO]   [Creating]        [557/928]   Tests created: 3
17:56:29.215 [INFO]   [Creating]     [87/141] org.symphonyoss.symphony.messageml.elements.TimePicker
17:56:29.215 [INFO]   [Creating]     [87/141]   Tests created: 17
17:56:29.215 [INFO]   [Creating]    
================================================================================
= Starting analysis for class 'org.symphonyoss.symphony.messageml.elements.TimezonePicker'
================================================================================
17:56:29.215 [INFO]   [Creating]    Filtering out non-testable methods...
17:56:29.217 [INFO]   [Creating]    Filtering of methods complete. Creating analysis request
17:56:29.217 [INFO]   [Creating]    Attempting to get service client, retry 1.
17:56:30.592 [INFO]   [Creating]        [558/928] org.symphonyoss.symphony.messageml.elements.TimezonePicker.<init>
17:56:30.592 [INFO]   [Creating]        [558/928]   Tests created: 1
17:56:32.563 [INFO]   [Creating]        [559/928] org.symphonyoss.symphony.messageml.elements.TimezonePicker.asMarkdown
17:56:32.563 [INFO]   [Creating]        [559/928]   Tests created: 2
17:56:36.273 [INFO]   [Creating]        [560/928] org.symphonyoss.symphony.messageml.elements.TimezonePicker.asPresentationML
17:56:36.273 [INFO]   [Creating]        [560/928]   Tests created: 4
17:56:37.805 [INFO]   [Creating]        [561/928] org.symphonyoss.symphony.messageml.elements.TimezonePicker.buildAttribute
17:56:37.805 [INFO]   [Creating]        [561/928]   Tests created: 8
17:56:39.642 [INFO]   [Creating]        [562/928] org.symphonyoss.symphony.messageml.elements.TimezonePicker.updateBiContext
17:56:39.642 [INFO]   [Creating]        [562/928]   Tests created: 1
17:56:39.814 [INFO]   [Creating]        [563/928] org.symphonyoss.symphony.messageml.elements.TimezonePicker.validate
17:56:39.814 [INFO]   [Creating]        [563/928]   Tests created: 3
17:56:39.815 [INFO]   [Creating]     [88/141] org.symphonyoss.symphony.messageml.elements.TimezonePicker
17:56:39.815 [INFO]   [Creating]     [88/141]   Tests created: 19
17:56:39.815 [INFO]   [Creating]    
================================================================================
= Starting analysis for class 'org.symphonyoss.symphony.messageml.elements.TooltipableElement'
================================================================================
17:56:39.815 [INFO]   [Creating]    Filtering out non-testable methods...
17:56:39.822 [INFO]   [Creating]    Filtering of methods complete. Creating analysis request
17:56:39.822 [INFO]   [Creating]    Attempting to get service client, retry 1.
17:56:41.575 [INFO]   [Creating]        [564/928] org.symphonyoss.symphony.messageml.elements.TooltipableElement.getPresentationMLTooltipTag
17:56:41.575 [INFO]   [Creating]        [564/928]   Tests created: 1
17:56:42.475 [INFO]   [Creating]        [565/928] org.symphonyoss.symphony.messageml.elements.TooltipableElement.getTooltipAttributes
17:56:42.475 [INFO]   [Creating]        [565/928]   Tests created: 1
17:56:44.037 [INFO]   [Creating]        [566/928] org.symphonyoss.symphony.messageml.elements.TooltipableElement.isTooltip
17:56:44.037 [INFO]   [Creating]        [566/928]   Tests created: 1
17:56:44.205 [INFO]   [Creating]        [567/928] org.symphonyoss.symphony.messageml.elements.TooltipableElement.validateTooltip
17:56:44.205 [INFO]   [Creating]        [567/928]   Tests created: 1
17:56:44.273 [INFO]   [Creating]        [568/928] org.symphonyoss.symphony.messageml.elements.TooltipableElement.isTooltipNode
17:56:44.273 [INFO]   [Creating]        [568/928]   Tests created: 2
17:56:44.274 [INFO]   [Creating]     [89/141] org.symphonyoss.symphony.messageml.elements.TooltipableElement
17:56:44.274 [INFO]   [Creating]     [89/141]   Tests created: 6
17:56:44.275 [INFO]   [Creating]    
================================================================================
= Starting analysis for class 'org.symphonyoss.symphony.messageml.elements.UIAction'
================================================================================
17:56:44.275 [INFO]   [Creating]    Filtering out non-testable methods...
17:56:44.277 [INFO]   [Creating]    Filtering of methods complete. Creating analysis request
17:56:44.277 [INFO]   [Creating]    Attempting to get service client, retry 1.
17:56:45.134 [INFO]   [Creating]        [569/928] org.symphonyoss.symphony.messageml.elements.UIAction.getPresentationMLTag
17:56:45.134 [INFO]   [Creating]        [569/928]   Tests created: 1
17:56:49.904 [INFO]   [Creating]        [570/928] org.symphonyoss.symphony.messageml.elements.UIAction.<init>
17:56:49.904 [INFO]   [Creating]        [570/928]   Tests created: 1
17:56:51.933 [INFO]   [Creating]        [571/928] org.symphonyoss.symphony.messageml.elements.UIAction.asPresentationML
17:56:51.933 [INFO]   [Creating]        [571/928]   Tests created: 14
17:56:54.055 [INFO]   [Creating]        [572/928] org.symphonyoss.symphony.messageml.elements.UIAction.buildAttribute
17:56:54.055 [INFO]   [Creating]        [572/928]   Tests created: 1
17:56:56.220 [INFO]   [Creating]        [573/928] org.symphonyoss.symphony.messageml.elements.UIAction.updateBiContext
17:56:56.220 [INFO]   [Creating]        [573/928]   Diffblue AI was unable to find a test
17:56:56.397 [INFO]   [Creating]        [574/928] org.symphonyoss.symphony.messageml.elements.UIAction.validate
17:56:56.397 [INFO]   [Creating]        [574/928]   Tests created: 3
17:56:56.398 [INFO]   [Creating]     [90/141] org.symphonyoss.symphony.messageml.elements.UIAction
17:56:56.398 [INFO]   [Creating]     [90/141]   Tests created: 20
17:56:56.399 [INFO]   [Creating]    
================================================================================
= Starting analysis for class 'org.symphonyoss.symphony.messageml.exceptions.InvalidInputException'
================================================================================
17:56:56.399 [INFO]   [Creating]    Filtering out non-testable methods...
17:56:56.400 [INFO]   [Creating]    Filtering of methods complete. Creating analysis request
17:56:56.400 [INFO]   [Creating]    Attempting to get service client, retry 1.
17:56:56.828 [INFO]   [Creating]        [575/928] org.symphonyoss.symphony.messageml.exceptions.InvalidInputException.<init>
17:56:56.828 [INFO]   [Creating]        [576/928] org.symphonyoss.symphony.messageml.exceptions.InvalidInputException.<init>
17:56:56.828 [INFO]   [Creating]        [576/928]   Tests created: 2
17:56:56.863 [INFO]   [Creating]        [577/928] org.symphonyoss.symphony.messageml.exceptions.InvalidInputException.<init>
17:56:56.863 [INFO]   [Creating]        [577/928]   Tests created: 1
17:56:56.864 [INFO]   [Creating]     [91/141] org.symphonyoss.symphony.messageml.exceptions.InvalidInputException
17:56:56.864 [INFO]   [Creating]     [91/141]   Tests created: 3
17:56:56.864 [INFO]   [Creating]    
================================================================================
= Starting analysis for class 'org.symphonyoss.symphony.messageml.exceptions.MessageMLException'
================================================================================
17:56:56.864 [INFO]   [Creating]    Filtering out non-testable methods...
17:56:56.865 [INFO]   [Creating]    Filtering of methods complete. Creating analysis request
17:56:56.865 [INFO]   [Creating]    Attempting to get service client, retry 1.
17:56:57.036 [INFO]   [Creating]        [578/928] org.symphonyoss.symphony.messageml.exceptions.MessageMLException.<init>
17:56:57.036 [INFO]   [Creating]        [579/928] org.symphonyoss.symphony.messageml.exceptions.MessageMLException.<init>
17:56:57.036 [INFO]   [Creating]        [579/928]   Tests created: 2
17:56:57.037 [INFO]   [Creating]     [92/141] org.symphonyoss.symphony.messageml.exceptions.MessageMLException
17:56:57.037 [INFO]   [Creating]     [92/141]   Tests created: 2
17:56:57.037 [INFO]   [Creating]    
================================================================================
= Starting analysis for class 'org.symphonyoss.symphony.messageml.exceptions.ProcessingException'
================================================================================
17:56:57.037 [INFO]   [Creating]    Filtering out non-testable methods...
17:56:57.039 [INFO]   [Creating]    Filtering of methods complete. Creating analysis request
17:56:57.039 [INFO]   [Creating]    Attempting to get service client, retry 1.
17:56:57.187 [INFO]   [Creating]        [580/928] org.symphonyoss.symphony.messageml.exceptions.ProcessingException.<init>
17:56:57.187 [INFO]   [Creating]        [581/928] org.symphonyoss.symphony.messageml.exceptions.ProcessingException.<init>
17:56:57.187 [INFO]   [Creating]        [581/928]   Tests created: 2
17:56:57.187 [INFO]   [Creating]     [93/141] org.symphonyoss.symphony.messageml.exceptions.ProcessingException
17:56:57.187 [INFO]   [Creating]     [93/141]   Tests created: 2
17:56:57.188 [INFO]   [Creating]    
================================================================================
= Starting analysis for class 'org.symphonyoss.symphony.messageml.markdown.EntityDelimiterProcessor'
================================================================================
17:56:57.188 [INFO]   [Creating]    Filtering out non-testable methods...
17:56:57.190 [INFO]   [Creating]    Filtering of methods complete. Creating analysis request
17:56:57.190 [INFO]   [Creating]    Attempting to get service client, retry 1.
17:56:57.302 [INFO]   [Creating]        [582/928] org.symphonyoss.symphony.messageml.markdown.EntityDelimiterProcessor.<init>
17:56:57.302 [INFO]   [Creating]        [583/928] org.symphonyoss.symphony.messageml.markdown.EntityDelimiterProcessor.getMinLength
17:56:57.302 [INFO]   [Creating]        [583/928]   Tests created: 1
17:56:58.099 [INFO]   [Creating]        [584/928] org.symphonyoss.symphony.messageml.markdown.EntityDelimiterProcessor.getClosingCharacter
17:56:58.099 [INFO]   [Creating]        [584/928]   Tests created: 1
17:56:58.175 [INFO]   [Creating]        [585/928] org.symphonyoss.symphony.messageml.markdown.EntityDelimiterProcessor.getDelimiterUse
17:56:58.175 [INFO]   [Creating]        [585/928]   Tests created: 1
17:56:59.850 [INFO]   [Creating]        [586/928] org.symphonyoss.symphony.messageml.markdown.EntityDelimiterProcessor.getOpeningCharacter
17:56:59.850 [INFO]   [Creating]        [586/928]   Tests created: 1
17:56:59.898 [INFO]   [Creating]        [587/928] org.symphonyoss.symphony.messageml.markdown.EntityDelimiterProcessor.process
17:56:59.898 [INFO]   [Creating]        [587/928]   Tests created: 1
17:56:59.898 [INFO]   [Creating]     [94/141] org.symphonyoss.symphony.messageml.markdown.EntityDelimiterProcessor
17:56:59.898 [INFO]   [Creating]     [94/141]   Tests created: 5
17:56:59.899 [INFO]   [Creating]    
================================================================================
= Starting analysis for class 'org.symphonyoss.symphony.messageml.markdown.MarkdownParser'
================================================================================
17:56:59.899 [INFO]   [Creating]    Filtering out non-testable methods...
17:56:59.908 [INFO]   [Creating]    Filtering of methods complete. Creating analysis request
17:56:59.908 [INFO]   [Creating]    Attempting to get service client, retry 1.
17:57:03.212 [INFO]   [Creating]        [588/928] org.symphonyoss.symphony.messageml.markdown.MarkdownParser.<init>
17:57:03.212 [INFO]   [Creating]        [589/928] org.symphonyoss.symphony.messageml.markdown.MarkdownParser.getDataProvider
17:57:03.212 [INFO]   [Creating]        [590/928] org.symphonyoss.symphony.messageml.markdown.MarkdownParser.getIndex
17:57:03.212 [INFO]   [Creating]        [591/928] org.symphonyoss.symphony.messageml.markdown.MarkdownParser.getMessageML
17:57:03.212 [INFO]   [Creating]        [592/928] org.symphonyoss.symphony.messageml.markdown.MarkdownParser.getParent
17:57:03.212 [INFO]   [Creating]        [592/928]   Tests created: 1
17:57:06.322 [INFO]   [Creating]        [593/928] org.symphonyoss.symphony.messageml.markdown.MarkdownParser.parse
17:57:06.322 [INFO]   [Creating]        [593/928]   Tests created: 5
17:57:10.241 [INFO]   [Creating]        [594/928] org.symphonyoss.symphony.messageml.markdown.MarkdownParser.visit
17:57:10.241 [INFO]   [Creating]        [594/928]   Tests created: 13
17:57:11.949 [INFO]   [Creating]        [595/928] org.symphonyoss.symphony.messageml.markdown.MarkdownParser.visit
17:57:11.949 [INFO]   [Creating]        [595/928]   Tests created: 5
17:57:15.704 [INFO]   [Creating]        [596/928] org.symphonyoss.symphony.messageml.markdown.MarkdownParser.visit
17:57:15.704 [INFO]   [Creating]        [596/928]   Tests created: 3
17:57:22.346 [INFO]   [Creating]        [597/928] org.symphonyoss.symphony.messageml.markdown.MarkdownParser.visit
17:57:22.346 [INFO]   [Creating]        [597/928]   Tests created: 8
17:57:26.354 [INFO]   [Creating]        [598/928] org.symphonyoss.symphony.messageml.markdown.MarkdownParser.visit
17:57:26.354 [INFO]   [Creating]        [598/928]   Tests created: 18
17:57:31.053 [INFO]   [Creating]        [599/928] org.symphonyoss.symphony.messageml.markdown.MarkdownParser.visit
17:57:31.053 [INFO]   [Creating]        [599/928]   Tests created: 5
17:57:34.654 [INFO]   [Creating]        [600/928] org.symphonyoss.symphony.messageml.markdown.MarkdownParser.visit
17:57:34.654 [INFO]   [Creating]        [600/928]   Tests created: 11
17:57:37.465 [INFO]   [Creating]        [601/928] org.symphonyoss.symphony.messageml.markdown.MarkdownParser.visit
17:57:37.465 [INFO]   [Creating]        [601/928]   Tests created: 5
17:57:41.441 [INFO]   [Creating]        [602/928] org.symphonyoss.symphony.messageml.markdown.MarkdownParser.visit
17:57:41.441 [INFO]   [Creating]        [602/928]   Tests created: 5
17:57:45.967 [INFO]   [Creating]        [603/928] org.symphonyoss.symphony.messageml.markdown.MarkdownParser.visit
17:57:45.967 [INFO]   [Creating]        [603/928]   Tests created: 8
17:57:51.657 [INFO]   [Creating]        [604/928] org.symphonyoss.symphony.messageml.markdown.MarkdownParser.visit
17:57:51.657 [INFO]   [Creating]        [604/928]   Tests created: 13
17:57:57.452 [INFO]   [Creating]        [605/928] org.symphonyoss.symphony.messageml.markdown.MarkdownParser.visit
17:57:57.452 [INFO]   [Creating]        [605/928]   Tests created: 13
17:58:03.183 [INFO]   [Creating]        [606/928] org.symphonyoss.symphony.messageml.markdown.MarkdownParser.visit
17:58:03.183 [INFO]   [Creating]        [606/928]   Tests created: 14
17:58:07.126 [INFO]   [Creating]        [607/928] org.symphonyoss.symphony.messageml.markdown.MarkdownParser.visit
17:58:07.126 [INFO]   [Creating]        [607/928]   Tests created: 5
17:58:08.773 [INFO]   [Creating]        [608/928] org.symphonyoss.symphony.messageml.markdown.MarkdownParser.visit
17:58:08.773 [INFO]   [Creating]        [608/928]   Tests created: 5
17:58:08.774 [INFO]   [Creating]     [95/141] org.symphonyoss.symphony.messageml.markdown.MarkdownParser
17:58:08.774 [INFO]   [Creating]     [95/141]   Tests created: 137
17:58:08.775 [INFO]   [Creating]    
================================================================================
= Starting analysis for class 'org.symphonyoss.symphony.messageml.markdown.MarkdownRenderer'
================================================================================
17:58:08.775 [INFO]   [Creating]    Filtering out non-testable methods...
17:58:08.793 [INFO]   [Creating]    Filtering of methods complete. Creating analysis request
17:58:08.793 [INFO]   [Creating]    Attempting to get service client, retry 1.
17:58:32.453 [INFO]   [Creating]        [609/928] org.symphonyoss.symphony.messageml.markdown.MarkdownRenderer.getJson
17:58:32.453 [INFO]   [Creating]        [609/928]   Tests created: 1
17:58:34.450 [INFO]   [Creating]        [610/928] org.symphonyoss.symphony.messageml.markdown.MarkdownRenderer.<init>
17:58:34.450 [INFO]   [Creating]        [610/928]   Tests created: 20
17:58:35.153 [INFO]   [Creating]        [611/928] org.symphonyoss.symphony.messageml.markdown.MarkdownRenderer.addEscapeCharacter
17:58:35.153 [INFO]   [Creating]        [611/928]   Tests created: 5
17:58:43.067 [INFO]   [Creating]        [612/928] org.symphonyoss.symphony.messageml.markdown.MarkdownRenderer.getText
17:58:43.067 [INFO]   [Creating]        [612/928]   Tests created: 1
17:58:51.494 [INFO]   [Creating]        [613/928] org.symphonyoss.symphony.messageml.markdown.MarkdownRenderer.visit
17:58:51.494 [INFO]   [Creating]        [613/928]   Tests created: 19
17:58:57.467 [INFO]   [Creating]        [614/928] org.symphonyoss.symphony.messageml.markdown.MarkdownRenderer.visit
17:58:57.467 [INFO]   [Creating]        [614/928]   Tests created: 16
17:59:21.715 [INFO]   [Creating]        [615/928] org.symphonyoss.symphony.messageml.markdown.MarkdownRenderer.visit
17:59:21.715 [INFO]   [Creating]        [615/928]   Tests created: 7
17:59:26.340 [INFO]   [Creating]        [616/928] org.symphonyoss.symphony.messageml.markdown.MarkdownRenderer.visit
17:59:26.340 [INFO]   [Creating]        [616/928]   Tests created: 19
17:59:26.340 [INFO]   [Creating]        [616/928]   Warnings:
17:59:26.340 [INFO]   [Creating]        [616/928]   Diffblue AI was unable to find a test
17:59:50.106 [INFO]   [Creating]        [617/928] org.symphonyoss.symphony.messageml.markdown.MarkdownRenderer.visit
17:59:50.106 [INFO]   [Creating]        [617/928]   Tests created: 5
17:59:52.150 [INFO]   [Creating]        [618/928] org.symphonyoss.symphony.messageml.markdown.MarkdownRenderer.visit
17:59:52.150 [INFO]   [Creating]        [618/928]   Tests created: 4
17:59:52.150 [INFO]   [Creating]        [618/928]   Warnings:
17:59:52.150 [INFO]   [Creating]        [618/928]   Diffblue AI was unable to find a test
17:59:54.889 [INFO]   [Creating]        [619/928] org.symphonyoss.symphony.messageml.markdown.MarkdownRenderer.visit
17:59:54.889 [INFO]   [Creating]        [619/928]   Diffblue AI was unable to find a test
17:59:57.563 [INFO]   [Creating]        [620/928] org.symphonyoss.symphony.messageml.markdown.MarkdownRenderer.visit
17:59:57.563 [INFO]   [Creating]        [620/928]   Tests created: 4
18:00:04.890 [INFO]   [Creating]        [621/928] org.symphonyoss.symphony.messageml.markdown.MarkdownRenderer.visit
18:00:04.890 [INFO]   [Creating]        [621/928]   Diffblue AI was unable to find a test
18:00:41.330 [INFO]   [Creating]        [622/928] org.symphonyoss.symphony.messageml.markdown.MarkdownRenderer.visit
18:00:41.330 [INFO]   [Creating]        [622/928]   Tests created: 19
18:00:46.876 [INFO]   [Creating]        [623/928] org.symphonyoss.symphony.messageml.markdown.MarkdownRenderer.visit
18:00:46.876 [INFO]   [Creating]        [623/928]   Tests created: 19
18:00:46.876 [INFO]   [Creating]        [623/928]   Warnings:
18:00:46.876 [INFO]   [Creating]        [623/928]   Diffblue AI was unable to find a test
18:00:50.141 [INFO]   [Creating]        [624/928] org.symphonyoss.symphony.messageml.markdown.MarkdownRenderer.visit
18:00:50.141 [INFO]   [Creating]        [624/928]   Tests created: 5
18:00:50.773 [INFO]   [Creating]        [625/928] org.symphonyoss.symphony.messageml.markdown.MarkdownRenderer.visit
18:00:50.773 [INFO]   [Creating]        [625/928]   Tests created: 4
18:00:50.773 [INFO]   [Creating]     [96/141] org.symphonyoss.symphony.messageml.markdown.MarkdownRenderer
18:00:50.773 [INFO]   [Creating]     [96/141]   Tests created: 148
18:00:50.774 [INFO]   [Creating]    
================================================================================
= Starting analysis for class 'org.symphonyoss.symphony.messageml.markdown.MarkdownRenderer$TrackingWriter'
================================================================================
18:00:50.774 [INFO]   [Creating]    Filtering out non-testable methods...
18:00:50.775 [INFO]   [Creating]    Filtering of methods complete. Creating analysis request
18:00:50.775 [INFO]   [Creating]    Attempting to get service client, retry 1.
18:00:52.003 [INFO]   [Creating]        [626/928] org.symphonyoss.symphony.messageml.markdown.MarkdownRenderer$TrackingWriter.<init>
18:00:52.003 [INFO]   [Creating]        [627/928] org.symphonyoss.symphony.messageml.markdown.MarkdownRenderer$TrackingWriter.toString
18:00:52.003 [INFO]   [Creating]        [627/928]   Tests created: 1
18:00:53.709 [INFO]   [Creating]        [628/928] org.symphonyoss.symphony.messageml.markdown.MarkdownRenderer$TrackingWriter.doubleLine
18:00:53.709 [INFO]   [Creating]        [628/928]   Tests created: 4
18:00:54.901 [INFO]   [Creating]        [629/928] org.symphonyoss.symphony.messageml.markdown.MarkdownRenderer$TrackingWriter.getLastChar
18:00:54.901 [INFO]   [Creating]        [629/928]   Tests created: 2
18:00:55.076 [INFO]   [Creating]        [630/928] org.symphonyoss.symphony.messageml.markdown.MarkdownRenderer$TrackingWriter.length
18:00:55.076 [INFO]   [Creating]        [630/928]   Tests created: 1
18:00:55.077 [INFO]   [Creating]     [97/141] org.symphonyoss.symphony.messageml.markdown.MarkdownRenderer$TrackingWriter
18:00:55.077 [INFO]   [Creating]     [97/141]   Tests created: 8
18:00:55.077 [INFO]   [Creating]    
================================================================================
= Starting analysis for class 'org.symphonyoss.symphony.messageml.markdown.nodes.EmojiNode'
================================================================================
18:00:55.077 [INFO]   [Creating]    Filtering out non-testable methods...
18:00:55.079 [INFO]   [Creating]    Filtering of methods complete. Creating analysis request
18:00:55.079 [INFO]   [Creating]    Attempting to get service client, retry 1.
18:00:55.321 [INFO]   [Creating]        [631/928] org.symphonyoss.symphony.messageml.markdown.nodes.EmojiNode.getAnnotation
18:00:55.321 [INFO]   [Creating]        [632/928] org.symphonyoss.symphony.messageml.markdown.nodes.EmojiNode.getClosingDelimiter
18:00:55.321 [INFO]   [Creating]        [633/928] org.symphonyoss.symphony.messageml.markdown.nodes.EmojiNode.getOpeningDelimiter
18:00:55.321 [INFO]   [Creating]        [634/928] org.symphonyoss.symphony.messageml.markdown.nodes.EmojiNode.getShortcode
18:00:55.321 [INFO]   [Creating]        [635/928] org.symphonyoss.symphony.messageml.markdown.nodes.EmojiNode.setAnnotation
18:00:55.321 [INFO]   [Creating]        [636/928] org.symphonyoss.symphony.messageml.markdown.nodes.EmojiNode.setShortcode
18:00:55.321 [INFO]   [Creating]        [636/928]   Tests created: 1
18:00:55.490 [INFO]   [Creating]        [637/928] org.symphonyoss.symphony.messageml.markdown.nodes.EmojiNode.<init>
18:00:55.490 [INFO]   [Creating]        [637/928]   Tests created: 1
18:00:56.715 [INFO]   [Creating]        [638/928] org.symphonyoss.symphony.messageml.markdown.nodes.EmojiNode.<init>
18:00:56.715 [INFO]   [Creating]        [638/928]   Tests created: 1
18:00:56.751 [INFO]   [Creating]        [639/928] org.symphonyoss.symphony.messageml.markdown.nodes.EmojiNode.accept
18:00:56.751 [INFO]   [Creating]        [639/928]   Tests created: 1
18:00:56.751 [INFO]   [Creating]     [98/141] org.symphonyoss.symphony.messageml.markdown.nodes.EmojiNode
18:00:56.752 [INFO]   [Creating]     [98/141]   Tests created: 4
18:00:56.752 [INFO]   [Creating]    
================================================================================
= Starting analysis for class 'org.symphonyoss.symphony.messageml.markdown.nodes.KeywordNode'
================================================================================
18:00:56.752 [INFO]   [Creating]    Filtering out non-testable methods...
18:00:56.753 [INFO]   [Creating]    Filtering of methods complete. Creating analysis request
18:00:56.753 [INFO]   [Creating]    Attempting to get service client, retry 1.
18:00:56.851 [INFO]   [Creating]        [640/928] org.symphonyoss.symphony.messageml.markdown.nodes.KeywordNode.<init>
18:00:56.851 [INFO]   [Creating]        [641/928] org.symphonyoss.symphony.messageml.markdown.nodes.KeywordNode.getPrefix
18:00:56.851 [INFO]   [Creating]        [642/928] org.symphonyoss.symphony.messageml.markdown.nodes.KeywordNode.getText
18:00:56.851 [INFO]   [Creating]        [642/928]   Tests created: 1
18:00:56.851 [INFO]   [Creating]     [99/141] org.symphonyoss.symphony.messageml.markdown.nodes.KeywordNode
18:00:56.851 [INFO]   [Creating]     [99/141]   Tests created: 1
18:00:56.852 [INFO]   [Creating]    
================================================================================
= Starting analysis for class 'org.symphonyoss.symphony.messageml.markdown.nodes.MentionNode'
================================================================================
18:00:56.852 [INFO]   [Creating]    Filtering out non-testable methods...
18:00:56.854 [INFO]   [Creating]    Filtering of methods complete. Creating analysis request
18:00:56.854 [INFO]   [Creating]    Attempting to get service client, retry 1.
18:00:57.037 [INFO]   [Creating]        [643/928] org.symphonyoss.symphony.messageml.markdown.nodes.MentionNode.getEmail
18:00:57.037 [INFO]   [Creating]        [644/928] org.symphonyoss.symphony.messageml.markdown.nodes.MentionNode.getPrettyName
18:00:57.037 [INFO]   [Creating]        [645/928] org.symphonyoss.symphony.messageml.markdown.nodes.MentionNode.getScreenName
18:00:57.037 [INFO]   [Creating]        [646/928] org.symphonyoss.symphony.messageml.markdown.nodes.MentionNode.getUid
18:00:57.037 [INFO]   [Creating]        [646/928]   Tests created: 1
18:00:57.218 [INFO]   [Creating]        [647/928] org.symphonyoss.symphony.messageml.markdown.nodes.MentionNode.<init>
18:00:57.218 [INFO]   [Creating]        [647/928]   Tests created: 1
18:00:57.981 [INFO]   [Creating]        [648/928] org.symphonyoss.symphony.messageml.markdown.nodes.MentionNode.<init>
18:00:57.981 [INFO]   [Creating]        [648/928]   Tests created: 1
18:00:58.045 [INFO]   [Creating]        [649/928] org.symphonyoss.symphony.messageml.markdown.nodes.MentionNode.getText
18:00:58.045 [INFO]   [Creating]        [649/928]   Tests created: 2
18:00:58.046 [INFO]   [Creating]    [100/141] org.symphonyoss.symphony.messageml.markdown.nodes.MentionNode
18:00:58.046 [INFO]   [Creating]    [100/141]   Tests created: 5
18:00:58.251 [INFO]   [Creating]    
================================================================================
= Starting analysis for class 'org.symphonyoss.symphony.messageml.markdown.nodes.PreformattedNode'
================================================================================
18:00:58.251 [INFO]   [Creating]    Filtering out non-testable methods...
18:00:58.252 [INFO]   [Creating]    Filtering of methods complete. Creating analysis request
18:00:58.252 [INFO]   [Creating]    Attempting to get service client, retry 1.
18:00:58.252 [INFO]   [Creating]    Starting monitoring server.
18:00:58.253 [INFO]   [Creating]    Monitoring server listening on localhost/127.0.0.1:42167
18:00:58.305 [INFO]   [Creating]    Starting analyzer server process...
18:00:58.305 [INFO]   [Creating]    Server command-line: /home/jbergqvist/.sdkman/candidates/java/11.0.29-amzn/bin/java -XX:+IgnoreUnrecognizedVMOptions -Djdk.attach.allowAttachSelf=true -Djdk.jar.maxSignatureFileSize=100000000 -ea -javaagent:/opt/cover/launcher-shared-jar.jar -Dlogback.configurationFile=/tmp/diffblue/config/logback-remote-service.xml -Dcom.diffblue.springIsolationJar=/opt/cover/cover-isolation-layer.jar -Dcover.jar.path=/opt/cover/cover-service-analyzer.jar -Dcom.diffblue.assertionSuggestionJar=/opt/cover/cover-service-analyzer.jar -Dcover.main.class=com.diffblue.cover.service.analyzer.Main -jar /opt/cover/launcher-shared-jar.jar --service-lifespan 120 --monitoring-service-port 42167 --index-service-port 42167 --debug-log
18:00:58.306 [INFO]   [Creating]    Server started. Waiting up to 300 seconds for a connection to be established...
18:00:59.171 [INFO]   [Creating]    Starting new remote monitor client
18:00:59.808 [INFO]   [Creating]    Attempting to start remote server.
18:00:59.948 [INFO]   [Creating]    Server started, listening on localhost/127.0.0.1:46179
18:00:59.951 [INFO]   [Creating]    Expect analyzer service to be listening on port 46179.
18:01:00.010 [INFO]   [Creating]    Started analyzer service and client retrieved.
18:01:05.993 [INFO]   [Creating]        [650/928] org.symphonyoss.symphony.messageml.markdown.nodes.PreformattedNode.<init>
18:01:05.993 [INFO]   [Creating]        [651/928] org.symphonyoss.symphony.messageml.markdown.nodes.PreformattedNode.getClosingDelimiter
18:01:05.993 [INFO]   [Creating]        [652/928] org.symphonyoss.symphony.messageml.markdown.nodes.PreformattedNode.getOpeningDelimiter
18:01:05.993 [INFO]   [Creating]        [652/928]   Tests created: 1
18:01:05.994 [INFO]   [Creating]    [101/141] org.symphonyoss.symphony.messageml.markdown.nodes.PreformattedNode
18:01:05.994 [INFO]   [Creating]    [101/141]   Tests created: 1
18:01:05.995 [INFO]   [Creating]    
================================================================================
= Starting analysis for class 'org.symphonyoss.symphony.messageml.markdown.nodes.TableCellNode'
================================================================================
18:01:05.995 [INFO]   [Creating]    Filtering out non-testable methods...
18:01:05.996 [INFO]   [Creating]    Filtering of methods complete. Creating analysis request
18:01:05.996 [INFO]   [Creating]    Attempting to get service client, retry 1.
18:01:06.167 [INFO]   [Creating]        [653/928] org.symphonyoss.symphony.messageml.markdown.nodes.TableCellNode.<init>
18:01:06.167 [INFO]   [Creating]        [654/928] org.symphonyoss.symphony.messageml.markdown.nodes.TableCellNode.getDelimiter
18:01:06.167 [INFO]   [Creating]        [654/928]   Tests created: 1
18:01:06.168 [INFO]   [Creating]    [102/141] org.symphonyoss.symphony.messageml.markdown.nodes.TableCellNode
18:01:06.168 [INFO]   [Creating]    [102/141]   Tests created: 1
18:01:06.169 [INFO]   [Creating]    
================================================================================
= Starting analysis for class 'org.symphonyoss.symphony.messageml.markdown.nodes.TableNode'
================================================================================
18:01:06.169 [INFO]   [Creating]    Filtering out non-testable methods...
18:01:06.169 [INFO]   [Creating]    Filtering of methods complete. Creating analysis request
18:01:06.169 [INFO]   [Creating]    Attempting to get service client, retry 1.
18:01:06.345 [INFO]   [Creating]        [655/928] org.symphonyoss.symphony.messageml.markdown.nodes.TableNode.<init>
18:01:06.345 [INFO]   [Creating]        [656/928] org.symphonyoss.symphony.messageml.markdown.nodes.TableNode.getClosingDelimiter
18:01:06.345 [INFO]   [Creating]        [657/928] org.symphonyoss.symphony.messageml.markdown.nodes.TableNode.getOpeningDelimiter
18:01:06.345 [INFO]   [Creating]        [657/928]   Tests created: 1
18:01:06.346 [INFO]   [Creating]    [103/141] org.symphonyoss.symphony.messageml.markdown.nodes.TableNode
18:01:06.346 [INFO]   [Creating]    [103/141]   Tests created: 1
18:01:06.347 [INFO]   [Creating]    
================================================================================
= Starting analysis for class 'org.symphonyoss.symphony.messageml.markdown.nodes.TableRowNode'
================================================================================
18:01:06.347 [INFO]   [Creating]    Filtering out non-testable methods...
18:01:06.347 [INFO]   [Creating]    Filtering of methods complete. Creating analysis request
18:01:06.347 [INFO]   [Creating]    Attempting to get service client, retry 1.
18:01:06.492 [INFO]   [Creating]        [658/928] org.symphonyoss.symphony.messageml.markdown.nodes.TableRowNode.<init>
18:01:06.492 [INFO]   [Creating]        [659/928] org.symphonyoss.symphony.messageml.markdown.nodes.TableRowNode.getDelimiter
18:01:06.492 [INFO]   [Creating]        [659/928]   Tests created: 1
18:01:06.493 [INFO]   [Creating]    [104/141] org.symphonyoss.symphony.messageml.markdown.nodes.TableRowNode
18:01:06.493 [INFO]   [Creating]    [104/141]   Tests created: 1
18:01:06.493 [INFO]   [Creating]    
================================================================================
= Starting analysis for class 'org.symphonyoss.symphony.messageml.markdown.nodes.TagNode'
================================================================================
18:01:06.493 [INFO]   [Creating]    Filtering out non-testable methods...
18:01:06.495 [INFO]   [Creating]    Filtering of methods complete. Creating analysis request
18:01:06.495 [INFO]   [Creating]    Attempting to get service client, retry 1.
18:01:08.940 [INFO]   [Creating]        [660/928] org.symphonyoss.symphony.messageml.markdown.nodes.TagNode.<init>
18:01:08.940 [INFO]   [Creating]        [660/928]   Tests created: 1
18:01:08.942 [INFO]   [Creating]    [105/141] org.symphonyoss.symphony.messageml.markdown.nodes.TagNode
18:01:08.942 [INFO]   [Creating]    [105/141]   Tests created: 1
18:01:08.943 [INFO]   [Creating]    
================================================================================
= Starting analysis for class 'org.symphonyoss.symphony.messageml.markdown.nodes.form.ButtonNode'
================================================================================
18:01:08.943 [INFO]   [Creating]    Filtering out non-testable methods...
18:01:08.944 [INFO]   [Creating]    Filtering of methods complete. Creating analysis request
18:01:08.944 [INFO]   [Creating]    Attempting to get service client, retry 1.
18:01:09.128 [INFO]   [Creating]        [661/928] org.symphonyoss.symphony.messageml.markdown.nodes.form.ButtonNode.<init>
18:01:09.128 [INFO]   [Creating]        [661/928]   Tests created: 1
18:01:09.129 [INFO]   [Creating]    [106/141] org.symphonyoss.symphony.messageml.markdown.nodes.form.ButtonNode
18:01:09.129 [INFO]   [Creating]    [106/141]   Tests created: 1
18:01:09.130 [INFO]   [Creating]    
================================================================================
= Starting analysis for class 'org.symphonyoss.symphony.messageml.markdown.nodes.form.CheckboxNode'
================================================================================
18:01:09.130 [INFO]   [Creating]    Filtering out non-testable methods...
18:01:09.131 [INFO]   [Creating]    Filtering of methods complete. Creating analysis request
18:01:09.131 [INFO]   [Creating]    Attempting to get service client, retry 1.
18:01:12.256 [INFO]   [Creating]        [662/928] org.symphonyoss.symphony.messageml.markdown.nodes.form.CheckboxNode.<init>
18:01:12.256 [INFO]   [Creating]        [663/928] org.symphonyoss.symphony.messageml.markdown.nodes.form.CheckboxNode.<init>
18:01:12.256 [INFO]   [Creating]        [664/928] org.symphonyoss.symphony.messageml.markdown.nodes.form.CheckboxNode.getClosingDelimiter
18:01:12.256 [INFO]   [Creating]        [665/928] org.symphonyoss.symphony.messageml.markdown.nodes.form.CheckboxNode.getOpeningDelimiter
18:01:12.256 [INFO]   [Creating]        [665/928]   Tests created: 2
18:01:12.357 [INFO]   [Creating]        [666/928] org.symphonyoss.symphony.messageml.markdown.nodes.form.CheckboxNode.getText
18:01:12.357 [INFO]   [Creating]        [666/928]   Tests created: 3
18:01:12.358 [INFO]   [Creating]    [107/141] org.symphonyoss.symphony.messageml.markdown.nodes.form.CheckboxNode
18:01:12.358 [INFO]   [Creating]    [107/141]   Tests created: 5
18:01:12.359 [INFO]   [Creating]    
================================================================================
= Starting analysis for class 'org.symphonyoss.symphony.messageml.markdown.nodes.form.DatePickerNode'
================================================================================
18:01:12.359 [INFO]   [Creating]    Filtering out non-testable methods...
18:01:12.361 [INFO]   [Creating]    Filtering of methods complete. Creating analysis request
18:01:12.361 [INFO]   [Creating]    Attempting to get service client, retry 1.
18:01:13.103 [INFO]   [Creating]        [667/928] org.symphonyoss.symphony.messageml.markdown.nodes.form.DatePickerNode.<init>
18:01:13.103 [INFO]   [Creating]        [667/928]   Tests created: 1
18:01:13.150 [INFO]   [Creating]        [668/928] org.symphonyoss.symphony.messageml.markdown.nodes.form.DatePickerNode.getText
18:01:13.150 [INFO]   [Creating]        [668/928]   Tests created: 1
18:01:13.151 [INFO]   [Creating]    [108/141] org.symphonyoss.symphony.messageml.markdown.nodes.form.DatePickerNode
18:01:13.151 [INFO]   [Creating]    [108/141]   Tests created: 2
18:01:13.152 [INFO]   [Creating]    
================================================================================
= Starting analysis for class 'org.symphonyoss.symphony.messageml.markdown.nodes.form.DateSelectorNode'
================================================================================
18:01:13.152 [INFO]   [Creating]    Filtering out non-testable methods...
18:01:13.153 [INFO]   [Creating]    Filtering of methods complete. Creating analysis request
18:01:13.153 [INFO]   [Creating]    Attempting to get service client, retry 1.
18:01:14.184 [INFO]   [Creating]        [669/928] org.symphonyoss.symphony.messageml.markdown.nodes.form.DateSelectorNode.<init>
18:01:14.184 [INFO]   [Creating]        [669/928]   Tests created: 1
18:01:14.247 [INFO]   [Creating]        [670/928] org.symphonyoss.symphony.messageml.markdown.nodes.form.DateSelectorNode.getText
18:01:14.247 [INFO]   [Creating]        [670/928]   Tests created: 2
18:01:14.248 [INFO]   [Creating]    [109/141] org.symphonyoss.symphony.messageml.markdown.nodes.form.DateSelectorNode
18:01:14.248 [INFO]   [Creating]    [109/141]   Tests created: 3
18:01:14.249 [INFO]   [Creating]    
================================================================================
= Starting analysis for class 'org.symphonyoss.symphony.messageml.markdown.nodes.form.DialogNode'
================================================================================
18:01:14.249 [INFO]   [Creating]    Filtering out non-testable methods...
18:01:14.250 [INFO]   [Creating]    Filtering of methods complete. Creating analysis request
18:01:14.250 [INFO]   [Creating]    Attempting to get service client, retry 1.
18:01:15.436 [INFO]   [Creating]        [671/928] org.symphonyoss.symphony.messageml.markdown.nodes.form.DialogNode.<init>
18:01:15.436 [INFO]   [Creating]        [672/928] org.symphonyoss.symphony.messageml.markdown.nodes.form.DialogNode.getClosingDelimiter
18:01:15.436 [INFO]   [Creating]        [673/928] org.symphonyoss.symphony.messageml.markdown.nodes.form.DialogNode.getOpeningDelimiter
18:01:15.436 [INFO]   [Creating]        [673/928]   Tests created: 1
18:01:15.480 [INFO]   [Creating]        [674/928] org.symphonyoss.symphony.messageml.markdown.nodes.form.DialogNode.appendChild
18:01:15.480 [INFO]   [Creating]        [674/928]   Tests created: 1
18:01:15.481 [INFO]   [Creating]    [110/141] org.symphonyoss.symphony.messageml.markdown.nodes.form.DialogNode
18:01:15.482 [INFO]   [Creating]    [110/141]   Tests created: 2
18:01:15.482 [INFO]   [Creating]    
================================================================================
= Starting analysis for class 'org.symphonyoss.symphony.messageml.markdown.nodes.form.FormElementNode'
================================================================================
18:01:15.482 [INFO]   [Creating]    Filtering out non-testable methods...
18:01:15.484 [INFO]   [Creating]    Filtering of methods complete. Creating analysis request
18:01:15.484 [INFO]   [Creating]    Attempting to get service client, retry 1.
18:01:16.613 [INFO]   [Creating]        [675/928] org.symphonyoss.symphony.messageml.markdown.nodes.form.FormElementNode.<init>
18:01:16.613 [INFO]   [Creating]        [676/928] org.symphonyoss.symphony.messageml.markdown.nodes.form.FormElementNode.<init>
18:01:16.613 [INFO]   [Creating]        [677/928] org.symphonyoss.symphony.messageml.markdown.nodes.form.FormElementNode.<init>
18:01:16.613 [INFO]   [Creating]        [678/928] org.symphonyoss.symphony.messageml.markdown.nodes.form.FormElementNode.getClosingDelimiter
18:01:16.613 [INFO]   [Creating]        [679/928] org.symphonyoss.symphony.messageml.markdown.nodes.form.FormElementNode.getText
18:01:16.613 [INFO]   [Creating]        [679/928]   Tests created: 3
18:01:16.649 [INFO]   [Creating]        [680/928] org.symphonyoss.symphony.messageml.markdown.nodes.form.FormElementNode.getOpeningDelimiter
18:01:16.649 [INFO]   [Creating]        [680/928]   Tests created: 1
18:01:16.650 [INFO]   [Creating]    [111/141] org.symphonyoss.symphony.messageml.markdown.nodes.form.FormElementNode
18:01:16.650 [INFO]   [Creating]    [111/141]   Tests created: 4
18:01:16.651 [INFO]   [Creating]    
================================================================================
= Starting analysis for class 'org.symphonyoss.symphony.messageml.markdown.nodes.form.FormNode'
================================================================================
18:01:16.651 [INFO]   [Creating]    Filtering out non-testable methods...
18:01:16.652 [INFO]   [Creating]    Filtering of methods complete. Creating analysis request
18:01:16.652 [INFO]   [Creating]    Attempting to get service client, retry 1.
18:01:16.772 [INFO]   [Creating]        [681/928] org.symphonyoss.symphony.messageml.markdown.nodes.form.FormNode.<init>
18:01:16.772 [INFO]   [Creating]        [682/928] org.symphonyoss.symphony.messageml.markdown.nodes.form.FormNode.getClosingDelimiter
18:01:16.772 [INFO]   [Creating]        [683/928] org.symphonyoss.symphony.messageml.markdown.nodes.form.FormNode.getOpeningDelimiter
18:01:16.772 [INFO]   [Creating]        [683/928]   Tests created: 1
18:01:16.773 [INFO]   [Creating]    [112/141] org.symphonyoss.symphony.messageml.markdown.nodes.form.FormNode
18:01:16.773 [INFO]   [Creating]    [112/141]   Tests created: 1
18:01:16.773 [INFO]   [Creating]    
================================================================================
= Starting analysis for class 'org.symphonyoss.symphony.messageml.markdown.nodes.form.OptionNode'
================================================================================
18:01:16.773 [INFO]   [Creating]    Filtering out non-testable methods...
18:01:16.774 [INFO]   [Creating]    Filtering of methods complete. Creating analysis request
18:01:16.774 [INFO]   [Creating]    Attempting to get service client, retry 1.
18:01:16.891 [INFO]   [Creating]        [684/928] org.symphonyoss.symphony.messageml.markdown.nodes.form.OptionNode.<init>
18:01:16.891 [INFO]   [Creating]        [685/928] org.symphonyoss.symphony.messageml.markdown.nodes.form.OptionNode.getClosingDelimiter
18:01:16.891 [INFO]   [Creating]        [686/928] org.symphonyoss.symphony.messageml.markdown.nodes.form.OptionNode.getOpeningDelimiter
18:01:16.891 [INFO]   [Creating]        [686/928]   Tests created: 1
18:01:16.892 [INFO]   [Creating]    [113/141] org.symphonyoss.symphony.messageml.markdown.nodes.form.OptionNode
18:01:16.892 [INFO]   [Creating]    [113/141]   Tests created: 1
18:01:16.893 [INFO]   [Creating]    
================================================================================
= Starting analysis for class 'org.symphonyoss.symphony.messageml.markdown.nodes.form.PersonSelectorNode'
================================================================================
18:01:16.893 [INFO]   [Creating]    Filtering out non-testable methods...
18:01:16.894 [INFO]   [Creating]    Filtering of methods complete. Creating analysis request
18:01:16.894 [INFO]   [Creating]    Attempting to get service client, retry 1.
18:01:17.497 [INFO]   [Creating]        [687/928] org.symphonyoss.symphony.messageml.markdown.nodes.form.PersonSelectorNode.<init>
18:01:17.497 [INFO]   [Creating]        [687/928]   Tests created: 1
18:01:17.532 [INFO]   [Creating]        [688/928] org.symphonyoss.symphony.messageml.markdown.nodes.form.PersonSelectorNode.getText
18:01:17.532 [INFO]   [Creating]        [688/928]   Tests created: 1
18:01:17.533 [INFO]   [Creating]    [114/141] org.symphonyoss.symphony.messageml.markdown.nodes.form.PersonSelectorNode
18:01:17.533 [INFO]   [Creating]    [114/141]   Tests created: 2
18:01:17.534 [INFO]   [Creating]    
================================================================================
= Starting analysis for class 'org.symphonyoss.symphony.messageml.markdown.nodes.form.PlaceholderLabelTooltipNode'
================================================================================
18:01:17.534 [INFO]   [Creating]    Filtering out non-testable methods...
18:01:17.537 [INFO]   [Creating]    Filtering of methods complete. Creating analysis request
18:01:17.537 [INFO]   [Creating]    Attempting to get service client, retry 1.
18:01:19.424 [INFO]   [Creating]        [689/928] org.symphonyoss.symphony.messageml.markdown.nodes.form.PlaceholderLabelTooltipNode.generateMarkdownPlaceholderLabelAndTooltip
18:01:19.424 [INFO]   [Creating]        [689/928]   Tests created: 2
18:01:19.424 [INFO]   [Creating]    [115/141] org.symphonyoss.symphony.messageml.markdown.nodes.form.PlaceholderLabelTooltipNode
18:01:19.424 [INFO]   [Creating]    [115/141]   Tests created: 2
18:01:19.425 [INFO]   [Creating]    
================================================================================
= Starting analysis for class 'org.symphonyoss.symphony.messageml.markdown.nodes.form.RadioNode'
================================================================================
18:01:19.425 [INFO]   [Creating]    Filtering out non-testable methods...
18:01:19.426 [INFO]   [Creating]    Filtering of methods complete. Creating analysis request
18:01:19.426 [INFO]   [Creating]    Attempting to get service client, retry 1.
18:01:20.331 [INFO]   [Creating]        [690/928] org.symphonyoss.symphony.messageml.markdown.nodes.form.RadioNode.<init>
18:01:20.331 [INFO]   [Creating]        [691/928] org.symphonyoss.symphony.messageml.markdown.nodes.form.RadioNode.<init>
18:01:20.331 [INFO]   [Creating]        [692/928] org.symphonyoss.symphony.messageml.markdown.nodes.form.RadioNode.getClosingDelimiter
18:01:20.331 [INFO]   [Creating]        [693/928] org.symphonyoss.symphony.messageml.markdown.nodes.form.RadioNode.getOpeningDelimiter
18:01:20.331 [INFO]   [Creating]        [693/928]   Tests created: 2
18:01:20.433 [INFO]   [Creating]        [694/928] org.symphonyoss.symphony.messageml.markdown.nodes.form.RadioNode.getText
18:01:20.433 [INFO]   [Creating]        [694/928]   Tests created: 3
18:01:20.434 [INFO]   [Creating]    [116/141] org.symphonyoss.symphony.messageml.markdown.nodes.form.RadioNode
18:01:20.434 [INFO]   [Creating]    [116/141]   Tests created: 5
18:01:20.435 [INFO]   [Creating]    
================================================================================
= Starting analysis for class 'org.symphonyoss.symphony.messageml.markdown.nodes.form.RoomSelectorNode'
================================================================================
18:01:20.435 [INFO]   [Creating]    Filtering out non-testable methods...
18:01:20.436 [INFO]   [Creating]    Filtering of methods complete. Creating analysis request
18:01:20.436 [INFO]   [Creating]    Attempting to get service client, retry 1.
18:01:20.954 [INFO]   [Creating]        [695/928] org.symphonyoss.symphony.messageml.markdown.nodes.form.RoomSelectorNode.<init>
18:01:20.954 [INFO]   [Creating]        [695/928]   Tests created: 1
18:01:20.990 [INFO]   [Creating]        [696/928] org.symphonyoss.symphony.messageml.markdown.nodes.form.RoomSelectorNode.getText
18:01:20.990 [INFO]   [Creating]        [696/928]   Tests created: 1
18:01:20.991 [INFO]   [Creating]    [117/141] org.symphonyoss.symphony.messageml.markdown.nodes.form.RoomSelectorNode
18:01:20.991 [INFO]   [Creating]    [117/141]   Tests created: 2
18:01:20.992 [INFO]   [Creating]    
================================================================================
= Starting analysis for class 'org.symphonyoss.symphony.messageml.markdown.nodes.form.SelectNode'
================================================================================
18:01:20.992 [INFO]   [Creating]    Filtering out non-testable methods...
18:01:20.993 [INFO]   [Creating]    Filtering of methods complete. Creating analysis request
18:01:20.993 [INFO]   [Creating]    Attempting to get service client, retry 1.
18:01:21.875 [INFO]   [Creating]        [697/928] org.symphonyoss.symphony.messageml.markdown.nodes.form.SelectNode.<init>
18:01:21.875 [INFO]   [Creating]        [698/928] org.symphonyoss.symphony.messageml.markdown.nodes.form.SelectNode.getClosingDelimiter
18:01:21.875 [INFO]   [Creating]        [699/928] org.symphonyoss.symphony.messageml.markdown.nodes.form.SelectNode.getOpeningDelimiter
18:01:21.875 [INFO]   [Creating]        [699/928]   Tests created: 1
18:01:21.974 [INFO]   [Creating]        [700/928] org.symphonyoss.symphony.messageml.markdown.nodes.form.SelectNode.getText
18:01:21.974 [INFO]   [Creating]        [700/928]   Tests created: 3
18:01:21.975 [INFO]   [Creating]    [118/141] org.symphonyoss.symphony.messageml.markdown.nodes.form.SelectNode
18:01:21.975 [INFO]   [Creating]    [118/141]   Tests created: 4
18:01:21.975 [INFO]   [Creating]    
================================================================================
= Starting analysis for class 'org.symphonyoss.symphony.messageml.markdown.nodes.form.TextAreaNode'
================================================================================
18:01:21.975 [INFO]   [Creating]    Filtering out non-testable methods...
18:01:21.977 [INFO]   [Creating]    Filtering of methods complete. Creating analysis request
18:01:21.977 [INFO]   [Creating]    Attempting to get service client, retry 1.
18:01:22.713 [INFO]   [Creating]        [701/928] org.symphonyoss.symphony.messageml.markdown.nodes.form.TextAreaNode.<init>
18:01:22.713 [INFO]   [Creating]        [701/928]   Tests created: 1
18:01:22.752 [INFO]   [Creating]        [702/928] org.symphonyoss.symphony.messageml.markdown.nodes.form.TextAreaNode.getText
18:01:22.752 [INFO]   [Creating]        [702/928]   Tests created: 1
18:01:22.753 [INFO]   [Creating]    [119/141] org.symphonyoss.symphony.messageml.markdown.nodes.form.TextAreaNode
18:01:22.753 [INFO]   [Creating]    [119/141]   Tests created: 2
18:01:22.753 [INFO]   [Creating]    
================================================================================
= Starting analysis for class 'org.symphonyoss.symphony.messageml.markdown.nodes.form.TextFieldNode'
================================================================================
18:01:22.753 [INFO]   [Creating]    Filtering out non-testable methods...
18:01:22.754 [INFO]   [Creating]    Filtering of methods complete. Creating analysis request
18:01:22.754 [INFO]   [Creating]    Attempting to get service client, retry 1.
18:01:23.496 [INFO]   [Creating]        [703/928] org.symphonyoss.symphony.messageml.markdown.nodes.form.TextFieldNode.<init>
18:01:23.496 [INFO]   [Creating]        [703/928]   Tests created: 1
18:01:23.529 [INFO]   [Creating]        [704/928] org.symphonyoss.symphony.messageml.markdown.nodes.form.TextFieldNode.getText
18:01:23.529 [INFO]   [Creating]        [704/928]   Tests created: 1
18:01:23.530 [INFO]   [Creating]    [120/141] org.symphonyoss.symphony.messageml.markdown.nodes.form.TextFieldNode
18:01:23.530 [INFO]   [Creating]    [120/141]   Tests created: 2
18:01:23.531 [INFO]   [Creating]    
================================================================================
= Starting analysis for class 'org.symphonyoss.symphony.messageml.markdown.nodes.form.TimePickerNode'
================================================================================
18:01:23.531 [INFO]   [Creating]    Filtering out non-testable methods...
18:01:23.532 [INFO]   [Creating]    Filtering of methods complete. Creating analysis request
18:01:23.532 [INFO]   [Creating]    Attempting to get service client, retry 1.
18:01:24.048 [INFO]   [Creating]        [705/928] org.symphonyoss.symphony.messageml.markdown.nodes.form.TimePickerNode.<init>
18:01:24.048 [INFO]   [Creating]        [705/928]   Tests created: 1
18:01:24.081 [INFO]   [Creating]        [706/928] org.symphonyoss.symphony.messageml.markdown.nodes.form.TimePickerNode.getText
18:01:24.081 [INFO]   [Creating]        [706/928]   Tests created: 1
18:01:24.082 [INFO]   [Creating]    [121/141] org.symphonyoss.symphony.messageml.markdown.nodes.form.TimePickerNode
18:01:24.082 [INFO]   [Creating]    [121/141]   Tests created: 2
18:01:24.083 [INFO]   [Creating]    
================================================================================
= Starting analysis for class 'org.symphonyoss.symphony.messageml.markdown.nodes.form.TimezonePickerNode'
================================================================================
18:01:24.083 [INFO]   [Creating]    Filtering out non-testable methods...
18:01:24.084 [INFO]   [Creating]    Filtering of methods complete. Creating analysis request
18:01:24.084 [INFO]   [Creating]    Attempting to get service client, retry 1.
18:01:24.610 [INFO]   [Creating]        [707/928] org.symphonyoss.symphony.messageml.markdown.nodes.form.TimezonePickerNode.<init>
18:01:24.610 [INFO]   [Creating]        [707/928]   Tests created: 1
18:01:24.643 [INFO]   [Creating]        [708/928] org.symphonyoss.symphony.messageml.markdown.nodes.form.TimezonePickerNode.getText
18:01:24.643 [INFO]   [Creating]        [708/928]   Tests created: 1
18:01:24.644 [INFO]   [Creating]    [122/141] org.symphonyoss.symphony.messageml.markdown.nodes.form.TimezonePickerNode
18:01:24.644 [INFO]   [Creating]    [122/141]   Tests created: 2
18:01:24.645 [INFO]   [Creating]    
================================================================================
= Starting analysis for class 'org.symphonyoss.symphony.messageml.util.AlignedBlock'
================================================================================
18:01:24.645 [INFO]   [Creating]    Filtering out non-testable methods...
18:01:24.647 [INFO]   [Creating]    Filtering of methods complete. Creating analysis request
18:01:24.647 [INFO]   [Creating]    Attempting to get service client, retry 1.
18:01:27.746 [INFO]   [Creating]        [709/928] org.symphonyoss.symphony.messageml.util.AlignedBlock.<init>
18:01:27.746 [INFO]   [Creating]        [710/928] org.symphonyoss.symphony.messageml.util.AlignedBlock.getMaxColumnLength
18:01:27.746 [INFO]   [Creating]        [711/928] org.symphonyoss.symphony.messageml.util.AlignedBlock.getOut
18:01:27.746 [INFO]   [Creating]        [712/928] org.symphonyoss.symphony.messageml.util.AlignedBlock.getRows
18:01:27.746 [INFO]   [Creating]        [712/928]   Tests created: 1
18:01:30.287 [INFO]   [Creating]        [713/928] org.symphonyoss.symphony.messageml.util.AlignedBlock.align
18:01:30.287 [INFO]   [Creating]        [713/928]   Tests created: 2
18:01:30.287 [INFO]   [Creating]        [713/928]   Warnings:
18:01:30.287 [INFO]   [Creating]        [713/928]   Diffblue AI was unable to find a test
18:01:32.775 [INFO]   [Creating]        [714/928] org.symphonyoss.symphony.messageml.util.AlignedBlock.print
18:01:32.775 [INFO]   [Creating]        [714/928]   Tests created: 8
18:01:33.358 [INFO]   [Creating]        [715/928] org.symphonyoss.symphony.messageml.util.AlignedBlock.print
18:01:33.358 [INFO]   [Creating]        [715/928]   Tests created: 12
18:01:33.359 [INFO]   [Creating]    [123/141] org.symphonyoss.symphony.messageml.util.AlignedBlock
18:01:33.359 [INFO]   [Creating]    [123/141]   Tests created: 23
18:01:33.360 [INFO]   [Creating]    
================================================================================
= Starting analysis for class 'org.symphonyoss.symphony.messageml.util.CountedOutputStream'
================================================================================
18:01:33.360 [INFO]   [Creating]    Filtering out non-testable methods...
18:01:33.362 [INFO]   [Creating]    Filtering of methods complete. Creating analysis request
18:01:33.362 [INFO]   [Creating]    Attempting to get service client, retry 1.
18:01:34.137 [INFO]   [Creating]        [716/928] org.symphonyoss.symphony.messageml.util.CountedOutputStream.<init>
18:01:34.137 [INFO]   [Creating]        [717/928] org.symphonyoss.symphony.messageml.util.CountedOutputStream.beginUncounted
18:01:34.137 [INFO]   [Creating]        [718/928] org.symphonyoss.symphony.messageml.util.CountedOutputStream.endUncounted
18:01:34.137 [INFO]   [Creating]        [719/928] org.symphonyoss.symphony.messageml.util.CountedOutputStream.getOffset
18:01:34.137 [INFO]   [Creating]        [719/928]   Tests created: 1
18:01:34.792 [INFO]   [Creating]        [720/928] org.symphonyoss.symphony.messageml.util.CountedOutputStream.close
18:01:34.792 [INFO]   [Creating]        [720/928]   Tests created: 2
18:01:35.522 [INFO]   [Creating]        [721/928] org.symphonyoss.symphony.messageml.util.CountedOutputStream.flush
18:01:35.522 [INFO]   [Creating]        [721/928]   Tests created: 2
18:01:36.688 [INFO]   [Creating]        [722/928] org.symphonyoss.symphony.messageml.util.CountedOutputStream.write
18:01:36.688 [INFO]   [Creating]        [722/928]   Tests created: 3
18:01:37.904 [INFO]   [Creating]        [723/928] org.symphonyoss.symphony.messageml.util.CountedOutputStream.write
18:01:37.904 [INFO]   [Creating]        [723/928]   Tests created: 3
18:01:38.031 [INFO]   [Creating]        [724/928] org.symphonyoss.symphony.messageml.util.CountedOutputStream.write
18:01:38.031 [INFO]   [Creating]        [724/928]   Tests created: 3
18:01:38.031 [INFO]   [Creating]    [124/141] org.symphonyoss.symphony.messageml.util.CountedOutputStream
18:01:38.031 [INFO]   [Creating]    [124/141]   Tests created: 14
18:01:38.032 [INFO]   [Creating]    
================================================================================
= Starting analysis for class 'org.symphonyoss.symphony.messageml.util.EmojiShortcodeToUnicode'
================================================================================
18:01:38.032 [INFO]   [Creating]    Filtering out non-testable methods...
18:01:38.033 [INFO]   [Creating]    Filtering of methods complete. Creating analysis request
18:01:38.033 [INFO]   [Creating]    Attempting to get service client, retry 1.
18:01:38.166 [INFO]   [Creating]        [725/928] org.symphonyoss.symphony.messageml.util.EmojiShortcodeToUnicode.<init>
18:01:38.166 [INFO]   [Creating]        [725/928]   T005: Trivial constructor
18:01:38.166 [INFO]   [Creating]        [725/928]     See https://diff.blue/T005
18:01:38.614 [INFO]   [Creating]        [726/928] org.symphonyoss.symphony.messageml.util.EmojiShortcodeToUnicode.getUnicode
18:01:38.614 [INFO]   [Creating]        [726/928]   Tests created: 1
18:01:38.644 [INFO]   [Creating]        [727/928] org.symphonyoss.symphony.messageml.util.EmojiShortcodeToUnicode.hasUnicodeRepresentation
18:01:38.644 [INFO]   [Creating]        [727/928]   Tests created: 1
18:01:38.645 [INFO]   [Creating]    [125/141] org.symphonyoss.symphony.messageml.util.EmojiShortcodeToUnicode
18:01:38.645 [INFO]   [Creating]    [125/141]   Tests created: 2
18:01:38.646 [INFO]   [Creating]    
================================================================================
= Starting analysis for class 'org.symphonyoss.symphony.messageml.util.IndentedPrintStream'
================================================================================
18:01:38.646 [INFO]   [Creating]    Filtering out non-testable methods...
18:01:38.685 [INFO]   [Creating]    Filtering of methods complete. Creating analysis request
18:01:38.685 [INFO]   [Creating]    Attempting to get service client, retry 1.
18:01:39.126 [INFO]   [Creating]        [728/928] org.symphonyoss.symphony.messageml.util.IndentedPrintStream.getLinePrefix
18:01:39.126 [INFO]   [Creating]        [729/928] org.symphonyoss.symphony.messageml.util.IndentedPrintStream.getPrintOffsets
18:01:39.126 [INFO]   [Creating]        [730/928] org.symphonyoss.symphony.messageml.util.IndentedPrintStream.indent
18:01:39.126 [INFO]   [Creating]        [731/928] org.symphonyoss.symphony.messageml.util.IndentedPrintStream.isNoIndent
18:01:39.126 [INFO]   [Creating]        [732/928] org.symphonyoss.symphony.messageml.util.IndentedPrintStream.isNoNl
18:01:39.126 [INFO]   [Creating]        [733/928] org.symphonyoss.symphony.messageml.util.IndentedPrintStream.isRemoveNl
18:01:39.126 [INFO]   [Creating]        [734/928] org.symphonyoss.symphony.messageml.util.IndentedPrintStream.outdent
18:01:39.126 [INFO]   [Creating]        [735/928] org.symphonyoss.symphony.messageml.util.IndentedPrintStream.setNoIndent
18:01:39.126 [INFO]   [Creating]        [736/928] org.symphonyoss.symphony.messageml.util.IndentedPrintStream.setNoNl
18:01:39.126 [INFO]   [Creating]        [737/928] org.symphonyoss.symphony.messageml.util.IndentedPrintStream.setPrintOffsets
18:01:39.126 [INFO]   [Creating]        [738/928] org.symphonyoss.symphony.messageml.util.IndentedPrintStream.setRemoveNl
18:01:39.126 [INFO]   [Creating]        [739/928] org.symphonyoss.symphony.messageml.util.IndentedPrintStream.setoNlCr
18:01:39.126 [INFO]   [Creating]        [739/928]   Tests created: 1
18:01:43.731 [INFO]   [Creating]        [740/928] org.symphonyoss.symphony.messageml.util.IndentedPrintStream.<init>
18:01:43.731 [INFO]   [Creating]        [740/928]   Tests created: 2
18:01:45.778 [INFO]   [Creating]        [741/928] org.symphonyoss.symphony.messageml.util.IndentedPrintStream.align
18:01:45.778 [INFO]   [Creating]        [741/928]   Diffblue AI was unable to find a test
18:01:48.122 [INFO]   [Creating]        [742/928] org.symphonyoss.symphony.messageml.util.IndentedPrintStream.closeBlock
18:01:48.122 [INFO]   [Creating]        [742/928]   Tests created: 8
18:01:50.808 [INFO]   [Creating]        [743/928] org.symphonyoss.symphony.messageml.util.IndentedPrintStream.closeBlock
18:01:50.808 [INFO]   [Creating]        [743/928]   Tests created: 8
18:01:53.538 [INFO]   [Creating]        [744/928] org.symphonyoss.symphony.messageml.util.IndentedPrintStream.continueBlock
18:01:53.538 [INFO]   [Creating]        [744/928]   Tests created: 10
18:01:54.549 [INFO]   [Creating]        [745/928] org.symphonyoss.symphony.messageml.util.IndentedPrintStream.forceNewLine
18:01:54.549 [INFO]   [Creating]        [745/928]   Tests created: 3
18:01:55.948 [INFO]   [Creating]        [746/928] org.symphonyoss.symphony.messageml.util.IndentedPrintStream.getOffset
18:01:55.948 [INFO]   [Creating]        [746/928]   Tests created: 1
18:01:57.985 [INFO]   [Creating]        [747/928] org.symphonyoss.symphony.messageml.util.IndentedPrintStream.isoNlCr
18:01:57.985 [INFO]   [Creating]        [747/928]   Tests created: 1
18:02:00.725 [INFO]   [Creating]        [748/928] org.symphonyoss.symphony.messageml.util.IndentedPrintStream.openBlock
18:02:00.725 [INFO]   [Creating]        [748/928]   Tests created: 8
18:02:03.029 [INFO]   [Creating]        [749/928] org.symphonyoss.symphony.messageml.util.IndentedPrintStream.openBlock
18:02:03.029 [INFO]   [Creating]        [749/928]   Tests created: 10
18:02:05.148 [INFO]   [Creating]        [750/928] org.symphonyoss.symphony.messageml.util.IndentedPrintStream.print
18:02:05.148 [INFO]   [Creating]        [750/928]   Tests created: 6
18:02:07.308 [INFO]   [Creating]        [751/928] org.symphonyoss.symphony.messageml.util.IndentedPrintStream.print
18:02:07.308 [INFO]   [Creating]        [751/928]   Tests created: 6
18:02:09.481 [INFO]   [Creating]        [752/928] org.symphonyoss.symphony.messageml.util.IndentedPrintStream.print
18:02:09.481 [INFO]   [Creating]        [752/928]   Tests created: 6
18:02:12.107 [INFO]   [Creating]        [753/928] org.symphonyoss.symphony.messageml.util.IndentedPrintStream.print
18:02:12.107 [INFO]   [Creating]        [753/928]   Tests created: 6
18:02:14.696 [INFO]   [Creating]        [754/928] org.symphonyoss.symphony.messageml.util.IndentedPrintStream.print
18:02:14.696 [INFO]   [Creating]        [754/928]   Tests created: 6
18:02:17.345 [INFO]   [Creating]        [755/928] org.symphonyoss.symphony.messageml.util.IndentedPrintStream.print
18:02:17.345 [INFO]   [Creating]        [755/928]   Tests created: 6
18:02:20.010 [INFO]   [Creating]        [756/928] org.symphonyoss.symphony.messageml.util.IndentedPrintStream.print
18:02:20.010 [INFO]   [Creating]        [756/928]   Tests created: 6
18:02:22.734 [INFO]   [Creating]        [757/928] org.symphonyoss.symphony.messageml.util.IndentedPrintStream.print
18:02:22.734 [INFO]   [Creating]        [757/928]   Tests created: 6
18:02:25.604 [INFO]   [Creating]        [758/928] org.symphonyoss.symphony.messageml.util.IndentedPrintStream.print
18:02:25.604 [INFO]   [Creating]        [758/928]   Tests created: 6
18:02:28.572 [INFO]   [Creating]        [759/928] org.symphonyoss.symphony.messageml.util.IndentedPrintStream.print
18:02:28.572 [INFO]   [Creating]        [759/928]   Tests created: 7
18:02:31.464 [INFO]   [Creating]        [760/928] org.symphonyoss.symphony.messageml.util.IndentedPrintStream.print
18:02:31.464 [INFO]   [Creating]        [760/928]   Tests created: 7
18:02:34.198 [INFO]   [Creating]        [761/928] org.symphonyoss.symphony.messageml.util.IndentedPrintStream.print
18:02:34.198 [INFO]   [Creating]        [761/928]   Tests created: 7
18:02:37.109 [INFO]   [Creating]        [762/928] org.symphonyoss.symphony.messageml.util.IndentedPrintStream.print
18:02:37.109 [INFO]   [Creating]        [762/928]   Tests created: 6
18:02:39.574 [INFO]   [Creating]        [763/928] org.symphonyoss.symphony.messageml.util.IndentedPrintStream.print
18:02:39.574 [INFO]   [Creating]        [763/928]   Tests created: 7
18:02:41.987 [INFO]   [Creating]        [764/928] org.symphonyoss.symphony.messageml.util.IndentedPrintStream.print
18:02:41.987 [INFO]   [Creating]        [764/928]   Tests created: 6
18:02:44.678 [INFO]   [Creating]        [765/928] org.symphonyoss.symphony.messageml.util.IndentedPrintStream.print
18:02:44.678 [INFO]   [Creating]        [765/928]   Tests created: 7
18:02:47.255 [INFO]   [Creating]        [766/928] org.symphonyoss.symphony.messageml.util.IndentedPrintStream.print
18:02:47.255 [INFO]   [Creating]        [766/928]   Tests created: 7
18:02:49.815 [INFO]   [Creating]        [767/928] org.symphonyoss.symphony.messageml.util.IndentedPrintStream.print
18:02:49.815 [INFO]   [Creating]        [767/928]   Tests created: 7
18:02:52.430 [INFO]   [Creating]        [768/928] org.symphonyoss.symphony.messageml.util.IndentedPrintStream.print
18:02:52.430 [INFO]   [Creating]        [768/928]   Tests created: 6
18:02:55.136 [INFO]   [Creating]        [769/928] org.symphonyoss.symphony.messageml.util.IndentedPrintStream.print
18:02:55.136 [INFO]   [Creating]        [769/928]   Tests created: 7
18:02:58.193 [INFO]   [Creating]        [770/928] org.symphonyoss.symphony.messageml.util.IndentedPrintStream.printAlignedBlock
18:02:58.194 [INFO]   [Creating]        [770/928]   Tests created: 7
18:03:00.479 [INFO]   [Creating]        [771/928] org.symphonyoss.symphony.messageml.util.IndentedPrintStream.printlines
18:03:00.479 [INFO]   [Creating]        [771/928]   Tests created: 10
18:03:02.637 [INFO]   [Creating]        [772/928] org.symphonyoss.symphony.messageml.util.IndentedPrintStream.println
18:03:02.637 [INFO]   [Creating]        [772/928]   Tests created: 3
18:03:05.265 [INFO]   [Creating]        [773/928] org.symphonyoss.symphony.messageml.util.IndentedPrintStream.println
18:03:05.265 [INFO]   [Creating]        [773/928]   Tests created: 6
18:03:08.150 [INFO]   [Creating]        [774/928] org.symphonyoss.symphony.messageml.util.IndentedPrintStream.println
18:03:08.150 [INFO]   [Creating]        [774/928]   Tests created: 8
18:03:11.163 [INFO]   [Creating]        [775/928] org.symphonyoss.symphony.messageml.util.IndentedPrintStream.println
18:03:11.163 [INFO]   [Creating]        [775/928]   Tests created: 8
18:03:14.245 [INFO]   [Creating]        [776/928] org.symphonyoss.symphony.messageml.util.IndentedPrintStream.println
18:03:14.245 [INFO]   [Creating]        [776/928]   Tests created: 8
18:03:17.428 [INFO]   [Creating]        [777/928] org.symphonyoss.symphony.messageml.util.IndentedPrintStream.println
18:03:17.428 [INFO]   [Creating]        [777/928]   Tests created: 6
18:03:20.954 [INFO]   [Creating]        [778/928] org.symphonyoss.symphony.messageml.util.IndentedPrintStream.println
18:03:20.954 [INFO]   [Creating]        [778/928]   Tests created: 8
18:03:24.539 [INFO]   [Creating]        [779/928] org.symphonyoss.symphony.messageml.util.IndentedPrintStream.println
18:03:24.539 [INFO]   [Creating]        [779/928]   Tests created: 8
18:03:28.103 [INFO]   [Creating]        [780/928] org.symphonyoss.symphony.messageml.util.IndentedPrintStream.println
18:03:28.103 [INFO]   [Creating]        [780/928]   Tests created: 8
18:03:31.546 [INFO]   [Creating]        [781/928] org.symphonyoss.symphony.messageml.util.IndentedPrintStream.println
18:03:31.546 [INFO]   [Creating]        [781/928]   Tests created: 8
18:03:35.556 [INFO]   [Creating]        [782/928] org.symphonyoss.symphony.messageml.util.IndentedPrintStream.println
18:03:35.556 [INFO]   [Creating]        [782/928]   Tests created: 10
18:03:39.473 [INFO]   [Creating]        [783/928] org.symphonyoss.symphony.messageml.util.IndentedPrintStream.println
18:03:39.473 [INFO]   [Creating]        [783/928]   Tests created: 10
18:03:43.590 [INFO]   [Creating]        [784/928] org.symphonyoss.symphony.messageml.util.IndentedPrintStream.println
18:03:43.590 [INFO]   [Creating]        [784/928]   Tests created: 10
18:03:47.257 [INFO]   [Creating]        [785/928] org.symphonyoss.symphony.messageml.util.IndentedPrintStream.println
18:03:47.257 [INFO]   [Creating]        [785/928]   Tests created: 8
18:03:50.593 [INFO]   [Creating]        [786/928] org.symphonyoss.symphony.messageml.util.IndentedPrintStream.println
18:03:50.593 [INFO]   [Creating]        [786/928]   Tests created: 7
18:03:54.248 [INFO]   [Creating]        [787/928] org.symphonyoss.symphony.messageml.util.IndentedPrintStream.println
18:03:54.248 [INFO]   [Creating]        [787/928]   Tests created: 8
18:03:58.490 [INFO]   [Creating]        [788/928] org.symphonyoss.symphony.messageml.util.IndentedPrintStream.println
18:03:58.490 [INFO]   [Creating]        [788/928]   Tests created: 10
18:04:02.451 [INFO]   [Creating]        [789/928] org.symphonyoss.symphony.messageml.util.IndentedPrintStream.println
18:04:02.451 [INFO]   [Creating]        [789/928]   Tests created: 10
18:04:07.216 [INFO]   [Creating]        [790/928] org.symphonyoss.symphony.messageml.util.IndentedPrintStream.println
18:04:07.216 [INFO]   [Creating]        [790/928]   Tests created: 10
18:04:10.987 [INFO]   [Creating]        [791/928] org.symphonyoss.symphony.messageml.util.IndentedPrintStream.println
18:04:10.987 [INFO]   [Creating]        [791/928]   Tests created: 8
18:04:10.987 [INFO]   [Creating]        [791/928]   Warnings:
18:04:10.987 [INFO]   [Creating]        [791/928]   Diffblue AI was unable to find a test
18:04:14.662 [INFO]   [Creating]        [792/928] org.symphonyoss.symphony.messageml.util.IndentedPrintStream.println
18:04:14.662 [INFO]   [Creating]        [792/928]   Tests created: 8
18:04:18.697 [INFO]   [Creating]        [793/928] org.symphonyoss.symphony.messageml.util.IndentedPrintStream.println
18:04:18.697 [INFO]   [Creating]        [793/928]   Tests created: 7
18:04:19.154 [INFO]   [Creating]        [794/928] org.symphonyoss.symphony.messageml.util.IndentedPrintStream.setLinePrefix
18:04:19.154 [INFO]   [Creating]        [794/928]   Tests created: 2
18:04:19.154 [INFO]   [Creating]    [126/141] org.symphonyoss.symphony.messageml.util.IndentedPrintStream
18:04:19.154 [INFO]   [Creating]    [126/141]   Tests created: 376
18:04:19.155 [INFO]   [Creating]    
================================================================================
= Starting analysis for class 'org.symphonyoss.symphony.messageml.util.NoOpDataProvider'
================================================================================
18:04:19.155 [INFO]   [Creating]    Filtering out non-testable methods...
18:04:19.157 [INFO]   [Creating]    Filtering of methods complete. Creating analysis request
18:04:19.157 [INFO]   [Creating]    Attempting to get service client, retry 1.
18:04:20.573 [INFO]   [Creating]        [795/928] org.symphonyoss.symphony.messageml.util.NoOpDataProvider.<init>
18:04:20.573 [INFO]   [Creating]        [796/928] org.symphonyoss.symphony.messageml.util.NoOpDataProvider.validateURI
18:04:20.573 [INFO]   [Creating]        [796/928]   R002: Missing observers
18:04:20.573 [INFO]   [Creating]        [796/928]     Diffblue Cover was unable to create an assertion.
18:04:20.573 [INFO]   [Creating]        [796/928]     There are no fields that could be asserted on.
18:04:20.859 [INFO]   [Creating]        [797/928] org.symphonyoss.symphony.messageml.util.NoOpDataProvider.getFinTagPresentation
18:04:20.859 [INFO]   [Creating]        [797/928]   Tests created: 3
18:04:21.277 [INFO]   [Creating]        [798/928] org.symphonyoss.symphony.messageml.util.NoOpDataProvider.getUserPresentation
18:04:21.277 [INFO]   [Creating]        [798/928]   Diffblue AI was unable to find a test
18:04:21.279 [INFO]   [Creating]        [799/928] org.symphonyoss.symphony.messageml.util.NoOpDataProvider.getUserPresentation
18:04:21.279 [INFO]   [Creating]        [799/928]   Diffblue AI was unable to find a test
18:04:21.279 [INFO]   [Creating]    [127/141] org.symphonyoss.symphony.messageml.util.NoOpDataProvider
18:04:21.279 [INFO]   [Creating]    [127/141]   Tests created: 3
18:04:21.280 [INFO]   [Creating]    
================================================================================
= Starting analysis for class 'org.symphonyoss.symphony.messageml.util.NoOpEntityResolver'
================================================================================
18:04:21.280 [INFO]   [Creating]    Filtering out non-testable methods...
18:04:21.281 [INFO]   [Creating]    Filtering of methods complete. Creating analysis request
18:04:21.281 [INFO]   [Creating]    Attempting to get service client, retry 1.
18:04:21.391 [INFO]   [Creating]        [800/928] org.symphonyoss.symphony.messageml.util.NoOpEntityResolver.<init>
18:04:21.391 [INFO]   [Creating]        [800/928]   R002: Missing observers
18:04:21.391 [INFO]   [Creating]        [800/928]     Diffblue Cover was unable to create an assertion.
18:04:21.391 [INFO]   [Creating]        [800/928]     There are no fields that could be asserted on.
18:04:21.432 [INFO]   [Creating]        [801/928] org.symphonyoss.symphony.messageml.util.NoOpEntityResolver.resolveEntity
18:04:21.432 [INFO]   [Creating]        [801/928]   Diffblue AI was unable to find a test
18:04:21.432 [INFO]   [Creating]        [801/928]   Warnings:
18:04:21.432 [INFO]   [Creating]        [801/928]   Diffblue AI was unable to find a test
18:04:21.433 [INFO]   [Creating]    [128/141] org.symphonyoss.symphony.messageml.util.NoOpEntityResolver
18:04:21.433 [INFO]   [Creating]    [128/141]   Tests created: 0
18:04:21.434 [INFO]   [Creating]    
================================================================================
= Starting analysis for class 'org.symphonyoss.symphony.messageml.util.NullDataProvider'
================================================================================
18:04:21.434 [INFO]   [Creating]    Filtering out non-testable methods...
18:04:21.435 [INFO]   [Creating]    Filtering of methods complete. Creating analysis request
18:04:21.435 [INFO]   [Creating]    Attempting to get service client, retry 1.
18:04:22.864 [INFO]   [Creating]        [802/928] org.symphonyoss.symphony.messageml.util.NullDataProvider.<init>
18:04:22.864 [INFO]   [Creating]        [803/928] org.symphonyoss.symphony.messageml.util.NullDataProvider.validateURI
18:04:22.864 [INFO]   [Creating]        [803/928]   R002: Missing observers
18:04:22.864 [INFO]   [Creating]        [803/928]     Diffblue Cover was unable to create an assertion.
18:04:22.864 [INFO]   [Creating]        [803/928]     There are no fields that could be asserted on.
18:04:23.171 [INFO]   [Creating]        [804/928] org.symphonyoss.symphony.messageml.util.NullDataProvider.getFinTagPresentation
18:04:23.171 [INFO]   [Creating]        [804/928]   Tests created: 3
18:04:23.586 [INFO]   [Creating]        [805/928] org.symphonyoss.symphony.messageml.util.NullDataProvider.getUserPresentation
18:04:23.586 [INFO]   [Creating]        [805/928]   Diffblue AI was unable to find a test
18:04:23.588 [INFO]   [Creating]        [806/928] org.symphonyoss.symphony.messageml.util.NullDataProvider.getUserPresentation
18:04:23.588 [INFO]   [Creating]        [806/928]   Diffblue AI was unable to find a test
18:04:23.589 [INFO]   [Creating]    [129/141] org.symphonyoss.symphony.messageml.util.NullDataProvider
18:04:23.589 [INFO]   [Creating]    [129/141]   Tests created: 3
18:04:23.589 [INFO]   [Creating]    
================================================================================
= Starting analysis for class 'org.symphonyoss.symphony.messageml.util.NullErrorHandler'
================================================================================
18:04:23.589 [INFO]   [Creating]    Filtering out non-testable methods...
18:04:23.590 [INFO]   [Creating]    Filtering of methods complete. Creating analysis request
18:04:23.590 [INFO]   [Creating]    Attempting to get service client, retry 1.
18:04:23.754 [INFO]   [Creating]        [807/928] org.symphonyoss.symphony.messageml.util.NullErrorHandler.<init>
18:04:23.754 [INFO]   [Creating]        [808/928] org.symphonyoss.symphony.messageml.util.NullErrorHandler.error
18:04:23.754 [INFO]   [Creating]        [809/928] org.symphonyoss.symphony.messageml.util.NullErrorHandler.fatalError
18:04:23.754 [INFO]   [Creating]        [810/928] org.symphonyoss.symphony.messageml.util.NullErrorHandler.warning
18:04:23.754 [INFO]   [Creating]        [810/928]   R002: Missing observers
18:04:23.754 [INFO]   [Creating]        [810/928]     Diffblue Cover was unable to create an assertion.
18:04:23.754 [INFO]   [Creating]        [810/928]     There are no fields that could be asserted on.
18:04:23.755 [INFO]   [Creating]    [130/141] org.symphonyoss.symphony.messageml.util.NullErrorHandler
18:04:23.755 [INFO]   [Creating]    [130/141]   Tests created: 0
18:04:23.756 [INFO]   [Creating]    
================================================================================
= Starting analysis for class 'org.symphonyoss.symphony.messageml.util.ShortID'
================================================================================
18:04:23.756 [INFO]   [Creating]    Filtering out non-testable methods...
18:04:23.758 [INFO]   [Creating]    Filtering of methods complete. Creating analysis request
18:04:23.758 [INFO]   [Creating]    Attempting to get service client, retry 1.
18:04:24.062 [INFO]   [Creating]        [811/928] org.symphonyoss.symphony.messageml.util.ShortID.getClusterWorkerId
18:04:24.062 [INFO]   [Creating]        [812/928] org.symphonyoss.symphony.messageml.util.ShortID.getCounter
18:04:24.062 [INFO]   [Creating]        [813/928] org.symphonyoss.symphony.messageml.util.ShortID.getPreviousSeconds
18:04:24.062 [INFO]   [Creating]        [814/928] org.symphonyoss.symphony.messageml.util.ShortID.getRandom
18:04:24.062 [INFO]   [Creating]        [815/928] org.symphonyoss.symphony.messageml.util.ShortID.getReduceTime
18:04:24.062 [INFO]   [Creating]        [816/928] org.symphonyoss.symphony.messageml.util.ShortID.getShuffled
18:04:24.062 [INFO]   [Creating]        [817/928] org.symphonyoss.symphony.messageml.util.ShortID.getVersion
18:04:24.062 [INFO]   [Creating]        [817/928]   Diffblue AI was unable to find a test
18:04:24.337 [INFO]   [Creating]        [818/928] org.symphonyoss.symphony.messageml.util.ShortID.<init>
18:04:24.337 [INFO]   [Creating]        [818/928]   Diffblue AI was unable to find a test
18:04:24.337 [INFO]   [Creating]        [818/928]   Warnings:
18:04:24.337 [INFO]   [Creating]        [818/928]   Diffblue AI was unable to find a test
18:04:24.346 [INFO]   [Creating]        [819/928] org.symphonyoss.symphony.messageml.util.ShortID.generate
18:04:24.347 [INFO]   [Creating]        [819/928]   R031: Method may be time-sensitive
18:04:24.347 [INFO]   [Creating]        [819/928]     Diffblue Cover was only able to write tests that are time-sensitive.
18:04:24.347 [INFO]   [Creating]        [819/928]     The assertions don't pass when run at an alternate date, time, and
18:04:24.347 [INFO]   [Creating]        [819/928]     timezone. Try refactoring the method to take a 'java.time.Clock' instance so
18:04:24.347 [INFO]   [Creating]        [819/928]     that the time can be parameterized during testing.
18:04:24.347 [INFO]   [Creating]        [819/928]     See Working with code R031 (https://diff.blue/R031) for details.
18:04:24.348 [INFO]   [Creating]    [131/141] org.symphonyoss.symphony.messageml.util.ShortID
18:04:24.348 [INFO]   [Creating]    [131/141]   Tests created: 0
18:04:24.349 [INFO]   [Creating]    
================================================================================
= Starting analysis for class 'org.symphonyoss.symphony.messageml.util.TagAttributes'
================================================================================
18:04:24.349 [INFO]   [Creating]    Filtering out non-testable methods...
18:04:24.350 [INFO]   [Creating]    Filtering of methods complete. Creating analysis request
18:04:24.350 [INFO]   [Creating]    Attempting to get service client, retry 1.
18:04:24.434 [INFO]   [Creating]        [820/928] org.symphonyoss.symphony.messageml.util.TagAttributes.<init>
18:04:24.435 [INFO]   [Creating]        [820/928]   Tests created: 1
18:04:24.435 [INFO]   [Creating]    [132/141] org.symphonyoss.symphony.messageml.util.TagAttributes
18:04:24.435 [INFO]   [Creating]    [132/141]   Tests created: 1
18:04:24.436 [INFO]   [Creating]    
================================================================================
= Starting analysis for class 'org.symphonyoss.symphony.messageml.util.XMLAttribute'
================================================================================
18:04:24.436 [INFO]   [Creating]    Filtering out non-testable methods...
18:04:24.437 [INFO]   [Creating]    Filtering of methods complete. Creating analysis request
18:04:24.437 [INFO]   [Creating]    Attempting to get service client, retry 1.
18:04:24.606 [INFO]   [Creating]        [821/928] org.symphonyoss.symphony.messageml.util.XMLAttribute.getFormat
18:04:24.606 [INFO]   [Creating]        [822/928] org.symphonyoss.symphony.messageml.util.XMLAttribute.toString
18:04:24.606 [INFO]   [Creating]        [822/928]   Tests created: 1
18:04:24.680 [INFO]   [Creating]        [823/928] org.symphonyoss.symphony.messageml.util.XMLAttribute.of
18:04:24.680 [INFO]   [Creating]        [823/928]   Tests created: 2
18:04:24.681 [INFO]   [Creating]    [133/141] org.symphonyoss.symphony.messageml.util.XMLAttribute
18:04:24.681 [INFO]   [Creating]    [133/141]   Tests created: 3
18:04:24.682 [INFO]   [Creating]    
================================================================================
= Starting analysis for class 'org.symphonyoss.symphony.messageml.util.XMLAttribute$Format'
================================================================================
18:04:24.682 [INFO]   [Creating]    Filtering out non-testable methods...
18:04:24.683 [INFO]   [Creating]        [824/928] org.symphonyoss.symphony.messageml.util.XMLAttribute$Format.valueOf
18:04:24.683 [INFO]   [Creating]        [824/928]   T012: Synthetic method
18:04:24.683 [INFO]   [Creating]        [824/928]     Indicates that the method is synthetic. Currently, this includes methods:
18:04:24.683 [INFO]   [Creating]        [824/928]     - that are marked as synthetic by the compiler
18:04:24.683 [INFO]   [Creating]        [824/928]     - that are not directly callable
18:04:24.683 [INFO]   [Creating]        [824/928]     - that exist on the JDK class but do not appear in the source code
18:04:24.683 [INFO]   [Creating]        [824/928]     Diffblue Cover considers these methods as not directly callable.
18:04:24.684 [INFO]   [Creating]        [825/928] org.symphonyoss.symphony.messageml.util.XMLAttribute$Format.values
18:04:24.684 [INFO]   [Creating]        [825/928]   T012: Synthetic method
18:04:24.684 [INFO]   [Creating]        [825/928]     Indicates that the method is synthetic. Currently, this includes methods:
18:04:24.684 [INFO]   [Creating]        [825/928]     - that are marked as synthetic by the compiler
18:04:24.684 [INFO]   [Creating]        [825/928]     - that are not directly callable
18:04:24.684 [INFO]   [Creating]        [825/928]     - that exist on the JDK class but do not appear in the source code
18:04:24.684 [INFO]   [Creating]        [825/928]     Diffblue Cover considers these methods as not directly callable.
18:04:24.684 [INFO]   [Creating]    [134/141] org.symphonyoss.symphony.messageml.util.XMLAttribute$Format
18:04:24.684 [INFO]   [Creating]    [134/141]   Tests created: 0
18:04:24.684 [INFO]   [Creating]    No testable methods
18:04:24.684 [INFO]   [Creating]    
================================================================================
= Starting analysis for class 'org.symphonyoss.symphony.messageml.util.XmlPrintStream'
================================================================================
18:04:24.684 [INFO]   [Creating]    Filtering out non-testable methods...
18:04:24.688 [INFO]   [Creating]    Filtering of methods complete. Creating analysis request
18:04:24.688 [INFO]   [Creating]    Attempting to get service client, retry 1.
18:04:31.178 [INFO]   [Creating]        [826/928] org.symphonyoss.symphony.messageml.util.XmlPrintStream.<init>
18:04:31.178 [INFO]   [Creating]        [826/928]   Tests created: 2
18:04:32.476 [INFO]   [Creating]        [827/928] org.symphonyoss.symphony.messageml.util.XmlPrintStream.closeElement
18:04:32.476 [INFO]   [Creating]        [827/928]   R013: No inputs found that don't throw a trivial exception
18:04:32.476 [INFO]   [Creating]        [827/928]     Diffblue Cover tried to run the arrange/act section, but the test threw
18:04:32.476 [INFO]   [Creating]        [827/928]     java.util.NoSuchElementException
18:04:32.476 [INFO]   [Creating]        [827/928]         at java.util.LinkedList.removeFirst(LinkedList.java:274)
18:04:32.476 [INFO]   [Creating]        [827/928]         at java.util.LinkedList.pop(LinkedList.java:805)
18:04:32.476 [INFO]   [Creating]        [827/928]         at org.symphonyoss.symphony.messageml.util.XmlPrintStream.closeElement(XmlPrintStream.java:104)
18:04:32.476 [INFO]   [Creating]        [827/928]     In order to prevent closeElement()
18:04:32.476 [INFO]   [Creating]        [827/928]     from throwing NoSuchElementException, add constructors or factory
18:04:32.476 [INFO]   [Creating]        [827/928]     methods that make it easier to construct fully initialized objects used in
18:04:32.476 [INFO]   [Creating]        [827/928]     closeElement().
18:04:32.476 [INFO]   [Creating]        [827/928]     See https://diff.blue/R013 to resolve this issue.
18:04:33.700 [INFO]   [Creating]        [828/928] org.symphonyoss.symphony.messageml.util.XmlPrintStream.escape
18:04:33.700 [INFO]   [Creating]        [828/928]   Tests created: 2
18:04:35.574 [INFO]   [Creating]        [829/928] org.symphonyoss.symphony.messageml.util.XmlPrintStream.escape
18:04:35.574 [INFO]   [Creating]        [829/928]   Tests created: 2
18:04:37.955 [INFO]   [Creating]        [830/928] org.symphonyoss.symphony.messageml.util.XmlPrintStream.openElement
18:04:37.955 [INFO]   [Creating]        [830/928]   Tests created: 8
18:04:40.124 [INFO]   [Creating]        [831/928] org.symphonyoss.symphony.messageml.util.XmlPrintStream.openElement
18:04:40.124 [INFO]   [Creating]        [831/928]   Tests created: 12
18:04:42.621 [INFO]   [Creating]        [832/928] org.symphonyoss.symphony.messageml.util.XmlPrintStream.openElement
18:04:42.621 [INFO]   [Creating]        [832/928]   Tests created: 15
18:04:44.810 [INFO]   [Creating]        [833/928] org.symphonyoss.symphony.messageml.util.XmlPrintStream.printComment
18:04:44.810 [INFO]   [Creating]        [833/928]   Tests created: 8
18:04:47.174 [INFO]   [Creating]        [834/928] org.symphonyoss.symphony.messageml.util.XmlPrintStream.printElement
18:04:47.174 [INFO]   [Creating]        [834/928]   Tests created: 8
18:04:49.571 [INFO]   [Creating]        [835/928] org.symphonyoss.symphony.messageml.util.XmlPrintStream.printElement
18:04:49.571 [INFO]   [Creating]        [835/928]   Tests created: 11
18:04:52.466 [INFO]   [Creating]        [836/928] org.symphonyoss.symphony.messageml.util.XmlPrintStream.printElement
18:04:52.466 [INFO]   [Creating]        [836/928]   Tests created: 12
18:04:55.034 [INFO]   [Creating]        [837/928] org.symphonyoss.symphony.messageml.util.XmlPrintStream.printElement
18:04:55.034 [INFO]   [Creating]        [837/928]   Tests created: 16
18:04:56.186 [INFO]   [Creating]        [838/928] org.symphonyoss.symphony.messageml.util.XmlPrintStream.printElement
18:04:56.186 [INFO]   [Creating]        [838/928]   Tests created: 11
18:04:56.360 [INFO]   [Creating]        [839/928] org.symphonyoss.symphony.messageml.util.XmlPrintStream.removeNewLines
18:04:56.360 [INFO]   [Creating]        [839/928]   Tests created: 2
18:04:56.361 [INFO]   [Creating]    [135/141] org.symphonyoss.symphony.messageml.util.XmlPrintStream
18:04:56.361 [INFO]   [Creating]    [135/141]   Tests created: 109
18:04:56.361 [INFO]   [Creating]    
================================================================================
= Starting analysis for class 'org.symphonyoss.symphony.messageml.util.instrument.resolver.Instrument'
================================================================================
18:04:56.362 [INFO]   [Creating]    Filtering out non-testable methods...
18:04:56.362 [INFO]   [Creating]    Filtering of methods complete. Creating analysis request
18:04:56.362 [INFO]   [Creating]    Attempting to get service client, retry 1.
18:04:56.482 [INFO]   [Creating]        [840/928] org.symphonyoss.symphony.messageml.util.instrument.resolver.Instrument.<init>
18:04:56.482 [INFO]   [Creating]        [840/928]   Tests created: 1
18:04:56.482 [INFO]   [Creating]    [136/141] org.symphonyoss.symphony.messageml.util.instrument.resolver.Instrument
18:04:56.483 [INFO]   [Creating]    [136/141]   Tests created: 1
18:04:56.483 [INFO]   [Creating]    
================================================================================
= Starting analysis for class 'org.symphonyoss.symphony.messageml.util.instrument.resolver.InstrumentKind'
================================================================================
18:04:56.483 [INFO]   [Creating]    Filtering out non-testable methods...
18:04:56.484 [INFO]   [Creating]        [841/928] org.symphonyoss.symphony.messageml.util.instrument.resolver.InstrumentKind.valueOf
18:04:56.484 [INFO]   [Creating]        [841/928]   T012: Synthetic method
18:04:56.484 [INFO]   [Creating]        [841/928]     Indicates that the method is synthetic. Currently, this includes methods:
18:04:56.484 [INFO]   [Creating]        [841/928]     - that are marked as synthetic by the compiler
18:04:56.484 [INFO]   [Creating]        [841/928]     - that are not directly callable
18:04:56.484 [INFO]   [Creating]        [841/928]     - that exist on the JDK class but do not appear in the source code
18:04:56.484 [INFO]   [Creating]        [841/928]     Diffblue Cover considers these methods as not directly callable.
18:04:56.485 [INFO]   [Creating]        [842/928] org.symphonyoss.symphony.messageml.util.instrument.resolver.InstrumentKind.values
18:04:56.485 [INFO]   [Creating]        [842/928]   T012: Synthetic method
18:04:56.485 [INFO]   [Creating]        [842/928]     Indicates that the method is synthetic. Currently, this includes methods:
18:04:56.485 [INFO]   [Creating]        [842/928]     - that are marked as synthetic by the compiler
18:04:56.485 [INFO]   [Creating]        [842/928]     - that are not directly callable
18:04:56.485 [INFO]   [Creating]        [842/928]     - that exist on the JDK class but do not appear in the source code
18:04:56.485 [INFO]   [Creating]        [842/928]     Diffblue Cover considers these methods as not directly callable.
18:04:56.486 [INFO]   [Creating]    Filtering of methods complete. Creating analysis request
18:04:56.486 [INFO]   [Creating]    Attempting to get service client, retry 1.
18:04:56.758 [INFO]   [Creating]        [843/928] org.symphonyoss.symphony.messageml.util.instrument.resolver.InstrumentKind.fromValue
18:04:56.758 [INFO]   [Creating]        [843/928]   Tests created: 2
18:04:56.794 [INFO]   [Creating]        [844/928] org.symphonyoss.symphony.messageml.util.instrument.resolver.InstrumentKind.toValues
18:04:56.794 [INFO]   [Creating]        [844/928]   Tests created: 1
18:04:56.795 [INFO]   [Creating]    [137/141] org.symphonyoss.symphony.messageml.util.instrument.resolver.InstrumentKind
18:04:56.795 [INFO]   [Creating]    [137/141]   Tests created: 3
18:04:56.795 [INFO]   [Creating]    
================================================================================
= Starting analysis for class 'org.symphonyoss.symphony.messageml.util.instrument.resolver.MarketSector'
================================================================================
18:04:56.795 [INFO]   [Creating]    Filtering out non-testable methods...
18:04:56.796 [INFO]   [Creating]        [845/928] org.symphonyoss.symphony.messageml.util.instrument.resolver.MarketSector.valueOf
18:04:56.796 [INFO]   [Creating]        [845/928]   T012: Synthetic method
18:04:56.796 [INFO]   [Creating]        [845/928]     Indicates that the method is synthetic. Currently, this includes methods:
18:04:56.796 [INFO]   [Creating]        [845/928]     - that are marked as synthetic by the compiler
18:04:56.796 [INFO]   [Creating]        [845/928]     - that are not directly callable
18:04:56.796 [INFO]   [Creating]        [845/928]     - that exist on the JDK class but do not appear in the source code
18:04:56.796 [INFO]   [Creating]        [845/928]     Diffblue Cover considers these methods as not directly callable.
18:04:56.797 [INFO]   [Creating]        [846/928] org.symphonyoss.symphony.messageml.util.instrument.resolver.MarketSector.values
18:04:56.797 [INFO]   [Creating]        [846/928]   T012: Synthetic method
18:04:56.797 [INFO]   [Creating]        [846/928]     Indicates that the method is synthetic. Currently, this includes methods:
18:04:56.797 [INFO]   [Creating]        [846/928]     - that are marked as synthetic by the compiler
18:04:56.797 [INFO]   [Creating]        [846/928]     - that are not directly callable
18:04:56.797 [INFO]   [Creating]        [846/928]     - that exist on the JDK class but do not appear in the source code
18:04:56.797 [INFO]   [Creating]        [846/928]     Diffblue Cover considers these methods as not directly callable.
18:04:56.798 [INFO]   [Creating]    Filtering of methods complete. Creating analysis request
18:04:56.798 [INFO]   [Creating]    Attempting to get service client, retry 1.
18:04:57.065 [INFO]   [Creating]        [847/928] org.symphonyoss.symphony.messageml.util.instrument.resolver.MarketSector.fromValue
18:04:57.065 [INFO]   [Creating]        [847/928]   Tests created: 2
18:04:57.107 [INFO]   [Creating]        [848/928] org.symphonyoss.symphony.messageml.util.instrument.resolver.MarketSector.toValues
18:04:57.107 [INFO]   [Creating]        [848/928]   Tests created: 1
18:04:57.108 [INFO]   [Creating]    [138/141] org.symphonyoss.symphony.messageml.util.instrument.resolver.MarketSector
18:04:57.108 [INFO]   [Creating]    [138/141]   Tests created: 3
18:04:57.108 [INFO]   [Creating]    
================================================================================
= Starting analysis for class 'org.symphonyoss.symphony.messageml.util.instrument.resolver.ProviderId'
================================================================================
18:04:57.108 [INFO]   [Creating]    Filtering out non-testable methods...
18:04:57.109 [INFO]   [Creating]        [849/928] org.symphonyoss.symphony.messageml.util.instrument.resolver.ProviderId.valueOf
18:04:57.109 [INFO]   [Creating]        [849/928]   T012: Synthetic method
18:04:57.109 [INFO]   [Creating]        [849/928]     Indicates that the method is synthetic. Currently, this includes methods:
18:04:57.109 [INFO]   [Creating]        [849/928]     - that are marked as synthetic by the compiler
18:04:57.109 [INFO]   [Creating]        [849/928]     - that are not directly callable
18:04:57.109 [INFO]   [Creating]        [849/928]     - that exist on the JDK class but do not appear in the source code
18:04:57.109 [INFO]   [Creating]        [849/928]     Diffblue Cover considers these methods as not directly callable.
18:04:57.110 [INFO]   [Creating]        [850/928] org.symphonyoss.symphony.messageml.util.instrument.resolver.ProviderId.values
18:04:57.110 [INFO]   [Creating]        [850/928]   T012: Synthetic method
18:04:57.110 [INFO]   [Creating]        [850/928]     Indicates that the method is synthetic. Currently, this includes methods:
18:04:57.110 [INFO]   [Creating]        [850/928]     - that are marked as synthetic by the compiler
18:04:57.110 [INFO]   [Creating]        [850/928]     - that are not directly callable
18:04:57.110 [INFO]   [Creating]        [850/928]     - that exist on the JDK class but do not appear in the source code
18:04:57.110 [INFO]   [Creating]        [850/928]     Diffblue Cover considers these methods as not directly callable.
18:04:57.110 [INFO]   [Creating]    Filtering of methods complete. Creating analysis request
18:04:57.110 [INFO]   [Creating]    Attempting to get service client, retry 1.
18:04:57.298 [INFO]   [Creating]        [851/928] org.symphonyoss.symphony.messageml.util.instrument.resolver.ProviderId.fromValue
18:04:57.298 [INFO]   [Creating]        [851/928]   Tests created: 2
18:04:57.298 [INFO]   [Creating]    [139/141] org.symphonyoss.symphony.messageml.util.instrument.resolver.ProviderId
18:04:57.298 [INFO]   [Creating]    [139/141]   Tests created: 2
18:04:57.299 [INFO]   [Creating]    
================================================================================
= Starting analysis for class 'org.symphonyoss.symphony.messageml.util.pojo.DateInterval'
================================================================================
18:04:57.299 [INFO]   [Creating]    Filtering out non-testable methods...
18:04:57.303 [INFO]   [Creating]    Filtering of methods complete. Creating analysis request
18:04:57.303 [INFO]   [Creating]    Attempting to get service client, retry 1.
18:05:00.497 [INFO]   [Creating]        [852/928] org.symphonyoss.symphony.messageml.util.pojo.DateInterval.<init>
18:05:00.497 [INFO]   [Creating]        [853/928] org.symphonyoss.symphony.messageml.util.pojo.DateInterval.getDay
18:05:00.497 [INFO]   [Creating]        [854/928] org.symphonyoss.symphony.messageml.util.pojo.DateInterval.getDaysOfWeek
18:05:00.497 [INFO]   [Creating]        [855/928] org.symphonyoss.symphony.messageml.util.pojo.DateInterval.getFrom
18:05:00.497 [INFO]   [Creating]        [856/928] org.symphonyoss.symphony.messageml.util.pojo.DateInterval.getTo
18:05:00.497 [INFO]   [Creating]        [857/928] org.symphonyoss.symphony.messageml.util.pojo.DateInterval.setDay
18:05:00.497 [INFO]   [Creating]        [858/928] org.symphonyoss.symphony.messageml.util.pojo.DateInterval.setDaysOfWeek
18:05:00.497 [INFO]   [Creating]        [859/928] org.symphonyoss.symphony.messageml.util.pojo.DateInterval.setFrom
18:05:00.497 [INFO]   [Creating]        [860/928] org.symphonyoss.symphony.messageml.util.pojo.DateInterval.setTo
18:05:00.497 [INFO]   [Creating]        [860/928]   Tests created: 1
18:05:03.036 [INFO]   [Creating]        [861/928] org.symphonyoss.symphony.messageml.util.pojo.DateInterval.assertIsValid
18:05:03.036 [INFO]   [Creating]        [861/928]   Tests created: 9
18:05:03.262 [INFO]   [Creating]        [862/928] org.symphonyoss.symphony.messageml.util.pojo.DateInterval.getType
18:05:03.262 [INFO]   [Creating]        [862/928]   Tests created: 6
18:05:03.262 [INFO]   [Creating]    [140/141] org.symphonyoss.symphony.messageml.util.pojo.DateInterval
18:05:03.262 [INFO]   [Creating]    [140/141]   Tests created: 16
18:05:03.263 [INFO]   [Creating]    
================================================================================
= Starting analysis for class 'org.symphonyoss.symphony.messageml.util.pojo.TimeInterval'
================================================================================
18:05:03.263 [INFO]   [Creating]    Filtering out non-testable methods...
18:05:03.265 [INFO]   [Creating]    Filtering of methods complete. Creating analysis request
18:05:03.265 [INFO]   [Creating]    Attempting to get service client, retry 1.
18:05:05.134 [INFO]   [Creating]        [863/928] org.symphonyoss.symphony.messageml.util.pojo.TimeInterval.<init>
18:05:05.134 [INFO]   [Creating]        [864/928] org.symphonyoss.symphony.messageml.util.pojo.TimeInterval.getFrom
18:05:05.134 [INFO]   [Creating]        [865/928] org.symphonyoss.symphony.messageml.util.pojo.TimeInterval.getTime
18:05:05.134 [INFO]   [Creating]        [866/928] org.symphonyoss.symphony.messageml.util.pojo.TimeInterval.getTo
18:05:05.134 [INFO]   [Creating]        [867/928] org.symphonyoss.symphony.messageml.util.pojo.TimeInterval.setFrom
18:05:05.134 [INFO]   [Creating]        [868/928] org.symphonyoss.symphony.messageml.util.pojo.TimeInterval.setTime
18:05:05.134 [INFO]   [Creating]        [869/928] org.symphonyoss.symphony.messageml.util.pojo.TimeInterval.setTo
18:05:05.134 [INFO]   [Creating]        [869/928]   Tests created: 1
18:05:06.781 [INFO]   [Creating]        [870/928] org.symphonyoss.symphony.messageml.util.pojo.TimeInterval.assertIsValid
18:05:06.781 [INFO]   [Creating]        [870/928]   Tests created: 6
18:05:06.990 [INFO]   [Creating]        [871/928] org.symphonyoss.symphony.messageml.util.pojo.TimeInterval.getType
18:05:06.990 [INFO]   [Creating]        [871/928]   Tests created: 6
18:05:06.991 [INFO]   [Creating]    [141/141] org.symphonyoss.symphony.messageml.util.pojo.TimeInterval
18:05:06.991 [INFO]   [Creating]    [141/141]   Tests created: 13
18:05:07.002 [INFO]   [Reporting]   
18:05:07.002 [INFO]   [Reporting]   Test creation summary for module: org.symphonyoss.symphony:messageml
18:05:07.002 [INFO]   [Reporting]   --------------------------------------------------------------------
18:05:07.002 [INFO]   [Reporting]   Total:                                             928 methods
18:05:07.002 [INFO]   [Reporting]   2,185 tests created for:                           785 methods
18:05:07.002 [INFO]   [Reporting]   
18:05:07.002 [INFO]   [Reporting]   Tested indirectly via other methods:                 2 methods
18:05:07.002 [INFO]   [Reporting]       2 T005: Trivial constructor
18:05:07.003 [INFO]   [Reporting]   No tests created for:                              132 methods
18:05:07.003 [INFO]   [Reporting]      22 R013: No inputs found that don't throw a trivial exception
18:05:07.003 [INFO]   [Reporting]      12 R081: Exception in arrange section
18:05:07.003 [INFO]   [Reporting]       9 R002: Missing observers
18:05:07.003 [INFO]   [Reporting]       5 R011: Sandboxing policy violation
18:05:07.003 [INFO]   [Reporting]       2 R003: Test did not increase coverage
18:05:07.003 [INFO]   [Reporting]       1 R031: Method may be time-sensitive
18:05:07.172 [INFO]   [Validating]  
18:05:07.172 [INFO]   [Validating]  Running validation command.
18:05:07.173 [INFO]   [Validating]  Using default build rules as no custom rules found in any of [/home/jbergqvist/diffblue/finos-messageml-utils]
18:05:07.173 [INFO]   [Validating]  Attempting to invoke /home/jbergqvist/diffblue/finos-messageml-utils/mvnw in working directory: /home/jbergqvist/diffblue/finos-messageml-utils
18:05:07.174 [INFO]   [Validating]  Started "/home/jbergqvist/diffblue/finos-messageml-utils/mvnw -Dmaven.ext.class.path=/opt/cover/cover-buildsystem-maven-spy-jar-with-dependencies.jar -Dcom.diffblue.cover.skipTests=true -DskipTestOptimizer --batch-mode --projects=org.symphonyoss.symphony:messageml --global-settings=/home/jbergqvist/.sdkman/candidates/maven/current/conf/settings.xml validate --also-make"
18:05:07.785 [INFO]   [Validating]  out: [INFO] Scanning for projects...
18:05:07.822 [INFO]   [Validating]  out: [INFO] 
18:05:07.822 [INFO]   [Validating]  out: [INFO] -----------------< org.symphonyoss.symphony:messageml >-----------------
18:05:07.822 [INFO]   [Validating]  out: [INFO] Building MessageML Utils 0.13.0
18:05:07.822 [INFO]   [Validating]  out: [INFO] --------------------------------[ jar ]---------------------------------
18:05:07.957 [INFO]   [Validating]  deserializing line [DIFFBLUE]{"__type":"com.diffblue.cover.buildsystem.model.DefaultProjectModuleMessage","project":{"__type":"DefaultProjectModule","junitReport":["/home/jbergqvist/diffblue/finos-messageml-utils/target/surefire-reports"],"jacocoReport":["/home/jbergqvist/diffblue/finos-messageml-utils/target/site/jacoco/jacoco.xml"],"jacocoDestFile":["/home/jbergqvist/diffblue/finos-messageml-utils/target/jacoco.exec"],"jacocoFormats":["xml"],"jacocoSkipped":false,"classpath":["/home/jbergqvist/diffblue/finos-messageml-utils/target/classes"],"complianceLevel":"1.8","productionSources":["/home/jbergqvist/diffblue/finos-messageml-utils/src/main/java"],"testSources":["/home/jbergqvist/diffblue/finos-messageml-utils/src/test/java"],"productionClasses":"/home/jbergqvist/diffblue/finos-messageml-utils/target/classes","testClasses":"/home/jbergqvist/diffblue/finos-messageml-utils/target/test-classes","sourceToBuildPathMap":null,"testSourceToBuildPathMap":null,"buildDirectory":"/home/jbergqvist/diffblue/finos-messageml-utils/target","plugins":[{"__type":"DefaultPlugin","groupId":"org.apache.maven.plugins","artefactId":"maven-surefire-plugin","version":"2.22.2","pluginClassName":null},{"__type":"DefaultPlugin","groupId":"org.apache.maven.plugins","artefactId":"maven-clean-plugin","version":"2.5","pluginClassName":null},{"__type":"DefaultPlugin","groupId":"org.apache.maven.plugins","artefactId":"maven-resources-plugin","version":"2.6","pluginClassName":null},{"__type":"DefaultPlugin","groupId":"org.apache.maven.plugins","artefactId":"maven-jar-plugin","version":"3.2.2","pluginClassName":null},{"__type":"DefaultPlugin","groupId":"org.apache.maven.plugins","artefactId":"maven-compiler-plugin","version":"3.1","pluginClassName":null},{"__type":"DefaultPlugin","groupId":"org.apache.maven.plugins","artefactId":"maven-install-plugin","version":"2.4","pluginClassName":null},{"__type":"DefaultPlugin","groupId":"org.apache.maven.plugins","artefactId":"maven-deploy-plugin","version":"3.0.0-M1","pluginClassName":null},{"__type":"DefaultPlugin","groupId":"org.apache.maven.plugins","artefactId":"maven-site-plugin","version":"3.3","pluginClassName":null}],"version":"3.8.4","encoding":"UTF-8","name":"maven","subModules":[],"simpleModuleName":null,"parentModuleName":null,"location":"/home/jbergqvist/diffblue/finos-messageml-utils","fullModuleName":"org.symphonyoss.symphony:messageml"}}
18:05:07.961 [INFO]   [Validating]  out: [INFO] ------------------------------------------------------------------------
18:05:07.961 [INFO]   [Validating]  out: [INFO] BUILD SUCCESS
18:05:07.961 [INFO]   [Validating]  out: [INFO] ------------------------------------------------------------------------
18:05:07.961 [INFO]   [Validating]  out: [INFO] Total time:  0.184 s
18:05:07.961 [INFO]   [Validating]  out: [INFO] Finished at: 2026-01-09T18:05:07Z
18:05:07.961 [INFO]   [Validating]  out: [INFO] ------------------------------------------------------------------------
18:05:07.962 [INFO]   [Validating]  deserializing line [DIFFBLUE]{"__type":"com.diffblue.cover.buildsystem.model.ProjectInfoMessage","projectName":"org.symphonyoss.symphony:messageml","productionSources":["/home/jbergqvist/diffblue/finos-messageml-utils/src/main/java"],"testSources":["/home/jbergqvist/diffblue/finos-messageml-utils/src/test/java"],"location":"/home/jbergqvist/diffblue/finos-messageml-utils"}
18:05:07.981 [INFO]   [Validating]  maven:err process not stopped, joining thread
18:05:07.981 [INFO]   [Validating]  maven:out process not stopped, joining thread
18:05:07.982 [INFO]   [Validating]  This can take a couple of minutes.
18:05:07.983 [INFO]   [Validating]  Using default build rules as no custom rules found in any of [/home/jbergqvist/diffblue/finos-messageml-utils]
18:05:07.983 [INFO]   [Validating]  Attempting to invoke /home/jbergqvist/diffblue/finos-messageml-utils/mvnw in working directory: /home/jbergqvist/diffblue/finos-messageml-utils
18:05:07.983 [INFO]   [Validating]  Started "/home/jbergqvist/diffblue/finos-messageml-utils/mvnw -Dmaven.ext.class.path=/opt/cover/cover-buildsystem-maven-spy-jar-with-dependencies.jar -Dcom.diffblue.cover.skipTests=true -DskipTestOptimizer --batch-mode --projects=org.symphonyoss.symphony:messageml --global-settings=/home/jbergqvist/.sdkman/candidates/maven/current/conf/settings.xml clean test"
18:05:08.591 [INFO]   [Validating]  out: [INFO] Scanning for projects...
18:05:08.631 [INFO]   [Validating]  out: [INFO] 
18:05:08.631 [INFO]   [Validating]  out: [INFO] -----------------< org.symphonyoss.symphony:messageml >-----------------
18:05:08.631 [INFO]   [Validating]  out: [INFO] Building MessageML Utils 0.13.0
18:05:08.631 [INFO]   [Validating]  out: [INFO] --------------------------------[ jar ]---------------------------------
18:05:08.887 [INFO]   [Validating]  deserializing line [DIFFBLUE]{"__type":"com.diffblue.cover.buildsystem.model.DefaultEventMessage","project":"org.symphonyoss.symphony:messageml","goal":"clean","cause":null,"state":"STARTED"}
18:05:08.889 [INFO]   [Validating]  out: [INFO] 
18:05:08.889 [INFO]   [Validating]  out: [INFO] --- maven-clean-plugin:2.5:clean (default-clean) @ messageml ---
18:05:08.916 [INFO]   [Validating]  out: [INFO] Deleting /home/jbergqvist/diffblue/finos-messageml-utils/target
18:05:08.941 [INFO]   [Validating]  deserializing line [DIFFBLUE]{"__type":"com.diffblue.cover.buildsystem.model.DefaultEventMessage","project":"org.symphonyoss.symphony:messageml","goal":"clean","cause":null,"state":"SUCCESS"}
18:05:08.945 [INFO]   [Validating]  deserializing line [DIFFBLUE]{"__type":"com.diffblue.cover.buildsystem.model.DefaultEventMessage","project":"org.symphonyoss.symphony:messageml","goal":"resources","cause":null,"state":"STARTED"}
18:05:08.946 [INFO]   [Validating]  out: [INFO] 
18:05:08.947 [INFO]   [Validating]  out: [INFO] --- maven-resources-plugin:2.6:resources (default-resources) @ messageml ---
18:05:09.004 [INFO]   [Validating]  out: [INFO] Using 'UTF-8' encoding to copy filtered resources.
18:05:09.006 [INFO]   [Validating]  out: [INFO] Copying 1 resource
18:05:09.010 [INFO]   [Validating]  deserializing line [DIFFBLUE]{"__type":"com.diffblue.cover.buildsystem.model.DefaultEventMessage","project":"org.symphonyoss.symphony:messageml","goal":"resources","cause":null,"state":"SUCCESS"}
18:05:09.011 [INFO]   [Validating]  deserializing line [DIFFBLUE]{"__type":"com.diffblue.cover.buildsystem.model.DefaultEventMessage","project":"org.symphonyoss.symphony:messageml","goal":"compile","cause":null,"state":"STARTED"}
18:05:09.012 [INFO]   [Validating]  out: [INFO] 
18:05:09.012 [INFO]   [Validating]  out: [INFO] --- maven-compiler-plugin:3.1:compile (default-compile) @ messageml ---
18:05:09.111 [INFO]   [Validating]  out: [INFO] Changes detected - recompiling the module!
18:05:09.113 [INFO]   [Validating]  out: [INFO] Compiling 143 source files to /home/jbergqvist/diffblue/finos-messageml-utils/target/classes
18:05:11.167 [INFO]   [Validating]  deserializing line [DIFFBLUE]{"__type":"com.diffblue.cover.buildsystem.model.DefaultEventMessage","project":"org.symphonyoss.symphony:messageml","goal":"compile","cause":null,"state":"SUCCESS"}
18:05:11.169 [INFO]   [Validating]  deserializing line [DIFFBLUE]{"__type":"com.diffblue.cover.buildsystem.model.DefaultEventMessage","project":"org.symphonyoss.symphony:messageml","goal":"testResources","cause":null,"state":"STARTED"}
18:05:11.171 [INFO]   [Validating]  out: [INFO] 
18:05:11.171 [INFO]   [Validating]  out: [INFO] --- maven-resources-plugin:2.6:testResources (default-testResources) @ messageml ---
18:05:11.171 [INFO]   [Validating]  out: [INFO] Using 'UTF-8' encoding to copy filtered resources.
18:05:11.173 [INFO]   [Validating]  out: [INFO] Copying 36 resources
18:05:11.177 [INFO]   [Validating]  deserializing line [DIFFBLUE]{"__type":"com.diffblue.cover.buildsystem.model.DefaultEventMessage","project":"org.symphonyoss.symphony:messageml","goal":"testResources","cause":null,"state":"SUCCESS"}
18:05:11.180 [INFO]   [Validating]  deserializing line [DIFFBLUE]{"__type":"com.diffblue.cover.buildsystem.model.DefaultEventMessage","project":"org.symphonyoss.symphony:messageml","goal":"testCompile","cause":null,"state":"STARTED"}
18:05:11.181 [INFO]   [Validating]  out: [INFO] 
18:05:11.182 [INFO]   [Validating]  out: [INFO] --- maven-compiler-plugin:3.1:testCompile (default-testCompile) @ messageml ---
18:05:11.192 [INFO]   [Validating]  out: [INFO] Changes detected - recompiling the module!
18:05:11.193 [INFO]   [Validating]  out: [INFO] Compiling 189 source files to /home/jbergqvist/diffblue/finos-messageml-utils/target/test-classes
18:05:14.527 [INFO]   [Validating]  out: [WARNING] /home/jbergqvist/diffblue/finos-messageml-utils/src/test/java/org/symphonyoss/symphony/messageml/elements/ElementTest.java: Some input files use or override a deprecated API.
18:05:14.527 [INFO]   [Validating]  out: [WARNING] /home/jbergqvist/diffblue/finos-messageml-utils/src/test/java/org/symphonyoss/symphony/messageml/elements/ElementTest.java: Recompile with -Xlint:deprecation for details.
18:05:14.527 [INFO]   [Validating]  out: [WARNING] /home/jbergqvist/diffblue/finos-messageml-utils/src/test/java/org/symphonyoss/symphony/messageml/MessageMLContextTest.java: /home/jbergqvist/diffblue/finos-messageml-utils/src/test/java/org/symphonyoss/symphony/messageml/MessageMLContextTest.java uses unchecked or unsafe operations.
18:05:14.527 [INFO]   [Validating]  out: [WARNING] /home/jbergqvist/diffblue/finos-messageml-utils/src/test/java/org/symphonyoss/symphony/messageml/MessageMLContextTest.java: Recompile with -Xlint:unchecked for details.
18:05:14.529 [INFO]   [Validating]  deserializing line [DIFFBLUE]{"__type":"com.diffblue.cover.buildsystem.model.DefaultEventMessage","project":"org.symphonyoss.symphony:messageml","goal":"testCompile","cause":null,"state":"SUCCESS"}
18:05:14.530 [INFO]   [Validating]  deserializing line [DIFFBLUE]{"__type":"com.diffblue.cover.buildsystem.model.DefaultEventMessage","project":"org.symphonyoss.symphony:messageml","goal":"test","cause":null,"state":"STARTED"}
18:05:14.531 [INFO]   [Validating]  out: [INFO] 
18:05:14.531 [INFO]   [Validating]  out: [INFO] --- maven-surefire-plugin:2.22.2:test (default-test) @ messageml ---
18:05:14.658 [INFO]   [Validating]  out: [INFO] 
18:05:14.658 [INFO]   [Validating]  out: [INFO] -------------------------------------------------------
18:05:14.658 [INFO]   [Validating]  out: [INFO]  T E S T S
18:05:14.658 [INFO]   [Validating]  out: [INFO] -------------------------------------------------------
18:05:15.451 [INFO]   [Validating]  out: [INFO] Running org.symphonyoss.symphony.messageml.elements.form.DatePickerTest
18:05:15.672 [INFO]   [Validating]  out: 18:05:15.670 [main] WARN org.symphonyoss.symphony.messageml.bi.BiContext - Failed to extract the messageML library version.
18:05:15.764 [INFO]   [Validating]  out: [INFO] Tests run: 2, Failures: 0, Errors: 0, Skipped: 0, Time elapsed: 0.305 s - in org.symphonyoss.symphony.messageml.elements.form.DatePickerTest
18:05:15.765 [INFO]   [Validating]  out: [INFO] Running org.symphonyoss.symphony.messageml.elements.form.TextAreaTest
18:05:15.766 [INFO]   [Validating]  out: [INFO] Tests run: 2, Failures: 0, Errors: 0, Skipped: 0, Time elapsed: 0 s - in org.symphonyoss.symphony.messageml.elements.form.TextAreaTest
18:05:15.767 [INFO]   [Validating]  out: [INFO] Running org.symphonyoss.symphony.messageml.elements.form.CheckboxTest
18:05:15.772 [INFO]   [Validating]  out: [INFO] Tests run: 2, Failures: 0, Errors: 0, Skipped: 0, Time elapsed: 0.005 s - in org.symphonyoss.symphony.messageml.elements.form.CheckboxTest
18:05:15.772 [INFO]   [Validating]  out: [INFO] Running org.symphonyoss.symphony.messageml.elements.form.TimezonePickerTest
18:05:15.785 [INFO]   [Validating]  out: [INFO] Tests run: 2, Failures: 0, Errors: 0, Skipped: 0, Time elapsed: 0.012 s - in org.symphonyoss.symphony.messageml.elements.form.TimezonePickerTest
18:05:15.786 [INFO]   [Validating]  out: [INFO] Running org.symphonyoss.symphony.messageml.elements.form.RadioTest
18:05:15.794 [INFO]   [Validating]  out: [INFO] Tests run: 2, Failures: 0, Errors: 0, Skipped: 0, Time elapsed: 0.006 s - in org.symphonyoss.symphony.messageml.elements.form.RadioTest
18:05:15.794 [INFO]   [Validating]  out: [INFO] Running org.symphonyoss.symphony.messageml.elements.form.TextFieldTest
18:05:15.802 [INFO]   [Validating]  out: [INFO] Tests run: 3, Failures: 0, Errors: 0, Skipped: 0, Time elapsed: 0.007 s - in org.symphonyoss.symphony.messageml.elements.form.TextFieldTest
18:05:15.803 [INFO]   [Validating]  out: [INFO] Running org.symphonyoss.symphony.messageml.elements.form.TimePickerTest
18:05:15.809 [INFO]   [Validating]  out: [INFO] Tests run: 2, Failures: 0, Errors: 0, Skipped: 0, Time elapsed: 0.006 s - in org.symphonyoss.symphony.messageml.elements.form.TimePickerTest
18:05:15.809 [INFO]   [Validating]  out: [INFO] Running org.symphonyoss.symphony.messageml.elements.CodeLanguageTest
18:05:15.885 [INFO]   [Validating]  out: [INFO] Tests run: 61, Failures: 0, Errors: 0, Skipped: 0, Time elapsed: 0.073 s - in org.symphonyoss.symphony.messageml.elements.CodeLanguageTest
18:05:15.885 [INFO]   [Validating]  out: [INFO] Running org.symphonyoss.symphony.messageml.markdown.MarkdownParserTest
18:05:15.887 [INFO]   [Validating]  out: [INFO] Tests run: 1, Failures: 0, Errors: 0, Skipped: 0, Time elapsed: 0.001 s - in org.symphonyoss.symphony.messageml.markdown.MarkdownParserTest
18:05:15.896 [INFO]   [Validating]  out: [INFO] Running org.symphonyoss.symphony.entityjson.EntityJsonParserDiffblueTest
18:05:16.053 [INFO]   [Validating]  out: [INFO] Tests run: 10, Failures: 0, Errors: 0, Skipped: 0, Time elapsed: 0.157 s - in org.symphonyoss.symphony.entityjson.EntityJsonParserDiffblueTest
18:05:16.054 [INFO]   [Validating]  out: [INFO] Running org.symphonyoss.symphony.entityjson.NoSchemaExceptionDiffblueTest
18:05:16.270 [INFO]   [Validating]  out: [INFO] Tests run: 5, Failures: 0, Errors: 0, Skipped: 0, Time elapsed: 0.215 s - in org.symphonyoss.symphony.entityjson.NoSchemaExceptionDiffblueTest
18:05:16.270 [INFO]   [Validating]  out: [INFO] Running org.symphonyoss.symphony.entityjson.EntityJsonParserBuilderDiffblueTest
18:05:16.271 [INFO]   [Validating]  out: [INFO] Tests run: 1, Failures: 0, Errors: 0, Skipped: 0, Time elapsed: 0 s - in org.symphonyoss.symphony.entityjson.EntityJsonParserBuilderDiffblueTest
18:05:16.271 [INFO]   [Validating]  out: [INFO] Running org.symphonyoss.symphony.entityjson.TestValidSchemas
18:05:16.272 [INFO]   [Validating]  out: [WARNING] Tests run: 1, Failures: 0, Errors: 0, Skipped: 1, Time elapsed: 0 s - in org.symphonyoss.symphony.entityjson.TestValidSchemas
18:05:16.272 [INFO]   [Validating]  out: [INFO] Running org.symphonyoss.symphony.entityjson.StructuredObjectIdDiffblueTest
18:05:16.272 [INFO]   [Validating]  out: [INFO] Tests run: 1, Failures: 0, Errors: 0, Skipped: 0, Time elapsed: 0 s - in org.symphonyoss.symphony.entityjson.StructuredObjectIdDiffblueTest
18:05:16.272 [INFO]   [Validating]  out: [INFO] Running org.symphonyoss.symphony.entityjson.SchemaValidationExceptionDiffblueTest
18:05:16.273 [INFO]   [Validating]  out: [INFO] Tests run: 5, Failures: 0, Errors: 0, Skipped: 0, Time elapsed: 0.001 s - in org.symphonyoss.symphony.entityjson.SchemaValidationExceptionDiffblueTest
18:05:16.273 [INFO]   [Validating]  out: [INFO] Running org.symphonyoss.symphony.entityjson.UntrustedSchemaSourceExceptionDiffblueTest
18:05:16.274 [INFO]   [Validating]  out: [INFO] Tests run: 5, Failures: 0, Errors: 0, Skipped: 0, Time elapsed: 0.001 s - in org.symphonyoss.symphony.entityjson.UntrustedSchemaSourceExceptionDiffblueTest
18:05:16.274 [INFO]   [Validating]  out: [INFO] Running org.symphonyoss.symphony.entityjson.StructuredObjectDiffblueTest
18:05:16.562 [INFO]   [Validating]  out: [INFO] Tests run: 7, Failures: 0, Errors: 0, Skipped: 0, Time elapsed: 0.287 s - in org.symphonyoss.symphony.entityjson.StructuredObjectDiffblueTest
18:05:16.562 [INFO]   [Validating]  out: [INFO] Running org.symphonyoss.symphony.entityjson.TestInvalidSchemas
18:05:16.563 [INFO]   [Validating]  out: [WARNING] Tests run: 1, Failures: 0, Errors: 0, Skipped: 1, Time elapsed: 0 s - in org.symphonyoss.symphony.entityjson.TestInvalidSchemas
18:05:16.563 [INFO]   [Validating]  out: [INFO] Running org.symphonyoss.symphony.entityjson.EntityJsonURIDownloaderDiffblueTest
18:05:16.564 [INFO]   [Validating]  out: [INFO] Tests run: 1, Failures: 0, Errors: 0, Skipped: 0, Time elapsed: 0 s - in org.symphonyoss.symphony.entityjson.EntityJsonURIDownloaderDiffblueTest
18:05:16.564 [INFO]   [Validating]  out: [INFO] Running org.symphonyoss.symphony.entityjson.InvalidInstanceExceptionDiffblueTest
18:05:16.565 [INFO]   [Validating]  out: [INFO] Tests run: 5, Failures: 0, Errors: 0, Skipped: 0, Time elapsed: 0 s - in org.symphonyoss.symphony.entityjson.InvalidInstanceExceptionDiffblueTest
18:05:16.565 [INFO]   [Validating]  out: [INFO] Running org.symphonyoss.symphony.entityjson.EntityJsonDiffblueTest
18:05:16.566 [INFO]   [Validating]  out: [INFO] Tests run: 6, Failures: 0, Errors: 0, Skipped: 0, Time elapsed: 0 s - in org.symphonyoss.symphony.entityjson.EntityJsonDiffblueTest
18:05:16.566 [INFO]   [Validating]  out: [INFO] Running org.symphonyoss.symphony.entityjson.EntityJsonContextDiffblueTest
18:05:16.578 [INFO]   [Validating]  out: [INFO] Tests run: 6, Failures: 0, Errors: 0, Skipped: 0, Time elapsed: 0.011 s - in org.symphonyoss.symphony.entityjson.EntityJsonContextDiffblueTest
18:05:16.578 [INFO]   [Validating]  out: [INFO] Running org.symphonyoss.symphony.entityjson.InvalidSchemaExceptionDiffblueTest
18:05:16.578 [INFO]   [Validating]  out: [INFO] Tests run: 5, Failures: 0, Errors: 0, Skipped: 0, Time elapsed: 0 s - in org.symphonyoss.symphony.entityjson.InvalidSchemaExceptionDiffblueTest
18:05:16.579 [INFO]   [Validating]  out: [INFO] Running org.symphonyoss.symphony.messageml.bi.BiEventTypeDiffblueTest
18:05:16.579 [INFO]   [Validating]  out: [INFO] Tests run: 1, Failures: 0, Errors: 0, Skipped: 0, Time elapsed: 0.001 s - in org.symphonyoss.symphony.messageml.bi.BiEventTypeDiffblueTest
18:05:16.579 [INFO]   [Validating]  out: [INFO] Running org.symphonyoss.symphony.messageml.bi.BiContextTest
18:05:16.580 [INFO]   [Validating]  out: [INFO] Tests run: 6, Failures: 0, Errors: 0, Skipped: 0, Time elapsed: 0 s - in org.symphonyoss.symphony.messageml.bi.BiContextTest
18:05:16.580 [INFO]   [Validating]  out: [INFO] Running org.symphonyoss.symphony.messageml.bi.BiFieldsDiffblueTest
18:05:16.581 [INFO]   [Validating]  out: [INFO] Tests run: 1, Failures: 0, Errors: 0, Skipped: 0, Time elapsed: 0 s - in org.symphonyoss.symphony.messageml.bi.BiFieldsDiffblueTest
18:05:16.581 [INFO]   [Validating]  out: [INFO] Running org.symphonyoss.symphony.messageml.bi.BiContextDiffblueTest
18:05:16.581 [INFO]   [Validating]  out: 18:05:16.578 [main] WARN org.symphonyoss.symphony.messageml.bi.BiContext - Attribute count for element Item Name does not contain an integer value. The count will not be increased.
18:05:16.582 [INFO]   [Validating]  out: 18:05:16.581 [main] WARN org.symphonyoss.symphony.messageml.bi.BiContext - Attribute count for element Item Name does not contain an integer value. The count will not be increased.
18:05:16.582 [INFO]   [Validating]  out: 18:05:16.581 [main] WARN org.symphonyoss.symphony.messageml.bi.BiContext - Attribute count for element Item Name does not contain an integer value. The count will not be increased.
18:05:16.584 [INFO]   [Validating]  out: [INFO] Tests run: 32, Failures: 0, Errors: 0, Skipped: 0, Time elapsed: 0.001 s - in org.symphonyoss.symphony.messageml.bi.BiContextDiffblueTest
18:05:16.584 [INFO]   [Validating]  out: [INFO] Running org.symphonyoss.symphony.messageml.bi.BiItemDiffblueTest
18:05:16.585 [INFO]   [Validating]  out: [INFO] Tests run: 11, Failures: 0, Errors: 0, Skipped: 0, Time elapsed: 0 s - in org.symphonyoss.symphony.messageml.bi.BiItemDiffblueTest
18:05:16.585 [INFO]   [Validating]  out: [INFO] Running org.symphonyoss.symphony.messageml.bi.BiItemTest
18:05:16.585 [INFO]   [Validating]  out: 18:05:16.582 [main] WARN org.symphonyoss.symphony.messageml.bi.BiContext - Attribute attribute1 for element element1 does not contain an integer value. The count will not be increased.
18:05:16.585 [INFO]   [Validating]  out: 18:05:16.582 [main] WARN org.symphonyoss.symphony.messageml.bi.BiContext - Attribute attribute1 for element element1 does not contain an integer value. The count will not be increased.
18:05:16.586 [INFO]   [Validating]  out: [INFO] Tests run: 6, Failures: 0, Errors: 0, Skipped: 0, Time elapsed: 0 s - in org.symphonyoss.symphony.messageml.bi.BiItemTest
18:05:16.586 [INFO]   [Validating]  out: [INFO] Running org.symphonyoss.symphony.messageml.exceptions.InvalidInputExceptionDiffblueTest
18:05:16.586 [INFO]   [Validating]  out: [INFO] Tests run: 3, Failures: 0, Errors: 0, Skipped: 0, Time elapsed: 0 s - in org.symphonyoss.symphony.messageml.exceptions.InvalidInputExceptionDiffblueTest
18:05:16.586 [INFO]   [Validating]  out: [INFO] Running org.symphonyoss.symphony.messageml.exceptions.ProcessingExceptionDiffblueTest
18:05:16.587 [INFO]   [Validating]  out: [INFO] Tests run: 2, Failures: 0, Errors: 0, Skipped: 0, Time elapsed: 0 s - in org.symphonyoss.symphony.messageml.exceptions.ProcessingExceptionDiffblueTest
18:05:16.587 [INFO]   [Validating]  out: [INFO] Running org.symphonyoss.symphony.messageml.exceptions.MessageMLExceptionDiffblueTest
18:05:16.587 [INFO]   [Validating]  out: [INFO] Tests run: 2, Failures: 0, Errors: 0, Skipped: 0, Time elapsed: 0 s - in org.symphonyoss.symphony.messageml.exceptions.MessageMLExceptionDiffblueTest
18:05:16.587 [INFO]   [Validating]  out: [INFO] Running org.symphonyoss.symphony.messageml.MessageMLParserDiffblueTest
18:05:16.672 [INFO]   [Validating]  out: [INFO] Tests run: 78, Failures: 0, Errors: 0, Skipped: 0, Time elapsed: 0.082 s - in org.symphonyoss.symphony.messageml.MessageMLParserDiffblueTest
18:05:16.672 [INFO]   [Validating]  out: [INFO] Running org.symphonyoss.symphony.messageml.MessageMLContextTest
18:05:16.863 [INFO]   [Validating]  out: [INFO] Tests run: 59, Failures: 0, Errors: 0, Skipped: 0, Time elapsed: 0.189 s - in org.symphonyoss.symphony.messageml.MessageMLContextTest
18:05:16.863 [INFO]   [Validating]  out: [INFO] Running org.symphonyoss.symphony.messageml.MessageMLContextDiffblueTest
18:05:16.867 [INFO]   [Validating]  out: [INFO] Tests run: 17, Failures: 0, Errors: 0, Skipped: 0, Time elapsed: 0.003 s - in org.symphonyoss.symphony.messageml.MessageMLContextDiffblueTest
18:05:16.868 [INFO]   [Validating]  out: [INFO] Running org.symphonyoss.symphony.messageml.elements.DivTest
18:05:16.878 [INFO]   [Validating]  out: [INFO] Tests run: 19, Failures: 0, Errors: 0, Skipped: 0, Time elapsed: 0.01 s - in org.symphonyoss.symphony.messageml.elements.DivTest
18:05:16.878 [INFO]   [Validating]  out: [INFO] Running org.symphonyoss.symphony.messageml.elements.HorizontalRuleTest
18:05:16.884 [INFO]   [Validating]  out: [INFO] Tests run: 16, Failures: 0, Errors: 0, Skipped: 0, Time elapsed: 0.005 s - in org.symphonyoss.symphony.messageml.elements.HorizontalRuleTest
18:05:16.884 [INFO]   [Validating]  out: [INFO] Running org.symphonyoss.symphony.messageml.elements.form.ButtonTest
18:05:16.888 [INFO]   [Validating]  out: 18:05:16.888 [main] INFO org.symphonyoss.symphony.messageml.elements.Button - Button class cannot be a destructive one, replacing it accordingly.
18:05:16.893 [INFO]   [Validating]  out: 18:05:16.892 [main] INFO org.symphonyoss.symphony.messageml.elements.Button - Button class cannot be a destructive one, replacing it accordingly.
18:05:16.896 [INFO]   [Validating]  out: 18:05:16.895 [main] INFO org.symphonyoss.symphony.messageml.elements.Button - Button class cannot be a destructive one, replacing it accordingly.
18:05:16.896 [INFO]   [Validating]  out: 18:05:16.895 [main] INFO org.symphonyoss.symphony.messageml.elements.Button - Button class cannot be a destructive one, replacing it accordingly.
18:05:16.905 [INFO]   [Validating]  out: [INFO] Tests run: 37, Failures: 0, Errors: 0, Skipped: 0, Time elapsed: 0.02 s - in org.symphonyoss.symphony.messageml.elements.form.ButtonTest
18:05:16.905 [INFO]   [Validating]  out: [INFO] Running org.symphonyoss.symphony.messageml.elements.form.DatePickerTest
18:05:16.931 [INFO]   [Validating]  out: [INFO] Tests run: 31, Failures: 0, Errors: 0, Skipped: 0, Time elapsed: 0.025 s - in org.symphonyoss.symphony.messageml.elements.form.DatePickerTest
18:05:16.931 [INFO]   [Validating]  out: [INFO] Running org.symphonyoss.symphony.messageml.elements.form.TextAreaTest
18:05:16.947 [INFO]   [Validating]  out: [INFO] Tests run: 40, Failures: 0, Errors: 0, Skipped: 0, Time elapsed: 0.015 s - in org.symphonyoss.symphony.messageml.elements.form.TextAreaTest
18:05:16.947 [INFO]   [Validating]  out: [INFO] Running org.symphonyoss.symphony.messageml.elements.form.DateSelectorTest
18:05:16.957 [INFO]   [Validating]  out: [INFO] Tests run: 23, Failures: 0, Errors: 0, Skipped: 0, Time elapsed: 0.009 s - in org.symphonyoss.symphony.messageml.elements.form.DateSelectorTest
18:05:16.957 [INFO]   [Validating]  out: [INFO] Running org.symphonyoss.symphony.messageml.elements.form.CheckboxTest
18:05:16.976 [INFO]   [Validating]  out: [INFO] Tests run: 40, Failures: 0, Errors: 0, Skipped: 0, Time elapsed: 0.017 s - in org.symphonyoss.symphony.messageml.elements.form.CheckboxTest
18:05:16.976 [INFO]   [Validating]  out: [INFO] Running org.symphonyoss.symphony.messageml.elements.form.SelectOptionTest
18:05:16.998 [INFO]   [Validating]  out: [INFO] Tests run: 57, Failures: 0, Errors: 0, Skipped: 0, Time elapsed: 0.02 s - in org.symphonyoss.symphony.messageml.elements.form.SelectOptionTest
18:05:16.998 [INFO]   [Validating]  out: [INFO] Running org.symphonyoss.symphony.messageml.elements.form.FormTest
18:05:17.008 [INFO]   [Validating]  out: [INFO] Tests run: 24, Failures: 0, Errors: 0, Skipped: 0, Time elapsed: 0.008 s - in org.symphonyoss.symphony.messageml.elements.form.FormTest
18:05:17.008 [INFO]   [Validating]  out: [INFO] Running org.symphonyoss.symphony.messageml.elements.form.TimezonePickerTest
18:05:17.018 [INFO]   [Validating]  out: [INFO] Tests run: 23, Failures: 0, Errors: 0, Skipped: 0, Time elapsed: 0.009 s - in org.symphonyoss.symphony.messageml.elements.form.TimezonePickerTest
18:05:17.018 [INFO]   [Validating]  out: [INFO] Running org.symphonyoss.symphony.messageml.elements.form.PersonSelectorTest
18:05:17.029 [INFO]   [Validating]  out: [INFO] Tests run: 29, Failures: 0, Errors: 0, Skipped: 0, Time elapsed: 0.009 s - in org.symphonyoss.symphony.messageml.elements.form.PersonSelectorTest
18:05:17.029 [INFO]   [Validating]  out: [INFO] Running org.symphonyoss.symphony.messageml.elements.form.RadioTest
18:05:17.042 [INFO]   [Validating]  out: [INFO] Tests run: 38, Failures: 0, Errors: 0, Skipped: 0, Time elapsed: 0.012 s - in org.symphonyoss.symphony.messageml.elements.form.RadioTest
18:05:17.043 [INFO]   [Validating]  out: [INFO] Running org.symphonyoss.symphony.messageml.elements.form.TextFieldTest
18:05:17.062 [INFO]   [Validating]  out: [INFO] Tests run: 53, Failures: 0, Errors: 0, Skipped: 0, Time elapsed: 0.018 s - in org.symphonyoss.symphony.messageml.elements.form.TextFieldTest
18:05:17.062 [INFO]   [Validating]  out: [INFO] Running org.symphonyoss.symphony.messageml.elements.form.TimePickerTest
18:05:17.062 [INFO]   [Validating]  out: 18:05:17.061 [main] WARN org.symphonyoss.symphony.messageml.elements.Element - Attribute step for element TimePicker should be an integer value. The property will not be put in BI context.
18:05:17.072 [INFO]   [Validating]  out: 18:05:17.072 [main] WARN org.symphonyoss.symphony.messageml.elements.Element - Attribute step for element TimePicker should be an integer value. The property will not be put in BI context.
18:05:17.077 [INFO]   [Validating]  out: [INFO] Tests run: 35, Failures: 0, Errors: 0, Skipped: 0, Time elapsed: 0.014 s - in org.symphonyoss.symphony.messageml.elements.form.TimePickerTest
18:05:17.077 [INFO]   [Validating]  out: [INFO] Running org.symphonyoss.symphony.messageml.elements.form.RoomSelectorTest
18:05:17.086 [INFO]   [Validating]  out: [INFO] Tests run: 29, Failures: 0, Errors: 0, Skipped: 0, Time elapsed: 0.008 s - in org.symphonyoss.symphony.messageml.elements.form.RoomSelectorTest
18:05:17.086 [INFO]   [Validating]  out: [INFO] Running org.symphonyoss.symphony.messageml.elements.ListTest
18:05:17.093 [INFO]   [Validating]  out: [INFO] Tests run: 25, Failures: 0, Errors: 0, Skipped: 0, Time elapsed: 0.006 s - in org.symphonyoss.symphony.messageml.elements.ListTest
18:05:17.093 [INFO]   [Validating]  out: [INFO] Running org.symphonyoss.symphony.messageml.elements.SubscriptTest
18:05:17.098 [INFO]   [Validating]  out: [INFO] Tests run: 17, Failures: 0, Errors: 0, Skipped: 0, Time elapsed: 0.004 s - in org.symphonyoss.symphony.messageml.elements.SubscriptTest
18:05:17.098 [INFO]   [Validating]  out: [INFO] Running org.symphonyoss.symphony.messageml.elements.CodeDiffblueTest
18:05:17.099 [INFO]   [Validating]  out: 18:05:17.098 [main] WARN org.symphonyoss.symphony.messageml.bi.BiContext - Attribute count for element codes does not contain an integer value. The count will not be increased.
18:05:17.108 [INFO]   [Validating]  out: 18:05:17.108 [main] WARN org.symphonyoss.symphony.messageml.bi.BiContext - Attribute count for element codes does not contain an integer value. The count will not be increased.
18:05:17.111 [INFO]   [Validating]  out: [INFO] Tests run: 34, Failures: 0, Errors: 0, Skipped: 0, Time elapsed: 0.012 s - in org.symphonyoss.symphony.messageml.elements.CodeDiffblueTest
18:05:17.111 [INFO]   [Validating]  out: [INFO] Running org.symphonyoss.symphony.messageml.elements.HeaderDiffblueTest
18:05:17.111 [INFO]   [Validating]  out: 18:05:17.110 [main] WARN org.symphonyoss.symphony.messageml.bi.BiContext - Attribute count for element headers does not contain an integer value. The count will not be increased.
18:05:17.111 [INFO]   [Validating]  out: 18:05:17.110 [main] WARN org.symphonyoss.symphony.messageml.bi.BiContext - Attribute count for element headers does not contain an integer value. The count will not be increased.
18:05:17.112 [INFO]   [Validating]  out: [INFO] Tests run: 13, Failures: 0, Errors: 0, Skipped: 0, Time elapsed: 0 s - in org.symphonyoss.symphony.messageml.elements.HeaderDiffblueTest
18:05:17.112 [INFO]   [Validating]  out: [INFO] Running org.symphonyoss.symphony.messageml.elements.LabelableElementDiffblueTest
18:05:17.112 [INFO]   [Validating]  out: [INFO] Tests run: 6, Failures: 0, Errors: 0, Skipped: 0, Time elapsed: 0 s - in org.symphonyoss.symphony.messageml.elements.LabelableElementDiffblueTest
18:05:17.112 [INFO]   [Validating]  out: [INFO] Running org.symphonyoss.symphony.messageml.elements.TableDiffblueTest
18:05:17.112 [INFO]   [Validating]  out: 18:05:17.112 [main] WARN org.symphonyoss.symphony.messageml.bi.BiContext - Attribute count for element table_rows_max does not contain an integer value. The count will not be increased.
18:05:17.112 [INFO]   [Validating]  out: 18:05:17.112 [main] WARN org.symphonyoss.symphony.messageml.bi.BiContext - Attribute count for element tables does not contain an integer value. The count will not be increased.
18:05:17.112 [INFO]   [Validating]  out: 18:05:17.112 [main] WARN org.symphonyoss.symphony.messageml.bi.BiContext - Attribute count for element tables does not contain an integer value. The count will not be increased.
18:05:17.113 [INFO]   [Validating]  out: [INFO] Tests run: 13, Failures: 0, Errors: 0, Skipped: 0, Time elapsed: 0.001 s - in org.symphonyoss.symphony.messageml.elements.TableDiffblueTest
18:05:17.113 [INFO]   [Validating]  out: [INFO] Running org.symphonyoss.symphony.messageml.elements.SplittableElementDiffblueTest
18:05:17.114 [INFO]   [Validating]  out: [INFO] Tests run: 11, Failures: 0, Errors: 0, Skipped: 0, Time elapsed: 0.001 s - in org.symphonyoss.symphony.messageml.elements.SplittableElementDiffblueTest
18:05:17.115 [INFO]   [Validating]  out: [INFO] Running org.symphonyoss.symphony.messageml.elements.TooltipableElementDiffblueTest
18:05:17.115 [INFO]   [Validating]  out: [INFO] Tests run: 6, Failures: 0, Errors: 0, Skipped: 0, Time elapsed: 0 s - in org.symphonyoss.symphony.messageml.elements.TooltipableElementDiffblueTest
18:05:17.115 [INFO]   [Validating]  out: [INFO] Running org.symphonyoss.symphony.messageml.elements.PreformattedTest
18:05:17.121 [INFO]   [Validating]  out: [INFO] Tests run: 18, Failures: 0, Errors: 0, Skipped: 0, Time elapsed: 0.005 s - in org.symphonyoss.symphony.messageml.elements.PreformattedTest
18:05:17.121 [INFO]   [Validating]  out: [INFO] Running org.symphonyoss.symphony.messageml.elements.ParagraphTest
18:05:17.125 [INFO]   [Validating]  out: [INFO] Tests run: 16, Failures: 0, Errors: 0, Skipped: 0, Time elapsed: 0.003 s - in org.symphonyoss.symphony.messageml.elements.ParagraphTest
18:05:17.125 [INFO]   [Validating]  out: [INFO] Running org.symphonyoss.symphony.messageml.elements.ParagraphDiffblueTest
18:05:17.125 [INFO]   [Validating]  out: 18:05:17.125 [main] WARN org.symphonyoss.symphony.messageml.bi.BiContext - Attribute count for element paragraphs does not contain an integer value. The count will not be increased.
18:05:17.126 [INFO]   [Validating]  out: 18:05:17.125 [main] WARN org.symphonyoss.symphony.messageml.bi.BiContext - Attribute count for element paragraphs does not contain an integer value. The count will not be increased.
18:05:17.126 [INFO]   [Validating]  out: [INFO] Tests run: 10, Failures: 0, Errors: 0, Skipped: 0, Time elapsed: 0 s - in org.symphonyoss.symphony.messageml.elements.ParagraphDiffblueTest
18:05:17.126 [INFO]   [Validating]  out: [INFO] Running org.symphonyoss.symphony.messageml.elements.HashTagDiffblueTest
18:05:17.126 [INFO]   [Validating]  out: 18:05:17.126 [main] WARN org.symphonyoss.symphony.messageml.bi.BiContext - Attribute count for element hashtags does not contain an integer value. The count will not be increased.
18:05:17.127 [INFO]   [Validating]  out: 18:05:17.127 [main] WARN org.symphonyoss.symphony.messageml.bi.BiContext - Attribute count for element hashtags does not contain an integer value. The count will not be increased.
18:05:17.129 [INFO]   [Validating]  out: [INFO] Tests run: 20, Failures: 0, Errors: 0, Skipped: 0, Time elapsed: 0.002 s - in org.symphonyoss.symphony.messageml.elements.HashTagDiffblueTest
18:05:17.129 [INFO]   [Validating]  out: [INFO] Running org.symphonyoss.symphony.messageml.elements.TimePickerDiffblueTest
18:05:17.170 [INFO]   [Validating]  out: [INFO] Tests run: 17, Failures: 0, Errors: 0, Skipped: 0, Time elapsed: 0.04 s - in org.symphonyoss.symphony.messageml.elements.TimePickerDiffblueTest
18:05:17.170 [INFO]   [Validating]  out: [INFO] Running org.symphonyoss.symphony.messageml.elements.KeywordDiffblueTest
18:05:17.171 [INFO]   [Validating]  out: [INFO] Tests run: 15, Failures: 0, Errors: 0, Skipped: 0, Time elapsed: 0.001 s - in org.symphonyoss.symphony.messageml.elements.KeywordDiffblueTest
18:05:17.171 [INFO]   [Validating]  out: [INFO] Running org.symphonyoss.symphony.messageml.elements.RegexElementDiffblueTest
18:05:17.172 [INFO]   [Validating]  out: [INFO] Tests run: 3, Failures: 0, Errors: 0, Skipped: 0, Time elapsed: 0 s - in org.symphonyoss.symphony.messageml.elements.RegexElementDiffblueTest
18:05:17.172 [INFO]   [Validating]  out: [INFO] Running org.symphonyoss.symphony.messageml.elements.SpanDiffblueTest
18:05:17.172 [INFO]   [Validating]  out: 18:05:17.171 [main] WARN org.symphonyoss.symphony.messageml.bi.BiContext - Attribute count for element spans does not contain an integer value. The count will not be increased.
18:05:17.172 [INFO]   [Validating]  out: 18:05:17.171 [main] WARN org.symphonyoss.symphony.messageml.bi.BiContext - Attribute count for element spans does not contain an integer value. The count will not be increased.
18:05:17.173 [INFO]   [Validating]  out: [INFO] Tests run: 10, Failures: 0, Errors: 0, Skipped: 0, Time elapsed: 0 s - in org.symphonyoss.symphony.messageml.elements.SpanDiffblueTest
18:05:17.173 [INFO]   [Validating]  out: [INFO] Running org.symphonyoss.symphony.messageml.elements.CashTagDiffblueTest
18:05:17.173 [INFO]   [Validating]  out: 18:05:17.172 [main] WARN org.symphonyoss.symphony.messageml.bi.BiContext - Attribute count for element cashtags does not contain an integer value. The count will not be increased.
18:05:17.173 [INFO]   [Validating]  out: 18:05:17.173 [main] WARN org.symphonyoss.symphony.messageml.bi.BiContext - Attribute count for element cashtags does not contain an integer value. The count will not be increased.
18:05:17.173 [INFO]   [Validating]  out: [INFO] Tests run: 12, Failures: 0, Errors: 0, Skipped: 0, Time elapsed: 0 s - in org.symphonyoss.symphony.messageml.elements.CashTagDiffblueTest
18:05:17.173 [INFO]   [Validating]  out: [INFO] Running org.symphonyoss.symphony.messageml.elements.CashtagTest
18:05:17.181 [INFO]   [Validating]  out: [INFO] Tests run: 24, Failures: 0, Errors: 0, Skipped: 0, Time elapsed: 0.007 s - in org.symphonyoss.symphony.messageml.elements.CashtagTest
18:05:17.181 [INFO]   [Validating]  out: [INFO] Running org.symphonyoss.symphony.messageml.elements.ListItemTest
18:05:17.185 [INFO]   [Validating]  out: [INFO] Tests run: 14, Failures: 0, Errors: 0, Skipped: 0, Time elapsed: 0.003 s - in org.symphonyoss.symphony.messageml.elements.ListItemTest
18:05:17.185 [INFO]   [Validating]  out: [INFO] Running org.symphonyoss.symphony.messageml.elements.TableHeaderCellDiffblueTest
18:05:17.185 [INFO]   [Validating]  out: [INFO] Tests run: 3, Failures: 0, Errors: 0, Skipped: 0, Time elapsed: 0 s - in org.symphonyoss.symphony.messageml.elements.TableHeaderCellDiffblueTest
18:05:17.185 [INFO]   [Validating]  out: [INFO] Running org.symphonyoss.symphony.messageml.elements.MinMaxLengthElementDiffblueTest
18:05:17.186 [INFO]   [Validating]  out: [INFO] Tests run: 24, Failures: 0, Errors: 0, Skipped: 0, Time elapsed: 0.001 s - in org.symphonyoss.symphony.messageml.elements.MinMaxLengthElementDiffblueTest
18:05:17.186 [INFO]   [Validating]  out: [INFO] Running org.symphonyoss.symphony.messageml.elements.BulletListTest
18:05:17.191 [INFO]   [Validating]  out: [INFO] Tests run: 16, Failures: 0, Errors: 0, Skipped: 0, Time elapsed: 0.004 s - in org.symphonyoss.symphony.messageml.elements.BulletListTest
18:05:17.191 [INFO]   [Validating]  out: [INFO] Running org.symphonyoss.symphony.messageml.elements.ElementDiffblueTest
18:05:17.198 [INFO]   [Validating]  out: [INFO] Tests run: 66, Failures: 0, Errors: 0, Skipped: 0, Time elapsed: 0.006 s - in org.symphonyoss.symphony.messageml.elements.ElementDiffblueTest
18:05:17.198 [INFO]   [Validating]  out: [INFO] Running org.symphonyoss.symphony.messageml.elements.ListItemDiffblueTest
18:05:17.199 [INFO]   [Validating]  out: [INFO] Tests run: 4, Failures: 0, Errors: 0, Skipped: 0, Time elapsed: 0 s - in org.symphonyoss.symphony.messageml.elements.ListItemDiffblueTest
18:05:17.199 [INFO]   [Validating]  out: [INFO] Running org.symphonyoss.symphony.messageml.elements.LineBreakTest
18:05:17.204 [INFO]   [Validating]  out: [INFO] Tests run: 18, Failures: 0, Errors: 0, Skipped: 0, Time elapsed: 0.004 s - in org.symphonyoss.symphony.messageml.elements.LineBreakTest
18:05:17.205 [INFO]   [Validating]  out: [INFO] Running org.symphonyoss.symphony.messageml.elements.EmojiTest
18:05:17.210 [INFO]   [Validating]  out: [INFO] Tests run: 22, Failures: 0, Errors: 0, Skipped: 0, Time elapsed: 0.005 s - in org.symphonyoss.symphony.messageml.elements.EmojiTest
18:05:17.210 [INFO]   [Validating]  out: [INFO] Running org.symphonyoss.symphony.messageml.elements.SuperscriptTest
18:05:17.215 [INFO]   [Validating]  out: [INFO] Tests run: 17, Failures: 0, Errors: 0, Skipped: 0, Time elapsed: 0.004 s - in org.symphonyoss.symphony.messageml.elements.SuperscriptTest
18:05:17.215 [INFO]   [Validating]  out: [INFO] Running org.symphonyoss.symphony.messageml.elements.ExpandableCardHeaderDiffblueTest
18:05:17.218 [INFO]   [Validating]  out: [INFO] Tests run: 19, Failures: 0, Errors: 0, Skipped: 0, Time elapsed: 0.002 s - in org.symphonyoss.symphony.messageml.elements.ExpandableCardHeaderDiffblueTest
18:05:17.218 [INFO]   [Validating]  out: [INFO] Running org.symphonyoss.symphony.messageml.elements.ChimeTest
18:05:17.224 [INFO]   [Validating]  out: [INFO] Tests run: 21, Failures: 0, Errors: 0, Skipped: 0, Time elapsed: 0.005 s - in org.symphonyoss.symphony.messageml.elements.ChimeTest
18:05:17.224 [INFO]   [Validating]  out: [INFO] Running org.symphonyoss.symphony.messageml.elements.CardBodyDiffblueTest
18:05:17.226 [INFO]   [Validating]  out: [INFO] Tests run: 22, Failures: 0, Errors: 0, Skipped: 0, Time elapsed: 0.001 s - in org.symphonyoss.symphony.messageml.elements.CardBodyDiffblueTest
18:05:17.226 [INFO]   [Validating]  out: [INFO] Running org.symphonyoss.symphony.messageml.elements.OrderedListTest
18:05:17.230 [INFO]   [Validating]  out: [INFO] Tests run: 16, Failures: 0, Errors: 0, Skipped: 0, Time elapsed: 0.003 s - in org.symphonyoss.symphony.messageml.elements.OrderedListTest
18:05:17.230 [INFO]   [Validating]  out: [INFO] Running org.symphonyoss.symphony.messageml.elements.RadioDiffblueTest
18:05:17.231 [INFO]   [Validating]  out: [INFO] Tests run: 13, Failures: 0, Errors: 0, Skipped: 0, Time elapsed: 0.001 s - in org.symphonyoss.symphony.messageml.elements.RadioDiffblueTest
18:05:17.231 [INFO]   [Validating]  out: [INFO] Running org.symphonyoss.symphony.messageml.elements.ImageTest
18:05:17.235 [INFO]   [Validating]  out: [INFO] Tests run: 18, Failures: 0, Errors: 0, Skipped: 0, Time elapsed: 0.004 s - in org.symphonyoss.symphony.messageml.elements.ImageTest
18:05:17.235 [INFO]   [Validating]  out: [INFO] Running org.symphonyoss.symphony.messageml.elements.PreformattedDiffblueTest
18:05:17.236 [INFO]   [Validating]  out: 18:05:17.235 [main] WARN org.symphonyoss.symphony.messageml.bi.BiContext - Attribute count for element pres does not contain an integer value. The count will not be increased.
18:05:17.236 [INFO]   [Validating]  out: 18:05:17.235 [main] WARN org.symphonyoss.symphony.messageml.bi.BiContext - Attribute count for element pres does not contain an integer value. The count will not be increased.
18:05:17.237 [INFO]   [Validating]  out: [INFO] Tests run: 18, Failures: 0, Errors: 0, Skipped: 0, Time elapsed: 0.001 s - in org.symphonyoss.symphony.messageml.elements.PreformattedDiffblueTest
18:05:17.237 [INFO]   [Validating]  out: [INFO] Running org.symphonyoss.symphony.messageml.elements.SelectDiffblueTest
18:05:17.238 [INFO]   [Validating]  out: [INFO] Tests run: 9, Failures: 0, Errors: 0, Skipped: 0, Time elapsed: 0 s - in org.symphonyoss.symphony.messageml.elements.SelectDiffblueTest
18:05:17.238 [INFO]   [Validating]  out: [INFO] Running org.symphonyoss.symphony.messageml.elements.CardDiffblueTest
18:05:17.239 [INFO]   [Validating]  out: 18:05:17.239 [main] WARN org.symphonyoss.symphony.messageml.bi.BiContext - Attribute count for element cards does not contain an integer value. The count will not be increased.
18:05:17.239 [INFO]   [Validating]  out: 18:05:17.239 [main] WARN org.symphonyoss.symphony.messageml.bi.BiContext - Attribute count for element cards does not contain an integer value. The count will not be increased.
18:05:17.240 [INFO]   [Validating]  out: [INFO] Tests run: 26, Failures: 0, Errors: 0, Skipped: 0, Time elapsed: 0.002 s - in org.symphonyoss.symphony.messageml.elements.CardDiffblueTest
18:05:17.240 [INFO]   [Validating]  out: [INFO] Running org.symphonyoss.symphony.messageml.elements.LinkDiffblueTest
18:05:17.241 [INFO]   [Validating]  out: 18:05:17.240 [main] WARN org.symphonyoss.symphony.messageml.bi.BiContext - Attribute count for element links does not contain an integer value. The count will not be increased.
18:05:17.241 [INFO]   [Validating]  out: 18:05:17.241 [main] WARN org.symphonyoss.symphony.messageml.bi.BiContext - Attribute count for element links does not contain an integer value. The count will not be increased.
18:05:17.249 [INFO]   [Validating]  out: [INFO] Tests run: 32, Failures: 0, Errors: 0, Skipped: 0, Time elapsed: 0.008 s - in org.symphonyoss.symphony.messageml.elements.LinkDiffblueTest
18:05:17.249 [INFO]   [Validating]  out: [INFO] Running org.symphonyoss.symphony.messageml.elements.TableBodyDiffblueTest
18:05:17.249 [INFO]   [Validating]  out: [INFO] Tests run: 4, Failures: 0, Errors: 0, Skipped: 0, Time elapsed: 0 s - in org.symphonyoss.symphony.messageml.elements.TableBodyDiffblueTest
18:05:17.249 [INFO]   [Validating]  out: [INFO] Running org.symphonyoss.symphony.messageml.elements.FormElementDiffblueTest
18:05:17.250 [INFO]   [Validating]  out: [INFO] Tests run: 6, Failures: 0, Errors: 0, Skipped: 0, Time elapsed: 0 s - in org.symphonyoss.symphony.messageml.elements.FormElementDiffblueTest
18:05:17.250 [INFO]   [Validating]  out: [INFO] Running org.symphonyoss.symphony.messageml.elements.MessageMLDiffblueTest
18:05:17.282 [INFO]   [Validating]  out: [INFO] Tests run: 43, Failures: 0, Errors: 0, Skipped: 0, Time elapsed: 0.031 s - in org.symphonyoss.symphony.messageml.elements.MessageMLDiffblueTest
18:05:17.282 [INFO]   [Validating]  out: [INFO] Running org.symphonyoss.symphony.messageml.elements.TableCellDiffblueTest
18:05:17.282 [INFO]   [Validating]  out: [INFO] Tests run: 4, Failures: 0, Errors: 0, Skipped: 0, Time elapsed: 0 s - in org.symphonyoss.symphony.messageml.elements.TableCellDiffblueTest
18:05:17.282 [INFO]   [Validating]  out: [INFO] Running org.symphonyoss.symphony.messageml.elements.TableFooterDiffblueTest
18:05:17.282 [INFO]   [Validating]  out: 18:05:17.281 [main] WARN org.symphonyoss.symphony.messageml.bi.BiContext - Attribute count for element table_footers does not contain an integer value. The count will not be increased.
18:05:17.282 [INFO]   [Validating]  out: 18:05:17.281 [main] WARN org.symphonyoss.symphony.messageml.bi.BiContext - Attribute count for element table_footers does not contain an integer value. The count will not be increased.
18:05:17.283 [INFO]   [Validating]  out: [INFO] Tests run: 10, Failures: 0, Errors: 0, Skipped: 0, Time elapsed: 0 s - in org.symphonyoss.symphony.messageml.elements.TableFooterDiffblueTest
18:05:17.283 [INFO]   [Validating]  out: [INFO] Running org.symphonyoss.symphony.messageml.elements.EmojiDiffblueTest
18:05:17.283 [INFO]   [Validating]  out: 18:05:17.283 [main] WARN org.symphonyoss.symphony.messageml.bi.BiContext - Attribute count for element emojis does not contain an integer value. The count will not be increased.
18:05:17.283 [INFO]   [Validating]  out: 18:05:17.283 [main] WARN org.symphonyoss.symphony.messageml.bi.BiContext - Attribute count for element emojis does not contain an integer value. The count will not be increased.
18:05:17.287 [INFO]   [Validating]  out: [INFO] Tests run: 42, Failures: 0, Errors: 0, Skipped: 0, Time elapsed: 0.003 s - in org.symphonyoss.symphony.messageml.elements.EmojiDiffblueTest
18:05:17.287 [INFO]   [Validating]  out: [INFO] Running org.symphonyoss.symphony.messageml.elements.TimezonePickerDiffblueTest
18:05:17.290 [INFO]   [Validating]  out: [INFO] Tests run: 19, Failures: 0, Errors: 0, Skipped: 0, Time elapsed: 0.002 s - in org.symphonyoss.symphony.messageml.elements.TimezonePickerDiffblueTest
18:05:17.290 [INFO]   [Validating]  out: [INFO] Running org.symphonyoss.symphony.messageml.elements.CodeTest
18:05:17.290 [INFO]   [Validating]  out: <div data-format="PresentationML" data-version="2.0">This is code:<code>val message: String = &quot;Hello world&quot;
18:05:17.291 [INFO]   [Validating]  out: println message</code><br/>This is text</div>
18:05:17.300 [INFO]   [Validating]  out: [INFO] Tests run: 33, Failures: 0, Errors: 0, Skipped: 0, Time elapsed: 0.009 s - in org.symphonyoss.symphony.messageml.elements.CodeTest
18:05:17.301 [INFO]   [Validating]  out: [INFO] Running org.symphonyoss.symphony.messageml.elements.UIActionTest
18:05:17.312 [INFO]   [Validating]  out: [INFO] Tests run: 42, Failures: 0, Errors: 0, Skipped: 0, Time elapsed: 0.011 s - in org.symphonyoss.symphony.messageml.elements.UIActionTest
18:05:17.312 [INFO]   [Validating]  out: [INFO] Running org.symphonyoss.symphony.messageml.elements.TableHeaderDiffblueTest
18:05:17.312 [INFO]   [Validating]  out: 18:05:17.311 [main] WARN org.symphonyoss.symphony.messageml.bi.BiContext - Attribute count for element table_headers does not contain an integer value. The count will not be increased.
18:05:17.312 [INFO]   [Validating]  out: 18:05:17.312 [main] WARN org.symphonyoss.symphony.messageml.bi.BiContext - Attribute count for element table_headers does not contain an integer value. The count will not be increased.
18:05:17.313 [INFO]   [Validating]  out: [INFO] Tests run: 10, Failures: 0, Errors: 0, Skipped: 0, Time elapsed: 0 s - in org.symphonyoss.symphony.messageml.elements.TableHeaderDiffblueTest
18:05:17.313 [INFO]   [Validating]  out: [INFO] Running org.symphonyoss.symphony.messageml.elements.EntityDiffblueTest
18:05:17.314 [INFO]   [Validating]  out: [INFO] Tests run: 6, Failures: 0, Errors: 0, Skipped: 0, Time elapsed: 0 s - in org.symphonyoss.symphony.messageml.elements.EntityDiffblueTest
18:05:17.314 [INFO]   [Validating]  out: [INFO] Running org.symphonyoss.symphony.messageml.elements.FormDiffblueTest
18:05:17.318 [INFO]   [Validating]  out: [INFO] Tests run: 25, Failures: 0, Errors: 0, Skipped: 0, Time elapsed: 0.003 s - in org.symphonyoss.symphony.messageml.elements.FormDiffblueTest
18:05:17.318 [INFO]   [Validating]  out: [INFO] Running org.symphonyoss.symphony.messageml.elements.DateSelectorDiffblueTest
18:05:17.322 [INFO]   [Validating]  out: [INFO] Tests run: 14, Failures: 0, Errors: 0, Skipped: 0, Time elapsed: 0.003 s - in org.symphonyoss.symphony.messageml.elements.DateSelectorDiffblueTest
18:05:17.322 [INFO]   [Validating]  out: [INFO] Running org.symphonyoss.symphony.messageml.elements.RoomSelectorDiffblueTest
18:05:17.326 [INFO]   [Validating]  out: [INFO] Tests run: 15, Failures: 0, Errors: 0, Skipped: 0, Time elapsed: 0.003 s - in org.symphonyoss.symphony.messageml.elements.RoomSelectorDiffblueTest
18:05:17.326 [INFO]   [Validating]  out: [INFO] Running org.symphonyoss.symphony.messageml.elements.CardTest
18:05:17.332 [INFO]   [Validating]  out: [INFO] Tests run: 22, Failures: 0, Errors: 0, Skipped: 0, Time elapsed: 0.005 s - in org.symphonyoss.symphony.messageml.elements.CardTest
18:05:17.332 [INFO]   [Validating]  out: [INFO] Running org.symphonyoss.symphony.messageml.elements.MentionDiffblueTest
18:05:17.332 [INFO]   [Validating]  out: 18:05:17.332 [main] WARN org.symphonyoss.symphony.messageml.bi.BiContext - Attribute count for element mentions does not contain an integer value. The count will not be increased.
18:05:17.334 [INFO]   [Validating]  out: 18:05:17.333 [main] WARN org.symphonyoss.symphony.messageml.bi.BiContext - Attribute count for element mentions does not contain an integer value. The count will not be increased.
18:05:17.335 [INFO]   [Validating]  out: [INFO] Tests run: 26, Failures: 0, Errors: 0, Skipped: 0, Time elapsed: 0.002 s - in org.symphonyoss.symphony.messageml.elements.MentionDiffblueTest
18:05:17.335 [INFO]   [Validating]  out: [INFO] Running org.symphonyoss.symphony.messageml.elements.SuperscriptDiffblueTest
18:05:17.335 [INFO]   [Validating]  out: [INFO] Tests run: 2, Failures: 0, Errors: 0, Skipped: 0, Time elapsed: 0 s - in org.symphonyoss.symphony.messageml.elements.SuperscriptDiffblueTest
18:05:17.335 [INFO]   [Validating]  out: [INFO] Running org.symphonyoss.symphony.messageml.elements.OptionDiffblueTest
18:05:17.336 [INFO]   [Validating]  out: [INFO] Tests run: 4, Failures: 0, Errors: 0, Skipped: 0, Time elapsed: 0 s - in org.symphonyoss.symphony.messageml.elements.OptionDiffblueTest
18:05:17.336 [INFO]   [Validating]  out: [INFO] Running org.symphonyoss.symphony.messageml.elements.ExpandableCardBodyDiffblueTest
18:05:17.337 [INFO]   [Validating]  out: [INFO] Tests run: 19, Failures: 0, Errors: 0, Skipped: 0, Time elapsed: 0.001 s - in org.symphonyoss.symphony.messageml.elements.ExpandableCardBodyDiffblueTest
18:05:17.337 [INFO]   [Validating]  out: [INFO] Running org.symphonyoss.symphony.messageml.elements.DialogDiffblueTest
18:05:17.338 [INFO]   [Validating]  out: 18:05:17.338 [main] WARN org.symphonyoss.symphony.messageml.bi.BiContext - Attribute count for element popups does not contain an integer value. The count will not be increased.
18:05:17.339 [INFO]   [Validating]  out: 18:05:17.338 [main] WARN org.symphonyoss.symphony.messageml.bi.BiContext - Attribute count for element popups does not contain an integer value. The count will not be increased.
18:05:17.340 [INFO]   [Validating]  out: [INFO] Tests run: 37, Failures: 0, Errors: 0, Skipped: 0, Time elapsed: 0.003 s - in org.symphonyoss.symphony.messageml.elements.DialogDiffblueTest
18:05:17.341 [INFO]   [Validating]  out: [INFO] Running org.symphonyoss.symphony.messageml.elements.HorizontalRuleDiffblueTest
18:05:17.341 [INFO]   [Validating]  out: [INFO] Tests run: 8, Failures: 0, Errors: 0, Skipped: 0, Time elapsed: 0 s - in org.symphonyoss.symphony.messageml.elements.HorizontalRuleDiffblueTest
18:05:17.341 [INFO]   [Validating]  out: [INFO] Running org.symphonyoss.symphony.messageml.elements.BoldDiffblueTest
18:05:17.341 [INFO]   [Validating]  out: [INFO] Tests run: 5, Failures: 0, Errors: 0, Skipped: 0, Time elapsed: 0 s - in org.symphonyoss.symphony.messageml.elements.BoldDiffblueTest
18:05:17.341 [INFO]   [Validating]  out: [INFO] Running org.symphonyoss.symphony.messageml.elements.ExpandableCardTest
18:05:17.347 [INFO]   [Validating]  out: [INFO] Tests run: 22, Failures: 0, Errors: 0, Skipped: 0, Time elapsed: 0.006 s - in org.symphonyoss.symphony.messageml.elements.ExpandableCardTest
18:05:17.348 [INFO]   [Validating]  out: [INFO] Running org.symphonyoss.symphony.messageml.elements.BoldTest
18:05:17.353 [INFO]   [Validating]  out: [INFO] Tests run: 18, Failures: 0, Errors: 0, Skipped: 0, Time elapsed: 0.005 s - in org.symphonyoss.symphony.messageml.elements.BoldTest
18:05:17.353 [INFO]   [Validating]  out: [INFO] Running org.symphonyoss.symphony.messageml.elements.HeaderTest
18:05:17.359 [INFO]   [Validating]  out: [INFO] Tests run: 19, Failures: 0, Errors: 0, Skipped: 0, Time elapsed: 0.006 s - in org.symphonyoss.symphony.messageml.elements.HeaderTest
18:05:17.359 [INFO]   [Validating]  out: [INFO] Running org.symphonyoss.symphony.messageml.elements.TagDiffblueTest
18:05:17.366 [INFO]   [Validating]  out: 18:05:17.366 [main] WARN org.symphonyoss.symphony.messageml.bi.BiContext - Attribute count for element hashtags does not contain an integer value. The count will not be increased.
18:05:17.368 [INFO]   [Validating]  out: 18:05:17.368 [main] WARN org.symphonyoss.symphony.messageml.bi.BiContext - Attribute count for element hashtags does not contain an integer value. The count will not be increased.
18:05:17.369 [INFO]   [Validating]  out: [INFO] Tests run: 34, Failures: 0, Errors: 0, Skipped: 0, Time elapsed: 0.009 s - in org.symphonyoss.symphony.messageml.elements.TagDiffblueTest
18:05:17.369 [INFO]   [Validating]  out: [INFO] Running org.symphonyoss.symphony.messageml.elements.TableTest
18:05:17.377 [INFO]   [Validating]  out: [INFO] Tests run: 35, Failures: 0, Errors: 0, Skipped: 0, Time elapsed: 0.008 s - in org.symphonyoss.symphony.messageml.elements.TableTest
18:05:17.377 [INFO]   [Validating]  out: [INFO] Running org.symphonyoss.symphony.messageml.elements.TableRowDiffblueTest
18:05:17.378 [INFO]   [Validating]  out: 18:05:17.377 [main] WARN org.symphonyoss.symphony.messageml.bi.BiContext - Attribute count for element table_columns_max does not contain an integer value. The count will not be increased.
18:05:17.378 [INFO]   [Validating]  out: [INFO] Tests run: 11, Failures: 0, Errors: 0, Skipped: 0, Time elapsed: 0.001 s - in org.symphonyoss.symphony.messageml.elements.TableRowDiffblueTest
18:05:17.378 [INFO]   [Validating]  out: [INFO] Running org.symphonyoss.symphony.messageml.elements.DivDiffblueTest
18:05:17.378 [INFO]   [Validating]  out: 18:05:17.378 [main] WARN org.symphonyoss.symphony.messageml.bi.BiContext - Attribute count for element divs does not contain an integer value. The count will not be increased.
18:05:17.378 [INFO]   [Validating]  out: 18:05:17.378 [main] WARN org.symphonyoss.symphony.messageml.bi.BiContext - Attribute count for element divs does not contain an integer value. The count will not be increased.
18:05:17.379 [INFO]   [Validating]  out: [INFO] Tests run: 11, Failures: 0, Errors: 0, Skipped: 0, Time elapsed: 0 s - in org.symphonyoss.symphony.messageml.elements.DivDiffblueTest
18:05:17.379 [INFO]   [Validating]  out: [INFO] Running org.symphonyoss.symphony.messageml.elements.CheckboxDiffblueTest
18:05:17.380 [INFO]   [Validating]  out: [INFO] Tests run: 13, Failures: 0, Errors: 0, Skipped: 0, Time elapsed: 0.001 s - in org.symphonyoss.symphony.messageml.elements.CheckboxDiffblueTest
18:05:17.380 [INFO]   [Validating]  out: [INFO] Running org.symphonyoss.symphony.messageml.elements.CardHeaderDiffblueTest
18:05:17.382 [INFO]   [Validating]  out: [INFO] Tests run: 22, Failures: 0, Errors: 0, Skipped: 0, Time elapsed: 0.002 s - in org.symphonyoss.symphony.messageml.elements.CardHeaderDiffblueTest
18:05:17.382 [INFO]   [Validating]  out: [INFO] Running org.symphonyoss.symphony.messageml.elements.ElementTest
18:05:17.386 [INFO]   [Validating]  out: [INFO] Tests run: 13, Failures: 0, Errors: 0, Skipped: 0, Time elapsed: 0.003 s - in org.symphonyoss.symphony.messageml.elements.ElementTest
18:05:17.386 [INFO]   [Validating]  out: [INFO] Running org.symphonyoss.symphony.messageml.elements.OrderedListDiffblueTest
18:05:17.386 [INFO]   [Validating]  out: 18:05:17.386 [main] WARN org.symphonyoss.symphony.messageml.bi.BiContext - Attribute count for element lists does not contain an integer value. The count will not be increased.
18:05:17.386 [INFO]   [Validating]  out: 18:05:17.386 [main] WARN org.symphonyoss.symphony.messageml.bi.BiContext - Attribute count for element lists does not contain an integer value. The count will not be increased.
18:05:17.387 [INFO]   [Validating]  out: [INFO] Tests run: 10, Failures: 0, Errors: 0, Skipped: 0, Time elapsed: 0 s - in org.symphonyoss.symphony.messageml.elements.OrderedListDiffblueTest
18:05:17.387 [INFO]   [Validating]  out: [INFO] Running org.symphonyoss.symphony.messageml.elements.DatePickerDiffblueTest
18:05:17.389 [INFO]   [Validating]  out: [INFO] Tests run: 16, Failures: 0, Errors: 0, Skipped: 0, Time elapsed: 0.002 s - in org.symphonyoss.symphony.messageml.elements.DatePickerDiffblueTest
18:05:17.389 [INFO]   [Validating]  out: [INFO] Running org.symphonyoss.symphony.messageml.elements.ChimeDiffblueTest
18:05:17.389 [INFO]   [Validating]  out: 18:05:17.389 [main] WARN org.symphonyoss.symphony.messageml.bi.BiContext - Attribute count for element chimes does not contain an integer value. The count will not be increased.
18:05:17.390 [INFO]   [Validating]  out: 18:05:17.390 [main] WARN org.symphonyoss.symphony.messageml.bi.BiContext - Attribute count for element chimes does not contain an integer value. The count will not be increased.
18:05:17.391 [INFO]   [Validating]  out: [INFO] Tests run: 17, Failures: 0, Errors: 0, Skipped: 0, Time elapsed: 0.001 s - in org.symphonyoss.symphony.messageml.elements.ChimeDiffblueTest
18:05:17.391 [INFO]   [Validating]  out: [INFO] Running org.symphonyoss.symphony.messageml.elements.LinkTest
18:05:17.397 [INFO]   [Validating]  out: [INFO] Tests run: 23, Failures: 0, Errors: 0, Skipped: 0, Time elapsed: 0.005 s - in org.symphonyoss.symphony.messageml.elements.LinkTest
18:05:17.397 [INFO]   [Validating]  out: [INFO] Running org.symphonyoss.symphony.messageml.elements.LineBreakDiffblueTest
18:05:17.397 [INFO]   [Validating]  out: 18:05:17.396 [main] WARN org.symphonyoss.symphony.messageml.bi.BiContext - Attribute count for element linebreaks does not contain an integer value. The count will not be increased.
18:05:17.397 [INFO]   [Validating]  out: 18:05:17.397 [main] WARN org.symphonyoss.symphony.messageml.bi.BiContext - Attribute count for element linebreaks does not contain an integer value. The count will not be increased.
18:05:17.398 [INFO]   [Validating]  out: [INFO] Tests run: 14, Failures: 0, Errors: 0, Skipped: 0, Time elapsed: 0 s - in org.symphonyoss.symphony.messageml.elements.LineBreakDiffblueTest
18:05:17.398 [INFO]   [Validating]  out: [INFO] Running org.symphonyoss.symphony.messageml.elements.TagTest
18:05:17.413 [INFO]   [Validating]  out: [INFO] Tests run: 17, Failures: 0, Errors: 0, Skipped: 0, Time elapsed: 0.014 s - in org.symphonyoss.symphony.messageml.elements.TagTest
18:05:17.413 [INFO]   [Validating]  out: [INFO] Running org.symphonyoss.symphony.messageml.elements.StylesDiffblueTest
18:05:17.413 [INFO]   [Validating]  out: [INFO] Tests run: 4, Failures: 0, Errors: 0, Skipped: 0, Time elapsed: 0 s - in org.symphonyoss.symphony.messageml.elements.StylesDiffblueTest
18:05:17.413 [INFO]   [Validating]  out: [INFO] Running org.symphonyoss.symphony.messageml.elements.TextFieldDiffblueTest
18:05:17.418 [INFO]   [Validating]  out: [INFO] Tests run: 27, Failures: 0, Errors: 0, Skipped: 0, Time elapsed: 0.004 s - in org.symphonyoss.symphony.messageml.elements.TextFieldDiffblueTest
18:05:17.418 [INFO]   [Validating]  out: [INFO] Running org.symphonyoss.symphony.messageml.elements.ItalicDiffblueTest
18:05:17.418 [INFO]   [Validating]  out: [INFO] Tests run: 5, Failures: 0, Errors: 0, Skipped: 0, Time elapsed: 0 s - in org.symphonyoss.symphony.messageml.elements.ItalicDiffblueTest
18:05:17.418 [INFO]   [Validating]  out: [INFO] Running org.symphonyoss.symphony.messageml.elements.ExpandableCardDiffblueTest
18:05:17.420 [INFO]   [Validating]  out: [INFO] Tests run: 19, Failures: 0, Errors: 0, Skipped: 0, Time elapsed: 0.001 s - in org.symphonyoss.symphony.messageml.elements.ExpandableCardDiffblueTest
18:05:17.420 [INFO]   [Validating]  out: [INFO] Running org.symphonyoss.symphony.messageml.elements.HashtagTest
18:05:17.427 [INFO]   [Validating]  out: [INFO] Tests run: 25, Failures: 0, Errors: 0, Skipped: 0, Time elapsed: 0.007 s - in org.symphonyoss.symphony.messageml.elements.HashtagTest
18:05:17.428 [INFO]   [Validating]  out: [INFO] Running org.symphonyoss.symphony.messageml.elements.PersonSelectorDiffblueTest
18:05:17.431 [INFO]   [Validating]  out: [INFO] Tests run: 15, Failures: 0, Errors: 0, Skipped: 0, Time elapsed: 0.003 s - in org.symphonyoss.symphony.messageml.elements.PersonSelectorDiffblueTest
18:05:17.431 [INFO]   [Validating]  out: [INFO] Running org.symphonyoss.symphony.messageml.elements.TextNodeDiffblueTest
18:05:17.431 [INFO]   [Validating]  out: [INFO] Tests run: 11, Failures: 0, Errors: 0, Skipped: 0, Time elapsed: 0 s - in org.symphonyoss.symphony.messageml.elements.TextNodeDiffblueTest
18:05:17.431 [INFO]   [Validating]  out: [INFO] Running org.symphonyoss.symphony.messageml.elements.StylesTest
18:05:17.435 [INFO]   [Validating]  out: [INFO] Tests run: 17, Failures: 0, Errors: 0, Skipped: 0, Time elapsed: 0.004 s - in org.symphonyoss.symphony.messageml.elements.StylesTest
18:05:17.436 [INFO]   [Validating]  out: [INFO] Running org.symphonyoss.symphony.messageml.elements.ItalicTest
18:05:17.444 [INFO]   [Validating]  out: [INFO] Tests run: 17, Failures: 0, Errors: 0, Skipped: 0, Time elapsed: 0.009 s - in org.symphonyoss.symphony.messageml.elements.ItalicTest
18:05:17.444 [INFO]   [Validating]  out: [INFO] Running org.symphonyoss.symphony.messageml.elements.MentionTest
18:05:17.460 [INFO]   [Validating]  out: [INFO] Tests run: 35, Failures: 0, Errors: 0, Skipped: 0, Time elapsed: 0.015 s - in org.symphonyoss.symphony.messageml.elements.MentionTest
18:05:17.460 [INFO]   [Validating]  out: [INFO] Running org.symphonyoss.symphony.messageml.elements.DialogChildDiffblueTest
18:05:17.462 [INFO]   [Validating]  out: [INFO] Tests run: 20, Failures: 0, Errors: 0, Skipped: 0, Time elapsed: 0.001 s - in org.symphonyoss.symphony.messageml.elements.DialogChildDiffblueTest
18:05:17.462 [INFO]   [Validating]  out: [INFO] Running org.symphonyoss.symphony.messageml.elements.BulletListDiffblueTest
18:05:17.462 [INFO]   [Validating]  out: 18:05:17.461 [main] WARN org.symphonyoss.symphony.messageml.bi.BiContext - Attribute count for element lists does not contain an integer value. The count will not be increased.
18:05:17.462 [INFO]   [Validating]  out: 18:05:17.461 [main] WARN org.symphonyoss.symphony.messageml.bi.BiContext - Attribute count for element lists does not contain an integer value. The count will not be increased.
18:05:17.462 [INFO]   [Validating]  out: [INFO] Tests run: 10, Failures: 0, Errors: 0, Skipped: 0, Time elapsed: 0 s - in org.symphonyoss.symphony.messageml.elements.BulletListDiffblueTest
18:05:17.463 [INFO]   [Validating]  out: [INFO] Running org.symphonyoss.symphony.messageml.elements.DialogTest
18:05:17.472 [INFO]   [Validating]  out: [INFO] Tests run: 43, Failures: 0, Errors: 0, Skipped: 0, Time elapsed: 0.009 s - in org.symphonyoss.symphony.messageml.elements.DialogTest
18:05:17.472 [INFO]   [Validating]  out: [INFO] Running org.symphonyoss.symphony.messageml.elements.SpanTest
18:05:17.476 [INFO]   [Validating]  out: [INFO] Tests run: 17, Failures: 0, Errors: 0, Skipped: 0, Time elapsed: 0.003 s - in org.symphonyoss.symphony.messageml.elements.SpanTest
18:05:17.476 [INFO]   [Validating]  out: [INFO] Running org.symphonyoss.symphony.messageml.elements.ButtonDiffblueTest
18:05:17.483 [INFO]   [Validating]  out: [ERROR] Tests run: 25, Failures: 1, Errors: 0, Skipped: 0, Time elapsed: 0.005 s <<< FAILURE! - in org.symphonyoss.symphony.messageml.elements.ButtonDiffblueTest
18:05:17.483 [INFO]   [Validating]  out: [ERROR] testUpdateBiContext_thenButtonWithParentIsBoldAndFormatIsMessagemlLoggerLogger  Time elapsed: 0.004 s  <<< FAILURE!
18:05:17.483 [INFO]   [Validating]  out: java.lang.AssertionError: expected:<6> but was:<4>
18:05:17.483 [INFO]   [Validating]  out: 	at org.symphonyoss.symphony.messageml.elements.ButtonDiffblueTest.testUpdateBiContext_thenButtonWithParentIsBoldAndFormatIsMessagemlLoggerLogger(ButtonDiffblueTest.java:732)
18:05:17.483 [INFO]   [Validating]  out: 
18:05:17.483 [INFO]   [Validating]  out: [INFO] Running org.symphonyoss.symphony.messageml.elements.SubscriptDiffblueTest
18:05:17.484 [INFO]   [Validating]  out: [INFO] Tests run: 2, Failures: 0, Errors: 0, Skipped: 0, Time elapsed: 0 s - in org.symphonyoss.symphony.messageml.elements.SubscriptDiffblueTest
18:05:17.484 [INFO]   [Validating]  out: [INFO] Running org.symphonyoss.symphony.messageml.elements.GroupedElementDiffblueTest
18:05:17.486 [INFO]   [Validating]  out: [INFO] Tests run: 14, Failures: 0, Errors: 0, Skipped: 0, Time elapsed: 0.001 s - in org.symphonyoss.symphony.messageml.elements.GroupedElementDiffblueTest
18:05:17.487 [INFO]   [Validating]  out: [INFO] Running org.symphonyoss.symphony.messageml.elements.TextAreaDiffblueTest
18:05:17.488 [INFO]   [Validating]  out: [INFO] Tests run: 17, Failures: 0, Errors: 0, Skipped: 0, Time elapsed: 0.001 s - in org.symphonyoss.symphony.messageml.elements.TextAreaDiffblueTest
18:05:17.488 [INFO]   [Validating]  out: [INFO] Running org.symphonyoss.symphony.messageml.elements.ImageDiffblueTest
18:05:17.488 [INFO]   [Validating]  out: 18:05:17.488 [main] WARN org.symphonyoss.symphony.messageml.bi.BiContext - Attribute count for element images does not contain an integer value. The count will not be increased.
18:05:17.488 [INFO]   [Validating]  out: 18:05:17.488 [main] WARN org.symphonyoss.symphony.messageml.bi.BiContext - Attribute count for element images does not contain an integer value. The count will not be increased.
18:05:17.489 [INFO]   [Validating]  out: [INFO] Tests run: 12, Failures: 0, Errors: 0, Skipped: 0, Time elapsed: 0.001 s - in org.symphonyoss.symphony.messageml.elements.ImageDiffblueTest
18:05:17.490 [INFO]   [Validating]  out: [INFO] Running org.symphonyoss.symphony.messageml.elements.UIActionDiffblueTest
18:05:17.491 [INFO]   [Validating]  out: [INFO] Tests run: 20, Failures: 0, Errors: 0, Skipped: 0, Time elapsed: 0.002 s - in org.symphonyoss.symphony.messageml.elements.UIActionDiffblueTest
18:05:17.492 [INFO]   [Validating]  out: [INFO] Running org.symphonyoss.symphony.messageml.util.EmojiShortcodeToUnicodeDiffblueTest
18:05:17.492 [INFO]   [Validating]  out: [INFO] Tests run: 2, Failures: 0, Errors: 0, Skipped: 0, Time elapsed: 0.001 s - in org.symphonyoss.symphony.messageml.util.EmojiShortcodeToUnicodeDiffblueTest
18:05:17.492 [INFO]   [Validating]  out: [INFO] Running org.symphonyoss.symphony.messageml.util.IndentedPrintStreamTest
18:05:17.496 [INFO]   [Validating]  out: [INFO] Tests run: 53, Failures: 0, Errors: 0, Skipped: 0, Time elapsed: 0.002 s - in org.symphonyoss.symphony.messageml.util.IndentedPrintStreamTest
18:05:17.496 [INFO]   [Validating]  out: [INFO] Running org.symphonyoss.symphony.messageml.util.TagAttributesDiffblueTest
18:05:17.497 [INFO]   [Validating]  out: [INFO] Tests run: 1, Failures: 0, Errors: 0, Skipped: 0, Time elapsed: 0 s - in org.symphonyoss.symphony.messageml.util.TagAttributesDiffblueTest
18:05:17.497 [INFO]   [Validating]  out: [INFO] Running org.symphonyoss.symphony.messageml.util.IndentedPrintStreamDiffblueTest
18:05:17.511 [INFO]   [Validating]  out: [INFO] Tests run: 376, Failures: 0, Errors: 0, Skipped: 0, Time elapsed: 0.012 s - in org.symphonyoss.symphony.messageml.util.IndentedPrintStreamDiffblueTest
18:05:17.512 [INFO]   [Validating]  out: [INFO] Running org.symphonyoss.symphony.messageml.util.instrument.resolver.ProviderIdDiffblueTest
18:05:17.512 [INFO]   [Validating]  out: [INFO] Tests run: 2, Failures: 0, Errors: 0, Skipped: 0, Time elapsed: 0 s - in org.symphonyoss.symphony.messageml.util.instrument.resolver.ProviderIdDiffblueTest
18:05:17.512 [INFO]   [Validating]  out: [INFO] Running org.symphonyoss.symphony.messageml.util.instrument.resolver.MarketSectorDiffblueTest
18:05:17.513 [INFO]   [Validating]  out: [INFO] Tests run: 3, Failures: 0, Errors: 0, Skipped: 0, Time elapsed: 0 s - in org.symphonyoss.symphony.messageml.util.instrument.resolver.MarketSectorDiffblueTest
18:05:17.513 [INFO]   [Validating]  out: [INFO] Running org.symphonyoss.symphony.messageml.util.instrument.resolver.InstrumentDiffblueTest
18:05:17.513 [INFO]   [Validating]  out: [INFO] Tests run: 1, Failures: 0, Errors: 0, Skipped: 0, Time elapsed: 0 s - in org.symphonyoss.symphony.messageml.util.instrument.resolver.InstrumentDiffblueTest
18:05:17.513 [INFO]   [Validating]  out: [INFO] Running org.symphonyoss.symphony.messageml.util.instrument.resolver.InstrumentKindDiffblueTest
18:05:17.514 [INFO]   [Validating]  out: [INFO] Tests run: 3, Failures: 0, Errors: 0, Skipped: 0, Time elapsed: 0 s - in org.symphonyoss.symphony.messageml.util.instrument.resolver.InstrumentKindDiffblueTest
18:05:17.514 [INFO]   [Validating]  out: [INFO] Running org.symphonyoss.symphony.messageml.util.XmlPrintStreamDiffblueTest
18:05:17.516 [INFO]   [Validating]  out: [INFO] Tests run: 109, Failures: 0, Errors: 0, Skipped: 0, Time elapsed: 0 s - in org.symphonyoss.symphony.messageml.util.XmlPrintStreamDiffblueTest
18:05:17.516 [INFO]   [Validating]  out: [INFO] Running org.symphonyoss.symphony.messageml.util.XMLAttributeDiffblueTest
18:05:17.517 [INFO]   [Validating]  out: [INFO] Tests run: 3, Failures: 0, Errors: 0, Skipped: 0, Time elapsed: 0 s - in org.symphonyoss.symphony.messageml.util.XMLAttributeDiffblueTest
18:05:17.517 [INFO]   [Validating]  out: [INFO] Running org.symphonyoss.symphony.messageml.util.NoOpDataProviderDiffblueTest
18:05:17.518 [INFO]   [Validating]  out: [INFO] Tests run: 3, Failures: 0, Errors: 0, Skipped: 0, Time elapsed: 0 s - in org.symphonyoss.symphony.messageml.util.NoOpDataProviderDiffblueTest
18:05:17.518 [INFO]   [Validating]  out: [INFO] Running org.symphonyoss.symphony.messageml.util.AlignedBlockDiffblueTest
18:05:17.519 [INFO]   [Validating]  out: [INFO] Tests run: 23, Failures: 0, Errors: 0, Skipped: 0, Time elapsed: 0 s - in org.symphonyoss.symphony.messageml.util.AlignedBlockDiffblueTest
18:05:17.519 [INFO]   [Validating]  out: [INFO] Running org.symphonyoss.symphony.messageml.util.CountedOutputStreamTest
18:05:17.520 [INFO]   [Validating]  out: [INFO] Tests run: 5, Failures: 0, Errors: 0, Skipped: 0, Time elapsed: 0 s - in org.symphonyoss.symphony.messageml.util.CountedOutputStreamTest
18:05:17.520 [INFO]   [Validating]  out: [INFO] Running org.symphonyoss.symphony.messageml.util.pojo.TimeIntervalDiffblueTest
18:05:17.521 [INFO]   [Validating]  out: [INFO] Tests run: 13, Failures: 0, Errors: 0, Skipped: 0, Time elapsed: 0 s - in org.symphonyoss.symphony.messageml.util.pojo.TimeIntervalDiffblueTest
18:05:17.521 [INFO]   [Validating]  out: [INFO] Running org.symphonyoss.symphony.messageml.util.pojo.DateIntervalDiffblueTest
18:05:17.522 [INFO]   [Validating]  out: [INFO] Tests run: 16, Failures: 0, Errors: 0, Skipped: 0, Time elapsed: 0 s - in org.symphonyoss.symphony.messageml.util.pojo.DateIntervalDiffblueTest
18:05:17.522 [INFO]   [Validating]  out: [INFO] Running org.symphonyoss.symphony.messageml.util.NullDataProviderDiffblueTest
18:05:17.523 [INFO]   [Validating]  out: [INFO] Tests run: 3, Failures: 0, Errors: 0, Skipped: 0, Time elapsed: 0 s - in org.symphonyoss.symphony.messageml.util.NullDataProviderDiffblueTest
18:05:17.523 [INFO]   [Validating]  out: [INFO] Running org.symphonyoss.symphony.messageml.util.CountedOutputStreamDiffblueTest
18:05:17.531 [INFO]   [Validating]  out: [INFO] Tests run: 14, Failures: 0, Errors: 0, Skipped: 0, Time elapsed: 0.006 s - in org.symphonyoss.symphony.messageml.util.CountedOutputStreamDiffblueTest
18:05:17.531 [INFO]   [Validating]  out: [INFO] Running org.symphonyoss.symphony.messageml.markdown.nodes.EmojiNodeDiffblueTest
18:05:17.531 [INFO]   [Validating]  out: [INFO] Tests run: 4, Failures: 0, Errors: 0, Skipped: 0, Time elapsed: 0 s - in org.symphonyoss.symphony.messageml.markdown.nodes.EmojiNodeDiffblueTest
18:05:17.532 [INFO]   [Validating]  out: [INFO] Running org.symphonyoss.symphony.messageml.markdown.nodes.form.TextFieldNodeDiffblueTest
18:05:17.532 [INFO]   [Validating]  out: [INFO] Tests run: 2, Failures: 0, Errors: 0, Skipped: 0, Time elapsed: 0.001 s - in org.symphonyoss.symphony.messageml.markdown.nodes.form.TextFieldNodeDiffblueTest
18:05:17.532 [INFO]   [Validating]  out: [INFO] Running org.symphonyoss.symphony.messageml.markdown.nodes.form.TimezonePickerNodeDiffblueTest
18:05:17.533 [INFO]   [Validating]  out: [INFO] Tests run: 2, Failures: 0, Errors: 0, Skipped: 0, Time elapsed: 0 s - in org.symphonyoss.symphony.messageml.markdown.nodes.form.TimezonePickerNodeDiffblueTest
18:05:17.533 [INFO]   [Validating]  out: [INFO] Running org.symphonyoss.symphony.messageml.markdown.nodes.form.RoomSelectorNodeDiffblueTest
18:05:17.534 [INFO]   [Validating]  out: [INFO] Tests run: 2, Failures: 0, Errors: 0, Skipped: 0, Time elapsed: 0 s - in org.symphonyoss.symphony.messageml.markdown.nodes.form.RoomSelectorNodeDiffblueTest
18:05:17.534 [INFO]   [Validating]  out: [INFO] Running org.symphonyoss.symphony.messageml.markdown.nodes.form.FormNodeDiffblueTest
18:05:17.534 [INFO]   [Validating]  out: [INFO] Tests run: 1, Failures: 0, Errors: 0, Skipped: 0, Time elapsed: 0 s - in org.symphonyoss.symphony.messageml.markdown.nodes.form.FormNodeDiffblueTest
18:05:17.535 [INFO]   [Validating]  out: [INFO] Running org.symphonyoss.symphony.messageml.markdown.nodes.form.OptionNodeDiffblueTest
18:05:17.535 [INFO]   [Validating]  out: [INFO] Tests run: 1, Failures: 0, Errors: 0, Skipped: 0, Time elapsed: 0.001 s - in org.symphonyoss.symphony.messageml.markdown.nodes.form.OptionNodeDiffblueTest
18:05:17.535 [INFO]   [Validating]  out: [INFO] Running org.symphonyoss.symphony.messageml.markdown.nodes.form.FormElementNodeDiffblueTest
18:05:17.536 [INFO]   [Validating]  out: [INFO] Tests run: 4, Failures: 0, Errors: 0, Skipped: 0, Time elapsed: 0 s - in org.symphonyoss.symphony.messageml.markdown.nodes.form.FormElementNodeDiffblueTest
18:05:17.536 [INFO]   [Validating]  out: [INFO] Running org.symphonyoss.symphony.messageml.markdown.nodes.form.PlaceholderLabelTooltipNodeDiffblueTest
18:05:17.537 [INFO]   [Validating]  out: [INFO] Tests run: 2, Failures: 0, Errors: 0, Skipped: 0, Time elapsed: 0 s - in org.symphonyoss.symphony.messageml.markdown.nodes.form.PlaceholderLabelTooltipNodeDiffblueTest
18:05:17.537 [INFO]   [Validating]  out: [INFO] Running org.symphonyoss.symphony.messageml.markdown.nodes.form.DatePickerNodeDiffblueTest
18:05:17.538 [INFO]   [Validating]  out: [INFO] Tests run: 2, Failures: 0, Errors: 0, Skipped: 0, Time elapsed: 0 s - in org.symphonyoss.symphony.messageml.markdown.nodes.form.DatePickerNodeDiffblueTest
18:05:17.538 [INFO]   [Validating]  out: [INFO] Running org.symphonyoss.symphony.messageml.markdown.nodes.form.SelectNodeDiffblueTest
18:05:17.538 [INFO]   [Validating]  out: [INFO] Tests run: 4, Failures: 0, Errors: 0, Skipped: 0, Time elapsed: 0 s - in org.symphonyoss.symphony.messageml.markdown.nodes.form.SelectNodeDiffblueTest
18:05:17.539 [INFO]   [Validating]  out: [INFO] Running org.symphonyoss.symphony.messageml.markdown.nodes.form.PersonSelectorNodeDiffblueTest
18:05:17.539 [INFO]   [Validating]  out: [INFO] Tests run: 2, Failures: 0, Errors: 0, Skipped: 0, Time elapsed: 0.001 s - in org.symphonyoss.symphony.messageml.markdown.nodes.form.PersonSelectorNodeDiffblueTest
18:05:17.539 [INFO]   [Validating]  out: [INFO] Running org.symphonyoss.symphony.messageml.markdown.nodes.form.TextAreaNodeDiffblueTest
18:05:17.540 [INFO]   [Validating]  out: [INFO] Tests run: 2, Failures: 0, Errors: 0, Skipped: 0, Time elapsed: 0 s - in org.symphonyoss.symphony.messageml.markdown.nodes.form.TextAreaNodeDiffblueTest
18:05:17.540 [INFO]   [Validating]  out: [INFO] Running org.symphonyoss.symphony.messageml.markdown.nodes.form.TimePickerNodeDiffblueTest
18:05:17.541 [INFO]   [Validating]  out: [INFO] Tests run: 2, Failures: 0, Errors: 0, Skipped: 0, Time elapsed: 0 s - in org.symphonyoss.symphony.messageml.markdown.nodes.form.TimePickerNodeDiffblueTest
18:05:17.541 [INFO]   [Validating]  out: [INFO] Running org.symphonyoss.symphony.messageml.markdown.nodes.form.RadioNodeDiffblueTest
18:05:17.542 [INFO]   [Validating]  out: [INFO] Tests run: 5, Failures: 0, Errors: 0, Skipped: 0, Time elapsed: 0 s - in org.symphonyoss.symphony.messageml.markdown.nodes.form.RadioNodeDiffblueTest
18:05:17.542 [INFO]   [Validating]  out: [INFO] Running org.symphonyoss.symphony.messageml.markdown.nodes.form.CheckboxNodeDiffblueTest
18:05:17.543 [INFO]   [Validating]  out: [INFO] Tests run: 5, Failures: 0, Errors: 0, Skipped: 0, Time elapsed: 0 s - in org.symphonyoss.symphony.messageml.markdown.nodes.form.CheckboxNodeDiffblueTest
18:05:17.543 [INFO]   [Validating]  out: [INFO] Running org.symphonyoss.symphony.messageml.markdown.nodes.form.ButtonNodeDiffblueTest
18:05:17.543 [INFO]   [Validating]  out: [INFO] Tests run: 1, Failures: 0, Errors: 0, Skipped: 0, Time elapsed: 0 s - in org.symphonyoss.symphony.messageml.markdown.nodes.form.ButtonNodeDiffblueTest
18:05:17.543 [INFO]   [Validating]  out: [INFO] Running org.symphonyoss.symphony.messageml.markdown.nodes.form.DialogNodeDiffblueTest
18:05:17.544 [INFO]   [Validating]  out: [INFO] Tests run: 2, Failures: 0, Errors: 0, Skipped: 0, Time elapsed: 0 s - in org.symphonyoss.symphony.messageml.markdown.nodes.form.DialogNodeDiffblueTest
18:05:17.544 [INFO]   [Validating]  out: [INFO] Running org.symphonyoss.symphony.messageml.markdown.nodes.form.DateSelectorNodeDiffblueTest
18:05:17.545 [INFO]   [Validating]  out: [INFO] Tests run: 3, Failures: 0, Errors: 0, Skipped: 0, Time elapsed: 0 s - in org.symphonyoss.symphony.messageml.markdown.nodes.form.DateSelectorNodeDiffblueTest
18:05:17.545 [INFO]   [Validating]  out: [INFO] Running org.symphonyoss.symphony.messageml.markdown.nodes.TableRowNodeDiffblueTest
18:05:17.546 [INFO]   [Validating]  out: [INFO] Tests run: 1, Failures: 0, Errors: 0, Skipped: 0, Time elapsed: 0 s - in org.symphonyoss.symphony.messageml.markdown.nodes.TableRowNodeDiffblueTest
18:05:17.546 [INFO]   [Validating]  out: [INFO] Running org.symphonyoss.symphony.messageml.markdown.nodes.TagNodeDiffblueTest
18:05:17.547 [INFO]   [Validating]  out: [INFO] Tests run: 1, Failures: 0, Errors: 0, Skipped: 0, Time elapsed: 0 s - in org.symphonyoss.symphony.messageml.markdown.nodes.TagNodeDiffblueTest
18:05:17.547 [INFO]   [Validating]  out: [INFO] Running org.symphonyoss.symphony.messageml.markdown.nodes.TableNodeDiffblueTest
18:05:17.547 [INFO]   [Validating]  out: [INFO] Tests run: 1, Failures: 0, Errors: 0, Skipped: 0, Time elapsed: 0 s - in org.symphonyoss.symphony.messageml.markdown.nodes.TableNodeDiffblueTest
18:05:17.548 [INFO]   [Validating]  out: [INFO] Running org.symphonyoss.symphony.messageml.markdown.nodes.PreformattedNodeDiffblueTest
18:05:17.548 [INFO]   [Validating]  out: [INFO] Tests run: 1, Failures: 0, Errors: 0, Skipped: 0, Time elapsed: 0.001 s - in org.symphonyoss.symphony.messageml.markdown.nodes.PreformattedNodeDiffblueTest
18:05:17.548 [INFO]   [Validating]  out: [INFO] Running org.symphonyoss.symphony.messageml.markdown.nodes.TableCellNodeDiffblueTest
18:05:17.549 [INFO]   [Validating]  out: [INFO] Tests run: 1, Failures: 0, Errors: 0, Skipped: 0, Time elapsed: 0 s - in org.symphonyoss.symphony.messageml.markdown.nodes.TableCellNodeDiffblueTest
18:05:17.549 [INFO]   [Validating]  out: [INFO] Running org.symphonyoss.symphony.messageml.markdown.nodes.KeywordNodeDiffblueTest
18:05:17.550 [INFO]   [Validating]  out: [INFO] Tests run: 1, Failures: 0, Errors: 0, Skipped: 0, Time elapsed: 0 s - in org.symphonyoss.symphony.messageml.markdown.nodes.KeywordNodeDiffblueTest
18:05:17.550 [INFO]   [Validating]  out: [INFO] Running org.symphonyoss.symphony.messageml.markdown.nodes.MentionNodeDiffblueTest
18:05:17.551 [INFO]   [Validating]  out: [INFO] Tests run: 5, Failures: 0, Errors: 0, Skipped: 0, Time elapsed: 0 s - in org.symphonyoss.symphony.messageml.markdown.nodes.MentionNodeDiffblueTest
18:05:17.551 [INFO]   [Validating]  out: [INFO] Running org.symphonyoss.symphony.messageml.markdown.EntityDelimiterProcessorDiffblueTest
18:05:17.552 [INFO]   [Validating]  out: [INFO] Tests run: 5, Failures: 0, Errors: 0, Skipped: 0, Time elapsed: 0 s - in org.symphonyoss.symphony.messageml.markdown.EntityDelimiterProcessorDiffblueTest
18:05:17.552 [INFO]   [Validating]  out: [INFO] Running org.symphonyoss.symphony.messageml.markdown.MarkdownParserDiffblueTest
18:05:17.558 [INFO]   [Validating]  out: [INFO] Tests run: 137, Failures: 0, Errors: 0, Skipped: 0, Time elapsed: 0.004 s - in org.symphonyoss.symphony.messageml.markdown.MarkdownParserDiffblueTest
18:05:17.558 [INFO]   [Validating]  out: [INFO] Running org.symphonyoss.symphony.messageml.markdown.MarkdownRendererDiffblueTest
18:05:17.579 [INFO]   [Validating]  out: [INFO] Tests run: 156, Failures: 0, Errors: 0, Skipped: 0, Time elapsed: 0.019 s - in org.symphonyoss.symphony.messageml.markdown.MarkdownRendererDiffblueTest
18:05:17.921 [INFO]   [Validating]  out: [INFO] 
18:05:17.922 [INFO]   [Validating]  out: [INFO] Results:
18:05:17.922 [INFO]   [Validating]  out: [INFO] 
18:05:17.922 [INFO]   [Validating]  out: [ERROR] Failures: 
18:05:17.922 [INFO]   [Validating]  out: [ERROR]   ButtonDiffblueTest.testUpdateBiContext_thenButtonWithParentIsBoldAndFormatIsMessagemlLoggerLogger:732 expected:<6> but was:<4>
18:05:17.922 [INFO]   [Validating]  out: [INFO] 
18:05:17.922 [INFO]   [Validating]  out: [ERROR] Tests run: 3527, Failures: 1, Errors: 0, Skipped: 2
18:05:17.922 [INFO]   [Validating]  out: [INFO] 
18:05:17.976 [INFO]   [Validating]  deserializing line [DIFFBLUE]{"__type":"com.diffblue.cover.buildsystem.model.DefaultProjectModuleMessage","project":{"__type":"DefaultProjectModule","junitReport":["/home/jbergqvist/diffblue/finos-messageml-utils/target/surefire-reports"],"jacocoReport":["/home/jbergqvist/diffblue/finos-messageml-utils/target/site/jacoco/jacoco.xml"],"jacocoDestFile":["/home/jbergqvist/diffblue/finos-messageml-utils/target/jacoco.exec"],"jacocoFormats":["xml"],"jacocoSkipped":false,"classpath":["/home/jbergqvist/diffblue/finos-messageml-utils/target/classes","/home/jbergqvist/.m2/repository/org/projectlombok/lombok/1.18.42/lombok-1.18.42.jar","/home/jbergqvist/.m2/repository/com/github/java-json-tools/json-schema-validator/2.2.14/json-schema-validator-2.2.14.jar","/home/jbergqvist/.m2/repository/com/github/java-json-tools/jackson-coreutils-equivalence/1.0/jackson-coreutils-equivalence-1.0.jar","/home/jbergqvist/.m2/repository/com/github/java-json-tools/jackson-coreutils/2.0/jackson-coreutils-2.0.jar","/home/jbergqvist/.m2/repository/com/github/java-json-tools/msg-simple/1.2/msg-simple-1.2.jar","/home/jbergqvist/.m2/repository/com/github/java-json-tools/btf/1.3/btf-1.3.jar","/home/jbergqvist/.m2/repository/com/github/java-json-tools/json-schema-core/1.2.14/json-schema-core-1.2.14.jar","/home/jbergqvist/.m2/repository/com/github/java-json-tools/uri-template/0.10/uri-template-0.10.jar","/home/jbergqvist/.m2/repository/com/sun/mail/mailapi/1.6.2/mailapi-1.6.2.jar","/home/jbergqvist/.m2/repository/joda-time/joda-time/2.10.5/joda-time-2.10.5.jar","/home/jbergqvist/.m2/repository/com/googlecode/libphonenumber/libphonenumber/8.11.1/libphonenumber-8.11.1.jar","/home/jbergqvist/.m2/repository/com/google/code/findbugs/jsr305/3.0.2/jsr305-3.0.2.jar","/home/jbergqvist/.m2/repository/net/sf/jopt-simple/jopt-simple/5.0.4/jopt-simple-5.0.4.jar","/home/jbergqvist/.m2/repository/org/mozilla/rhino/1.7.13/rhino-1.7.13.jar","/home/jbergqvist/.m2/repository/com/google/guava/guava/32.1.2-jre/guava-32.1.2-jre.jar","/home/jbergqvist/.m2/repository/com/google/guava/failureaccess/1.0.1/failureaccess-1.0.1.jar","/home/jbergqvist/.m2/repository/com/google/guava/listenablefuture/9999.0-empty-to-avoid-conflict-with-guava/listenablefuture-9999.0-empty-to-avoid-conflict-with-guava.jar","/home/jbergqvist/.m2/repository/org/checkerframework/checker-qual/3.33.0/checker-qual-3.33.0.jar","/home/jbergqvist/.m2/repository/com/google/errorprone/error_prone_annotations/2.18.0/error_prone_annotations-2.18.0.jar","/home/jbergqvist/.m2/repository/com/google/j2objc/j2objc-annotations/2.8/j2objc-annotations-2.8.jar","/home/jbergqvist/.m2/repository/com/fasterxml/jackson/core/jackson-core/2.15.2/jackson-core-2.15.2.jar","/home/jbergqvist/.m2/repository/com/fasterxml/jackson/core/jackson-databind/2.15.2/jackson-databind-2.15.2.jar","/home/jbergqvist/.m2/repository/com/fasterxml/jackson/core/jackson-annotations/2.15.2/jackson-annotations-2.15.2.jar","/home/jbergqvist/.m2/repository/commons-io/commons-io/2.11.0/commons-io-2.11.0.jar","/home/jbergqvist/.m2/repository/org/apache/commons/commons-lang3/3.12.0/commons-lang3-3.12.0.jar","/home/jbergqvist/.m2/repository/org/freemarker/freemarker/2.3.31/freemarker-2.3.31.jar","/home/jbergqvist/.m2/repository/org/slf4j/slf4j-api/1.7.32/slf4j-api-1.7.32.jar","/home/jbergqvist/.m2/repository/com/diffblue/cover/cover-annotations/1.8.0/cover-annotations-1.8.0.jar","/home/jbergqvist/.m2/repository/com/atlassian/commonmark/commonmark/0.15.2/commonmark-0.15.2.jar","/home/jbergqvist/.m2/repository/org/junit/jupiter/junit-jupiter-api/5.8.2/junit-jupiter-api-5.8.2.jar","/home/jbergqvist/.m2/repository/org/opentest4j/opentest4j/1.2.0/opentest4j-1.2.0.jar","/home/jbergqvist/.m2/repository/org/junit/platform/junit-platform-commons/1.8.2/junit-platform-commons-1.8.2.jar","/home/jbergqvist/.m2/repository/org/apiguardian/apiguardian-api/1.1.2/apiguardian-api-1.1.2.jar","/home/jbergqvist/.m2/repository/org/junit/jupiter/junit-jupiter-params/5.8.2/junit-jupiter-params-5.8.2.jar","/home/jbergqvist/.m2/repository/org/junit/jupiter/junit-jupiter-engine/5.8.2/junit-jupiter-engine-5.8.2.jar","/home/jbergqvist/.m2/repository/org/junit/platform/junit-platform-engine/1.8.2/junit-platform-engine-1.8.2.jar","/home/jbergqvist/.m2/repository/org/junit/vintage/junit-vintage-engine/5.8.2/junit-vintage-engine-5.8.2.jar","/home/jbergqvist/.m2/repository/junit/junit/4.13.2/junit-4.13.2.jar","/home/jbergqvist/.m2/repository/org/hamcrest/hamcrest-core/1.3/hamcrest-core-1.3.jar","/home/jbergqvist/.m2/repository/org/mockito/mockito-core/4.0.0/mockito-core-4.0.0.jar","/home/jbergqvist/.m2/repository/net/bytebuddy/byte-buddy/1.11.19/byte-buddy-1.11.19.jar","/home/jbergqvist/.m2/repository/net/bytebuddy/byte-buddy-agent/1.11.19/byte-buddy-agent-1.11.19.jar","/home/jbergqvist/.m2/repository/org/objenesis/objenesis/3.2/objenesis-3.2.jar","/home/jbergqvist/.m2/repository/org/openjdk/jmh/jmh-core/1.33/jmh-core-1.33.jar","/home/jbergqvist/.m2/repository/org/apache/commons/commons-math3/3.2/commons-math3-3.2.jar","/home/jbergqvist/.m2/repository/org/openjdk/jmh/jmh-generator-annprocess/1.33/jmh-generator-annprocess-1.33.jar","/home/jbergqvist/.m2/repository/org/xmlunit/xmlunit-core/2.8.3/xmlunit-core-2.8.3.jar","/home/jbergqvist/.m2/repository/jakarta/xml/bind/jakarta.xml.bind-api/2.3.3/jakarta.xml.bind-api-2.3.3.jar","/home/jbergqvist/.m2/repository/jakarta/activation/jakarta.activation-api/1.2.2/jakarta.activation-api-1.2.2.jar","/home/jbergqvist/.m2/repository/ch/qos/logback/logback-classic/1.2.9/logback-classic-1.2.9.jar","/home/jbergqvist/.m2/repository/ch/qos/logback/logback-core/1.2.9/logback-core-1.2.9.jar"],"complianceLevel":"1.8","productionSources":["/home/jbergqvist/diffblue/finos-messageml-utils/src/main/java"],"testSources":["/home/jbergqvist/diffblue/finos-messageml-utils/src/test/java"],"productionClasses":"/home/jbergqvist/diffblue/finos-messageml-utils/target/classes","testClasses":"/home/jbergqvist/diffblue/finos-messageml-utils/target/test-classes","sourceToBuildPathMap":null,"testSourceToBuildPathMap":null,"buildDirectory":"/home/jbergqvist/diffblue/finos-messageml-utils/target","plugins":[{"__type":"DefaultPlugin","groupId":"org.apache.maven.plugins","artefactId":"maven-surefire-plugin","version":"2.22.2","pluginClassName":null},{"__type":"DefaultPlugin","groupId":"org.apache.maven.plugins","artefactId":"maven-clean-plugin","version":"2.5","pluginClassName":null},{"__type":"DefaultPlugin","groupId":"org.apache.maven.plugins","artefactId":"maven-resources-plugin","version":"2.6","pluginClassName":null},{"__type":"DefaultPlugin","groupId":"org.apache.maven.plugins","artefactId":"maven-jar-plugin","version":"3.2.2","pluginClassName":null},{"__type":"DefaultPlugin","groupId":"org.apache.maven.plugins","artefactId":"maven-compiler-plugin","version":"3.1","pluginClassName":null},{"__type":"DefaultPlugin","groupId":"org.apache.maven.plugins","artefactId":"maven-install-plugin","version":"2.4","pluginClassName":null},{"__type":"DefaultPlugin","groupId":"org.apache.maven.plugins","artefactId":"maven-deploy-plugin","version":"3.0.0-M1","pluginClassName":null},{"__type":"DefaultPlugin","groupId":"org.apache.maven.plugins","artefactId":"maven-site-plugin","version":"3.3","pluginClassName":null}],"version":"3.8.4","encoding":"UTF-8","name":"maven","subModules":[],"simpleModuleName":null,"parentModuleName":null,"location":"/home/jbergqvist/diffblue/finos-messageml-utils","fullModuleName":"org.symphonyoss.symphony:messageml"}}
18:05:17.980 [INFO]   [Validating]  out: [INFO] ------------------------------------------------------------------------
18:05:17.981 [INFO]   [Validating]  out: [INFO] BUILD FAILURE
18:05:17.981 [INFO]   [Validating]  out: [INFO] ------------------------------------------------------------------------
18:05:17.981 [INFO]   [Validating]  out: [INFO] Total time:  9.398 s
18:05:17.981 [INFO]   [Validating]  out: [INFO] Finished at: 2026-01-09T18:05:17Z
18:05:17.981 [INFO]   [Validating]  out: [INFO] ------------------------------------------------------------------------
18:05:17.981 [INFO]   [Validating]  deserializing line [DIFFBLUE]{"__type":"com.diffblue.cover.buildsystem.model.ProjectInfoMessage","projectName":"org.symphonyoss.symphony:messageml","productionSources":["/home/jbergqvist/diffblue/finos-messageml-utils/src/main/java"],"testSources":["/home/jbergqvist/diffblue/finos-messageml-utils/src/test/java"],"location":"/home/jbergqvist/diffblue/finos-messageml-utils"}
18:05:17.981 [INFO]   [Validating]  out: [ERROR] Failed to execute goal org.apache.maven.plugins:maven-surefire-plugin:2.22.2:test (default-test) on project messageml: There are test failures.
18:05:17.981 [INFO]   [Validating]  out: [ERROR] 
18:05:17.981 [INFO]   [Validating]  out: [ERROR] Please refer to /home/jbergqvist/diffblue/finos-messageml-utils/target/surefire-reports for the individual test results.
18:05:17.981 [INFO]   [Validating]  out: [ERROR] Please refer to dump files (if any exist) [date].dump, [date]-jvmRun[N].dump and [date].dumpstream.
18:05:17.981 [INFO]   [Validating]  out: [ERROR] -> [Help 1]
18:05:17.981 [INFO]   [Validating]  out: [ERROR] 
18:05:17.981 [INFO]   [Validating]  out: [ERROR] To see the full stack trace of the errors, re-run Maven with the -e switch.
18:05:17.981 [INFO]   [Validating]  out: [ERROR] Re-run Maven using the -X switch to enable full debug logging.
18:05:17.981 [INFO]   [Validating]  out: [ERROR] 
18:05:17.981 [INFO]   [Validating]  out: [ERROR] For more information about the errors and possible solutions, please read the following articles:
18:05:17.981 [INFO]   [Validating]  out: [ERROR] [Help 1] http://cwiki.apache.org/confluence/display/MAVEN/MojoFailureException
18:05:18.051 [INFO]   [Validating]  maven:err process not stopped, joining thread
18:05:18.051 [INFO]   [Validating]  maven:out process not stopped, joining thread
18:05:19.061 [INFO]   [Validating]  Test execution failed, analyzing...
18:05:19.061 [INFO]   [Validating]  1 individual tests did not pass and were removed.
18:05:19.066 [INFO]   [Validating]    
18:05:19.066 [INFO]   [Validating]  Using default build rules as no custom rules found in any of [/home/jbergqvist/diffblue/finos-messageml-utils]
18:05:19.066 [INFO]   [Validating]  Attempting to invoke /home/jbergqvist/diffblue/finos-messageml-utils/mvnw in working directory: /home/jbergqvist/diffblue/finos-messageml-utils
18:05:19.067 [INFO]   [Validating]  Started "/home/jbergqvist/diffblue/finos-messageml-utils/mvnw -Dmaven.ext.class.path=/opt/cover/cover-buildsystem-maven-spy-jar-with-dependencies.jar -Dcom.diffblue.cover.skipTests=true -DskipTestOptimizer --batch-mode --projects=org.symphonyoss.symphony:messageml --global-settings=/home/jbergqvist/.sdkman/candidates/maven/current/conf/settings.xml clean test"
18:05:19.679 [INFO]   [Validating]  out: [INFO] Scanning for projects...
18:05:19.719 [INFO]   [Validating]  out: [INFO] 
18:05:19.719 [INFO]   [Validating]  out: [INFO] -----------------< org.symphonyoss.symphony:messageml >-----------------
18:05:19.719 [INFO]   [Validating]  out: [INFO] Building MessageML Utils 0.13.0
18:05:19.719 [INFO]   [Validating]  out: [INFO] --------------------------------[ jar ]---------------------------------
18:05:19.969 [INFO]   [Validating]  deserializing line [DIFFBLUE]{"__type":"com.diffblue.cover.buildsystem.model.DefaultEventMessage","project":"org.symphonyoss.symphony:messageml","goal":"clean","cause":null,"state":"STARTED"}
18:05:19.970 [INFO]   [Validating]  out: [INFO] 
18:05:19.970 [INFO]   [Validating]  out: [INFO] --- maven-clean-plugin:2.5:clean (default-clean) @ messageml ---
18:05:19.999 [INFO]   [Validating]  out: [INFO] Deleting /home/jbergqvist/diffblue/finos-messageml-utils/target
18:05:20.011 [INFO]   [Validating]  deserializing line [DIFFBLUE]{"__type":"com.diffblue.cover.buildsystem.model.DefaultEventMessage","project":"org.symphonyoss.symphony:messageml","goal":"clean","cause":null,"state":"SUCCESS"}
18:05:20.012 [INFO]   [Validating]  deserializing line [DIFFBLUE]{"__type":"com.diffblue.cover.buildsystem.model.DefaultEventMessage","project":"org.symphonyoss.symphony:messageml","goal":"resources","cause":null,"state":"STARTED"}
18:05:20.013 [INFO]   [Validating]  out: [INFO] 
18:05:20.013 [INFO]   [Validating]  out: [INFO] --- maven-resources-plugin:2.6:resources (default-resources) @ messageml ---
18:05:20.072 [INFO]   [Validating]  out: [INFO] Using 'UTF-8' encoding to copy filtered resources.
18:05:20.073 [INFO]   [Validating]  out: [INFO] Copying 1 resource
18:05:20.077 [INFO]   [Validating]  deserializing line [DIFFBLUE]{"__type":"com.diffblue.cover.buildsystem.model.DefaultEventMessage","project":"org.symphonyoss.symphony:messageml","goal":"resources","cause":null,"state":"SUCCESS"}
18:05:20.078 [INFO]   [Validating]  deserializing line [DIFFBLUE]{"__type":"com.diffblue.cover.buildsystem.model.DefaultEventMessage","project":"org.symphonyoss.symphony:messageml","goal":"compile","cause":null,"state":"STARTED"}
18:05:20.079 [INFO]   [Validating]  out: [INFO] 
18:05:20.079 [INFO]   [Validating]  out: [INFO] --- maven-compiler-plugin:3.1:compile (default-compile) @ messageml ---
18:05:20.176 [INFO]   [Validating]  out: [INFO] Changes detected - recompiling the module!
18:05:20.178 [INFO]   [Validating]  out: [INFO] Compiling 143 source files to /home/jbergqvist/diffblue/finos-messageml-utils/target/classes
18:05:22.467 [INFO]   [Validating]  deserializing line [DIFFBLUE]{"__type":"com.diffblue.cover.buildsystem.model.DefaultEventMessage","project":"org.symphonyoss.symphony:messageml","goal":"compile","cause":null,"state":"SUCCESS"}
18:05:22.469 [INFO]   [Validating]  deserializing line [DIFFBLUE]{"__type":"com.diffblue.cover.buildsystem.model.DefaultEventMessage","project":"org.symphonyoss.symphony:messageml","goal":"testResources","cause":null,"state":"STARTED"}
18:05:22.470 [INFO]   [Validating]  out: [INFO] 
18:05:22.470 [INFO]   [Validating]  out: [INFO] --- maven-resources-plugin:2.6:testResources (default-testResources) @ messageml ---
18:05:22.471 [INFO]   [Validating]  out: [INFO] Using 'UTF-8' encoding to copy filtered resources.
18:05:22.473 [INFO]   [Validating]  out: [INFO] Copying 36 resources
18:05:22.477 [INFO]   [Validating]  deserializing line [DIFFBLUE]{"__type":"com.diffblue.cover.buildsystem.model.DefaultEventMessage","project":"org.symphonyoss.symphony:messageml","goal":"testResources","cause":null,"state":"SUCCESS"}
18:05:22.479 [INFO]   [Validating]  deserializing line [DIFFBLUE]{"__type":"com.diffblue.cover.buildsystem.model.DefaultEventMessage","project":"org.symphonyoss.symphony:messageml","goal":"testCompile","cause":null,"state":"STARTED"}
18:05:22.480 [INFO]   [Validating]  out: [INFO] 
18:05:22.481 [INFO]   [Validating]  out: [INFO] --- maven-compiler-plugin:3.1:testCompile (default-testCompile) @ messageml ---
18:05:22.491 [INFO]   [Validating]  out: [INFO] Changes detected - recompiling the module!
18:05:22.492 [INFO]   [Validating]  out: [INFO] Compiling 189 source files to /home/jbergqvist/diffblue/finos-messageml-utils/target/test-classes
18:05:25.787 [INFO]   [Validating]  out: [WARNING] /home/jbergqvist/diffblue/finos-messageml-utils/src/test/java/org/symphonyoss/symphony/messageml/elements/ElementTest.java: Some input files use or override a deprecated API.
18:05:25.788 [INFO]   [Validating]  out: [WARNING] /home/jbergqvist/diffblue/finos-messageml-utils/src/test/java/org/symphonyoss/symphony/messageml/elements/ElementTest.java: Recompile with -Xlint:deprecation for details.
18:05:25.788 [INFO]   [Validating]  out: [WARNING] /home/jbergqvist/diffblue/finos-messageml-utils/src/test/java/org/symphonyoss/symphony/messageml/MessageMLContextTest.java: /home/jbergqvist/diffblue/finos-messageml-utils/src/test/java/org/symphonyoss/symphony/messageml/MessageMLContextTest.java uses unchecked or unsafe operations.
18:05:25.788 [INFO]   [Validating]  out: [WARNING] /home/jbergqvist/diffblue/finos-messageml-utils/src/test/java/org/symphonyoss/symphony/messageml/MessageMLContextTest.java: Recompile with -Xlint:unchecked for details.
18:05:25.789 [INFO]   [Validating]  deserializing line [DIFFBLUE]{"__type":"com.diffblue.cover.buildsystem.model.DefaultEventMessage","project":"org.symphonyoss.symphony:messageml","goal":"testCompile","cause":null,"state":"SUCCESS"}
18:05:25.790 [INFO]   [Validating]  deserializing line [DIFFBLUE]{"__type":"com.diffblue.cover.buildsystem.model.DefaultEventMessage","project":"org.symphonyoss.symphony:messageml","goal":"test","cause":null,"state":"STARTED"}
18:05:25.791 [INFO]   [Validating]  out: [INFO] 
18:05:25.792 [INFO]   [Validating]  out: [INFO] --- maven-surefire-plugin:2.22.2:test (default-test) @ messageml ---
18:05:25.939 [INFO]   [Validating]  out: [INFO] 
18:05:25.939 [INFO]   [Validating]  out: [INFO] -------------------------------------------------------
18:05:25.939 [INFO]   [Validating]  out: [INFO]  T E S T S
18:05:25.939 [INFO]   [Validating]  out: [INFO] -------------------------------------------------------
18:05:26.746 [INFO]   [Validating]  out: [INFO] Running org.symphonyoss.symphony.messageml.elements.form.DatePickerTest
18:05:26.986 [INFO]   [Validating]  out: 18:05:26.985 [main] WARN org.symphonyoss.symphony.messageml.bi.BiContext - Failed to extract the messageML library version.
18:05:27.074 [INFO]   [Validating]  out: [INFO] Tests run: 2, Failures: 0, Errors: 0, Skipped: 0, Time elapsed: 0.322 s - in org.symphonyoss.symphony.messageml.elements.form.DatePickerTest
18:05:27.075 [INFO]   [Validating]  out: [INFO] Running org.symphonyoss.symphony.messageml.elements.form.TextAreaTest
18:05:27.077 [INFO]   [Validating]  out: [INFO] Tests run: 2, Failures: 0, Errors: 0, Skipped: 0, Time elapsed: 0 s - in org.symphonyoss.symphony.messageml.elements.form.TextAreaTest
18:05:27.077 [INFO]   [Validating]  out: [INFO] Running org.symphonyoss.symphony.messageml.elements.form.CheckboxTest
18:05:27.086 [INFO]   [Validating]  out: [INFO] Tests run: 2, Failures: 0, Errors: 0, Skipped: 0, Time elapsed: 0.007 s - in org.symphonyoss.symphony.messageml.elements.form.CheckboxTest
18:05:27.086 [INFO]   [Validating]  out: [INFO] Running org.symphonyoss.symphony.messageml.elements.form.TimezonePickerTest
18:05:27.099 [INFO]   [Validating]  out: [INFO] Tests run: 2, Failures: 0, Errors: 0, Skipped: 0, Time elapsed: 0.012 s - in org.symphonyoss.symphony.messageml.elements.form.TimezonePickerTest
18:05:27.099 [INFO]   [Validating]  out: [INFO] Running org.symphonyoss.symphony.messageml.elements.form.RadioTest
18:05:27.105 [INFO]   [Validating]  out: [INFO] Tests run: 2, Failures: 0, Errors: 0, Skipped: 0, Time elapsed: 0.005 s - in org.symphonyoss.symphony.messageml.elements.form.RadioTest
18:05:27.105 [INFO]   [Validating]  out: [INFO] Running org.symphonyoss.symphony.messageml.elements.form.TextFieldTest
18:05:27.112 [INFO]   [Validating]  out: [INFO] Tests run: 3, Failures: 0, Errors: 0, Skipped: 0, Time elapsed: 0.006 s - in org.symphonyoss.symphony.messageml.elements.form.TextFieldTest
18:05:27.112 [INFO]   [Validating]  out: [INFO] Running org.symphonyoss.symphony.messageml.elements.form.TimePickerTest
18:05:27.119 [INFO]   [Validating]  out: [INFO] Tests run: 2, Failures: 0, Errors: 0, Skipped: 0, Time elapsed: 0.006 s - in org.symphonyoss.symphony.messageml.elements.form.TimePickerTest
18:05:27.119 [INFO]   [Validating]  out: [INFO] Running org.symphonyoss.symphony.messageml.elements.CodeLanguageTest
18:05:27.191 [INFO]   [Validating]  out: [INFO] Tests run: 61, Failures: 0, Errors: 0, Skipped: 0, Time elapsed: 0.068 s - in org.symphonyoss.symphony.messageml.elements.CodeLanguageTest
18:05:27.191 [INFO]   [Validating]  out: [INFO] Running org.symphonyoss.symphony.messageml.markdown.MarkdownParserTest
18:05:27.192 [INFO]   [Validating]  out: [INFO] Tests run: 1, Failures: 0, Errors: 0, Skipped: 0, Time elapsed: 0 s - in org.symphonyoss.symphony.messageml.markdown.MarkdownParserTest
18:05:27.200 [INFO]   [Validating]  out: [INFO] Running org.symphonyoss.symphony.entityjson.EntityJsonParserDiffblueTest
18:05:27.355 [INFO]   [Validating]  out: [INFO] Tests run: 10, Failures: 0, Errors: 0, Skipped: 0, Time elapsed: 0.154 s - in org.symphonyoss.symphony.entityjson.EntityJsonParserDiffblueTest
18:05:27.355 [INFO]   [Validating]  out: [INFO] Running org.symphonyoss.symphony.entityjson.NoSchemaExceptionDiffblueTest
18:05:27.572 [INFO]   [Validating]  out: [INFO] Tests run: 5, Failures: 0, Errors: 0, Skipped: 0, Time elapsed: 0.216 s - in org.symphonyoss.symphony.entityjson.NoSchemaExceptionDiffblueTest
18:05:27.572 [INFO]   [Validating]  out: [INFO] Running org.symphonyoss.symphony.entityjson.EntityJsonParserBuilderDiffblueTest
18:05:27.573 [INFO]   [Validating]  out: [INFO] Tests run: 1, Failures: 0, Errors: 0, Skipped: 0, Time elapsed: 0 s - in org.symphonyoss.symphony.entityjson.EntityJsonParserBuilderDiffblueTest
18:05:27.573 [INFO]   [Validating]  out: [INFO] Running org.symphonyoss.symphony.entityjson.TestValidSchemas
18:05:27.574 [INFO]   [Validating]  out: [WARNING] Tests run: 1, Failures: 0, Errors: 0, Skipped: 1, Time elapsed: 0 s - in org.symphonyoss.symphony.entityjson.TestValidSchemas
18:05:27.574 [INFO]   [Validating]  out: [INFO] Running org.symphonyoss.symphony.entityjson.StructuredObjectIdDiffblueTest
18:05:27.575 [INFO]   [Validating]  out: [INFO] Tests run: 1, Failures: 0, Errors: 0, Skipped: 0, Time elapsed: 0.001 s - in org.symphonyoss.symphony.entityjson.StructuredObjectIdDiffblueTest
18:05:27.575 [INFO]   [Validating]  out: [INFO] Running org.symphonyoss.symphony.entityjson.SchemaValidationExceptionDiffblueTest
18:05:27.577 [INFO]   [Validating]  out: [INFO] Tests run: 5, Failures: 0, Errors: 0, Skipped: 0, Time elapsed: 0.001 s - in org.symphonyoss.symphony.entityjson.SchemaValidationExceptionDiffblueTest
18:05:27.577 [INFO]   [Validating]  out: [INFO] Running org.symphonyoss.symphony.entityjson.UntrustedSchemaSourceExceptionDiffblueTest
18:05:27.578 [INFO]   [Validating]  out: [INFO] Tests run: 5, Failures: 0, Errors: 0, Skipped: 0, Time elapsed: 0 s - in org.symphonyoss.symphony.entityjson.UntrustedSchemaSourceExceptionDiffblueTest
18:05:27.578 [INFO]   [Validating]  out: [INFO] Running org.symphonyoss.symphony.entityjson.StructuredObjectDiffblueTest
18:05:27.871 [INFO]   [Validating]  out: [INFO] Tests run: 7, Failures: 0, Errors: 0, Skipped: 0, Time elapsed: 0.292 s - in org.symphonyoss.symphony.entityjson.StructuredObjectDiffblueTest
18:05:27.871 [INFO]   [Validating]  out: [INFO] Running org.symphonyoss.symphony.entityjson.TestInvalidSchemas
18:05:27.872 [INFO]   [Validating]  out: [WARNING] Tests run: 1, Failures: 0, Errors: 0, Skipped: 1, Time elapsed: 0 s - in org.symphonyoss.symphony.entityjson.TestInvalidSchemas
18:05:27.872 [INFO]   [Validating]  out: [INFO] Running org.symphonyoss.symphony.entityjson.EntityJsonURIDownloaderDiffblueTest
18:05:27.872 [INFO]   [Validating]  out: [INFO] Tests run: 1, Failures: 0, Errors: 0, Skipped: 0, Time elapsed: 0 s - in org.symphonyoss.symphony.entityjson.EntityJsonURIDownloaderDiffblueTest
18:05:27.872 [INFO]   [Validating]  out: [INFO] Running org.symphonyoss.symphony.entityjson.InvalidInstanceExceptionDiffblueTest
18:05:27.873 [INFO]   [Validating]  out: [INFO] Tests run: 5, Failures: 0, Errors: 0, Skipped: 0, Time elapsed: 0 s - in org.symphonyoss.symphony.entityjson.InvalidInstanceExceptionDiffblueTest
18:05:27.873 [INFO]   [Validating]  out: [INFO] Running org.symphonyoss.symphony.entityjson.EntityJsonDiffblueTest
18:05:27.874 [INFO]   [Validating]  out: [INFO] Tests run: 6, Failures: 0, Errors: 0, Skipped: 0, Time elapsed: 0 s - in org.symphonyoss.symphony.entityjson.EntityJsonDiffblueTest
18:05:27.874 [INFO]   [Validating]  out: [INFO] Running org.symphonyoss.symphony.entityjson.EntityJsonContextDiffblueTest
18:05:27.886 [INFO]   [Validating]  out: [INFO] Tests run: 6, Failures: 0, Errors: 0, Skipped: 0, Time elapsed: 0.012 s - in org.symphonyoss.symphony.entityjson.EntityJsonContextDiffblueTest
18:05:27.886 [INFO]   [Validating]  out: [INFO] Running org.symphonyoss.symphony.entityjson.InvalidSchemaExceptionDiffblueTest
18:05:27.887 [INFO]   [Validating]  out: [INFO] Tests run: 5, Failures: 0, Errors: 0, Skipped: 0, Time elapsed: 0 s - in org.symphonyoss.symphony.entityjson.InvalidSchemaExceptionDiffblueTest
18:05:27.887 [INFO]   [Validating]  out: [INFO] Running org.symphonyoss.symphony.messageml.bi.BiEventTypeDiffblueTest
18:05:27.888 [INFO]   [Validating]  out: [INFO] Tests run: 1, Failures: 0, Errors: 0, Skipped: 0, Time elapsed: 0 s - in org.symphonyoss.symphony.messageml.bi.BiEventTypeDiffblueTest
18:05:27.888 [INFO]   [Validating]  out: [INFO] Running org.symphonyoss.symphony.messageml.bi.BiContextTest
18:05:27.888 [INFO]   [Validating]  out: [INFO] Tests run: 6, Failures: 0, Errors: 0, Skipped: 0, Time elapsed: 0 s - in org.symphonyoss.symphony.messageml.bi.BiContextTest
18:05:27.888 [INFO]   [Validating]  out: [INFO] Running org.symphonyoss.symphony.messageml.bi.BiFieldsDiffblueTest
18:05:27.889 [INFO]   [Validating]  out: [INFO] Tests run: 1, Failures: 0, Errors: 0, Skipped: 0, Time elapsed: 0 s - in org.symphonyoss.symphony.messageml.bi.BiFieldsDiffblueTest
18:05:27.889 [INFO]   [Validating]  out: [INFO] Running org.symphonyoss.symphony.messageml.bi.BiContextDiffblueTest
18:05:27.889 [INFO]   [Validating]  out: 18:05:27.887 [main] WARN org.symphonyoss.symphony.messageml.bi.BiContext - Attribute count for element Item Name does not contain an integer value. The count will not be increased.
18:05:27.890 [INFO]   [Validating]  out: 18:05:27.890 [main] WARN org.symphonyoss.symphony.messageml.bi.BiContext - Attribute count for element Item Name does not contain an integer value. The count will not be increased.
18:05:27.890 [INFO]   [Validating]  out: 18:05:27.890 [main] WARN org.symphonyoss.symphony.messageml.bi.BiContext - Attribute count for element Item Name does not contain an integer value. The count will not be increased.
18:05:27.891 [INFO]   [Validating]  out: [INFO] Tests run: 32, Failures: 0, Errors: 0, Skipped: 0, Time elapsed: 0.001 s - in org.symphonyoss.symphony.messageml.bi.BiContextDiffblueTest
18:05:27.891 [INFO]   [Validating]  out: [INFO] Running org.symphonyoss.symphony.messageml.bi.BiItemDiffblueTest
18:05:27.892 [INFO]   [Validating]  out: [INFO] Tests run: 11, Failures: 0, Errors: 0, Skipped: 0, Time elapsed: 0 s - in org.symphonyoss.symphony.messageml.bi.BiItemDiffblueTest
18:05:27.892 [INFO]   [Validating]  out: [INFO] Running org.symphonyoss.symphony.messageml.bi.BiItemTest
18:05:27.892 [INFO]   [Validating]  out: 18:05:27.891 [main] WARN org.symphonyoss.symphony.messageml.bi.BiContext - Attribute attribute1 for element element1 does not contain an integer value. The count will not be increased.
18:05:27.892 [INFO]   [Validating]  out: 18:05:27.891 [main] WARN org.symphonyoss.symphony.messageml.bi.BiContext - Attribute attribute1 for element element1 does not contain an integer value. The count will not be increased.
18:05:27.893 [INFO]   [Validating]  out: [INFO] Tests run: 6, Failures: 0, Errors: 0, Skipped: 0, Time elapsed: 0 s - in org.symphonyoss.symphony.messageml.bi.BiItemTest
18:05:27.893 [INFO]   [Validating]  out: [INFO] Running org.symphonyoss.symphony.messageml.exceptions.InvalidInputExceptionDiffblueTest
18:05:27.893 [INFO]   [Validating]  out: [INFO] Tests run: 3, Failures: 0, Errors: 0, Skipped: 0, Time elapsed: 0 s - in org.symphonyoss.symphony.messageml.exceptions.InvalidInputExceptionDiffblueTest
18:05:27.893 [INFO]   [Validating]  out: [INFO] Running org.symphonyoss.symphony.messageml.exceptions.ProcessingExceptionDiffblueTest
18:05:27.894 [INFO]   [Validating]  out: [INFO] Tests run: 2, Failures: 0, Errors: 0, Skipped: 0, Time elapsed: 0 s - in org.symphonyoss.symphony.messageml.exceptions.ProcessingExceptionDiffblueTest
18:05:27.894 [INFO]   [Validating]  out: [INFO] Running org.symphonyoss.symphony.messageml.exceptions.MessageMLExceptionDiffblueTest
18:05:27.894 [INFO]   [Validating]  out: [INFO] Tests run: 2, Failures: 0, Errors: 0, Skipped: 0, Time elapsed: 0 s - in org.symphonyoss.symphony.messageml.exceptions.MessageMLExceptionDiffblueTest
18:05:27.895 [INFO]   [Validating]  out: [INFO] Running org.symphonyoss.symphony.messageml.MessageMLParserDiffblueTest
18:05:27.976 [INFO]   [Validating]  out: [INFO] Tests run: 78, Failures: 0, Errors: 0, Skipped: 0, Time elapsed: 0.08 s - in org.symphonyoss.symphony.messageml.MessageMLParserDiffblueTest
18:05:27.976 [INFO]   [Validating]  out: [INFO] Running org.symphonyoss.symphony.messageml.MessageMLContextTest
18:05:28.165 [INFO]   [Validating]  out: [INFO] Tests run: 59, Failures: 0, Errors: 0, Skipped: 0, Time elapsed: 0.187 s - in org.symphonyoss.symphony.messageml.MessageMLContextTest
18:05:28.166 [INFO]   [Validating]  out: [INFO] Running org.symphonyoss.symphony.messageml.MessageMLContextDiffblueTest
18:05:28.169 [INFO]   [Validating]  out: [INFO] Tests run: 17, Failures: 0, Errors: 0, Skipped: 0, Time elapsed: 0.002 s - in org.symphonyoss.symphony.messageml.MessageMLContextDiffblueTest
18:05:28.169 [INFO]   [Validating]  out: [INFO] Running org.symphonyoss.symphony.messageml.elements.DivTest
18:05:28.183 [INFO]   [Validating]  out: [INFO] Tests run: 19, Failures: 0, Errors: 0, Skipped: 0, Time elapsed: 0.013 s - in org.symphonyoss.symphony.messageml.elements.DivTest
18:05:28.183 [INFO]   [Validating]  out: [INFO] Running org.symphonyoss.symphony.messageml.elements.HorizontalRuleTest
18:05:28.191 [INFO]   [Validating]  out: [INFO] Tests run: 16, Failures: 0, Errors: 0, Skipped: 0, Time elapsed: 0.007 s - in org.symphonyoss.symphony.messageml.elements.HorizontalRuleTest
18:05:28.191 [INFO]   [Validating]  out: [INFO] Running org.symphonyoss.symphony.messageml.elements.form.ButtonTest
18:05:28.197 [INFO]   [Validating]  out: 18:05:28.197 [main] INFO org.symphonyoss.symphony.messageml.elements.Button - Button class cannot be a destructive one, replacing it accordingly.
18:05:28.198 [INFO]   [Validating]  out: 18:05:28.198 [main] INFO org.symphonyoss.symphony.messageml.elements.Button - Button class cannot be a destructive one, replacing it accordingly.
18:05:28.201 [INFO]   [Validating]  out: 18:05:28.201 [main] INFO org.symphonyoss.symphony.messageml.elements.Button - Button class cannot be a destructive one, replacing it accordingly.
18:05:28.201 [INFO]   [Validating]  out: 18:05:28.201 [main] INFO org.symphonyoss.symphony.messageml.elements.Button - Button class cannot be a destructive one, replacing it accordingly.
18:05:28.217 [INFO]   [Validating]  out: [INFO] Tests run: 37, Failures: 0, Errors: 0, Skipped: 0, Time elapsed: 0.025 s - in org.symphonyoss.symphony.messageml.elements.form.ButtonTest
18:05:28.218 [INFO]   [Validating]  out: [INFO] Running org.symphonyoss.symphony.messageml.elements.form.DatePickerTest
18:05:28.244 [INFO]   [Validating]  out: [INFO] Tests run: 31, Failures: 0, Errors: 0, Skipped: 0, Time elapsed: 0.024 s - in org.symphonyoss.symphony.messageml.elements.form.DatePickerTest
18:05:28.244 [INFO]   [Validating]  out: [INFO] Running org.symphonyoss.symphony.messageml.elements.form.TextAreaTest
18:05:28.261 [INFO]   [Validating]  out: [INFO] Tests run: 40, Failures: 0, Errors: 0, Skipped: 0, Time elapsed: 0.015 s - in org.symphonyoss.symphony.messageml.elements.form.TextAreaTest
18:05:28.261 [INFO]   [Validating]  out: [INFO] Running org.symphonyoss.symphony.messageml.elements.form.DateSelectorTest
18:05:28.270 [INFO]   [Validating]  out: [INFO] Tests run: 23, Failures: 0, Errors: 0, Skipped: 0, Time elapsed: 0.008 s - in org.symphonyoss.symphony.messageml.elements.form.DateSelectorTest
18:05:28.270 [INFO]   [Validating]  out: [INFO] Running org.symphonyoss.symphony.messageml.elements.form.CheckboxTest
18:05:28.290 [INFO]   [Validating]  out: [INFO] Tests run: 40, Failures: 0, Errors: 0, Skipped: 0, Time elapsed: 0.019 s - in org.symphonyoss.symphony.messageml.elements.form.CheckboxTest
18:05:28.291 [INFO]   [Validating]  out: [INFO] Running org.symphonyoss.symphony.messageml.elements.form.SelectOptionTest
18:05:28.312 [INFO]   [Validating]  out: [INFO] Tests run: 57, Failures: 0, Errors: 0, Skipped: 0, Time elapsed: 0.02 s - in org.symphonyoss.symphony.messageml.elements.form.SelectOptionTest
18:05:28.312 [INFO]   [Validating]  out: [INFO] Running org.symphonyoss.symphony.messageml.elements.form.FormTest
18:05:28.321 [INFO]   [Validating]  out: [INFO] Tests run: 24, Failures: 0, Errors: 0, Skipped: 0, Time elapsed: 0.007 s - in org.symphonyoss.symphony.messageml.elements.form.FormTest
18:05:28.321 [INFO]   [Validating]  out: [INFO] Running org.symphonyoss.symphony.messageml.elements.form.TimezonePickerTest
18:05:28.331 [INFO]   [Validating]  out: [INFO] Tests run: 23, Failures: 0, Errors: 0, Skipped: 0, Time elapsed: 0.009 s - in org.symphonyoss.symphony.messageml.elements.form.TimezonePickerTest
18:05:28.331 [INFO]   [Validating]  out: [INFO] Running org.symphonyoss.symphony.messageml.elements.form.PersonSelectorTest
18:05:28.341 [INFO]   [Validating]  out: [INFO] Tests run: 29, Failures: 0, Errors: 0, Skipped: 0, Time elapsed: 0.009 s - in org.symphonyoss.symphony.messageml.elements.form.PersonSelectorTest
18:05:28.341 [INFO]   [Validating]  out: [INFO] Running org.symphonyoss.symphony.messageml.elements.form.RadioTest
18:05:28.353 [INFO]   [Validating]  out: [INFO] Tests run: 38, Failures: 0, Errors: 0, Skipped: 0, Time elapsed: 0.01 s - in org.symphonyoss.symphony.messageml.elements.form.RadioTest
18:05:28.353 [INFO]   [Validating]  out: [INFO] Running org.symphonyoss.symphony.messageml.elements.form.TextFieldTest
18:05:28.366 [INFO]   [Validating]  out: [INFO] Tests run: 53, Failures: 0, Errors: 0, Skipped: 0, Time elapsed: 0.012 s - in org.symphonyoss.symphony.messageml.elements.form.TextFieldTest
18:05:28.366 [INFO]   [Validating]  out: [INFO] Running org.symphonyoss.symphony.messageml.elements.form.TimePickerTest
18:05:28.366 [INFO]   [Validating]  out: 18:05:28.365 [main] WARN org.symphonyoss.symphony.messageml.elements.Element - Attribute step for element TimePicker should be an integer value. The property will not be put in BI context.
18:05:28.372 [INFO]   [Validating]  out: 18:05:28.372 [main] WARN org.symphonyoss.symphony.messageml.elements.Element - Attribute step for element TimePicker should be an integer value. The property will not be put in BI context.
18:05:28.378 [INFO]   [Validating]  out: [INFO] Tests run: 35, Failures: 0, Errors: 0, Skipped: 0, Time elapsed: 0.011 s - in org.symphonyoss.symphony.messageml.elements.form.TimePickerTest
18:05:28.378 [INFO]   [Validating]  out: [INFO] Running org.symphonyoss.symphony.messageml.elements.form.RoomSelectorTest
18:05:28.387 [INFO]   [Validating]  out: [INFO] Tests run: 29, Failures: 0, Errors: 0, Skipped: 0, Time elapsed: 0.008 s - in org.symphonyoss.symphony.messageml.elements.form.RoomSelectorTest
18:05:28.387 [INFO]   [Validating]  out: [INFO] Running org.symphonyoss.symphony.messageml.elements.ListTest
18:05:28.394 [INFO]   [Validating]  out: [INFO] Tests run: 25, Failures: 0, Errors: 0, Skipped: 0, Time elapsed: 0.006 s - in org.symphonyoss.symphony.messageml.elements.ListTest
18:05:28.394 [INFO]   [Validating]  out: [INFO] Running org.symphonyoss.symphony.messageml.elements.SubscriptTest
18:05:28.398 [INFO]   [Validating]  out: [INFO] Tests run: 17, Failures: 0, Errors: 0, Skipped: 0, Time elapsed: 0.003 s - in org.symphonyoss.symphony.messageml.elements.SubscriptTest
18:05:28.398 [INFO]   [Validating]  out: [INFO] Running org.symphonyoss.symphony.messageml.elements.CodeDiffblueTest
18:05:28.399 [INFO]   [Validating]  out: 18:05:28.399 [main] WARN org.symphonyoss.symphony.messageml.bi.BiContext - Attribute count for element codes does not contain an integer value. The count will not be increased.
18:05:28.409 [INFO]   [Validating]  out: 18:05:28.408 [main] WARN org.symphonyoss.symphony.messageml.bi.BiContext - Attribute count for element codes does not contain an integer value. The count will not be increased.
18:05:28.412 [INFO]   [Validating]  out: [INFO] Tests run: 34, Failures: 0, Errors: 0, Skipped: 0, Time elapsed: 0.012 s - in org.symphonyoss.symphony.messageml.elements.CodeDiffblueTest
18:05:28.412 [INFO]   [Validating]  out: [INFO] Running org.symphonyoss.symphony.messageml.elements.HeaderDiffblueTest
18:05:28.412 [INFO]   [Validating]  out: 18:05:28.410 [main] WARN org.symphonyoss.symphony.messageml.bi.BiContext - Attribute count for element headers does not contain an integer value. The count will not be increased.
18:05:28.412 [INFO]   [Validating]  out: 18:05:28.411 [main] WARN org.symphonyoss.symphony.messageml.bi.BiContext - Attribute count for element headers does not contain an integer value. The count will not be increased.
18:05:28.413 [INFO]   [Validating]  out: [INFO] Tests run: 13, Failures: 0, Errors: 0, Skipped: 0, Time elapsed: 0 s - in org.symphonyoss.symphony.messageml.elements.HeaderDiffblueTest
18:05:28.413 [INFO]   [Validating]  out: [INFO] Running org.symphonyoss.symphony.messageml.elements.LabelableElementDiffblueTest
18:05:28.414 [INFO]   [Validating]  out: [INFO] Tests run: 6, Failures: 0, Errors: 0, Skipped: 0, Time elapsed: 0 s - in org.symphonyoss.symphony.messageml.elements.LabelableElementDiffblueTest
18:05:28.414 [INFO]   [Validating]  out: [INFO] Running org.symphonyoss.symphony.messageml.elements.TableDiffblueTest
18:05:28.414 [INFO]   [Validating]  out: 18:05:28.412 [main] WARN org.symphonyoss.symphony.messageml.bi.BiContext - Attribute count for element table_rows_max does not contain an integer value. The count will not be increased.
18:05:28.414 [INFO]   [Validating]  out: 18:05:28.412 [main] WARN org.symphonyoss.symphony.messageml.bi.BiContext - Attribute count for element tables does not contain an integer value. The count will not be increased.
18:05:28.414 [INFO]   [Validating]  out: 18:05:28.412 [main] WARN org.symphonyoss.symphony.messageml.bi.BiContext - Attribute count for element tables does not contain an integer value. The count will not be increased.
18:05:28.415 [INFO]   [Validating]  out: [INFO] Tests run: 13, Failures: 0, Errors: 0, Skipped: 0, Time elapsed: 0 s - in org.symphonyoss.symphony.messageml.elements.TableDiffblueTest
18:05:28.415 [INFO]   [Validating]  out: [INFO] Running org.symphonyoss.symphony.messageml.elements.SplittableElementDiffblueTest
18:05:28.416 [INFO]   [Validating]  out: [INFO] Tests run: 11, Failures: 0, Errors: 0, Skipped: 0, Time elapsed: 0 s - in org.symphonyoss.symphony.messageml.elements.SplittableElementDiffblueTest
18:05:28.417 [INFO]   [Validating]  out: [INFO] Running org.symphonyoss.symphony.messageml.elements.TooltipableElementDiffblueTest
18:05:28.417 [INFO]   [Validating]  out: [INFO] Tests run: 6, Failures: 0, Errors: 0, Skipped: 0, Time elapsed: 0 s - in org.symphonyoss.symphony.messageml.elements.TooltipableElementDiffblueTest
18:05:28.418 [INFO]   [Validating]  out: [INFO] Running org.symphonyoss.symphony.messageml.elements.PreformattedTest
18:05:28.421 [INFO]   [Validating]  out: [INFO] Tests run: 18, Failures: 0, Errors: 0, Skipped: 0, Time elapsed: 0.002 s - in org.symphonyoss.symphony.messageml.elements.PreformattedTest
18:05:28.421 [INFO]   [Validating]  out: [INFO] Running org.symphonyoss.symphony.messageml.elements.ParagraphTest
18:05:28.426 [INFO]   [Validating]  out: [INFO] Tests run: 16, Failures: 0, Errors: 0, Skipped: 0, Time elapsed: 0.003 s - in org.symphonyoss.symphony.messageml.elements.ParagraphTest
18:05:28.426 [INFO]   [Validating]  out: [INFO] Running org.symphonyoss.symphony.messageml.elements.ParagraphDiffblueTest
18:05:28.426 [INFO]   [Validating]  out: 18:05:28.425 [main] WARN org.symphonyoss.symphony.messageml.bi.BiContext - Attribute count for element paragraphs does not contain an integer value. The count will not be increased.
18:05:28.426 [INFO]   [Validating]  out: 18:05:28.425 [main] WARN org.symphonyoss.symphony.messageml.bi.BiContext - Attribute count for element paragraphs does not contain an integer value. The count will not be increased.
18:05:28.427 [INFO]   [Validating]  out: [INFO] Tests run: 10, Failures: 0, Errors: 0, Skipped: 0, Time elapsed: 0 s - in org.symphonyoss.symphony.messageml.elements.ParagraphDiffblueTest
18:05:28.427 [INFO]   [Validating]  out: [INFO] Running org.symphonyoss.symphony.messageml.elements.HashTagDiffblueTest
18:05:28.427 [INFO]   [Validating]  out: 18:05:28.426 [main] WARN org.symphonyoss.symphony.messageml.bi.BiContext - Attribute count for element hashtags does not contain an integer value. The count will not be increased.
18:05:28.427 [INFO]   [Validating]  out: 18:05:28.427 [main] WARN org.symphonyoss.symphony.messageml.bi.BiContext - Attribute count for element hashtags does not contain an integer value. The count will not be increased.
18:05:28.429 [INFO]   [Validating]  out: [INFO] Tests run: 20, Failures: 0, Errors: 0, Skipped: 0, Time elapsed: 0 s - in org.symphonyoss.symphony.messageml.elements.HashTagDiffblueTest
18:05:28.429 [INFO]   [Validating]  out: [INFO] Running org.symphonyoss.symphony.messageml.elements.TimePickerDiffblueTest
18:05:28.469 [INFO]   [Validating]  out: [INFO] Tests run: 17, Failures: 0, Errors: 0, Skipped: 0, Time elapsed: 0.039 s - in org.symphonyoss.symphony.messageml.elements.TimePickerDiffblueTest
18:05:28.469 [INFO]   [Validating]  out: [INFO] Running org.symphonyoss.symphony.messageml.elements.KeywordDiffblueTest
18:05:28.470 [INFO]   [Validating]  out: [INFO] Tests run: 15, Failures: 0, Errors: 0, Skipped: 0, Time elapsed: 0 s - in org.symphonyoss.symphony.messageml.elements.KeywordDiffblueTest
18:05:28.470 [INFO]   [Validating]  out: [INFO] Running org.symphonyoss.symphony.messageml.elements.RegexElementDiffblueTest
18:05:28.471 [INFO]   [Validating]  out: [INFO] Tests run: 3, Failures: 0, Errors: 0, Skipped: 0, Time elapsed: 0 s - in org.symphonyoss.symphony.messageml.elements.RegexElementDiffblueTest
18:05:28.471 [INFO]   [Validating]  out: [INFO] Running org.symphonyoss.symphony.messageml.elements.SpanDiffblueTest
18:05:28.471 [INFO]   [Validating]  out: 18:05:28.470 [main] WARN org.symphonyoss.symphony.messageml.bi.BiContext - Attribute count for element spans does not contain an integer value. The count will not be increased.
18:05:28.471 [INFO]   [Validating]  out: 18:05:28.470 [main] WARN org.symphonyoss.symphony.messageml.bi.BiContext - Attribute count for element spans does not contain an integer value. The count will not be increased.
18:05:28.472 [INFO]   [Validating]  out: [INFO] Tests run: 10, Failures: 0, Errors: 0, Skipped: 0, Time elapsed: 0 s - in org.symphonyoss.symphony.messageml.elements.SpanDiffblueTest
18:05:28.472 [INFO]   [Validating]  out: [INFO] Running org.symphonyoss.symphony.messageml.elements.CashTagDiffblueTest
18:05:28.472 [INFO]   [Validating]  out: 18:05:28.471 [main] WARN org.symphonyoss.symphony.messageml.bi.BiContext - Attribute count for element cashtags does not contain an integer value. The count will not be increased.
18:05:28.473 [INFO]   [Validating]  out: 18:05:28.471 [main] WARN org.symphonyoss.symphony.messageml.bi.BiContext - Attribute count for element cashtags does not contain an integer value. The count will not be increased.
18:05:28.474 [INFO]   [Validating]  out: [INFO] Tests run: 12, Failures: 0, Errors: 0, Skipped: 0, Time elapsed: 0.001 s - in org.symphonyoss.symphony.messageml.elements.CashTagDiffblueTest
18:05:28.474 [INFO]   [Validating]  out: [INFO] Running org.symphonyoss.symphony.messageml.elements.CashtagTest
18:05:28.480 [INFO]   [Validating]  out: [INFO] Tests run: 24, Failures: 0, Errors: 0, Skipped: 0, Time elapsed: 0.005 s - in org.symphonyoss.symphony.messageml.elements.CashtagTest
18:05:28.480 [INFO]   [Validating]  out: [INFO] Running org.symphonyoss.symphony.messageml.elements.ListItemTest
18:05:28.483 [INFO]   [Validating]  out: [INFO] Tests run: 14, Failures: 0, Errors: 0, Skipped: 0, Time elapsed: 0.002 s - in org.symphonyoss.symphony.messageml.elements.ListItemTest
18:05:28.483 [INFO]   [Validating]  out: [INFO] Running org.symphonyoss.symphony.messageml.elements.TableHeaderCellDiffblueTest
18:05:28.484 [INFO]   [Validating]  out: [INFO] Tests run: 3, Failures: 0, Errors: 0, Skipped: 0, Time elapsed: 0 s - in org.symphonyoss.symphony.messageml.elements.TableHeaderCellDiffblueTest
18:05:28.484 [INFO]   [Validating]  out: [INFO] Running org.symphonyoss.symphony.messageml.elements.MinMaxLengthElementDiffblueTest
18:05:28.485 [INFO]   [Validating]  out: [INFO] Tests run: 24, Failures: 0, Errors: 0, Skipped: 0, Time elapsed: 0 s - in org.symphonyoss.symphony.messageml.elements.MinMaxLengthElementDiffblueTest
18:05:28.485 [INFO]   [Validating]  out: [INFO] Running org.symphonyoss.symphony.messageml.elements.BulletListTest
18:05:28.488 [INFO]   [Validating]  out: [INFO] Tests run: 16, Failures: 0, Errors: 0, Skipped: 0, Time elapsed: 0.002 s - in org.symphonyoss.symphony.messageml.elements.BulletListTest
18:05:28.488 [INFO]   [Validating]  out: [INFO] Running org.symphonyoss.symphony.messageml.elements.ElementDiffblueTest
18:05:28.495 [INFO]   [Validating]  out: [INFO] Tests run: 66, Failures: 0, Errors: 0, Skipped: 0, Time elapsed: 0.005 s - in org.symphonyoss.symphony.messageml.elements.ElementDiffblueTest
18:05:28.495 [INFO]   [Validating]  out: [INFO] Running org.symphonyoss.symphony.messageml.elements.ListItemDiffblueTest
18:05:28.496 [INFO]   [Validating]  out: [INFO] Tests run: 4, Failures: 0, Errors: 0, Skipped: 0, Time elapsed: 0 s - in org.symphonyoss.symphony.messageml.elements.ListItemDiffblueTest
18:05:28.496 [INFO]   [Validating]  out: [INFO] Running org.symphonyoss.symphony.messageml.elements.LineBreakTest
18:05:28.499 [INFO]   [Validating]  out: [INFO] Tests run: 18, Failures: 0, Errors: 0, Skipped: 0, Time elapsed: 0.002 s - in org.symphonyoss.symphony.messageml.elements.LineBreakTest
18:05:28.500 [INFO]   [Validating]  out: [INFO] Running org.symphonyoss.symphony.messageml.elements.EmojiTest
18:05:28.505 [INFO]   [Validating]  out: [INFO] Tests run: 22, Failures: 0, Errors: 0, Skipped: 0, Time elapsed: 0.004 s - in org.symphonyoss.symphony.messageml.elements.EmojiTest
18:05:28.505 [INFO]   [Validating]  out: [INFO] Running org.symphonyoss.symphony.messageml.elements.SuperscriptTest
18:05:28.509 [INFO]   [Validating]  out: [INFO] Tests run: 17, Failures: 0, Errors: 0, Skipped: 0, Time elapsed: 0.003 s - in org.symphonyoss.symphony.messageml.elements.SuperscriptTest
18:05:28.509 [INFO]   [Validating]  out: [INFO] Running org.symphonyoss.symphony.messageml.elements.ExpandableCardHeaderDiffblueTest
18:05:28.512 [INFO]   [Validating]  out: [INFO] Tests run: 19, Failures: 0, Errors: 0, Skipped: 0, Time elapsed: 0.002 s - in org.symphonyoss.symphony.messageml.elements.ExpandableCardHeaderDiffblueTest
18:05:28.512 [INFO]   [Validating]  out: [INFO] Running org.symphonyoss.symphony.messageml.elements.ChimeTest
18:05:28.516 [INFO]   [Validating]  out: [INFO] Tests run: 21, Failures: 0, Errors: 0, Skipped: 0, Time elapsed: 0.003 s - in org.symphonyoss.symphony.messageml.elements.ChimeTest
18:05:28.516 [INFO]   [Validating]  out: [INFO] Running org.symphonyoss.symphony.messageml.elements.CardBodyDiffblueTest
18:05:28.518 [INFO]   [Validating]  out: [INFO] Tests run: 22, Failures: 0, Errors: 0, Skipped: 0, Time elapsed: 0.001 s - in org.symphonyoss.symphony.messageml.elements.CardBodyDiffblueTest
18:05:28.518 [INFO]   [Validating]  out: [INFO] Running org.symphonyoss.symphony.messageml.elements.OrderedListTest
18:05:28.522 [INFO]   [Validating]  out: [INFO] Tests run: 16, Failures: 0, Errors: 0, Skipped: 0, Time elapsed: 0.003 s - in org.symphonyoss.symphony.messageml.elements.OrderedListTest
18:05:28.522 [INFO]   [Validating]  out: [INFO] Running org.symphonyoss.symphony.messageml.elements.RadioDiffblueTest
18:05:28.524 [INFO]   [Validating]  out: [INFO] Tests run: 13, Failures: 0, Errors: 0, Skipped: 0, Time elapsed: 0.001 s - in org.symphonyoss.symphony.messageml.elements.RadioDiffblueTest
18:05:28.524 [INFO]   [Validating]  out: [INFO] Running org.symphonyoss.symphony.messageml.elements.ImageTest
18:05:28.528 [INFO]   [Validating]  out: [INFO] Tests run: 18, Failures: 0, Errors: 0, Skipped: 0, Time elapsed: 0.003 s - in org.symphonyoss.symphony.messageml.elements.ImageTest
18:05:28.528 [INFO]   [Validating]  out: [INFO] Running org.symphonyoss.symphony.messageml.elements.PreformattedDiffblueTest
18:05:28.528 [INFO]   [Validating]  out: 18:05:28.528 [main] WARN org.symphonyoss.symphony.messageml.bi.BiContext - Attribute count for element pres does not contain an integer value. The count will not be increased.
18:05:28.528 [INFO]   [Validating]  out: 18:05:28.528 [main] WARN org.symphonyoss.symphony.messageml.bi.BiContext - Attribute count for element pres does not contain an integer value. The count will not be increased.
18:05:28.530 [INFO]   [Validating]  out: [INFO] Tests run: 18, Failures: 0, Errors: 0, Skipped: 0, Time elapsed: 0.001 s - in org.symphonyoss.symphony.messageml.elements.PreformattedDiffblueTest
18:05:28.530 [INFO]   [Validating]  out: [INFO] Running org.symphonyoss.symphony.messageml.elements.SelectDiffblueTest
18:05:28.531 [INFO]   [Validating]  out: [INFO] Tests run: 9, Failures: 0, Errors: 0, Skipped: 0, Time elapsed: 0 s - in org.symphonyoss.symphony.messageml.elements.SelectDiffblueTest
18:05:28.531 [INFO]   [Validating]  out: [INFO] Running org.symphonyoss.symphony.messageml.elements.CardDiffblueTest
18:05:28.531 [INFO]   [Validating]  out: 18:05:28.531 [main] WARN org.symphonyoss.symphony.messageml.bi.BiContext - Attribute count for element cards does not contain an integer value. The count will not be increased.
18:05:28.531 [INFO]   [Validating]  out: 18:05:28.531 [main] WARN org.symphonyoss.symphony.messageml.bi.BiContext - Attribute count for element cards does not contain an integer value. The count will not be increased.
18:05:28.533 [INFO]   [Validating]  out: [INFO] Tests run: 26, Failures: 0, Errors: 0, Skipped: 0, Time elapsed: 0.001 s - in org.symphonyoss.symphony.messageml.elements.CardDiffblueTest
18:05:28.533 [INFO]   [Validating]  out: [INFO] Running org.symphonyoss.symphony.messageml.elements.LinkDiffblueTest
18:05:28.533 [INFO]   [Validating]  out: 18:05:28.533 [main] WARN org.symphonyoss.symphony.messageml.bi.BiContext - Attribute count for element links does not contain an integer value. The count will not be increased.
18:05:28.533 [INFO]   [Validating]  out: 18:05:28.533 [main] WARN org.symphonyoss.symphony.messageml.bi.BiContext - Attribute count for element links does not contain an integer value. The count will not be increased.
18:05:28.542 [INFO]   [Validating]  out: [INFO] Tests run: 32, Failures: 0, Errors: 0, Skipped: 0, Time elapsed: 0.008 s - in org.symphonyoss.symphony.messageml.elements.LinkDiffblueTest
18:05:28.542 [INFO]   [Validating]  out: [INFO] Running org.symphonyoss.symphony.messageml.elements.TableBodyDiffblueTest
18:05:28.543 [INFO]   [Validating]  out: [INFO] Tests run: 4, Failures: 0, Errors: 0, Skipped: 0, Time elapsed: 0 s - in org.symphonyoss.symphony.messageml.elements.TableBodyDiffblueTest
18:05:28.543 [INFO]   [Validating]  out: [INFO] Running org.symphonyoss.symphony.messageml.elements.FormElementDiffblueTest
18:05:28.544 [INFO]   [Validating]  out: [INFO] Tests run: 6, Failures: 0, Errors: 0, Skipped: 0, Time elapsed: 0 s - in org.symphonyoss.symphony.messageml.elements.FormElementDiffblueTest
18:05:28.544 [INFO]   [Validating]  out: [INFO] Running org.symphonyoss.symphony.messageml.elements.MessageMLDiffblueTest
18:05:28.577 [INFO]   [Validating]  out: [INFO] Tests run: 43, Failures: 0, Errors: 0, Skipped: 0, Time elapsed: 0.032 s - in org.symphonyoss.symphony.messageml.elements.MessageMLDiffblueTest
18:05:28.577 [INFO]   [Validating]  out: [INFO] Running org.symphonyoss.symphony.messageml.elements.TableCellDiffblueTest
18:05:28.578 [INFO]   [Validating]  out: [INFO] Tests run: 4, Failures: 0, Errors: 0, Skipped: 0, Time elapsed: 0 s - in org.symphonyoss.symphony.messageml.elements.TableCellDiffblueTest
18:05:28.578 [INFO]   [Validating]  out: [INFO] Running org.symphonyoss.symphony.messageml.elements.TableFooterDiffblueTest
18:05:28.578 [INFO]   [Validating]  out: 18:05:28.576 [main] WARN org.symphonyoss.symphony.messageml.bi.BiContext - Attribute count for element table_footers does not contain an integer value. The count will not be increased.
18:05:28.578 [INFO]   [Validating]  out: 18:05:28.577 [main] WARN org.symphonyoss.symphony.messageml.bi.BiContext - Attribute count for element table_footers does not contain an integer value. The count will not be increased.
18:05:28.579 [INFO]   [Validating]  out: [INFO] Tests run: 10, Failures: 0, Errors: 0, Skipped: 0, Time elapsed: 0 s - in org.symphonyoss.symphony.messageml.elements.TableFooterDiffblueTest
18:05:28.579 [INFO]   [Validating]  out: [INFO] Running org.symphonyoss.symphony.messageml.elements.EmojiDiffblueTest
18:05:28.579 [INFO]   [Validating]  out: 18:05:28.578 [main] WARN org.symphonyoss.symphony.messageml.bi.BiContext - Attribute count for element emojis does not contain an integer value. The count will not be increased.
18:05:28.579 [INFO]   [Validating]  out: 18:05:28.578 [main] WARN org.symphonyoss.symphony.messageml.bi.BiContext - Attribute count for element emojis does not contain an integer value. The count will not be increased.
18:05:28.582 [INFO]   [Validating]  out: [INFO] Tests run: 42, Failures: 0, Errors: 0, Skipped: 0, Time elapsed: 0.002 s - in org.symphonyoss.symphony.messageml.elements.EmojiDiffblueTest
18:05:28.582 [INFO]   [Validating]  out: [INFO] Running org.symphonyoss.symphony.messageml.elements.TimezonePickerDiffblueTest
18:05:28.586 [INFO]   [Validating]  out: [INFO] Tests run: 19, Failures: 0, Errors: 0, Skipped: 0, Time elapsed: 0.003 s - in org.symphonyoss.symphony.messageml.elements.TimezonePickerDiffblueTest
18:05:28.586 [INFO]   [Validating]  out: [INFO] Running org.symphonyoss.symphony.messageml.elements.CodeTest
18:05:28.586 [INFO]   [Validating]  out: <div data-format="PresentationML" data-version="2.0">This is code:<code>val message: String = &quot;Hello world&quot;
18:05:28.586 [INFO]   [Validating]  out: println message</code><br/>This is text</div>
18:05:28.596 [INFO]   [Validating]  out: [INFO] Tests run: 33, Failures: 0, Errors: 0, Skipped: 0, Time elapsed: 0.009 s - in org.symphonyoss.symphony.messageml.elements.CodeTest
18:05:28.596 [INFO]   [Validating]  out: [INFO] Running org.symphonyoss.symphony.messageml.elements.UIActionTest
18:05:28.608 [INFO]   [Validating]  out: [INFO] Tests run: 42, Failures: 0, Errors: 0, Skipped: 0, Time elapsed: 0.011 s - in org.symphonyoss.symphony.messageml.elements.UIActionTest
18:05:28.608 [INFO]   [Validating]  out: [INFO] Running org.symphonyoss.symphony.messageml.elements.TableHeaderDiffblueTest
18:05:28.608 [INFO]   [Validating]  out: 18:05:28.607 [main] WARN org.symphonyoss.symphony.messageml.bi.BiContext - Attribute count for element table_headers does not contain an integer value. The count will not be increased.
18:05:28.608 [INFO]   [Validating]  out: 18:05:28.607 [main] WARN org.symphonyoss.symphony.messageml.bi.BiContext - Attribute count for element table_headers does not contain an integer value. The count will not be increased.
18:05:28.609 [INFO]   [Validating]  out: [INFO] Tests run: 10, Failures: 0, Errors: 0, Skipped: 0, Time elapsed: 0 s - in org.symphonyoss.symphony.messageml.elements.TableHeaderDiffblueTest
18:05:28.609 [INFO]   [Validating]  out: [INFO] Running org.symphonyoss.symphony.messageml.elements.EntityDiffblueTest
18:05:28.610 [INFO]   [Validating]  out: [INFO] Tests run: 6, Failures: 0, Errors: 0, Skipped: 0, Time elapsed: 0 s - in org.symphonyoss.symphony.messageml.elements.EntityDiffblueTest
18:05:28.610 [INFO]   [Validating]  out: [INFO] Running org.symphonyoss.symphony.messageml.elements.FormDiffblueTest
18:05:28.614 [INFO]   [Validating]  out: [INFO] Tests run: 25, Failures: 0, Errors: 0, Skipped: 0, Time elapsed: 0.003 s - in org.symphonyoss.symphony.messageml.elements.FormDiffblueTest
18:05:28.614 [INFO]   [Validating]  out: [INFO] Running org.symphonyoss.symphony.messageml.elements.DateSelectorDiffblueTest
18:05:28.619 [INFO]   [Validating]  out: [INFO] Tests run: 14, Failures: 0, Errors: 0, Skipped: 0, Time elapsed: 0.004 s - in org.symphonyoss.symphony.messageml.elements.DateSelectorDiffblueTest
18:05:28.619 [INFO]   [Validating]  out: [INFO] Running org.symphonyoss.symphony.messageml.elements.RoomSelectorDiffblueTest
18:05:28.623 [INFO]   [Validating]  out: [INFO] Tests run: 15, Failures: 0, Errors: 0, Skipped: 0, Time elapsed: 0.003 s - in org.symphonyoss.symphony.messageml.elements.RoomSelectorDiffblueTest
18:05:28.623 [INFO]   [Validating]  out: [INFO] Running org.symphonyoss.symphony.messageml.elements.CardTest
18:05:28.630 [INFO]   [Validating]  out: [INFO] Tests run: 22, Failures: 0, Errors: 0, Skipped: 0, Time elapsed: 0.006 s - in org.symphonyoss.symphony.messageml.elements.CardTest
18:05:28.630 [INFO]   [Validating]  out: [INFO] Running org.symphonyoss.symphony.messageml.elements.MentionDiffblueTest
18:05:28.630 [INFO]   [Validating]  out: 18:05:28.629 [main] WARN org.symphonyoss.symphony.messageml.bi.BiContext - Attribute count for element mentions does not contain an integer value. The count will not be increased.
18:05:28.631 [INFO]   [Validating]  out: 18:05:28.631 [main] WARN org.symphonyoss.symphony.messageml.bi.BiContext - Attribute count for element mentions does not contain an integer value. The count will not be increased.
18:05:28.633 [INFO]   [Validating]  out: [INFO] Tests run: 26, Failures: 0, Errors: 0, Skipped: 0, Time elapsed: 0.002 s - in org.symphonyoss.symphony.messageml.elements.MentionDiffblueTest
18:05:28.633 [INFO]   [Validating]  out: [INFO] Running org.symphonyoss.symphony.messageml.elements.SuperscriptDiffblueTest
18:05:28.634 [INFO]   [Validating]  out: [INFO] Tests run: 2, Failures: 0, Errors: 0, Skipped: 0, Time elapsed: 0 s - in org.symphonyoss.symphony.messageml.elements.SuperscriptDiffblueTest
18:05:28.634 [INFO]   [Validating]  out: [INFO] Running org.symphonyoss.symphony.messageml.elements.OptionDiffblueTest
18:05:28.635 [INFO]   [Validating]  out: [INFO] Tests run: 4, Failures: 0, Errors: 0, Skipped: 0, Time elapsed: 0 s - in org.symphonyoss.symphony.messageml.elements.OptionDiffblueTest
18:05:28.635 [INFO]   [Validating]  out: [INFO] Running org.symphonyoss.symphony.messageml.elements.ExpandableCardBodyDiffblueTest
18:05:28.636 [INFO]   [Validating]  out: [INFO] Tests run: 19, Failures: 0, Errors: 0, Skipped: 0, Time elapsed: 0 s - in org.symphonyoss.symphony.messageml.elements.ExpandableCardBodyDiffblueTest
18:05:28.636 [INFO]   [Validating]  out: [INFO] Running org.symphonyoss.symphony.messageml.elements.DialogDiffblueTest
18:05:28.636 [INFO]   [Validating]  out: 18:05:28.636 [main] WARN org.symphonyoss.symphony.messageml.bi.BiContext - Attribute count for element popups does not contain an integer value. The count will not be increased.
18:05:28.637 [INFO]   [Validating]  out: 18:05:28.637 [main] WARN org.symphonyoss.symphony.messageml.bi.BiContext - Attribute count for element popups does not contain an integer value. The count will not be increased.
18:05:28.639 [INFO]   [Validating]  out: [INFO] Tests run: 37, Failures: 0, Errors: 0, Skipped: 0, Time elapsed: 0.003 s - in org.symphonyoss.symphony.messageml.elements.DialogDiffblueTest
18:05:28.639 [INFO]   [Validating]  out: [INFO] Running org.symphonyoss.symphony.messageml.elements.HorizontalRuleDiffblueTest
18:05:28.640 [INFO]   [Validating]  out: [INFO] Tests run: 8, Failures: 0, Errors: 0, Skipped: 0, Time elapsed: 0 s - in org.symphonyoss.symphony.messageml.elements.HorizontalRuleDiffblueTest
18:05:28.640 [INFO]   [Validating]  out: [INFO] Running org.symphonyoss.symphony.messageml.elements.BoldDiffblueTest
18:05:28.640 [INFO]   [Validating]  out: [INFO] Tests run: 5, Failures: 0, Errors: 0, Skipped: 0, Time elapsed: 0 s - in org.symphonyoss.symphony.messageml.elements.BoldDiffblueTest
18:05:28.640 [INFO]   [Validating]  out: [INFO] Running org.symphonyoss.symphony.messageml.elements.ExpandableCardTest
18:05:28.647 [INFO]   [Validating]  out: [INFO] Tests run: 22, Failures: 0, Errors: 0, Skipped: 0, Time elapsed: 0.006 s - in org.symphonyoss.symphony.messageml.elements.ExpandableCardTest
18:05:28.647 [INFO]   [Validating]  out: [INFO] Running org.symphonyoss.symphony.messageml.elements.BoldTest
18:05:28.652 [INFO]   [Validating]  out: [INFO] Tests run: 18, Failures: 0, Errors: 0, Skipped: 0, Time elapsed: 0.004 s - in org.symphonyoss.symphony.messageml.elements.BoldTest
18:05:28.652 [INFO]   [Validating]  out: [INFO] Running org.symphonyoss.symphony.messageml.elements.HeaderTest
18:05:28.659 [INFO]   [Validating]  out: [INFO] Tests run: 19, Failures: 0, Errors: 0, Skipped: 0, Time elapsed: 0.006 s - in org.symphonyoss.symphony.messageml.elements.HeaderTest
18:05:28.659 [INFO]   [Validating]  out: [INFO] Running org.symphonyoss.symphony.messageml.elements.TagDiffblueTest
18:05:28.667 [INFO]   [Validating]  out: 18:05:28.667 [main] WARN org.symphonyoss.symphony.messageml.bi.BiContext - Attribute count for element hashtags does not contain an integer value. The count will not be increased.
18:05:28.668 [INFO]   [Validating]  out: 18:05:28.668 [main] WARN org.symphonyoss.symphony.messageml.bi.BiContext - Attribute count for element hashtags does not contain an integer value. The count will not be increased.
18:05:28.670 [INFO]   [Validating]  out: [INFO] Tests run: 34, Failures: 0, Errors: 0, Skipped: 0, Time elapsed: 0.01 s - in org.symphonyoss.symphony.messageml.elements.TagDiffblueTest
18:05:28.670 [INFO]   [Validating]  out: [INFO] Running org.symphonyoss.symphony.messageml.elements.TableTest
18:05:28.679 [INFO]   [Validating]  out: [INFO] Tests run: 35, Failures: 0, Errors: 0, Skipped: 0, Time elapsed: 0.008 s - in org.symphonyoss.symphony.messageml.elements.TableTest
18:05:28.679 [INFO]   [Validating]  out: [INFO] Running org.symphonyoss.symphony.messageml.elements.TableRowDiffblueTest
18:05:28.679 [INFO]   [Validating]  out: 18:05:28.679 [main] WARN org.symphonyoss.symphony.messageml.bi.BiContext - Attribute count for element table_columns_max does not contain an integer value. The count will not be increased.
18:05:28.680 [INFO]   [Validating]  out: [INFO] Tests run: 11, Failures: 0, Errors: 0, Skipped: 0, Time elapsed: 0 s - in org.symphonyoss.symphony.messageml.elements.TableRowDiffblueTest
18:05:28.680 [INFO]   [Validating]  out: [INFO] Running org.symphonyoss.symphony.messageml.elements.DivDiffblueTest
18:05:28.680 [INFO]   [Validating]  out: 18:05:28.679 [main] WARN org.symphonyoss.symphony.messageml.bi.BiContext - Attribute count for element divs does not contain an integer value. The count will not be increased.
18:05:28.680 [INFO]   [Validating]  out: 18:05:28.680 [main] WARN org.symphonyoss.symphony.messageml.bi.BiContext - Attribute count for element divs does not contain an integer value. The count will not be increased.
18:05:28.681 [INFO]   [Validating]  out: [INFO] Tests run: 11, Failures: 0, Errors: 0, Skipped: 0, Time elapsed: 0 s - in org.symphonyoss.symphony.messageml.elements.DivDiffblueTest
18:05:28.681 [INFO]   [Validating]  out: [INFO] Running org.symphonyoss.symphony.messageml.elements.CheckboxDiffblueTest
18:05:28.683 [INFO]   [Validating]  out: [INFO] Tests run: 13, Failures: 0, Errors: 0, Skipped: 0, Time elapsed: 0.001 s - in org.symphonyoss.symphony.messageml.elements.CheckboxDiffblueTest
18:05:28.683 [INFO]   [Validating]  out: [INFO] Running org.symphonyoss.symphony.messageml.elements.CardHeaderDiffblueTest
18:05:28.685 [INFO]   [Validating]  out: [INFO] Tests run: 22, Failures: 0, Errors: 0, Skipped: 0, Time elapsed: 0.001 s - in org.symphonyoss.symphony.messageml.elements.CardHeaderDiffblueTest
18:05:28.685 [INFO]   [Validating]  out: [INFO] Running org.symphonyoss.symphony.messageml.elements.ElementTest
18:05:28.689 [INFO]   [Validating]  out: [INFO] Tests run: 13, Failures: 0, Errors: 0, Skipped: 0, Time elapsed: 0.003 s - in org.symphonyoss.symphony.messageml.elements.ElementTest
18:05:28.689 [INFO]   [Validating]  out: [INFO] Running org.symphonyoss.symphony.messageml.elements.OrderedListDiffblueTest
18:05:28.689 [INFO]   [Validating]  out: 18:05:28.688 [main] WARN org.symphonyoss.symphony.messageml.bi.BiContext - Attribute count for element lists does not contain an integer value. The count will not be increased.
18:05:28.689 [INFO]   [Validating]  out: 18:05:28.689 [main] WARN org.symphonyoss.symphony.messageml.bi.BiContext - Attribute count for element lists does not contain an integer value. The count will not be increased.
18:05:28.690 [INFO]   [Validating]  out: [INFO] Tests run: 10, Failures: 0, Errors: 0, Skipped: 0, Time elapsed: 0 s - in org.symphonyoss.symphony.messageml.elements.OrderedListDiffblueTest
18:05:28.690 [INFO]   [Validating]  out: [INFO] Running org.symphonyoss.symphony.messageml.elements.DatePickerDiffblueTest
18:05:28.693 [INFO]   [Validating]  out: [INFO] Tests run: 16, Failures: 0, Errors: 0, Skipped: 0, Time elapsed: 0.002 s - in org.symphonyoss.symphony.messageml.elements.DatePickerDiffblueTest
18:05:28.693 [INFO]   [Validating]  out: [INFO] Running org.symphonyoss.symphony.messageml.elements.ChimeDiffblueTest
18:05:28.693 [INFO]   [Validating]  out: 18:05:28.692 [main] WARN org.symphonyoss.symphony.messageml.bi.BiContext - Attribute count for element chimes does not contain an integer value. The count will not be increased.
18:05:28.693 [INFO]   [Validating]  out: 18:05:28.693 [main] WARN org.symphonyoss.symphony.messageml.bi.BiContext - Attribute count for element chimes does not contain an integer value. The count will not be increased.
18:05:28.694 [INFO]   [Validating]  out: [INFO] Tests run: 17, Failures: 0, Errors: 0, Skipped: 0, Time elapsed: 0 s - in org.symphonyoss.symphony.messageml.elements.ChimeDiffblueTest
18:05:28.694 [INFO]   [Validating]  out: [INFO] Running org.symphonyoss.symphony.messageml.elements.LinkTest
18:05:28.700 [INFO]   [Validating]  out: [INFO] Tests run: 23, Failures: 0, Errors: 0, Skipped: 0, Time elapsed: 0.005 s - in org.symphonyoss.symphony.messageml.elements.LinkTest
18:05:28.700 [INFO]   [Validating]  out: [INFO] Running org.symphonyoss.symphony.messageml.elements.LineBreakDiffblueTest
18:05:28.700 [INFO]   [Validating]  out: 18:05:28.700 [main] WARN org.symphonyoss.symphony.messageml.bi.BiContext - Attribute count for element linebreaks does not contain an integer value. The count will not be increased.
18:05:28.700 [INFO]   [Validating]  out: 18:05:28.700 [main] WARN org.symphonyoss.symphony.messageml.bi.BiContext - Attribute count for element linebreaks does not contain an integer value. The count will not be increased.
18:05:28.701 [INFO]   [Validating]  out: [INFO] Tests run: 14, Failures: 0, Errors: 0, Skipped: 0, Time elapsed: 0 s - in org.symphonyoss.symphony.messageml.elements.LineBreakDiffblueTest
18:05:28.701 [INFO]   [Validating]  out: [INFO] Running org.symphonyoss.symphony.messageml.elements.TagTest
18:05:28.717 [INFO]   [Validating]  out: [INFO] Tests run: 17, Failures: 0, Errors: 0, Skipped: 0, Time elapsed: 0.015 s - in org.symphonyoss.symphony.messageml.elements.TagTest
18:05:28.717 [INFO]   [Validating]  out: [INFO] Running org.symphonyoss.symphony.messageml.elements.StylesDiffblueTest
18:05:28.717 [INFO]   [Validating]  out: [INFO] Tests run: 4, Failures: 0, Errors: 0, Skipped: 0, Time elapsed: 0 s - in org.symphonyoss.symphony.messageml.elements.StylesDiffblueTest
18:05:28.717 [INFO]   [Validating]  out: [INFO] Running org.symphonyoss.symphony.messageml.elements.TextFieldDiffblueTest
18:05:28.722 [INFO]   [Validating]  out: [INFO] Tests run: 27, Failures: 0, Errors: 0, Skipped: 0, Time elapsed: 0.004 s - in org.symphonyoss.symphony.messageml.elements.TextFieldDiffblueTest
18:05:28.722 [INFO]   [Validating]  out: [INFO] Running org.symphonyoss.symphony.messageml.elements.ItalicDiffblueTest
18:05:28.723 [INFO]   [Validating]  out: [INFO] Tests run: 5, Failures: 0, Errors: 0, Skipped: 0, Time elapsed: 0 s - in org.symphonyoss.symphony.messageml.elements.ItalicDiffblueTest
18:05:28.723 [INFO]   [Validating]  out: [INFO] Running org.symphonyoss.symphony.messageml.elements.ExpandableCardDiffblueTest
18:05:28.724 [INFO]   [Validating]  out: [INFO] Tests run: 19, Failures: 0, Errors: 0, Skipped: 0, Time elapsed: 0.001 s - in org.symphonyoss.symphony.messageml.elements.ExpandableCardDiffblueTest
18:05:28.724 [INFO]   [Validating]  out: [INFO] Running org.symphonyoss.symphony.messageml.elements.HashtagTest
18:05:28.733 [INFO]   [Validating]  out: [INFO] Tests run: 25, Failures: 0, Errors: 0, Skipped: 0, Time elapsed: 0.008 s - in org.symphonyoss.symphony.messageml.elements.HashtagTest
18:05:28.733 [INFO]   [Validating]  out: [INFO] Running org.symphonyoss.symphony.messageml.elements.PersonSelectorDiffblueTest
18:05:28.737 [INFO]   [Validating]  out: [INFO] Tests run: 15, Failures: 0, Errors: 0, Skipped: 0, Time elapsed: 0.003 s - in org.symphonyoss.symphony.messageml.elements.PersonSelectorDiffblueTest
18:05:28.737 [INFO]   [Validating]  out: [INFO] Running org.symphonyoss.symphony.messageml.elements.TextNodeDiffblueTest
18:05:28.738 [INFO]   [Validating]  out: [INFO] Tests run: 11, Failures: 0, Errors: 0, Skipped: 0, Time elapsed: 0 s - in org.symphonyoss.symphony.messageml.elements.TextNodeDiffblueTest
18:05:28.738 [INFO]   [Validating]  out: [INFO] Running org.symphonyoss.symphony.messageml.elements.StylesTest
18:05:28.742 [INFO]   [Validating]  out: [INFO] Tests run: 17, Failures: 0, Errors: 0, Skipped: 0, Time elapsed: 0.003 s - in org.symphonyoss.symphony.messageml.elements.StylesTest
18:05:28.742 [INFO]   [Validating]  out: [INFO] Running org.symphonyoss.symphony.messageml.elements.ItalicTest
18:05:28.750 [INFO]   [Validating]  out: [INFO] Tests run: 17, Failures: 0, Errors: 0, Skipped: 0, Time elapsed: 0.007 s - in org.symphonyoss.symphony.messageml.elements.ItalicTest
18:05:28.750 [INFO]   [Validating]  out: [INFO] Running org.symphonyoss.symphony.messageml.elements.MentionTest
18:05:28.767 [INFO]   [Validating]  out: [INFO] Tests run: 35, Failures: 0, Errors: 0, Skipped: 0, Time elapsed: 0.016 s - in org.symphonyoss.symphony.messageml.elements.MentionTest
18:05:28.767 [INFO]   [Validating]  out: [INFO] Running org.symphonyoss.symphony.messageml.elements.DialogChildDiffblueTest
18:05:28.768 [INFO]   [Validating]  out: [INFO] Tests run: 20, Failures: 0, Errors: 0, Skipped: 0, Time elapsed: 0 s - in org.symphonyoss.symphony.messageml.elements.DialogChildDiffblueTest
18:05:28.768 [INFO]   [Validating]  out: [INFO] Running org.symphonyoss.symphony.messageml.elements.BulletListDiffblueTest
18:05:28.768 [INFO]   [Validating]  out: 18:05:28.768 [main] WARN org.symphonyoss.symphony.messageml.bi.BiContext - Attribute count for element lists does not contain an integer value. The count will not be increased.
18:05:28.768 [INFO]   [Validating]  out: 18:05:28.768 [main] WARN org.symphonyoss.symphony.messageml.bi.BiContext - Attribute count for element lists does not contain an integer value. The count will not be increased.
18:05:28.769 [INFO]   [Validating]  out: [INFO] Tests run: 10, Failures: 0, Errors: 0, Skipped: 0, Time elapsed: 0 s - in org.symphonyoss.symphony.messageml.elements.BulletListDiffblueTest
18:05:28.769 [INFO]   [Validating]  out: [INFO] Running org.symphonyoss.symphony.messageml.elements.DialogTest
18:05:28.778 [INFO]   [Validating]  out: [INFO] Tests run: 43, Failures: 0, Errors: 0, Skipped: 0, Time elapsed: 0.009 s - in org.symphonyoss.symphony.messageml.elements.DialogTest
18:05:28.778 [INFO]   [Validating]  out: [INFO] Running org.symphonyoss.symphony.messageml.elements.SpanTest
18:05:28.782 [INFO]   [Validating]  out: [INFO] Tests run: 17, Failures: 0, Errors: 0, Skipped: 0, Time elapsed: 0.004 s - in org.symphonyoss.symphony.messageml.elements.SpanTest
18:05:28.782 [INFO]   [Validating]  out: [INFO] Running org.symphonyoss.symphony.messageml.elements.ButtonDiffblueTest
18:05:28.785 [INFO]   [Validating]  out: [INFO] Tests run: 24, Failures: 0, Errors: 0, Skipped: 0, Time elapsed: 0.002 s - in org.symphonyoss.symphony.messageml.elements.ButtonDiffblueTest
18:05:28.785 [INFO]   [Validating]  out: [INFO] Running org.symphonyoss.symphony.messageml.elements.SubscriptDiffblueTest
18:05:28.785 [INFO]   [Validating]  out: [INFO] Tests run: 2, Failures: 0, Errors: 0, Skipped: 0, Time elapsed: 0 s - in org.symphonyoss.symphony.messageml.elements.SubscriptDiffblueTest
18:05:28.785 [INFO]   [Validating]  out: [INFO] Running org.symphonyoss.symphony.messageml.elements.GroupedElementDiffblueTest
18:05:28.789 [INFO]   [Validating]  out: [INFO] Tests run: 14, Failures: 0, Errors: 0, Skipped: 0, Time elapsed: 0.003 s - in org.symphonyoss.symphony.messageml.elements.GroupedElementDiffblueTest
18:05:28.789 [INFO]   [Validating]  out: [INFO] Running org.symphonyoss.symphony.messageml.elements.TextAreaDiffblueTest
18:05:28.791 [INFO]   [Validating]  out: [INFO] Tests run: 17, Failures: 0, Errors: 0, Skipped: 0, Time elapsed: 0.001 s - in org.symphonyoss.symphony.messageml.elements.TextAreaDiffblueTest
18:05:28.791 [INFO]   [Validating]  out: [INFO] Running org.symphonyoss.symphony.messageml.elements.ImageDiffblueTest
18:05:28.791 [INFO]   [Validating]  out: 18:05:28.790 [main] WARN org.symphonyoss.symphony.messageml.bi.BiContext - Attribute count for element images does not contain an integer value. The count will not be increased.
18:05:28.791 [INFO]   [Validating]  out: 18:05:28.790 [main] WARN org.symphonyoss.symphony.messageml.bi.BiContext - Attribute count for element images does not contain an integer value. The count will not be increased.
18:05:28.792 [INFO]   [Validating]  out: [INFO] Tests run: 12, Failures: 0, Errors: 0, Skipped: 0, Time elapsed: 0 s - in org.symphonyoss.symphony.messageml.elements.ImageDiffblueTest
18:05:28.792 [INFO]   [Validating]  out: [INFO] Running org.symphonyoss.symphony.messageml.elements.UIActionDiffblueTest
18:05:28.794 [INFO]   [Validating]  out: [INFO] Tests run: 20, Failures: 0, Errors: 0, Skipped: 0, Time elapsed: 0.001 s - in org.symphonyoss.symphony.messageml.elements.UIActionDiffblueTest
18:05:28.794 [INFO]   [Validating]  out: [INFO] Running org.symphonyoss.symphony.messageml.util.EmojiShortcodeToUnicodeDiffblueTest
18:05:28.794 [INFO]   [Validating]  out: [INFO] Tests run: 2, Failures: 0, Errors: 0, Skipped: 0, Time elapsed: 0 s - in org.symphonyoss.symphony.messageml.util.EmojiShortcodeToUnicodeDiffblueTest
18:05:28.794 [INFO]   [Validating]  out: [INFO] Running org.symphonyoss.symphony.messageml.util.IndentedPrintStreamTest
18:05:28.797 [INFO]   [Validating]  out: [INFO] Tests run: 53, Failures: 0, Errors: 0, Skipped: 0, Time elapsed: 0.002 s - in org.symphonyoss.symphony.messageml.util.IndentedPrintStreamTest
18:05:28.797 [INFO]   [Validating]  out: [INFO] Running org.symphonyoss.symphony.messageml.util.TagAttributesDiffblueTest
18:05:28.798 [INFO]   [Validating]  out: [INFO] Tests run: 1, Failures: 0, Errors: 0, Skipped: 0, Time elapsed: 0 s - in org.symphonyoss.symphony.messageml.util.TagAttributesDiffblueTest
18:05:28.798 [INFO]   [Validating]  out: [INFO] Running org.symphonyoss.symphony.messageml.util.IndentedPrintStreamDiffblueTest
18:05:28.811 [INFO]   [Validating]  out: [INFO] Tests run: 376, Failures: 0, Errors: 0, Skipped: 0, Time elapsed: 0.011 s - in org.symphonyoss.symphony.messageml.util.IndentedPrintStreamDiffblueTest
18:05:28.811 [INFO]   [Validating]  out: [INFO] Running org.symphonyoss.symphony.messageml.util.instrument.resolver.ProviderIdDiffblueTest
18:05:28.812 [INFO]   [Validating]  out: [INFO] Tests run: 2, Failures: 0, Errors: 0, Skipped: 0, Time elapsed: 0 s - in org.symphonyoss.symphony.messageml.util.instrument.resolver.ProviderIdDiffblueTest
18:05:28.812 [INFO]   [Validating]  out: [INFO] Running org.symphonyoss.symphony.messageml.util.instrument.resolver.MarketSectorDiffblueTest
18:05:28.812 [INFO]   [Validating]  out: [INFO] Tests run: 3, Failures: 0, Errors: 0, Skipped: 0, Time elapsed: 0 s - in org.symphonyoss.symphony.messageml.util.instrument.resolver.MarketSectorDiffblueTest
18:05:28.812 [INFO]   [Validating]  out: [INFO] Running org.symphonyoss.symphony.messageml.util.instrument.resolver.InstrumentDiffblueTest
18:05:28.812 [INFO]   [Validating]  out: [INFO] Tests run: 1, Failures: 0, Errors: 0, Skipped: 0, Time elapsed: 0 s - in org.symphonyoss.symphony.messageml.util.instrument.resolver.InstrumentDiffblueTest
18:05:28.812 [INFO]   [Validating]  out: [INFO] Running org.symphonyoss.symphony.messageml.util.instrument.resolver.InstrumentKindDiffblueTest
18:05:28.813 [INFO]   [Validating]  out: [INFO] Tests run: 3, Failures: 0, Errors: 0, Skipped: 0, Time elapsed: 0 s - in org.symphonyoss.symphony.messageml.util.instrument.resolver.InstrumentKindDiffblueTest
18:05:28.813 [INFO]   [Validating]  out: [INFO] Running org.symphonyoss.symphony.messageml.util.XmlPrintStreamDiffblueTest
18:05:28.815 [INFO]   [Validating]  out: [INFO] Tests run: 109, Failures: 0, Errors: 0, Skipped: 0, Time elapsed: 0.001 s - in org.symphonyoss.symphony.messageml.util.XmlPrintStreamDiffblueTest
18:05:28.815 [INFO]   [Validating]  out: [INFO] Running org.symphonyoss.symphony.messageml.util.XMLAttributeDiffblueTest
18:05:28.815 [INFO]   [Validating]  out: [INFO] Tests run: 3, Failures: 0, Errors: 0, Skipped: 0, Time elapsed: 0 s - in org.symphonyoss.symphony.messageml.util.XMLAttributeDiffblueTest
18:05:28.815 [INFO]   [Validating]  out: [INFO] Running org.symphonyoss.symphony.messageml.util.NoOpDataProviderDiffblueTest
18:05:28.816 [INFO]   [Validating]  out: [INFO] Tests run: 3, Failures: 0, Errors: 0, Skipped: 0, Time elapsed: 0 s - in org.symphonyoss.symphony.messageml.util.NoOpDataProviderDiffblueTest
18:05:28.816 [INFO]   [Validating]  out: [INFO] Running org.symphonyoss.symphony.messageml.util.AlignedBlockDiffblueTest
18:05:28.816 [INFO]   [Validating]  out: [INFO] Tests run: 23, Failures: 0, Errors: 0, Skipped: 0, Time elapsed: 0 s - in org.symphonyoss.symphony.messageml.util.AlignedBlockDiffblueTest
18:05:28.816 [INFO]   [Validating]  out: [INFO] Running org.symphonyoss.symphony.messageml.util.CountedOutputStreamTest
18:05:28.817 [INFO]   [Validating]  out: [INFO] Tests run: 5, Failures: 0, Errors: 0, Skipped: 0, Time elapsed: 0 s - in org.symphonyoss.symphony.messageml.util.CountedOutputStreamTest
18:05:28.817 [INFO]   [Validating]  out: [INFO] Running org.symphonyoss.symphony.messageml.util.pojo.TimeIntervalDiffblueTest
18:05:28.818 [INFO]   [Validating]  out: [INFO] Tests run: 13, Failures: 0, Errors: 0, Skipped: 0, Time elapsed: 0.001 s - in org.symphonyoss.symphony.messageml.util.pojo.TimeIntervalDiffblueTest
18:05:28.818 [INFO]   [Validating]  out: [INFO] Running org.symphonyoss.symphony.messageml.util.pojo.DateIntervalDiffblueTest
18:05:28.819 [INFO]   [Validating]  out: [INFO] Tests run: 16, Failures: 0, Errors: 0, Skipped: 0, Time elapsed: 0.001 s - in org.symphonyoss.symphony.messageml.util.pojo.DateIntervalDiffblueTest
18:05:28.819 [INFO]   [Validating]  out: [INFO] Running org.symphonyoss.symphony.messageml.util.NullDataProviderDiffblueTest
18:05:28.820 [INFO]   [Validating]  out: [INFO] Tests run: 3, Failures: 0, Errors: 0, Skipped: 0, Time elapsed: 0 s - in org.symphonyoss.symphony.messageml.util.NullDataProviderDiffblueTest
18:05:28.820 [INFO]   [Validating]  out: [INFO] Running org.symphonyoss.symphony.messageml.util.CountedOutputStreamDiffblueTest
18:05:28.828 [INFO]   [Validating]  out: [INFO] Tests run: 14, Failures: 0, Errors: 0, Skipped: 0, Time elapsed: 0.008 s - in org.symphonyoss.symphony.messageml.util.CountedOutputStreamDiffblueTest
18:05:28.828 [INFO]   [Validating]  out: [INFO] Running org.symphonyoss.symphony.messageml.markdown.nodes.EmojiNodeDiffblueTest
18:05:28.829 [INFO]   [Validating]  out: [INFO] Tests run: 4, Failures: 0, Errors: 0, Skipped: 0, Time elapsed: 0 s - in org.symphonyoss.symphony.messageml.markdown.nodes.EmojiNodeDiffblueTest
18:05:28.829 [INFO]   [Validating]  out: [INFO] Running org.symphonyoss.symphony.messageml.markdown.nodes.form.TextFieldNodeDiffblueTest
18:05:28.829 [INFO]   [Validating]  out: [INFO] Tests run: 2, Failures: 0, Errors: 0, Skipped: 0, Time elapsed: 0 s - in org.symphonyoss.symphony.messageml.markdown.nodes.form.TextFieldNodeDiffblueTest
18:05:28.829 [INFO]   [Validating]  out: [INFO] Running org.symphonyoss.symphony.messageml.markdown.nodes.form.TimezonePickerNodeDiffblueTest
18:05:28.830 [INFO]   [Validating]  out: [INFO] Tests run: 2, Failures: 0, Errors: 0, Skipped: 0, Time elapsed: 0 s - in org.symphonyoss.symphony.messageml.markdown.nodes.form.TimezonePickerNodeDiffblueTest
18:05:28.830 [INFO]   [Validating]  out: [INFO] Running org.symphonyoss.symphony.messageml.markdown.nodes.form.RoomSelectorNodeDiffblueTest
18:05:28.830 [INFO]   [Validating]  out: [INFO] Tests run: 2, Failures: 0, Errors: 0, Skipped: 0, Time elapsed: 0 s - in org.symphonyoss.symphony.messageml.markdown.nodes.form.RoomSelectorNodeDiffblueTest
18:05:28.830 [INFO]   [Validating]  out: [INFO] Running org.symphonyoss.symphony.messageml.markdown.nodes.form.FormNodeDiffblueTest
18:05:28.831 [INFO]   [Validating]  out: [INFO] Tests run: 1, Failures: 0, Errors: 0, Skipped: 0, Time elapsed: 0 s - in org.symphonyoss.symphony.messageml.markdown.nodes.form.FormNodeDiffblueTest
18:05:28.831 [INFO]   [Validating]  out: [INFO] Running org.symphonyoss.symphony.messageml.markdown.nodes.form.OptionNodeDiffblueTest
18:05:28.831 [INFO]   [Validating]  out: [INFO] Tests run: 1, Failures: 0, Errors: 0, Skipped: 0, Time elapsed: 0 s - in org.symphonyoss.symphony.messageml.markdown.nodes.form.OptionNodeDiffblueTest
18:05:28.831 [INFO]   [Validating]  out: [INFO] Running org.symphonyoss.symphony.messageml.markdown.nodes.form.FormElementNodeDiffblueTest
18:05:28.831 [INFO]   [Validating]  out: [INFO] Tests run: 4, Failures: 0, Errors: 0, Skipped: 0, Time elapsed: 0 s - in org.symphonyoss.symphony.messageml.markdown.nodes.form.FormElementNodeDiffblueTest
18:05:28.831 [INFO]   [Validating]  out: [INFO] Running org.symphonyoss.symphony.messageml.markdown.nodes.form.PlaceholderLabelTooltipNodeDiffblueTest
18:05:28.832 [INFO]   [Validating]  out: [INFO] Tests run: 2, Failures: 0, Errors: 0, Skipped: 0, Time elapsed: 0 s - in org.symphonyoss.symphony.messageml.markdown.nodes.form.PlaceholderLabelTooltipNodeDiffblueTest
18:05:28.832 [INFO]   [Validating]  out: [INFO] Running org.symphonyoss.symphony.messageml.markdown.nodes.form.DatePickerNodeDiffblueTest
18:05:28.832 [INFO]   [Validating]  out: [INFO] Tests run: 2, Failures: 0, Errors: 0, Skipped: 0, Time elapsed: 0 s - in org.symphonyoss.symphony.messageml.markdown.nodes.form.DatePickerNodeDiffblueTest
18:05:28.832 [INFO]   [Validating]  out: [INFO] Running org.symphonyoss.symphony.messageml.markdown.nodes.form.SelectNodeDiffblueTest
18:05:28.833 [INFO]   [Validating]  out: [INFO] Tests run: 4, Failures: 0, Errors: 0, Skipped: 0, Time elapsed: 0 s - in org.symphonyoss.symphony.messageml.markdown.nodes.form.SelectNodeDiffblueTest
18:05:28.833 [INFO]   [Validating]  out: [INFO] Running org.symphonyoss.symphony.messageml.markdown.nodes.form.PersonSelectorNodeDiffblueTest
18:05:28.833 [INFO]   [Validating]  out: [INFO] Tests run: 2, Failures: 0, Errors: 0, Skipped: 0, Time elapsed: 0 s - in org.symphonyoss.symphony.messageml.markdown.nodes.form.PersonSelectorNodeDiffblueTest
18:05:28.833 [INFO]   [Validating]  out: [INFO] Running org.symphonyoss.symphony.messageml.markdown.nodes.form.TextAreaNodeDiffblueTest
18:05:28.834 [INFO]   [Validating]  out: [INFO] Tests run: 2, Failures: 0, Errors: 0, Skipped: 0, Time elapsed: 0 s - in org.symphonyoss.symphony.messageml.markdown.nodes.form.TextAreaNodeDiffblueTest
18:05:28.834 [INFO]   [Validating]  out: [INFO] Running org.symphonyoss.symphony.messageml.markdown.nodes.form.TimePickerNodeDiffblueTest
18:05:28.834 [INFO]   [Validating]  out: [INFO] Tests run: 2, Failures: 0, Errors: 0, Skipped: 0, Time elapsed: 0 s - in org.symphonyoss.symphony.messageml.markdown.nodes.form.TimePickerNodeDiffblueTest
18:05:28.834 [INFO]   [Validating]  out: [INFO] Running org.symphonyoss.symphony.messageml.markdown.nodes.form.RadioNodeDiffblueTest
18:05:28.835 [INFO]   [Validating]  out: [INFO] Tests run: 5, Failures: 0, Errors: 0, Skipped: 0, Time elapsed: 0 s - in org.symphonyoss.symphony.messageml.markdown.nodes.form.RadioNodeDiffblueTest
18:05:28.835 [INFO]   [Validating]  out: [INFO] Running org.symphonyoss.symphony.messageml.markdown.nodes.form.CheckboxNodeDiffblueTest
18:05:28.836 [INFO]   [Validating]  out: [INFO] Tests run: 5, Failures: 0, Errors: 0, Skipped: 0, Time elapsed: 0 s - in org.symphonyoss.symphony.messageml.markdown.nodes.form.CheckboxNodeDiffblueTest
18:05:28.836 [INFO]   [Validating]  out: [INFO] Running org.symphonyoss.symphony.messageml.markdown.nodes.form.ButtonNodeDiffblueTest
18:05:28.837 [INFO]   [Validating]  out: [INFO] Tests run: 1, Failures: 0, Errors: 0, Skipped: 0, Time elapsed: 0 s - in org.symphonyoss.symphony.messageml.markdown.nodes.form.ButtonNodeDiffblueTest
18:05:28.837 [INFO]   [Validating]  out: [INFO] Running org.symphonyoss.symphony.messageml.markdown.nodes.form.DialogNodeDiffblueTest
18:05:28.837 [INFO]   [Validating]  out: [INFO] Tests run: 2, Failures: 0, Errors: 0, Skipped: 0, Time elapsed: 0 s - in org.symphonyoss.symphony.messageml.markdown.nodes.form.DialogNodeDiffblueTest
18:05:28.837 [INFO]   [Validating]  out: [INFO] Running org.symphonyoss.symphony.messageml.markdown.nodes.form.DateSelectorNodeDiffblueTest
18:05:28.838 [INFO]   [Validating]  out: [INFO] Tests run: 3, Failures: 0, Errors: 0, Skipped: 0, Time elapsed: 0 s - in org.symphonyoss.symphony.messageml.markdown.nodes.form.DateSelectorNodeDiffblueTest
18:05:28.838 [INFO]   [Validating]  out: [INFO] Running org.symphonyoss.symphony.messageml.markdown.nodes.TableRowNodeDiffblueTest
18:05:28.838 [INFO]   [Validating]  out: [INFO] Tests run: 1, Failures: 0, Errors: 0, Skipped: 0, Time elapsed: 0 s - in org.symphonyoss.symphony.messageml.markdown.nodes.TableRowNodeDiffblueTest
18:05:28.838 [INFO]   [Validating]  out: [INFO] Running org.symphonyoss.symphony.messageml.markdown.nodes.TagNodeDiffblueTest
18:05:28.839 [INFO]   [Validating]  out: [INFO] Tests run: 1, Failures: 0, Errors: 0, Skipped: 0, Time elapsed: 0 s - in org.symphonyoss.symphony.messageml.markdown.nodes.TagNodeDiffblueTest
18:05:28.839 [INFO]   [Validating]  out: [INFO] Running org.symphonyoss.symphony.messageml.markdown.nodes.TableNodeDiffblueTest
18:05:28.839 [INFO]   [Validating]  out: [INFO] Tests run: 1, Failures: 0, Errors: 0, Skipped: 0, Time elapsed: 0 s - in org.symphonyoss.symphony.messageml.markdown.nodes.TableNodeDiffblueTest
18:05:28.839 [INFO]   [Validating]  out: [INFO] Running org.symphonyoss.symphony.messageml.markdown.nodes.PreformattedNodeDiffblueTest
18:05:28.840 [INFO]   [Validating]  out: [INFO] Tests run: 1, Failures: 0, Errors: 0, Skipped: 0, Time elapsed: 0 s - in org.symphonyoss.symphony.messageml.markdown.nodes.PreformattedNodeDiffblueTest
18:05:28.840 [INFO]   [Validating]  out: [INFO] Running org.symphonyoss.symphony.messageml.markdown.nodes.TableCellNodeDiffblueTest
18:05:28.840 [INFO]   [Validating]  out: [INFO] Tests run: 1, Failures: 0, Errors: 0, Skipped: 0, Time elapsed: 0 s - in org.symphonyoss.symphony.messageml.markdown.nodes.TableCellNodeDiffblueTest
18:05:28.840 [INFO]   [Validating]  out: [INFO] Running org.symphonyoss.symphony.messageml.markdown.nodes.KeywordNodeDiffblueTest
18:05:28.841 [INFO]   [Validating]  out: [INFO] Tests run: 1, Failures: 0, Errors: 0, Skipped: 0, Time elapsed: 0 s - in org.symphonyoss.symphony.messageml.markdown.nodes.KeywordNodeDiffblueTest
18:05:28.841 [INFO]   [Validating]  out: [INFO] Running org.symphonyoss.symphony.messageml.markdown.nodes.MentionNodeDiffblueTest
18:05:28.841 [INFO]   [Validating]  out: [INFO] Tests run: 5, Failures: 0, Errors: 0, Skipped: 0, Time elapsed: 0 s - in org.symphonyoss.symphony.messageml.markdown.nodes.MentionNodeDiffblueTest
18:05:28.841 [INFO]   [Validating]  out: [INFO] Running org.symphonyoss.symphony.messageml.markdown.EntityDelimiterProcessorDiffblueTest
18:05:28.845 [INFO]   [Validating]  out: [INFO] Tests run: 5, Failures: 0, Errors: 0, Skipped: 0, Time elapsed: 0.003 s - in org.symphonyoss.symphony.messageml.markdown.EntityDelimiterProcessorDiffblueTest
18:05:28.845 [INFO]   [Validating]  out: [INFO] Running org.symphonyoss.symphony.messageml.markdown.MarkdownParserDiffblueTest
18:05:28.856 [INFO]   [Validating]  out: [INFO] Tests run: 137, Failures: 0, Errors: 0, Skipped: 0, Time elapsed: 0.009 s - in org.symphonyoss.symphony.messageml.markdown.MarkdownParserDiffblueTest
18:05:28.856 [INFO]   [Validating]  out: [INFO] Running org.symphonyoss.symphony.messageml.markdown.MarkdownRendererDiffblueTest
18:05:28.877 [INFO]   [Validating]  out: [INFO] Tests run: 156, Failures: 0, Errors: 0, Skipped: 0, Time elapsed: 0.019 s - in org.symphonyoss.symphony.messageml.markdown.MarkdownRendererDiffblueTest
18:05:29.259 [INFO]   [Validating]  out: [INFO] 
18:05:29.259 [INFO]   [Validating]  out: [INFO] Results:
18:05:29.259 [INFO]   [Validating]  out: [INFO] 
18:05:29.259 [INFO]   [Validating]  out: [WARNING] Tests run: 3526, Failures: 0, Errors: 0, Skipped: 2
18:05:29.259 [INFO]   [Validating]  out: [INFO] 
18:05:29.263 [INFO]   [Validating]  deserializing line [DIFFBLUE]{"__type":"com.diffblue.cover.buildsystem.model.DefaultEventMessage","project":"org.symphonyoss.symphony:messageml","goal":"test","cause":null,"state":"SUCCESS"}
18:05:29.286 [INFO]   [Validating]  deserializing line [DIFFBLUE]{"__type":"com.diffblue.cover.buildsystem.model.DefaultProjectModuleMessage","project":{"__type":"DefaultProjectModule","junitReport":["/home/jbergqvist/diffblue/finos-messageml-utils/target/surefire-reports"],"jacocoReport":["/home/jbergqvist/diffblue/finos-messageml-utils/target/site/jacoco/jacoco.xml"],"jacocoDestFile":["/home/jbergqvist/diffblue/finos-messageml-utils/target/jacoco.exec"],"jacocoFormats":["xml"],"jacocoSkipped":false,"classpath":["/home/jbergqvist/diffblue/finos-messageml-utils/target/classes","/home/jbergqvist/.m2/repository/org/projectlombok/lombok/1.18.42/lombok-1.18.42.jar","/home/jbergqvist/.m2/repository/com/github/java-json-tools/json-schema-validator/2.2.14/json-schema-validator-2.2.14.jar","/home/jbergqvist/.m2/repository/com/github/java-json-tools/jackson-coreutils-equivalence/1.0/jackson-coreutils-equivalence-1.0.jar","/home/jbergqvist/.m2/repository/com/github/java-json-tools/jackson-coreutils/2.0/jackson-coreutils-2.0.jar","/home/jbergqvist/.m2/repository/com/github/java-json-tools/msg-simple/1.2/msg-simple-1.2.jar","/home/jbergqvist/.m2/repository/com/github/java-json-tools/btf/1.3/btf-1.3.jar","/home/jbergqvist/.m2/repository/com/github/java-json-tools/json-schema-core/1.2.14/json-schema-core-1.2.14.jar","/home/jbergqvist/.m2/repository/com/github/java-json-tools/uri-template/0.10/uri-template-0.10.jar","/home/jbergqvist/.m2/repository/com/sun/mail/mailapi/1.6.2/mailapi-1.6.2.jar","/home/jbergqvist/.m2/repository/joda-time/joda-time/2.10.5/joda-time-2.10.5.jar","/home/jbergqvist/.m2/repository/com/googlecode/libphonenumber/libphonenumber/8.11.1/libphonenumber-8.11.1.jar","/home/jbergqvist/.m2/repository/com/google/code/findbugs/jsr305/3.0.2/jsr305-3.0.2.jar","/home/jbergqvist/.m2/repository/net/sf/jopt-simple/jopt-simple/5.0.4/jopt-simple-5.0.4.jar","/home/jbergqvist/.m2/repository/org/mozilla/rhino/1.7.13/rhino-1.7.13.jar","/home/jbergqvist/.m2/repository/com/google/guava/guava/32.1.2-jre/guava-32.1.2-jre.jar","/home/jbergqvist/.m2/repository/com/google/guava/failureaccess/1.0.1/failureaccess-1.0.1.jar","/home/jbergqvist/.m2/repository/com/google/guava/listenablefuture/9999.0-empty-to-avoid-conflict-with-guava/listenablefuture-9999.0-empty-to-avoid-conflict-with-guava.jar","/home/jbergqvist/.m2/repository/org/checkerframework/checker-qual/3.33.0/checker-qual-3.33.0.jar","/home/jbergqvist/.m2/repository/com/google/errorprone/error_prone_annotations/2.18.0/error_prone_annotations-2.18.0.jar","/home/jbergqvist/.m2/repository/com/google/j2objc/j2objc-annotations/2.8/j2objc-annotations-2.8.jar","/home/jbergqvist/.m2/repository/com/fasterxml/jackson/core/jackson-core/2.15.2/jackson-core-2.15.2.jar","/home/jbergqvist/.m2/repository/com/fasterxml/jackson/core/jackson-databind/2.15.2/jackson-databind-2.15.2.jar","/home/jbergqvist/.m2/repository/com/fasterxml/jackson/core/jackson-annotations/2.15.2/jackson-annotations-2.15.2.jar","/home/jbergqvist/.m2/repository/commons-io/commons-io/2.11.0/commons-io-2.11.0.jar","/home/jbergqvist/.m2/repository/org/apache/commons/commons-lang3/3.12.0/commons-lang3-3.12.0.jar","/home/jbergqvist/.m2/repository/org/freemarker/freemarker/2.3.31/freemarker-2.3.31.jar","/home/jbergqvist/.m2/repository/org/slf4j/slf4j-api/1.7.32/slf4j-api-1.7.32.jar","/home/jbergqvist/.m2/repository/com/diffblue/cover/cover-annotations/1.8.0/cover-annotations-1.8.0.jar","/home/jbergqvist/.m2/repository/com/atlassian/commonmark/commonmark/0.15.2/commonmark-0.15.2.jar","/home/jbergqvist/.m2/repository/org/junit/jupiter/junit-jupiter-api/5.8.2/junit-jupiter-api-5.8.2.jar","/home/jbergqvist/.m2/repository/org/opentest4j/opentest4j/1.2.0/opentest4j-1.2.0.jar","/home/jbergqvist/.m2/repository/org/junit/platform/junit-platform-commons/1.8.2/junit-platform-commons-1.8.2.jar","/home/jbergqvist/.m2/repository/org/apiguardian/apiguardian-api/1.1.2/apiguardian-api-1.1.2.jar","/home/jbergqvist/.m2/repository/org/junit/jupiter/junit-jupiter-params/5.8.2/junit-jupiter-params-5.8.2.jar","/home/jbergqvist/.m2/repository/org/junit/jupiter/junit-jupiter-engine/5.8.2/junit-jupiter-engine-5.8.2.jar","/home/jbergqvist/.m2/repository/org/junit/platform/junit-platform-engine/1.8.2/junit-platform-engine-1.8.2.jar","/home/jbergqvist/.m2/repository/org/junit/vintage/junit-vintage-engine/5.8.2/junit-vintage-engine-5.8.2.jar","/home/jbergqvist/.m2/repository/junit/junit/4.13.2/junit-4.13.2.jar","/home/jbergqvist/.m2/repository/org/hamcrest/hamcrest-core/1.3/hamcrest-core-1.3.jar","/home/jbergqvist/.m2/repository/org/mockito/mockito-core/4.0.0/mockito-core-4.0.0.jar","/home/jbergqvist/.m2/repository/net/bytebuddy/byte-buddy/1.11.19/byte-buddy-1.11.19.jar","/home/jbergqvist/.m2/repository/net/bytebuddy/byte-buddy-agent/1.11.19/byte-buddy-agent-1.11.19.jar","/home/jbergqvist/.m2/repository/org/objenesis/objenesis/3.2/objenesis-3.2.jar","/home/jbergqvist/.m2/repository/org/openjdk/jmh/jmh-core/1.33/jmh-core-1.33.jar","/home/jbergqvist/.m2/repository/org/apache/commons/commons-math3/3.2/commons-math3-3.2.jar","/home/jbergqvist/.m2/repository/org/openjdk/jmh/jmh-generator-annprocess/1.33/jmh-generator-annprocess-1.33.jar","/home/jbergqvist/.m2/repository/org/xmlunit/xmlunit-core/2.8.3/xmlunit-core-2.8.3.jar","/home/jbergqvist/.m2/repository/jakarta/xml/bind/jakarta.xml.bind-api/2.3.3/jakarta.xml.bind-api-2.3.3.jar","/home/jbergqvist/.m2/repository/jakarta/activation/jakarta.activation-api/1.2.2/jakarta.activation-api-1.2.2.jar","/home/jbergqvist/.m2/repository/ch/qos/logback/logback-classic/1.2.9/logback-classic-1.2.9.jar","/home/jbergqvist/.m2/repository/ch/qos/logback/logback-core/1.2.9/logback-core-1.2.9.jar"],"complianceLevel":"1.8","productionSources":["/home/jbergqvist/diffblue/finos-messageml-utils/src/main/java"],"testSources":["/home/jbergqvist/diffblue/finos-messageml-utils/src/test/java"],"productionClasses":"/home/jbergqvist/diffblue/finos-messageml-utils/target/classes","testClasses":"/home/jbergqvist/diffblue/finos-messageml-utils/target/test-classes","sourceToBuildPathMap":null,"testSourceToBuildPathMap":null,"buildDirectory":"/home/jbergqvist/diffblue/finos-messageml-utils/target","plugins":[{"__type":"DefaultPlugin","groupId":"org.apache.maven.plugins","artefactId":"maven-surefire-plugin","version":"2.22.2","pluginClassName":null},{"__type":"DefaultPlugin","groupId":"org.apache.maven.plugins","artefactId":"maven-clean-plugin","version":"2.5","pluginClassName":null},{"__type":"DefaultPlugin","groupId":"org.apache.maven.plugins","artefactId":"maven-resources-plugin","version":"2.6","pluginClassName":null},{"__type":"DefaultPlugin","groupId":"org.apache.maven.plugins","artefactId":"maven-jar-plugin","version":"3.2.2","pluginClassName":null},{"__type":"DefaultPlugin","groupId":"org.apache.maven.plugins","artefactId":"maven-compiler-plugin","version":"3.1","pluginClassName":null},{"__type":"DefaultPlugin","groupId":"org.apache.maven.plugins","artefactId":"maven-install-plugin","version":"2.4","pluginClassName":null},{"__type":"DefaultPlugin","groupId":"org.apache.maven.plugins","artefactId":"maven-deploy-plugin","version":"3.0.0-M1","pluginClassName":null},{"__type":"DefaultPlugin","groupId":"org.apache.maven.plugins","artefactId":"maven-site-plugin","version":"3.3","pluginClassName":null}],"version":"3.8.4","encoding":"UTF-8","name":"maven","subModules":[],"simpleModuleName":null,"parentModuleName":null,"location":"/home/jbergqvist/diffblue/finos-messageml-utils","fullModuleName":"org.symphonyoss.symphony:messageml"}}
18:05:29.289 [INFO]   [Validating]  out: [INFO] ------------------------------------------------------------------------
18:05:29.289 [INFO]   [Validating]  out: [INFO] BUILD SUCCESS
18:05:29.289 [INFO]   [Validating]  out: [INFO] ------------------------------------------------------------------------
18:05:29.289 [INFO]   [Validating]  out: [INFO] Total time:  9.620 s
18:05:29.289 [INFO]   [Validating]  out: [INFO] Finished at: 2026-01-09T18:05:29Z
18:05:29.289 [INFO]   [Validating]  out: [INFO] ------------------------------------------------------------------------
18:05:29.290 [INFO]   [Validating]  deserializing line [DIFFBLUE]{"__type":"com.diffblue.cover.buildsystem.model.ProjectInfoMessage","projectName":"org.symphonyoss.symphony:messageml","productionSources":["/home/jbergqvist/diffblue/finos-messageml-utils/src/main/java"],"testSources":["/home/jbergqvist/diffblue/finos-messageml-utils/src/test/java"],"location":"/home/jbergqvist/diffblue/finos-messageml-utils"}
18:05:29.371 [INFO]   [Validating]  maven:err process not stopped, joining thread
18:05:29.372 [INFO]   [Validating]  maven:out process not stopped, joining thread
18:05:29.688 [INFO]   [Validating]  1 V003: Tests discarded during validation - https://diff.blue/V003
18:05:29.688 [INFO]   [Validating]  Number of tests discarded during validation since they didn't compile, run or pass
18:05:29.688 [INFO]   [Validating]    1 for org.symphonyoss.symphony.messageml.elements.Button.updateBiContext
18:05:29.688 [INFO]   [Validating]  To skip discarding these tests please re-run DCover with --skip-test-validation
18:05:29.689 [INFO]   [Validating]  Test validation was able to validate 2,184 out of 2,185 complete tests, the remainder were discarded.
18:05:29.701 [INFO]   [Measuring]   Calculating coverage from Diffblue tests.
18:05:29.707 [INFO]   [Measuring]   Using default build rules as no custom rules found in any of [/home/jbergqvist/diffblue/finos-messageml-utils]
18:05:29.707 [INFO]   [Measuring]   Using default build rules as no custom rules found in any of [/home/jbergqvist/diffblue/finos-messageml-utils]
18:05:29.708 [INFO]   [Measuring]   Attempting to invoke /home/jbergqvist/diffblue/finos-messageml-utils/mvnw in working directory: /home/jbergqvist/diffblue/finos-messageml-utils
18:05:29.708 [INFO]   [Measuring]   Started "/home/jbergqvist/diffblue/finos-messageml-utils/mvnw -Dmaven.ext.class.path=/opt/cover/cover-buildsystem-maven-spy-jar-with-dependencies.jar -Dcom.diffblue.cover.skipTests=true -DskipTestOptimizer --batch-mode --projects=org.symphonyoss.symphony:messageml --global-settings=/home/jbergqvist/.sdkman/candidates/maven/current/conf/settings.xml org.jacoco:jacoco-maven-plugin:0.8.11:prepare-agent -Djacoco.skip=false test -DfailIfNoTests=false -Dsurefire.failIfNoSpecifiedTests=false -Dmaven.test.failure.ignore=True -Dtest=*DiffblueTest org.jacoco:jacoco-maven-plugin:0.8.11:report -Djacoco.skip=false"
18:05:30.317 [INFO]   [Measuring]   out: [INFO] Scanning for projects...
18:05:30.374 [INFO]   [Measuring]   out: [INFO] 
18:05:30.375 [INFO]   [Measuring]   out: [INFO] -----------------< org.symphonyoss.symphony:messageml >-----------------
18:05:30.375 [INFO]   [Measuring]   out: [INFO] Building MessageML Utils 0.13.0
18:05:30.375 [INFO]   [Measuring]   out: [INFO] --------------------------------[ jar ]---------------------------------
18:05:30.634 [INFO]   [Measuring]   deserializing line [DIFFBLUE]{"__type":"com.diffblue.cover.buildsystem.model.DefaultEventMessage","project":"org.symphonyoss.symphony:messageml","goal":"prepare-agent","cause":null,"state":"STARTED"}
18:05:30.635 [INFO]   [Measuring]   out: [INFO] 
18:05:30.635 [INFO]   [Measuring]   out: [INFO] --- jacoco-maven-plugin:0.8.11:prepare-agent (default-cli) @ messageml ---
18:05:30.703 [INFO]   [Measuring]   out: [INFO] argLine set to -javaagent:/home/jbergqvist/.m2/repository/org/jacoco/org.jacoco.agent/0.8.11/org.jacoco.agent-0.8.11-runtime.jar=destfile=/home/jbergqvist/diffblue/finos-messageml-utils/target/jacoco.exec
18:05:30.704 [INFO]   [Measuring]   deserializing line [DIFFBLUE]{"__type":"com.diffblue.cover.buildsystem.model.DefaultEventMessage","project":"org.symphonyoss.symphony:messageml","goal":"prepare-agent","cause":null,"state":"SUCCESS"}
18:05:30.705 [INFO]   [Measuring]   deserializing line [DIFFBLUE]{"__type":"com.diffblue.cover.buildsystem.model.DefaultEventMessage","project":"org.symphonyoss.symphony:messageml","goal":"resources","cause":null,"state":"STARTED"}
18:05:30.706 [INFO]   [Measuring]   out: [INFO] 
18:05:30.706 [INFO]   [Measuring]   out: [INFO] --- maven-resources-plugin:2.6:resources (default-resources) @ messageml ---
18:05:30.769 [INFO]   [Measuring]   out: [INFO] Using 'UTF-8' encoding to copy filtered resources.
18:05:30.770 [INFO]   [Measuring]   out: [INFO] Copying 1 resource
18:05:30.774 [INFO]   [Measuring]   deserializing line [DIFFBLUE]{"__type":"com.diffblue.cover.buildsystem.model.DefaultEventMessage","project":"org.symphonyoss.symphony:messageml","goal":"resources","cause":null,"state":"SUCCESS"}
18:05:30.775 [INFO]   [Measuring]   deserializing line [DIFFBLUE]{"__type":"com.diffblue.cover.buildsystem.model.DefaultEventMessage","project":"org.symphonyoss.symphony:messageml","goal":"compile","cause":null,"state":"STARTED"}
18:05:30.776 [INFO]   [Measuring]   out: [INFO] 
18:05:30.776 [INFO]   [Measuring]   out: [INFO] --- maven-compiler-plugin:3.1:compile (default-compile) @ messageml ---
18:05:30.872 [INFO]   [Measuring]   out: [INFO] Nothing to compile - all classes are up to date
18:05:30.873 [INFO]   [Measuring]   deserializing line [DIFFBLUE]{"__type":"com.diffblue.cover.buildsystem.model.DefaultEventMessage","project":"org.symphonyoss.symphony:messageml","goal":"compile","cause":null,"state":"SUCCESS"}
18:05:30.875 [INFO]   [Measuring]   deserializing line [DIFFBLUE]{"__type":"com.diffblue.cover.buildsystem.model.DefaultEventMessage","project":"org.symphonyoss.symphony:messageml","goal":"testResources","cause":null,"state":"STARTED"}
18:05:30.876 [INFO]   [Measuring]   out: [INFO] 
18:05:30.876 [INFO]   [Measuring]   out: [INFO] --- maven-resources-plugin:2.6:testResources (default-testResources) @ messageml ---
18:05:30.876 [INFO]   [Measuring]   out: [INFO] Using 'UTF-8' encoding to copy filtered resources.
18:05:30.878 [INFO]   [Measuring]   out: [INFO] Copying 36 resources
18:05:30.880 [INFO]   [Measuring]   deserializing line [DIFFBLUE]{"__type":"com.diffblue.cover.buildsystem.model.DefaultEventMessage","project":"org.symphonyoss.symphony:messageml","goal":"testResources","cause":null,"state":"SUCCESS"}
18:05:30.881 [INFO]   [Measuring]   deserializing line [DIFFBLUE]{"__type":"com.diffblue.cover.buildsystem.model.DefaultEventMessage","project":"org.symphonyoss.symphony:messageml","goal":"testCompile","cause":null,"state":"STARTED"}
18:05:30.882 [INFO]   [Measuring]   out: [INFO] 
18:05:30.882 [INFO]   [Measuring]   out: [INFO] --- maven-compiler-plugin:3.1:testCompile (default-testCompile) @ messageml ---
18:05:30.896 [INFO]   [Measuring]   out: [INFO] Nothing to compile - all classes are up to date
18:05:30.898 [INFO]   [Measuring]   deserializing line [DIFFBLUE]{"__type":"com.diffblue.cover.buildsystem.model.DefaultEventMessage","project":"org.symphonyoss.symphony:messageml","goal":"testCompile","cause":null,"state":"SUCCESS"}
18:05:30.899 [INFO]   [Measuring]   deserializing line [DIFFBLUE]{"__type":"com.diffblue.cover.buildsystem.model.DefaultEventMessage","project":"org.symphonyoss.symphony:messageml","goal":"test","cause":null,"state":"STARTED"}
18:05:30.901 [INFO]   [Measuring]   out: [INFO] 
18:05:30.901 [INFO]   [Measuring]   out: [INFO] --- maven-surefire-plugin:2.22.2:test (default-test) @ messageml ---
18:05:31.041 [INFO]   [Measuring]   out: [INFO] 
18:05:31.041 [INFO]   [Measuring]   out: [INFO] -------------------------------------------------------
18:05:31.041 [INFO]   [Measuring]   out: [INFO]  T E S T S
18:05:31.041 [INFO]   [Measuring]   out: [INFO] -------------------------------------------------------
18:05:32.092 [INFO]   [Measuring]   out: [INFO] Running org.symphonyoss.symphony.entityjson.EntityJsonParserDiffblueTest
18:05:32.648 [INFO]   [Measuring]   out: [INFO] Tests run: 10, Failures: 0, Errors: 0, Skipped: 0, Time elapsed: 0.549 s - in org.symphonyoss.symphony.entityjson.EntityJsonParserDiffblueTest
18:05:32.648 [INFO]   [Measuring]   out: [INFO] Running org.symphonyoss.symphony.entityjson.NoSchemaExceptionDiffblueTest
18:05:32.951 [INFO]   [Measuring]   out: [INFO] Tests run: 5, Failures: 0, Errors: 0, Skipped: 0, Time elapsed: 0.3 s - in org.symphonyoss.symphony.entityjson.NoSchemaExceptionDiffblueTest
18:05:32.951 [INFO]   [Measuring]   out: [INFO] Running org.symphonyoss.symphony.entityjson.EntityJsonParserBuilderDiffblueTest
18:05:32.952 [INFO]   [Measuring]   out: [INFO] Tests run: 1, Failures: 0, Errors: 0, Skipped: 0, Time elapsed: 0 s - in org.symphonyoss.symphony.entityjson.EntityJsonParserBuilderDiffblueTest
18:05:32.952 [INFO]   [Measuring]   out: [INFO] Running org.symphonyoss.symphony.entityjson.StructuredObjectIdDiffblueTest
18:05:32.954 [INFO]   [Measuring]   out: [INFO] Tests run: 1, Failures: 0, Errors: 0, Skipped: 0, Time elapsed: 0 s - in org.symphonyoss.symphony.entityjson.StructuredObjectIdDiffblueTest
18:05:32.954 [INFO]   [Measuring]   out: [INFO] Running org.symphonyoss.symphony.entityjson.SchemaValidationExceptionDiffblueTest
18:05:32.955 [INFO]   [Measuring]   out: [INFO] Tests run: 5, Failures: 0, Errors: 0, Skipped: 0, Time elapsed: 0 s - in org.symphonyoss.symphony.entityjson.SchemaValidationExceptionDiffblueTest
18:05:32.955 [INFO]   [Measuring]   out: [INFO] Running org.symphonyoss.symphony.entityjson.UntrustedSchemaSourceExceptionDiffblueTest
18:05:32.958 [INFO]   [Measuring]   out: [INFO] Tests run: 5, Failures: 0, Errors: 0, Skipped: 0, Time elapsed: 0 s - in org.symphonyoss.symphony.entityjson.UntrustedSchemaSourceExceptionDiffblueTest
18:05:32.958 [INFO]   [Measuring]   out: [INFO] Running org.symphonyoss.symphony.entityjson.StructuredObjectDiffblueTest
18:05:33.391 [INFO]   [Measuring]   out: [INFO] Tests run: 7, Failures: 0, Errors: 0, Skipped: 0, Time elapsed: 0.431 s - in org.symphonyoss.symphony.entityjson.StructuredObjectDiffblueTest
18:05:33.391 [INFO]   [Measuring]   out: [INFO] Running org.symphonyoss.symphony.entityjson.EntityJsonURIDownloaderDiffblueTest
18:05:33.392 [INFO]   [Measuring]   out: [INFO] Tests run: 1, Failures: 0, Errors: 0, Skipped: 0, Time elapsed: 0 s - in org.symphonyoss.symphony.entityjson.EntityJsonURIDownloaderDiffblueTest
18:05:33.392 [INFO]   [Measuring]   out: [INFO] Running org.symphonyoss.symphony.entityjson.InvalidInstanceExceptionDiffblueTest
18:05:33.394 [INFO]   [Measuring]   out: [INFO] Tests run: 5, Failures: 0, Errors: 0, Skipped: 0, Time elapsed: 0 s - in org.symphonyoss.symphony.entityjson.InvalidInstanceExceptionDiffblueTest
18:05:33.394 [INFO]   [Measuring]   out: [INFO] Running org.symphonyoss.symphony.entityjson.EntityJsonDiffblueTest
18:05:33.395 [INFO]   [Measuring]   out: [INFO] Tests run: 6, Failures: 0, Errors: 0, Skipped: 0, Time elapsed: 0 s - in org.symphonyoss.symphony.entityjson.EntityJsonDiffblueTest
18:05:33.395 [INFO]   [Measuring]   out: [INFO] Running org.symphonyoss.symphony.entityjson.EntityJsonContextDiffblueTest
18:05:33.414 [INFO]   [Measuring]   out: [INFO] Tests run: 6, Failures: 0, Errors: 0, Skipped: 0, Time elapsed: 0.018 s - in org.symphonyoss.symphony.entityjson.EntityJsonContextDiffblueTest
18:05:33.414 [INFO]   [Measuring]   out: [INFO] Running org.symphonyoss.symphony.entityjson.InvalidSchemaExceptionDiffblueTest
18:05:33.415 [INFO]   [Measuring]   out: [INFO] Tests run: 5, Failures: 0, Errors: 0, Skipped: 0, Time elapsed: 0 s - in org.symphonyoss.symphony.entityjson.InvalidSchemaExceptionDiffblueTest
18:05:33.415 [INFO]   [Measuring]   out: [INFO] Running org.symphonyoss.symphony.messageml.bi.BiEventTypeDiffblueTest
18:05:33.416 [INFO]   [Measuring]   out: [INFO] Tests run: 1, Failures: 0, Errors: 0, Skipped: 0, Time elapsed: 0 s - in org.symphonyoss.symphony.messageml.bi.BiEventTypeDiffblueTest
18:05:33.416 [INFO]   [Measuring]   out: [INFO] Running org.symphonyoss.symphony.messageml.bi.BiFieldsDiffblueTest
18:05:33.417 [INFO]   [Measuring]   out: [INFO] Tests run: 1, Failures: 0, Errors: 0, Skipped: 0, Time elapsed: 0 s - in org.symphonyoss.symphony.messageml.bi.BiFieldsDiffblueTest
18:05:33.417 [INFO]   [Measuring]   out: [INFO] Running org.symphonyoss.symphony.messageml.bi.BiContextDiffblueTest
18:05:33.447 [INFO]   [Measuring]   out: 18:05:33.445 [main] WARN org.symphonyoss.symphony.messageml.bi.BiContext - Failed to extract the messageML library version.
18:05:33.449 [INFO]   [Measuring]   out: 18:05:33.448 [main] WARN org.symphonyoss.symphony.messageml.bi.BiContext - Attribute count for element Item Name does not contain an integer value. The count will not be increased.
18:05:33.459 [INFO]   [Measuring]   out: 18:05:33.459 [main] WARN org.symphonyoss.symphony.messageml.bi.BiContext - Attribute count for element Item Name does not contain an integer value. The count will not be increased.
18:05:33.459 [INFO]   [Measuring]   out: 18:05:33.459 [main] WARN org.symphonyoss.symphony.messageml.bi.BiContext - Attribute count for element Item Name does not contain an integer value. The count will not be increased.
18:05:33.462 [INFO]   [Measuring]   out: [INFO] Tests run: 32, Failures: 0, Errors: 0, Skipped: 0, Time elapsed: 0.042 s - in org.symphonyoss.symphony.messageml.bi.BiContextDiffblueTest
18:05:33.462 [INFO]   [Measuring]   out: [INFO] Running org.symphonyoss.symphony.messageml.bi.BiItemDiffblueTest
18:05:33.463 [INFO]   [Measuring]   out: [INFO] Tests run: 11, Failures: 0, Errors: 0, Skipped: 0, Time elapsed: 0 s - in org.symphonyoss.symphony.messageml.bi.BiItemDiffblueTest
18:05:33.463 [INFO]   [Measuring]   out: [INFO] Running org.symphonyoss.symphony.messageml.exceptions.InvalidInputExceptionDiffblueTest
18:05:33.465 [INFO]   [Measuring]   out: [INFO] Tests run: 3, Failures: 0, Errors: 0, Skipped: 0, Time elapsed: 0.001 s - in org.symphonyoss.symphony.messageml.exceptions.InvalidInputExceptionDiffblueTest
18:05:33.465 [INFO]   [Measuring]   out: [INFO] Running org.symphonyoss.symphony.messageml.exceptions.ProcessingExceptionDiffblueTest
18:05:33.466 [INFO]   [Measuring]   out: [INFO] Tests run: 2, Failures: 0, Errors: 0, Skipped: 0, Time elapsed: 0 s - in org.symphonyoss.symphony.messageml.exceptions.ProcessingExceptionDiffblueTest
18:05:33.466 [INFO]   [Measuring]   out: [INFO] Running org.symphonyoss.symphony.messageml.exceptions.MessageMLExceptionDiffblueTest
18:05:33.467 [INFO]   [Measuring]   out: [INFO] Tests run: 2, Failures: 0, Errors: 0, Skipped: 0, Time elapsed: 0 s - in org.symphonyoss.symphony.messageml.exceptions.MessageMLExceptionDiffblueTest
18:05:33.467 [INFO]   [Measuring]   out: [INFO] Running org.symphonyoss.symphony.messageml.MessageMLParserDiffblueTest
18:05:33.715 [INFO]   [Measuring]   out: [INFO] Tests run: 78, Failures: 0, Errors: 0, Skipped: 0, Time elapsed: 0.245 s - in org.symphonyoss.symphony.messageml.MessageMLParserDiffblueTest
18:05:33.715 [INFO]   [Measuring]   out: [INFO] Running org.symphonyoss.symphony.messageml.MessageMLContextDiffblueTest
18:05:33.740 [INFO]   [Measuring]   out: [INFO] Tests run: 17, Failures: 0, Errors: 0, Skipped: 0, Time elapsed: 0.023 s - in org.symphonyoss.symphony.messageml.MessageMLContextDiffblueTest
18:05:33.740 [INFO]   [Measuring]   out: [INFO] Running org.symphonyoss.symphony.messageml.elements.CodeDiffblueTest
18:05:33.743 [INFO]   [Measuring]   out: 18:05:33.743 [main] WARN org.symphonyoss.symphony.messageml.bi.BiContext - Attribute count for element codes does not contain an integer value. The count will not be increased.
18:05:33.755 [INFO]   [Measuring]   out: 18:05:33.755 [main] WARN org.symphonyoss.symphony.messageml.bi.BiContext - Attribute count for element codes does not contain an integer value. The count will not be increased.
18:05:33.761 [INFO]   [Measuring]   out: [INFO] Tests run: 34, Failures: 0, Errors: 0, Skipped: 0, Time elapsed: 0.019 s - in org.symphonyoss.symphony.messageml.elements.CodeDiffblueTest
18:05:33.761 [INFO]   [Measuring]   out: [INFO] Running org.symphonyoss.symphony.messageml.elements.HeaderDiffblueTest
18:05:33.761 [INFO]   [Measuring]   out: 18:05:33.760 [main] WARN org.symphonyoss.symphony.messageml.bi.BiContext - Attribute count for element headers does not contain an integer value. The count will not be increased.
18:05:33.761 [INFO]   [Measuring]   out: 18:05:33.760 [main] WARN org.symphonyoss.symphony.messageml.bi.BiContext - Attribute count for element headers does not contain an integer value. The count will not be increased.
18:05:33.762 [INFO]   [Measuring]   out: [INFO] Tests run: 13, Failures: 0, Errors: 0, Skipped: 0, Time elapsed: 0 s - in org.symphonyoss.symphony.messageml.elements.HeaderDiffblueTest
18:05:33.763 [INFO]   [Measuring]   out: [INFO] Running org.symphonyoss.symphony.messageml.elements.LabelableElementDiffblueTest
18:05:33.764 [INFO]   [Measuring]   out: [INFO] Tests run: 6, Failures: 0, Errors: 0, Skipped: 0, Time elapsed: 0.001 s - in org.symphonyoss.symphony.messageml.elements.LabelableElementDiffblueTest
18:05:33.764 [INFO]   [Measuring]   out: [INFO] Running org.symphonyoss.symphony.messageml.elements.TableDiffblueTest
18:05:33.764 [INFO]   [Measuring]   out: 18:05:33.763 [main] WARN org.symphonyoss.symphony.messageml.bi.BiContext - Attribute count for element table_rows_max does not contain an integer value. The count will not be increased.
18:05:33.764 [INFO]   [Measuring]   out: 18:05:33.763 [main] WARN org.symphonyoss.symphony.messageml.bi.BiContext - Attribute count for element tables does not contain an integer value. The count will not be increased.
18:05:33.764 [INFO]   [Measuring]   out: 18:05:33.764 [main] WARN org.symphonyoss.symphony.messageml.bi.BiContext - Attribute count for element tables does not contain an integer value. The count will not be increased.
18:05:33.766 [INFO]   [Measuring]   out: [INFO] Tests run: 13, Failures: 0, Errors: 0, Skipped: 0, Time elapsed: 0.001 s - in org.symphonyoss.symphony.messageml.elements.TableDiffblueTest
18:05:33.766 [INFO]   [Measuring]   out: [INFO] Running org.symphonyoss.symphony.messageml.elements.SplittableElementDiffblueTest
18:05:33.768 [INFO]   [Measuring]   out: [INFO] Tests run: 11, Failures: 0, Errors: 0, Skipped: 0, Time elapsed: 0.001 s - in org.symphonyoss.symphony.messageml.elements.SplittableElementDiffblueTest
18:05:33.768 [INFO]   [Measuring]   out: [INFO] Running org.symphonyoss.symphony.messageml.elements.TooltipableElementDiffblueTest
18:05:33.770 [INFO]   [Measuring]   out: [INFO] Tests run: 6, Failures: 0, Errors: 0, Skipped: 0, Time elapsed: 0 s - in org.symphonyoss.symphony.messageml.elements.TooltipableElementDiffblueTest
18:05:33.770 [INFO]   [Measuring]   out: [INFO] Running org.symphonyoss.symphony.messageml.elements.ParagraphDiffblueTest
18:05:33.770 [INFO]   [Measuring]   out: 18:05:33.768 [main] WARN org.symphonyoss.symphony.messageml.bi.BiContext - Attribute count for element paragraphs does not contain an integer value. The count will not be increased.
18:05:33.770 [INFO]   [Measuring]   out: 18:05:33.769 [main] WARN org.symphonyoss.symphony.messageml.bi.BiContext - Attribute count for element paragraphs does not contain an integer value. The count will not be increased.
18:05:33.771 [INFO]   [Measuring]   out: [INFO] Tests run: 10, Failures: 0, Errors: 0, Skipped: 0, Time elapsed: 0 s - in org.symphonyoss.symphony.messageml.elements.ParagraphDiffblueTest
18:05:33.771 [INFO]   [Measuring]   out: [INFO] Running org.symphonyoss.symphony.messageml.elements.HashTagDiffblueTest
18:05:33.771 [INFO]   [Measuring]   out: 18:05:33.770 [main] WARN org.symphonyoss.symphony.messageml.bi.BiContext - Attribute count for element hashtags does not contain an integer value. The count will not be increased.
18:05:33.772 [INFO]   [Measuring]   out: 18:05:33.771 [main] WARN org.symphonyoss.symphony.messageml.bi.BiContext - Attribute count for element hashtags does not contain an integer value. The count will not be increased.
18:05:33.774 [INFO]   [Measuring]   out: [INFO] Tests run: 20, Failures: 0, Errors: 0, Skipped: 0, Time elapsed: 0.001 s - in org.symphonyoss.symphony.messageml.elements.HashTagDiffblueTest
18:05:33.774 [INFO]   [Measuring]   out: [INFO] Running org.symphonyoss.symphony.messageml.elements.TimePickerDiffblueTest
18:05:33.830 [INFO]   [Measuring]   out: [INFO] Tests run: 17, Failures: 0, Errors: 0, Skipped: 0, Time elapsed: 0.055 s - in org.symphonyoss.symphony.messageml.elements.TimePickerDiffblueTest
18:05:33.830 [INFO]   [Measuring]   out: [INFO] Running org.symphonyoss.symphony.messageml.elements.KeywordDiffblueTest
18:05:33.832 [INFO]   [Measuring]   out: [INFO] Tests run: 15, Failures: 0, Errors: 0, Skipped: 0, Time elapsed: 0.001 s - in org.symphonyoss.symphony.messageml.elements.KeywordDiffblueTest
18:05:33.832 [INFO]   [Measuring]   out: [INFO] Running org.symphonyoss.symphony.messageml.elements.RegexElementDiffblueTest
18:05:33.833 [INFO]   [Measuring]   out: [INFO] Tests run: 3, Failures: 0, Errors: 0, Skipped: 0, Time elapsed: 0 s - in org.symphonyoss.symphony.messageml.elements.RegexElementDiffblueTest
18:05:33.834 [INFO]   [Measuring]   out: [INFO] Running org.symphonyoss.symphony.messageml.elements.SpanDiffblueTest
18:05:33.834 [INFO]   [Measuring]   out: 18:05:33.832 [main] WARN org.symphonyoss.symphony.messageml.bi.BiContext - Attribute count for element spans does not contain an integer value. The count will not be increased.
18:05:33.834 [INFO]   [Measuring]   out: 18:05:33.833 [main] WARN org.symphonyoss.symphony.messageml.bi.BiContext - Attribute count for element spans does not contain an integer value. The count will not be increased.
18:05:33.835 [INFO]   [Measuring]   out: [INFO] Tests run: 10, Failures: 0, Errors: 0, Skipped: 0, Time elapsed: 0.001 s - in org.symphonyoss.symphony.messageml.elements.SpanDiffblueTest
18:05:33.835 [INFO]   [Measuring]   out: [INFO] Running org.symphonyoss.symphony.messageml.elements.CashTagDiffblueTest
18:05:33.836 [INFO]   [Measuring]   out: 18:05:33.835 [main] WARN org.symphonyoss.symphony.messageml.bi.BiContext - Attribute count for element cashtags does not contain an integer value. The count will not be increased.
18:05:33.836 [INFO]   [Measuring]   out: 18:05:33.836 [main] WARN org.symphonyoss.symphony.messageml.bi.BiContext - Attribute count for element cashtags does not contain an integer value. The count will not be increased.
18:05:33.837 [INFO]   [Measuring]   out: [INFO] Tests run: 12, Failures: 0, Errors: 0, Skipped: 0, Time elapsed: 0.001 s - in org.symphonyoss.symphony.messageml.elements.CashTagDiffblueTest
18:05:33.838 [INFO]   [Measuring]   out: [INFO] Running org.symphonyoss.symphony.messageml.elements.TableHeaderCellDiffblueTest
18:05:33.839 [INFO]   [Measuring]   out: [INFO] Tests run: 3, Failures: 0, Errors: 0, Skipped: 0, Time elapsed: 0 s - in org.symphonyoss.symphony.messageml.elements.TableHeaderCellDiffblueTest
18:05:33.839 [INFO]   [Measuring]   out: [INFO] Running org.symphonyoss.symphony.messageml.elements.MinMaxLengthElementDiffblueTest
18:05:33.841 [INFO]   [Measuring]   out: [INFO] Tests run: 24, Failures: 0, Errors: 0, Skipped: 0, Time elapsed: 0.001 s - in org.symphonyoss.symphony.messageml.elements.MinMaxLengthElementDiffblueTest
18:05:33.841 [INFO]   [Measuring]   out: [INFO] Running org.symphonyoss.symphony.messageml.elements.ElementDiffblueTest
18:05:33.854 [INFO]   [Measuring]   out: [INFO] Tests run: 66, Failures: 0, Errors: 0, Skipped: 0, Time elapsed: 0.011 s - in org.symphonyoss.symphony.messageml.elements.ElementDiffblueTest
18:05:33.854 [INFO]   [Measuring]   out: [INFO] Running org.symphonyoss.symphony.messageml.elements.ListItemDiffblueTest
18:05:33.855 [INFO]   [Measuring]   out: [INFO] Tests run: 4, Failures: 0, Errors: 0, Skipped: 0, Time elapsed: 0 s - in org.symphonyoss.symphony.messageml.elements.ListItemDiffblueTest
18:05:33.855 [INFO]   [Measuring]   out: [INFO] Running org.symphonyoss.symphony.messageml.elements.ExpandableCardHeaderDiffblueTest
18:05:33.857 [INFO]   [Measuring]   out: [INFO] Tests run: 19, Failures: 0, Errors: 0, Skipped: 0, Time elapsed: 0.001 s - in org.symphonyoss.symphony.messageml.elements.ExpandableCardHeaderDiffblueTest
18:05:33.857 [INFO]   [Measuring]   out: [INFO] Running org.symphonyoss.symphony.messageml.elements.CardBodyDiffblueTest
18:05:33.861 [INFO]   [Measuring]   out: [INFO] Tests run: 22, Failures: 0, Errors: 0, Skipped: 0, Time elapsed: 0.002 s - in org.symphonyoss.symphony.messageml.elements.CardBodyDiffblueTest
18:05:33.861 [INFO]   [Measuring]   out: [INFO] Running org.symphonyoss.symphony.messageml.elements.RadioDiffblueTest
18:05:33.865 [INFO]   [Measuring]   out: [INFO] Tests run: 13, Failures: 0, Errors: 0, Skipped: 0, Time elapsed: 0.002 s - in org.symphonyoss.symphony.messageml.elements.RadioDiffblueTest
18:05:33.865 [INFO]   [Measuring]   out: [INFO] Running org.symphonyoss.symphony.messageml.elements.PreformattedDiffblueTest
18:05:33.865 [INFO]   [Measuring]   out: 18:05:33.865 [main] WARN org.symphonyoss.symphony.messageml.bi.BiContext - Attribute count for element pres does not contain an integer value. The count will not be increased.
18:05:33.865 [INFO]   [Measuring]   out: 18:05:33.865 [main] WARN org.symphonyoss.symphony.messageml.bi.BiContext - Attribute count for element pres does not contain an integer value. The count will not be increased.
18:05:33.868 [INFO]   [Measuring]   out: [INFO] Tests run: 18, Failures: 0, Errors: 0, Skipped: 0, Time elapsed: 0.001 s - in org.symphonyoss.symphony.messageml.elements.PreformattedDiffblueTest
18:05:33.868 [INFO]   [Measuring]   out: [INFO] Running org.symphonyoss.symphony.messageml.elements.SelectDiffblueTest
18:05:33.870 [INFO]   [Measuring]   out: [INFO] Tests run: 9, Failures: 0, Errors: 0, Skipped: 0, Time elapsed: 0 s - in org.symphonyoss.symphony.messageml.elements.SelectDiffblueTest
18:05:33.870 [INFO]   [Measuring]   out: [INFO] Running org.symphonyoss.symphony.messageml.elements.CardDiffblueTest
18:05:33.870 [INFO]   [Measuring]   out: 18:05:33.870 [main] WARN org.symphonyoss.symphony.messageml.bi.BiContext - Attribute count for element cards does not contain an integer value. The count will not be increased.
18:05:33.870 [INFO]   [Measuring]   out: 18:05:33.870 [main] WARN org.symphonyoss.symphony.messageml.bi.BiContext - Attribute count for element cards does not contain an integer value. The count will not be increased.
18:05:33.873 [INFO]   [Measuring]   out: [INFO] Tests run: 26, Failures: 0, Errors: 0, Skipped: 0, Time elapsed: 0.002 s - in org.symphonyoss.symphony.messageml.elements.CardDiffblueTest
18:05:33.874 [INFO]   [Measuring]   out: [INFO] Running org.symphonyoss.symphony.messageml.elements.LinkDiffblueTest
18:05:33.874 [INFO]   [Measuring]   out: 18:05:33.873 [main] WARN org.symphonyoss.symphony.messageml.bi.BiContext - Attribute count for element links does not contain an integer value. The count will not be increased.
18:05:33.874 [INFO]   [Measuring]   out: 18:05:33.874 [main] WARN org.symphonyoss.symphony.messageml.bi.BiContext - Attribute count for element links does not contain an integer value. The count will not be increased.
18:05:33.887 [INFO]   [Measuring]   out: [INFO] Tests run: 32, Failures: 0, Errors: 0, Skipped: 0, Time elapsed: 0.011 s - in org.symphonyoss.symphony.messageml.elements.LinkDiffblueTest
18:05:33.888 [INFO]   [Measuring]   out: [INFO] Running org.symphonyoss.symphony.messageml.elements.TableBodyDiffblueTest
18:05:33.889 [INFO]   [Measuring]   out: [INFO] Tests run: 4, Failures: 0, Errors: 0, Skipped: 0, Time elapsed: 0.001 s - in org.symphonyoss.symphony.messageml.elements.TableBodyDiffblueTest
18:05:33.889 [INFO]   [Measuring]   out: [INFO] Running org.symphonyoss.symphony.messageml.elements.FormElementDiffblueTest
18:05:33.890 [INFO]   [Measuring]   out: [INFO] Tests run: 6, Failures: 0, Errors: 0, Skipped: 0, Time elapsed: 0 s - in org.symphonyoss.symphony.messageml.elements.FormElementDiffblueTest
18:05:33.890 [INFO]   [Measuring]   out: [INFO] Running org.symphonyoss.symphony.messageml.elements.MessageMLDiffblueTest
18:05:33.934 [INFO]   [Measuring]   out: [INFO] Tests run: 43, Failures: 0, Errors: 0, Skipped: 0, Time elapsed: 0.042 s - in org.symphonyoss.symphony.messageml.elements.MessageMLDiffblueTest
18:05:33.934 [INFO]   [Measuring]   out: [INFO] Running org.symphonyoss.symphony.messageml.elements.TableCellDiffblueTest
18:05:33.935 [INFO]   [Measuring]   out: [INFO] Tests run: 4, Failures: 0, Errors: 0, Skipped: 0, Time elapsed: 0 s - in org.symphonyoss.symphony.messageml.elements.TableCellDiffblueTest
18:05:33.935 [INFO]   [Measuring]   out: [INFO] Running org.symphonyoss.symphony.messageml.elements.TableFooterDiffblueTest
18:05:33.935 [INFO]   [Measuring]   out: 18:05:33.933 [main] WARN org.symphonyoss.symphony.messageml.bi.BiContext - Attribute count for element table_footers does not contain an integer value. The count will not be increased.
18:05:33.935 [INFO]   [Measuring]   out: 18:05:33.933 [main] WARN org.symphonyoss.symphony.messageml.bi.BiContext - Attribute count for element table_footers does not contain an integer value. The count will not be increased.
18:05:33.936 [INFO]   [Measuring]   out: [INFO] Tests run: 10, Failures: 0, Errors: 0, Skipped: 0, Time elapsed: 0 s - in org.symphonyoss.symphony.messageml.elements.TableFooterDiffblueTest
18:05:33.936 [INFO]   [Measuring]   out: [INFO] Running org.symphonyoss.symphony.messageml.elements.EmojiDiffblueTest
18:05:33.960 [INFO]   [Measuring]   out: 18:05:33.960 [main] WARN org.symphonyoss.symphony.messageml.bi.BiContext - Attribute count for element emojis does not contain an integer value. The count will not be increased.
18:05:33.960 [INFO]   [Measuring]   out: 18:05:33.960 [main] WARN org.symphonyoss.symphony.messageml.bi.BiContext - Attribute count for element emojis does not contain an integer value. The count will not be increased.
18:05:33.966 [INFO]   [Measuring]   out: [INFO] Tests run: 42, Failures: 0, Errors: 0, Skipped: 0, Time elapsed: 0.028 s - in org.symphonyoss.symphony.messageml.elements.EmojiDiffblueTest
18:05:33.966 [INFO]   [Measuring]   out: [INFO] Running org.symphonyoss.symphony.messageml.elements.TimezonePickerDiffblueTest
18:05:33.969 [INFO]   [Measuring]   out: [INFO] Tests run: 19, Failures: 0, Errors: 0, Skipped: 0, Time elapsed: 0.002 s - in org.symphonyoss.symphony.messageml.elements.TimezonePickerDiffblueTest
18:05:33.969 [INFO]   [Measuring]   out: [INFO] Running org.symphonyoss.symphony.messageml.elements.TableHeaderDiffblueTest
18:05:33.969 [INFO]   [Measuring]   out: 18:05:33.968 [main] WARN org.symphonyoss.symphony.messageml.bi.BiContext - Attribute count for element table_headers does not contain an integer value. The count will not be increased.
18:05:33.969 [INFO]   [Measuring]   out: 18:05:33.969 [main] WARN org.symphonyoss.symphony.messageml.bi.BiContext - Attribute count for element table_headers does not contain an integer value. The count will not be increased.
18:05:33.971 [INFO]   [Measuring]   out: [INFO] Tests run: 10, Failures: 0, Errors: 0, Skipped: 0, Time elapsed: 0.001 s - in org.symphonyoss.symphony.messageml.elements.TableHeaderDiffblueTest
18:05:33.971 [INFO]   [Measuring]   out: [INFO] Running org.symphonyoss.symphony.messageml.elements.EntityDiffblueTest
18:05:33.972 [INFO]   [Measuring]   out: [INFO] Tests run: 6, Failures: 0, Errors: 0, Skipped: 0, Time elapsed: 0 s - in org.symphonyoss.symphony.messageml.elements.EntityDiffblueTest
18:05:33.972 [INFO]   [Measuring]   out: [INFO] Running org.symphonyoss.symphony.messageml.elements.FormDiffblueTest
18:05:33.978 [INFO]   [Measuring]   out: [INFO] Tests run: 25, Failures: 0, Errors: 0, Skipped: 0, Time elapsed: 0.004 s - in org.symphonyoss.symphony.messageml.elements.FormDiffblueTest
18:05:33.978 [INFO]   [Measuring]   out: [INFO] Running org.symphonyoss.symphony.messageml.elements.DateSelectorDiffblueTest
18:05:33.983 [INFO]   [Measuring]   out: [INFO] Tests run: 14, Failures: 0, Errors: 0, Skipped: 0, Time elapsed: 0.004 s - in org.symphonyoss.symphony.messageml.elements.DateSelectorDiffblueTest
18:05:33.983 [INFO]   [Measuring]   out: [INFO] Running org.symphonyoss.symphony.messageml.elements.RoomSelectorDiffblueTest
18:05:33.989 [INFO]   [Measuring]   out: [INFO] Tests run: 15, Failures: 0, Errors: 0, Skipped: 0, Time elapsed: 0.004 s - in org.symphonyoss.symphony.messageml.elements.RoomSelectorDiffblueTest
18:05:33.989 [INFO]   [Measuring]   out: [INFO] Running org.symphonyoss.symphony.messageml.elements.MentionDiffblueTest
18:05:33.989 [INFO]   [Measuring]   out: 18:05:33.988 [main] WARN org.symphonyoss.symphony.messageml.bi.BiContext - Attribute count for element mentions does not contain an integer value. The count will not be increased.
18:05:33.990 [INFO]   [Measuring]   out: 18:05:33.990 [main] WARN org.symphonyoss.symphony.messageml.bi.BiContext - Attribute count for element mentions does not contain an integer value. The count will not be increased.
18:05:33.992 [INFO]   [Measuring]   out: [INFO] Tests run: 26, Failures: 0, Errors: 0, Skipped: 0, Time elapsed: 0.002 s - in org.symphonyoss.symphony.messageml.elements.MentionDiffblueTest
18:05:33.992 [INFO]   [Measuring]   out: [INFO] Running org.symphonyoss.symphony.messageml.elements.SuperscriptDiffblueTest
18:05:33.993 [INFO]   [Measuring]   out: [INFO] Tests run: 2, Failures: 0, Errors: 0, Skipped: 0, Time elapsed: 0 s - in org.symphonyoss.symphony.messageml.elements.SuperscriptDiffblueTest
18:05:33.993 [INFO]   [Measuring]   out: [INFO] Running org.symphonyoss.symphony.messageml.elements.OptionDiffblueTest
18:05:33.994 [INFO]   [Measuring]   out: [INFO] Tests run: 4, Failures: 0, Errors: 0, Skipped: 0, Time elapsed: 0 s - in org.symphonyoss.symphony.messageml.elements.OptionDiffblueTest
18:05:33.994 [INFO]   [Measuring]   out: [INFO] Running org.symphonyoss.symphony.messageml.elements.ExpandableCardBodyDiffblueTest
18:05:33.995 [INFO]   [Measuring]   out: [INFO] Tests run: 19, Failures: 0, Errors: 0, Skipped: 0, Time elapsed: 0 s - in org.symphonyoss.symphony.messageml.elements.ExpandableCardBodyDiffblueTest
18:05:33.995 [INFO]   [Measuring]   out: [INFO] Running org.symphonyoss.symphony.messageml.elements.DialogDiffblueTest
18:05:33.996 [INFO]   [Measuring]   out: 18:05:33.995 [main] WARN org.symphonyoss.symphony.messageml.bi.BiContext - Attribute count for element popups does not contain an integer value. The count will not be increased.
18:05:33.996 [INFO]   [Measuring]   out: 18:05:33.996 [main] WARN org.symphonyoss.symphony.messageml.bi.BiContext - Attribute count for element popups does not contain an integer value. The count will not be increased.
18:05:34.000 [INFO]   [Measuring]   out: [INFO] Tests run: 37, Failures: 0, Errors: 0, Skipped: 0, Time elapsed: 0.003 s - in org.symphonyoss.symphony.messageml.elements.DialogDiffblueTest
18:05:34.000 [INFO]   [Measuring]   out: [INFO] Running org.symphonyoss.symphony.messageml.elements.HorizontalRuleDiffblueTest
18:05:34.001 [INFO]   [Measuring]   out: [INFO] Tests run: 8, Failures: 0, Errors: 0, Skipped: 0, Time elapsed: 0 s - in org.symphonyoss.symphony.messageml.elements.HorizontalRuleDiffblueTest
18:05:34.001 [INFO]   [Measuring]   out: [INFO] Running org.symphonyoss.symphony.messageml.elements.BoldDiffblueTest
18:05:34.002 [INFO]   [Measuring]   out: [INFO] Tests run: 5, Failures: 0, Errors: 0, Skipped: 0, Time elapsed: 0 s - in org.symphonyoss.symphony.messageml.elements.BoldDiffblueTest
18:05:34.002 [INFO]   [Measuring]   out: [INFO] Running org.symphonyoss.symphony.messageml.elements.TagDiffblueTest
18:05:34.033 [INFO]   [Measuring]   out: 18:05:34.032 [main] WARN org.symphonyoss.symphony.messageml.bi.BiContext - Attribute count for element hashtags does not contain an integer value. The count will not be increased.
18:05:34.035 [INFO]   [Measuring]   out: 18:05:34.035 [main] WARN org.symphonyoss.symphony.messageml.bi.BiContext - Attribute count for element hashtags does not contain an integer value. The count will not be increased.
18:05:34.037 [INFO]   [Measuring]   out: [INFO] Tests run: 34, Failures: 0, Errors: 0, Skipped: 0, Time elapsed: 0.033 s - in org.symphonyoss.symphony.messageml.elements.TagDiffblueTest
18:05:34.037 [INFO]   [Measuring]   out: [INFO] Running org.symphonyoss.symphony.messageml.elements.TableRowDiffblueTest
18:05:34.037 [INFO]   [Measuring]   out: 18:05:34.036 [main] WARN org.symphonyoss.symphony.messageml.bi.BiContext - Attribute count for element table_columns_max does not contain an integer value. The count will not be increased.
18:05:34.038 [INFO]   [Measuring]   out: [INFO] Tests run: 11, Failures: 0, Errors: 0, Skipped: 0, Time elapsed: 0 s - in org.symphonyoss.symphony.messageml.elements.TableRowDiffblueTest
18:05:34.038 [INFO]   [Measuring]   out: [INFO] Running org.symphonyoss.symphony.messageml.elements.DivDiffblueTest
18:05:34.038 [INFO]   [Measuring]   out: 18:05:34.037 [main] WARN org.symphonyoss.symphony.messageml.bi.BiContext - Attribute count for element divs does not contain an integer value. The count will not be increased.
18:05:34.038 [INFO]   [Measuring]   out: 18:05:34.037 [main] WARN org.symphonyoss.symphony.messageml.bi.BiContext - Attribute count for element divs does not contain an integer value. The count will not be increased.
18:05:34.039 [INFO]   [Measuring]   out: [INFO] Tests run: 11, Failures: 0, Errors: 0, Skipped: 0, Time elapsed: 0 s - in org.symphonyoss.symphony.messageml.elements.DivDiffblueTest
18:05:34.039 [INFO]   [Measuring]   out: [INFO] Running org.symphonyoss.symphony.messageml.elements.CheckboxDiffblueTest
18:05:34.040 [INFO]   [Measuring]   out: [INFO] Tests run: 13, Failures: 0, Errors: 0, Skipped: 0, Time elapsed: 0 s - in org.symphonyoss.symphony.messageml.elements.CheckboxDiffblueTest
18:05:34.040 [INFO]   [Measuring]   out: [INFO] Running org.symphonyoss.symphony.messageml.elements.CardHeaderDiffblueTest
18:05:34.042 [INFO]   [Measuring]   out: [INFO] Tests run: 22, Failures: 0, Errors: 0, Skipped: 0, Time elapsed: 0.001 s - in org.symphonyoss.symphony.messageml.elements.CardHeaderDiffblueTest
18:05:34.042 [INFO]   [Measuring]   out: [INFO] Running org.symphonyoss.symphony.messageml.elements.OrderedListDiffblueTest
18:05:34.043 [INFO]   [Measuring]   out: 18:05:34.042 [main] WARN org.symphonyoss.symphony.messageml.bi.BiContext - Attribute count for element lists does not contain an integer value. The count will not be increased.
18:05:34.043 [INFO]   [Measuring]   out: 18:05:34.042 [main] WARN org.symphonyoss.symphony.messageml.bi.BiContext - Attribute count for element lists does not contain an integer value. The count will not be increased.
18:05:34.044 [INFO]   [Measuring]   out: [INFO] Tests run: 10, Failures: 0, Errors: 0, Skipped: 0, Time elapsed: 0.001 s - in org.symphonyoss.symphony.messageml.elements.OrderedListDiffblueTest
18:05:34.044 [INFO]   [Measuring]   out: [INFO] Running org.symphonyoss.symphony.messageml.elements.DatePickerDiffblueTest
18:05:34.048 [INFO]   [Measuring]   out: [INFO] Tests run: 16, Failures: 0, Errors: 0, Skipped: 0, Time elapsed: 0.003 s - in org.symphonyoss.symphony.messageml.elements.DatePickerDiffblueTest
18:05:34.048 [INFO]   [Measuring]   out: [INFO] Running org.symphonyoss.symphony.messageml.elements.ChimeDiffblueTest
18:05:34.048 [INFO]   [Measuring]   out: 18:05:34.047 [main] WARN org.symphonyoss.symphony.messageml.bi.BiContext - Attribute count for element chimes does not contain an integer value. The count will not be increased.
18:05:34.048 [INFO]   [Measuring]   out: 18:05:34.048 [main] WARN org.symphonyoss.symphony.messageml.bi.BiContext - Attribute count for element chimes does not contain an integer value. The count will not be increased.
18:05:34.050 [INFO]   [Measuring]   out: [INFO] Tests run: 17, Failures: 0, Errors: 0, Skipped: 0, Time elapsed: 0.001 s - in org.symphonyoss.symphony.messageml.elements.ChimeDiffblueTest
18:05:34.050 [INFO]   [Measuring]   out: [INFO] Running org.symphonyoss.symphony.messageml.elements.LineBreakDiffblueTest
18:05:34.050 [INFO]   [Measuring]   out: 18:05:34.049 [main] WARN org.symphonyoss.symphony.messageml.bi.BiContext - Attribute count for element linebreaks does not contain an integer value. The count will not be increased.
18:05:34.050 [INFO]   [Measuring]   out: 18:05:34.049 [main] WARN org.symphonyoss.symphony.messageml.bi.BiContext - Attribute count for element linebreaks does not contain an integer value. The count will not be increased.
18:05:34.051 [INFO]   [Measuring]   out: [INFO] Tests run: 14, Failures: 0, Errors: 0, Skipped: 0, Time elapsed: 0 s - in org.symphonyoss.symphony.messageml.elements.LineBreakDiffblueTest
18:05:34.051 [INFO]   [Measuring]   out: [INFO] Running org.symphonyoss.symphony.messageml.elements.StylesDiffblueTest
18:05:34.053 [INFO]   [Measuring]   out: [INFO] Tests run: 4, Failures: 0, Errors: 0, Skipped: 0, Time elapsed: 0.001 s - in org.symphonyoss.symphony.messageml.elements.StylesDiffblueTest
18:05:34.053 [INFO]   [Measuring]   out: [INFO] Running org.symphonyoss.symphony.messageml.elements.TextFieldDiffblueTest
18:05:34.059 [INFO]   [Measuring]   out: [INFO] Tests run: 27, Failures: 0, Errors: 0, Skipped: 0, Time elapsed: 0.005 s - in org.symphonyoss.symphony.messageml.elements.TextFieldDiffblueTest
18:05:34.059 [INFO]   [Measuring]   out: [INFO] Running org.symphonyoss.symphony.messageml.elements.ItalicDiffblueTest
18:05:34.060 [INFO]   [Measuring]   out: [INFO] Tests run: 5, Failures: 0, Errors: 0, Skipped: 0, Time elapsed: 0 s - in org.symphonyoss.symphony.messageml.elements.ItalicDiffblueTest
18:05:34.060 [INFO]   [Measuring]   out: [INFO] Running org.symphonyoss.symphony.messageml.elements.ExpandableCardDiffblueTest
18:05:34.061 [INFO]   [Measuring]   out: [INFO] Tests run: 19, Failures: 0, Errors: 0, Skipped: 0, Time elapsed: 0 s - in org.symphonyoss.symphony.messageml.elements.ExpandableCardDiffblueTest
18:05:34.061 [INFO]   [Measuring]   out: [INFO] Running org.symphonyoss.symphony.messageml.elements.PersonSelectorDiffblueTest
18:05:34.065 [INFO]   [Measuring]   out: [INFO] Tests run: 15, Failures: 0, Errors: 0, Skipped: 0, Time elapsed: 0.003 s - in org.symphonyoss.symphony.messageml.elements.PersonSelectorDiffblueTest
18:05:34.065 [INFO]   [Measuring]   out: [INFO] Running org.symphonyoss.symphony.messageml.elements.TextNodeDiffblueTest
18:05:34.066 [INFO]   [Measuring]   out: [INFO] Tests run: 11, Failures: 0, Errors: 0, Skipped: 0, Time elapsed: 0 s - in org.symphonyoss.symphony.messageml.elements.TextNodeDiffblueTest
18:05:34.066 [INFO]   [Measuring]   out: [INFO] Running org.symphonyoss.symphony.messageml.elements.DialogChildDiffblueTest
18:05:34.067 [INFO]   [Measuring]   out: [INFO] Tests run: 20, Failures: 0, Errors: 0, Skipped: 0, Time elapsed: 0 s - in org.symphonyoss.symphony.messageml.elements.DialogChildDiffblueTest
18:05:34.067 [INFO]   [Measuring]   out: [INFO] Running org.symphonyoss.symphony.messageml.elements.BulletListDiffblueTest
18:05:34.067 [INFO]   [Measuring]   out: 18:05:34.067 [main] WARN org.symphonyoss.symphony.messageml.bi.BiContext - Attribute count for element lists does not contain an integer value. The count will not be increased.
18:05:34.068 [INFO]   [Measuring]   out: 18:05:34.067 [main] WARN org.symphonyoss.symphony.messageml.bi.BiContext - Attribute count for element lists does not contain an integer value. The count will not be increased.
18:05:34.068 [INFO]   [Measuring]   out: [INFO] Tests run: 10, Failures: 0, Errors: 0, Skipped: 0, Time elapsed: 0.001 s - in org.symphonyoss.symphony.messageml.elements.BulletListDiffblueTest
18:05:34.069 [INFO]   [Measuring]   out: [INFO] Running org.symphonyoss.symphony.messageml.elements.ButtonDiffblueTest
18:05:34.071 [INFO]   [Measuring]   out: [INFO] Tests run: 24, Failures: 0, Errors: 0, Skipped: 0, Time elapsed: 0.001 s - in org.symphonyoss.symphony.messageml.elements.ButtonDiffblueTest
18:05:34.072 [INFO]   [Measuring]   out: [INFO] Running org.symphonyoss.symphony.messageml.elements.SubscriptDiffblueTest
18:05:34.072 [INFO]   [Measuring]   out: [INFO] Tests run: 2, Failures: 0, Errors: 0, Skipped: 0, Time elapsed: 0.001 s - in org.symphonyoss.symphony.messageml.elements.SubscriptDiffblueTest
18:05:34.073 [INFO]   [Measuring]   out: [INFO] Running org.symphonyoss.symphony.messageml.elements.GroupedElementDiffblueTest
18:05:34.076 [INFO]   [Measuring]   out: [INFO] Tests run: 14, Failures: 0, Errors: 0, Skipped: 0, Time elapsed: 0.003 s - in org.symphonyoss.symphony.messageml.elements.GroupedElementDiffblueTest
18:05:34.076 [INFO]   [Measuring]   out: [INFO] Running org.symphonyoss.symphony.messageml.elements.TextAreaDiffblueTest
18:05:34.079 [INFO]   [Measuring]   out: [INFO] Tests run: 17, Failures: 0, Errors: 0, Skipped: 0, Time elapsed: 0.002 s - in org.symphonyoss.symphony.messageml.elements.TextAreaDiffblueTest
18:05:34.079 [INFO]   [Measuring]   out: [INFO] Running org.symphonyoss.symphony.messageml.elements.ImageDiffblueTest
18:05:34.079 [INFO]   [Measuring]   out: 18:05:34.078 [main] WARN org.symphonyoss.symphony.messageml.bi.BiContext - Attribute count for element images does not contain an integer value. The count will not be increased.
18:05:34.079 [INFO]   [Measuring]   out: 18:05:34.078 [main] WARN org.symphonyoss.symphony.messageml.bi.BiContext - Attribute count for element images does not contain an integer value. The count will not be increased.
18:05:34.080 [INFO]   [Measuring]   out: [INFO] Tests run: 12, Failures: 0, Errors: 0, Skipped: 0, Time elapsed: 0 s - in org.symphonyoss.symphony.messageml.elements.ImageDiffblueTest
18:05:34.080 [INFO]   [Measuring]   out: [INFO] Running org.symphonyoss.symphony.messageml.elements.UIActionDiffblueTest
18:05:34.082 [INFO]   [Measuring]   out: [INFO] Tests run: 20, Failures: 0, Errors: 0, Skipped: 0, Time elapsed: 0.001 s - in org.symphonyoss.symphony.messageml.elements.UIActionDiffblueTest
18:05:34.082 [INFO]   [Measuring]   out: [INFO] Running org.symphonyoss.symphony.messageml.util.EmojiShortcodeToUnicodeDiffblueTest
18:05:34.083 [INFO]   [Measuring]   out: [INFO] Tests run: 2, Failures: 0, Errors: 0, Skipped: 0, Time elapsed: 0 s - in org.symphonyoss.symphony.messageml.util.EmojiShortcodeToUnicodeDiffblueTest
18:05:34.083 [INFO]   [Measuring]   out: [INFO] Running org.symphonyoss.symphony.messageml.util.TagAttributesDiffblueTest
18:05:34.084 [INFO]   [Measuring]   out: [INFO] Tests run: 1, Failures: 0, Errors: 0, Skipped: 0, Time elapsed: 0 s - in org.symphonyoss.symphony.messageml.util.TagAttributesDiffblueTest
18:05:34.084 [INFO]   [Measuring]   out: [INFO] Running org.symphonyoss.symphony.messageml.util.IndentedPrintStreamDiffblueTest
18:05:34.111 [INFO]   [Measuring]   out: [INFO] Tests run: 376, Failures: 0, Errors: 0, Skipped: 0, Time elapsed: 0.023 s - in org.symphonyoss.symphony.messageml.util.IndentedPrintStreamDiffblueTest
18:05:34.112 [INFO]   [Measuring]   out: [INFO] Running org.symphonyoss.symphony.messageml.util.instrument.resolver.ProviderIdDiffblueTest
18:05:34.113 [INFO]   [Measuring]   out: [INFO] Tests run: 2, Failures: 0, Errors: 0, Skipped: 0, Time elapsed: 0 s - in org.symphonyoss.symphony.messageml.util.instrument.resolver.ProviderIdDiffblueTest
18:05:34.113 [INFO]   [Measuring]   out: [INFO] Running org.symphonyoss.symphony.messageml.util.instrument.resolver.MarketSectorDiffblueTest
18:05:34.114 [INFO]   [Measuring]   out: [INFO] Tests run: 3, Failures: 0, Errors: 0, Skipped: 0, Time elapsed: 0 s - in org.symphonyoss.symphony.messageml.util.instrument.resolver.MarketSectorDiffblueTest
18:05:34.114 [INFO]   [Measuring]   out: [INFO] Running org.symphonyoss.symphony.messageml.util.instrument.resolver.InstrumentDiffblueTest
18:05:34.115 [INFO]   [Measuring]   out: [INFO] Tests run: 1, Failures: 0, Errors: 0, Skipped: 0, Time elapsed: 0 s - in org.symphonyoss.symphony.messageml.util.instrument.resolver.InstrumentDiffblueTest
18:05:34.115 [INFO]   [Measuring]   out: [INFO] Running org.symphonyoss.symphony.messageml.util.instrument.resolver.InstrumentKindDiffblueTest
18:05:34.116 [INFO]   [Measuring]   out: [INFO] Tests run: 3, Failures: 0, Errors: 0, Skipped: 0, Time elapsed: 0 s - in org.symphonyoss.symphony.messageml.util.instrument.resolver.InstrumentKindDiffblueTest
18:05:34.116 [INFO]   [Measuring]   out: [INFO] Running org.symphonyoss.symphony.messageml.util.XmlPrintStreamDiffblueTest
18:05:34.119 [INFO]   [Measuring]   out: [INFO] Tests run: 109, Failures: 0, Errors: 0, Skipped: 0, Time elapsed: 0.001 s - in org.symphonyoss.symphony.messageml.util.XmlPrintStreamDiffblueTest
18:05:34.119 [INFO]   [Measuring]   out: [INFO] Running org.symphonyoss.symphony.messageml.util.XMLAttributeDiffblueTest
18:05:34.120 [INFO]   [Measuring]   out: [INFO] Tests run: 3, Failures: 0, Errors: 0, Skipped: 0, Time elapsed: 0 s - in org.symphonyoss.symphony.messageml.util.XMLAttributeDiffblueTest
18:05:34.120 [INFO]   [Measuring]   out: [INFO] Running org.symphonyoss.symphony.messageml.util.NoOpDataProviderDiffblueTest
18:05:34.122 [INFO]   [Measuring]   out: [INFO] Tests run: 3, Failures: 0, Errors: 0, Skipped: 0, Time elapsed: 0.001 s - in org.symphonyoss.symphony.messageml.util.NoOpDataProviderDiffblueTest
18:05:34.122 [INFO]   [Measuring]   out: [INFO] Running org.symphonyoss.symphony.messageml.util.AlignedBlockDiffblueTest
18:05:34.123 [INFO]   [Measuring]   out: [INFO] Tests run: 23, Failures: 0, Errors: 0, Skipped: 0, Time elapsed: 0 s - in org.symphonyoss.symphony.messageml.util.AlignedBlockDiffblueTest
18:05:34.123 [INFO]   [Measuring]   out: [INFO] Running org.symphonyoss.symphony.messageml.util.pojo.TimeIntervalDiffblueTest
18:05:34.124 [INFO]   [Measuring]   out: [INFO] Tests run: 13, Failures: 0, Errors: 0, Skipped: 0, Time elapsed: 0 s - in org.symphonyoss.symphony.messageml.util.pojo.TimeIntervalDiffblueTest
18:05:34.124 [INFO]   [Measuring]   out: [INFO] Running org.symphonyoss.symphony.messageml.util.pojo.DateIntervalDiffblueTest
18:05:34.126 [INFO]   [Measuring]   out: [INFO] Tests run: 16, Failures: 0, Errors: 0, Skipped: 0, Time elapsed: 0 s - in org.symphonyoss.symphony.messageml.util.pojo.DateIntervalDiffblueTest
18:05:34.126 [INFO]   [Measuring]   out: [INFO] Running org.symphonyoss.symphony.messageml.util.NullDataProviderDiffblueTest
18:05:34.127 [INFO]   [Measuring]   out: [INFO] Tests run: 3, Failures: 0, Errors: 0, Skipped: 0, Time elapsed: 0 s - in org.symphonyoss.symphony.messageml.util.NullDataProviderDiffblueTest
18:05:34.127 [INFO]   [Measuring]   out: [INFO] Running org.symphonyoss.symphony.messageml.util.CountedOutputStreamDiffblueTest
18:05:34.137 [INFO]   [Measuring]   out: [INFO] Tests run: 14, Failures: 0, Errors: 0, Skipped: 0, Time elapsed: 0.009 s - in org.symphonyoss.symphony.messageml.util.CountedOutputStreamDiffblueTest
18:05:34.137 [INFO]   [Measuring]   out: [INFO] Running org.symphonyoss.symphony.messageml.markdown.nodes.EmojiNodeDiffblueTest
18:05:34.138 [INFO]   [Measuring]   out: [INFO] Tests run: 4, Failures: 0, Errors: 0, Skipped: 0, Time elapsed: 0 s - in org.symphonyoss.symphony.messageml.markdown.nodes.EmojiNodeDiffblueTest
18:05:34.138 [INFO]   [Measuring]   out: [INFO] Running org.symphonyoss.symphony.messageml.markdown.nodes.form.TextFieldNodeDiffblueTest
18:05:34.139 [INFO]   [Measuring]   out: [INFO] Tests run: 2, Failures: 0, Errors: 0, Skipped: 0, Time elapsed: 0 s - in org.symphonyoss.symphony.messageml.markdown.nodes.form.TextFieldNodeDiffblueTest
18:05:34.139 [INFO]   [Measuring]   out: [INFO] Running org.symphonyoss.symphony.messageml.markdown.nodes.form.TimezonePickerNodeDiffblueTest
18:05:34.140 [INFO]   [Measuring]   out: [INFO] Tests run: 2, Failures: 0, Errors: 0, Skipped: 0, Time elapsed: 0 s - in org.symphonyoss.symphony.messageml.markdown.nodes.form.TimezonePickerNodeDiffblueTest
18:05:34.140 [INFO]   [Measuring]   out: [INFO] Running org.symphonyoss.symphony.messageml.markdown.nodes.form.RoomSelectorNodeDiffblueTest
18:05:34.141 [INFO]   [Measuring]   out: [INFO] Tests run: 2, Failures: 0, Errors: 0, Skipped: 0, Time elapsed: 0 s - in org.symphonyoss.symphony.messageml.markdown.nodes.form.RoomSelectorNodeDiffblueTest
18:05:34.141 [INFO]   [Measuring]   out: [INFO] Running org.symphonyoss.symphony.messageml.markdown.nodes.form.FormNodeDiffblueTest
18:05:34.142 [INFO]   [Measuring]   out: [INFO] Tests run: 1, Failures: 0, Errors: 0, Skipped: 0, Time elapsed: 0 s - in org.symphonyoss.symphony.messageml.markdown.nodes.form.FormNodeDiffblueTest
18:05:34.142 [INFO]   [Measuring]   out: [INFO] Running org.symphonyoss.symphony.messageml.markdown.nodes.form.OptionNodeDiffblueTest
18:05:34.143 [INFO]   [Measuring]   out: [INFO] Tests run: 1, Failures: 0, Errors: 0, Skipped: 0, Time elapsed: 0 s - in org.symphonyoss.symphony.messageml.markdown.nodes.form.OptionNodeDiffblueTest
18:05:34.143 [INFO]   [Measuring]   out: [INFO] Running org.symphonyoss.symphony.messageml.markdown.nodes.form.FormElementNodeDiffblueTest
18:05:34.144 [INFO]   [Measuring]   out: [INFO] Tests run: 4, Failures: 0, Errors: 0, Skipped: 0, Time elapsed: 0 s - in org.symphonyoss.symphony.messageml.markdown.nodes.form.FormElementNodeDiffblueTest
18:05:34.144 [INFO]   [Measuring]   out: [INFO] Running org.symphonyoss.symphony.messageml.markdown.nodes.form.PlaceholderLabelTooltipNodeDiffblueTest
18:05:34.145 [INFO]   [Measuring]   out: [INFO] Tests run: 2, Failures: 0, Errors: 0, Skipped: 0, Time elapsed: 0 s - in org.symphonyoss.symphony.messageml.markdown.nodes.form.PlaceholderLabelTooltipNodeDiffblueTest
18:05:34.145 [INFO]   [Measuring]   out: [INFO] Running org.symphonyoss.symphony.messageml.markdown.nodes.form.DatePickerNodeDiffblueTest
18:05:34.146 [INFO]   [Measuring]   out: [INFO] Tests run: 2, Failures: 0, Errors: 0, Skipped: 0, Time elapsed: 0 s - in org.symphonyoss.symphony.messageml.markdown.nodes.form.DatePickerNodeDiffblueTest
18:05:34.146 [INFO]   [Measuring]   out: [INFO] Running org.symphonyoss.symphony.messageml.markdown.nodes.form.SelectNodeDiffblueTest
18:05:34.147 [INFO]   [Measuring]   out: [INFO] Tests run: 4, Failures: 0, Errors: 0, Skipped: 0, Time elapsed: 0 s - in org.symphonyoss.symphony.messageml.markdown.nodes.form.SelectNodeDiffblueTest
18:05:34.147 [INFO]   [Measuring]   out: [INFO] Running org.symphonyoss.symphony.messageml.markdown.nodes.form.PersonSelectorNodeDiffblueTest
18:05:34.147 [INFO]   [Measuring]   out: [INFO] Tests run: 2, Failures: 0, Errors: 0, Skipped: 0, Time elapsed: 0 s - in org.symphonyoss.symphony.messageml.markdown.nodes.form.PersonSelectorNodeDiffblueTest
18:05:34.147 [INFO]   [Measuring]   out: [INFO] Running org.symphonyoss.symphony.messageml.markdown.nodes.form.TextAreaNodeDiffblueTest
18:05:34.148 [INFO]   [Measuring]   out: [INFO] Tests run: 2, Failures: 0, Errors: 0, Skipped: 0, Time elapsed: 0 s - in org.symphonyoss.symphony.messageml.markdown.nodes.form.TextAreaNodeDiffblueTest
18:05:34.148 [INFO]   [Measuring]   out: [INFO] Running org.symphonyoss.symphony.messageml.markdown.nodes.form.TimePickerNodeDiffblueTest
18:05:34.149 [INFO]   [Measuring]   out: [INFO] Tests run: 2, Failures: 0, Errors: 0, Skipped: 0, Time elapsed: 0 s - in org.symphonyoss.symphony.messageml.markdown.nodes.form.TimePickerNodeDiffblueTest
18:05:34.149 [INFO]   [Measuring]   out: [INFO] Running org.symphonyoss.symphony.messageml.markdown.nodes.form.RadioNodeDiffblueTest
18:05:34.150 [INFO]   [Measuring]   out: [INFO] Tests run: 5, Failures: 0, Errors: 0, Skipped: 0, Time elapsed: 0 s - in org.symphonyoss.symphony.messageml.markdown.nodes.form.RadioNodeDiffblueTest
18:05:34.150 [INFO]   [Measuring]   out: [INFO] Running org.symphonyoss.symphony.messageml.markdown.nodes.form.CheckboxNodeDiffblueTest
18:05:34.151 [INFO]   [Measuring]   out: [INFO] Tests run: 5, Failures: 0, Errors: 0, Skipped: 0, Time elapsed: 0 s - in org.symphonyoss.symphony.messageml.markdown.nodes.form.CheckboxNodeDiffblueTest
18:05:34.151 [INFO]   [Measuring]   out: [INFO] Running org.symphonyoss.symphony.messageml.markdown.nodes.form.ButtonNodeDiffblueTest
18:05:34.152 [INFO]   [Measuring]   out: [INFO] Tests run: 1, Failures: 0, Errors: 0, Skipped: 0, Time elapsed: 0 s - in org.symphonyoss.symphony.messageml.markdown.nodes.form.ButtonNodeDiffblueTest
18:05:34.152 [INFO]   [Measuring]   out: [INFO] Running org.symphonyoss.symphony.messageml.markdown.nodes.form.DialogNodeDiffblueTest
18:05:34.152 [INFO]   [Measuring]   out: [INFO] Tests run: 2, Failures: 0, Errors: 0, Skipped: 0, Time elapsed: 0 s - in org.symphonyoss.symphony.messageml.markdown.nodes.form.DialogNodeDiffblueTest
18:05:34.152 [INFO]   [Measuring]   out: [INFO] Running org.symphonyoss.symphony.messageml.markdown.nodes.form.DateSelectorNodeDiffblueTest
18:05:34.153 [INFO]   [Measuring]   out: [INFO] Tests run: 3, Failures: 0, Errors: 0, Skipped: 0, Time elapsed: 0 s - in org.symphonyoss.symphony.messageml.markdown.nodes.form.DateSelectorNodeDiffblueTest
18:05:34.153 [INFO]   [Measuring]   out: [INFO] Running org.symphonyoss.symphony.messageml.markdown.nodes.TableRowNodeDiffblueTest
18:05:34.154 [INFO]   [Measuring]   out: [INFO] Tests run: 1, Failures: 0, Errors: 0, Skipped: 0, Time elapsed: 0 s - in org.symphonyoss.symphony.messageml.markdown.nodes.TableRowNodeDiffblueTest
18:05:34.154 [INFO]   [Measuring]   out: [INFO] Running org.symphonyoss.symphony.messageml.markdown.nodes.TagNodeDiffblueTest
18:05:34.155 [INFO]   [Measuring]   out: [INFO] Tests run: 1, Failures: 0, Errors: 0, Skipped: 0, Time elapsed: 0 s - in org.symphonyoss.symphony.messageml.markdown.nodes.TagNodeDiffblueTest
18:05:34.155 [INFO]   [Measuring]   out: [INFO] Running org.symphonyoss.symphony.messageml.markdown.nodes.TableNodeDiffblueTest
18:05:34.155 [INFO]   [Measuring]   out: [INFO] Tests run: 1, Failures: 0, Errors: 0, Skipped: 0, Time elapsed: 0 s - in org.symphonyoss.symphony.messageml.markdown.nodes.TableNodeDiffblueTest
18:05:34.155 [INFO]   [Measuring]   out: [INFO] Running org.symphonyoss.symphony.messageml.markdown.nodes.PreformattedNodeDiffblueTest
18:05:34.156 [INFO]   [Measuring]   out: [INFO] Tests run: 1, Failures: 0, Errors: 0, Skipped: 0, Time elapsed: 0 s - in org.symphonyoss.symphony.messageml.markdown.nodes.PreformattedNodeDiffblueTest
18:05:34.156 [INFO]   [Measuring]   out: [INFO] Running org.symphonyoss.symphony.messageml.markdown.nodes.TableCellNodeDiffblueTest
18:05:34.157 [INFO]   [Measuring]   out: [INFO] Tests run: 1, Failures: 0, Errors: 0, Skipped: 0, Time elapsed: 0 s - in org.symphonyoss.symphony.messageml.markdown.nodes.TableCellNodeDiffblueTest
18:05:34.157 [INFO]   [Measuring]   out: [INFO] Running org.symphonyoss.symphony.messageml.markdown.nodes.KeywordNodeDiffblueTest
18:05:34.158 [INFO]   [Measuring]   out: [INFO] Tests run: 1, Failures: 0, Errors: 0, Skipped: 0, Time elapsed: 0 s - in org.symphonyoss.symphony.messageml.markdown.nodes.KeywordNodeDiffblueTest
18:05:34.158 [INFO]   [Measuring]   out: [INFO] Running org.symphonyoss.symphony.messageml.markdown.nodes.MentionNodeDiffblueTest
18:05:34.159 [INFO]   [Measuring]   out: [INFO] Tests run: 5, Failures: 0, Errors: 0, Skipped: 0, Time elapsed: 0 s - in org.symphonyoss.symphony.messageml.markdown.nodes.MentionNodeDiffblueTest
18:05:34.159 [INFO]   [Measuring]   out: [INFO] Running org.symphonyoss.symphony.messageml.markdown.EntityDelimiterProcessorDiffblueTest
18:05:34.160 [INFO]   [Measuring]   out: [INFO] Tests run: 5, Failures: 0, Errors: 0, Skipped: 0, Time elapsed: 0 s - in org.symphonyoss.symphony.messageml.markdown.EntityDelimiterProcessorDiffblueTest
18:05:34.160 [INFO]   [Measuring]   out: [INFO] Running org.symphonyoss.symphony.messageml.markdown.MarkdownParserDiffblueTest
18:05:34.170 [INFO]   [Measuring]   out: [INFO] Tests run: 137, Failures: 0, Errors: 0, Skipped: 0, Time elapsed: 0.008 s - in org.symphonyoss.symphony.messageml.markdown.MarkdownParserDiffblueTest
18:05:34.170 [INFO]   [Measuring]   out: [INFO] Running org.symphonyoss.symphony.messageml.markdown.MarkdownRendererDiffblueTest
18:05:34.204 [INFO]   [Measuring]   out: [INFO] Tests run: 156, Failures: 0, Errors: 0, Skipped: 0, Time elapsed: 0.027 s - in org.symphonyoss.symphony.messageml.markdown.MarkdownRendererDiffblueTest
18:05:34.619 [INFO]   [Measuring]   out: [INFO] 
18:05:34.619 [INFO]   [Measuring]   out: [INFO] Results:
18:05:34.619 [INFO]   [Measuring]   out: [INFO] 
18:05:34.619 [INFO]   [Measuring]   out: [INFO] Tests run: 2184, Failures: 0, Errors: 0, Skipped: 0
18:05:34.619 [INFO]   [Measuring]   out: [INFO] 
18:05:34.623 [INFO]   [Measuring]   deserializing line [DIFFBLUE]{"__type":"com.diffblue.cover.buildsystem.model.DefaultEventMessage","project":"org.symphonyoss.symphony:messageml","goal":"test","cause":null,"state":"SUCCESS"}
18:05:34.624 [INFO]   [Measuring]   deserializing line [DIFFBLUE]{"__type":"com.diffblue.cover.buildsystem.model.DefaultEventMessage","project":"org.symphonyoss.symphony:messageml","goal":"report","cause":null,"state":"STARTED"}
18:05:34.624 [INFO]   [Measuring]   out: [INFO] 
18:05:34.624 [INFO]   [Measuring]   out: [INFO] --- jacoco-maven-plugin:0.8.11:report (default-cli) @ messageml ---
18:05:34.627 [INFO]   [Measuring]   out: [INFO] Loading execution data file /home/jbergqvist/diffblue/finos-messageml-utils/target/jacoco.exec
18:05:34.738 [INFO]   [Measuring]   out: [INFO] Analyzed bundle 'MessageML Utils' with 144 classes
18:05:34.900 [INFO]   [Measuring]   deserializing line [DIFFBLUE]{"__type":"com.diffblue.cover.buildsystem.model.DefaultEventMessage","project":"org.symphonyoss.symphony:messageml","goal":"report","cause":null,"state":"SUCCESS"}
18:05:34.928 [INFO]   [Measuring]   deserializing line [DIFFBLUE]{"__type":"com.diffblue.cover.buildsystem.model.DefaultProjectModuleMessage","project":{"__type":"DefaultProjectModule","junitReport":["/home/jbergqvist/diffblue/finos-messageml-utils/target/surefire-reports"],"jacocoReport":["/home/jbergqvist/diffblue/finos-messageml-utils/target/site/jacoco/jacoco.xml"],"jacocoDestFile":["/home/jbergqvist/diffblue/finos-messageml-utils/target/jacoco.exec"],"jacocoFormats":["xml"],"jacocoSkipped":false,"classpath":["/home/jbergqvist/diffblue/finos-messageml-utils/target/classes","/home/jbergqvist/.m2/repository/org/projectlombok/lombok/1.18.42/lombok-1.18.42.jar","/home/jbergqvist/.m2/repository/com/github/java-json-tools/json-schema-validator/2.2.14/json-schema-validator-2.2.14.jar","/home/jbergqvist/.m2/repository/com/github/java-json-tools/jackson-coreutils-equivalence/1.0/jackson-coreutils-equivalence-1.0.jar","/home/jbergqvist/.m2/repository/com/github/java-json-tools/jackson-coreutils/2.0/jackson-coreutils-2.0.jar","/home/jbergqvist/.m2/repository/com/github/java-json-tools/msg-simple/1.2/msg-simple-1.2.jar","/home/jbergqvist/.m2/repository/com/github/java-json-tools/btf/1.3/btf-1.3.jar","/home/jbergqvist/.m2/repository/com/github/java-json-tools/json-schema-core/1.2.14/json-schema-core-1.2.14.jar","/home/jbergqvist/.m2/repository/com/github/java-json-tools/uri-template/0.10/uri-template-0.10.jar","/home/jbergqvist/.m2/repository/com/sun/mail/mailapi/1.6.2/mailapi-1.6.2.jar","/home/jbergqvist/.m2/repository/joda-time/joda-time/2.10.5/joda-time-2.10.5.jar","/home/jbergqvist/.m2/repository/com/googlecode/libphonenumber/libphonenumber/8.11.1/libphonenumber-8.11.1.jar","/home/jbergqvist/.m2/repository/com/google/code/findbugs/jsr305/3.0.2/jsr305-3.0.2.jar","/home/jbergqvist/.m2/repository/net/sf/jopt-simple/jopt-simple/5.0.4/jopt-simple-5.0.4.jar","/home/jbergqvist/.m2/repository/org/mozilla/rhino/1.7.13/rhino-1.7.13.jar","/home/jbergqvist/.m2/repository/com/google/guava/guava/32.1.2-jre/guava-32.1.2-jre.jar","/home/jbergqvist/.m2/repository/com/google/guava/failureaccess/1.0.1/failureaccess-1.0.1.jar","/home/jbergqvist/.m2/repository/com/google/guava/listenablefuture/9999.0-empty-to-avoid-conflict-with-guava/listenablefuture-9999.0-empty-to-avoid-conflict-with-guava.jar","/home/jbergqvist/.m2/repository/org/checkerframework/checker-qual/3.33.0/checker-qual-3.33.0.jar","/home/jbergqvist/.m2/repository/com/google/errorprone/error_prone_annotations/2.18.0/error_prone_annotations-2.18.0.jar","/home/jbergqvist/.m2/repository/com/google/j2objc/j2objc-annotations/2.8/j2objc-annotations-2.8.jar","/home/jbergqvist/.m2/repository/com/fasterxml/jackson/core/jackson-core/2.15.2/jackson-core-2.15.2.jar","/home/jbergqvist/.m2/repository/com/fasterxml/jackson/core/jackson-databind/2.15.2/jackson-databind-2.15.2.jar","/home/jbergqvist/.m2/repository/com/fasterxml/jackson/core/jackson-annotations/2.15.2/jackson-annotations-2.15.2.jar","/home/jbergqvist/.m2/repository/commons-io/commons-io/2.11.0/commons-io-2.11.0.jar","/home/jbergqvist/.m2/repository/org/apache/commons/commons-lang3/3.12.0/commons-lang3-3.12.0.jar","/home/jbergqvist/.m2/repository/org/freemarker/freemarker/2.3.31/freemarker-2.3.31.jar","/home/jbergqvist/.m2/repository/org/slf4j/slf4j-api/1.7.32/slf4j-api-1.7.32.jar","/home/jbergqvist/.m2/repository/com/diffblue/cover/cover-annotations/1.8.0/cover-annotations-1.8.0.jar","/home/jbergqvist/.m2/repository/com/atlassian/commonmark/commonmark/0.15.2/commonmark-0.15.2.jar","/home/jbergqvist/.m2/repository/org/junit/jupiter/junit-jupiter-api/5.8.2/junit-jupiter-api-5.8.2.jar","/home/jbergqvist/.m2/repository/org/opentest4j/opentest4j/1.2.0/opentest4j-1.2.0.jar","/home/jbergqvist/.m2/repository/org/junit/platform/junit-platform-commons/1.8.2/junit-platform-commons-1.8.2.jar","/home/jbergqvist/.m2/repository/org/apiguardian/apiguardian-api/1.1.2/apiguardian-api-1.1.2.jar","/home/jbergqvist/.m2/repository/org/junit/jupiter/junit-jupiter-params/5.8.2/junit-jupiter-params-5.8.2.jar","/home/jbergqvist/.m2/repository/org/junit/jupiter/junit-jupiter-engine/5.8.2/junit-jupiter-engine-5.8.2.jar","/home/jbergqvist/.m2/repository/org/junit/platform/junit-platform-engine/1.8.2/junit-platform-engine-1.8.2.jar","/home/jbergqvist/.m2/repository/org/junit/vintage/junit-vintage-engine/5.8.2/junit-vintage-engine-5.8.2.jar","/home/jbergqvist/.m2/repository/junit/junit/4.13.2/junit-4.13.2.jar","/home/jbergqvist/.m2/repository/org/hamcrest/hamcrest-core/1.3/hamcrest-core-1.3.jar","/home/jbergqvist/.m2/repository/org/mockito/mockito-core/4.0.0/mockito-core-4.0.0.jar","/home/jbergqvist/.m2/repository/net/bytebuddy/byte-buddy/1.11.19/byte-buddy-1.11.19.jar","/home/jbergqvist/.m2/repository/net/bytebuddy/byte-buddy-agent/1.11.19/byte-buddy-agent-1.11.19.jar","/home/jbergqvist/.m2/repository/org/objenesis/objenesis/3.2/objenesis-3.2.jar","/home/jbergqvist/.m2/repository/org/openjdk/jmh/jmh-core/1.33/jmh-core-1.33.jar","/home/jbergqvist/.m2/repository/org/apache/commons/commons-math3/3.2/commons-math3-3.2.jar","/home/jbergqvist/.m2/repository/org/openjdk/jmh/jmh-generator-annprocess/1.33/jmh-generator-annprocess-1.33.jar","/home/jbergqvist/.m2/repository/org/xmlunit/xmlunit-core/2.8.3/xmlunit-core-2.8.3.jar","/home/jbergqvist/.m2/repository/jakarta/xml/bind/jakarta.xml.bind-api/2.3.3/jakarta.xml.bind-api-2.3.3.jar","/home/jbergqvist/.m2/repository/jakarta/activation/jakarta.activation-api/1.2.2/jakarta.activation-api-1.2.2.jar","/home/jbergqvist/.m2/repository/ch/qos/logback/logback-classic/1.2.9/logback-classic-1.2.9.jar","/home/jbergqvist/.m2/repository/ch/qos/logback/logback-core/1.2.9/logback-core-1.2.9.jar"],"complianceLevel":"1.8","productionSources":["/home/jbergqvist/diffblue/finos-messageml-utils/src/main/java"],"testSources":["/home/jbergqvist/diffblue/finos-messageml-utils/src/test/java"],"productionClasses":"/home/jbergqvist/diffblue/finos-messageml-utils/target/classes","testClasses":"/home/jbergqvist/diffblue/finos-messageml-utils/target/test-classes","sourceToBuildPathMap":null,"testSourceToBuildPathMap":null,"buildDirectory":"/home/jbergqvist/diffblue/finos-messageml-utils/target","plugins":[{"__type":"DefaultPlugin","groupId":"org.apache.maven.plugins","artefactId":"maven-surefire-plugin","version":"2.22.2","pluginClassName":null},{"__type":"DefaultPlugin","groupId":"org.apache.maven.plugins","artefactId":"maven-clean-plugin","version":"2.5","pluginClassName":null},{"__type":"DefaultPlugin","groupId":"org.apache.maven.plugins","artefactId":"maven-resources-plugin","version":"2.6","pluginClassName":null},{"__type":"DefaultPlugin","groupId":"org.apache.maven.plugins","artefactId":"maven-jar-plugin","version":"3.2.2","pluginClassName":null},{"__type":"DefaultPlugin","groupId":"org.apache.maven.plugins","artefactId":"maven-compiler-plugin","version":"3.1","pluginClassName":null},{"__type":"DefaultPlugin","groupId":"org.apache.maven.plugins","artefactId":"maven-install-plugin","version":"2.4","pluginClassName":null},{"__type":"DefaultPlugin","groupId":"org.apache.maven.plugins","artefactId":"maven-deploy-plugin","version":"3.0.0-M1","pluginClassName":null},{"__type":"DefaultPlugin","groupId":"org.apache.maven.plugins","artefactId":"maven-site-plugin","version":"3.3","pluginClassName":null}],"version":"3.8.4","encoding":"UTF-8","name":"maven","subModules":[],"simpleModuleName":null,"parentModuleName":null,"location":"/home/jbergqvist/diffblue/finos-messageml-utils","fullModuleName":"org.symphonyoss.symphony:messageml"}}
18:05:34.932 [INFO]   [Measuring]   out: [INFO] ------------------------------------------------------------------------
18:05:34.932 [INFO]   [Measuring]   out: [INFO] BUILD SUCCESS
18:05:34.932 [INFO]   [Measuring]   out: [INFO] ------------------------------------------------------------------------
18:05:34.932 [INFO]   [Measuring]   out: [INFO] Total time:  4.624 s
18:05:34.932 [INFO]   [Measuring]   out: [INFO] Finished at: 2026-01-09T18:05:34Z
18:05:34.932 [INFO]   [Measuring]   out: [INFO] ------------------------------------------------------------------------
18:05:34.932 [INFO]   [Measuring]   deserializing line [DIFFBLUE]{"__type":"com.diffblue.cover.buildsystem.model.ProjectInfoMessage","projectName":"org.symphonyoss.symphony:messageml","productionSources":["/home/jbergqvist/diffblue/finos-messageml-utils/src/main/java"],"testSources":["/home/jbergqvist/diffblue/finos-messageml-utils/src/test/java"],"location":"/home/jbergqvist/diffblue/finos-messageml-utils"}
18:05:34.987 [INFO]   [Measuring]   maven:err process not stopped, joining thread
18:05:34.988 [INFO]   [Measuring]   maven:out process not stopped, joining thread
18:05:34.988 [INFO]   [Measuring]   Attempting to invoke /home/jbergqvist/diffblue/finos-messageml-utils/mvnw in working directory: /home/jbergqvist/diffblue/finos-messageml-utils
18:05:34.988 [INFO]   [Measuring]   Started "/home/jbergqvist/diffblue/finos-messageml-utils/mvnw -Dmaven.ext.class.path=/opt/cover/cover-buildsystem-maven-spy-jar-with-dependencies.jar -Dcom.diffblue.cover.skipTests=true -DskipTestOptimizer --batch-mode --projects=org.symphonyoss.symphony:messageml --global-settings=/home/jbergqvist/.sdkman/candidates/maven/current/conf/settings.xml org.jacoco:jacoco-maven-plugin:0.8.11:prepare-agent -Djacoco.skip=false test -DfailIfNoTests=false -Dsurefire.failIfNoSpecifiedTests=false -Dmaven.test.failure.ignore=True -Dtest=!*DiffblueTest,**/Test*.java,**/*Test.java,**/*Tests.java,**/*TestCase.java -Dgroups=MaintainedByDiffblue,ContributionFromDiffblue org.jacoco:jacoco-maven-plugin:0.8.11:report -Djacoco.skip=false"
18:05:35.614 [INFO]   [Measuring]   out: [INFO] Scanning for projects...
18:05:35.676 [INFO]   [Measuring]   out: [INFO] 
18:05:35.676 [INFO]   [Measuring]   out: [INFO] -----------------< org.symphonyoss.symphony:messageml >-----------------
18:05:35.676 [INFO]   [Measuring]   out: [INFO] Building MessageML Utils 0.13.0
18:05:35.676 [INFO]   [Measuring]   out: [INFO] --------------------------------[ jar ]---------------------------------
18:05:35.921 [INFO]   [Measuring]   deserializing line [DIFFBLUE]{"__type":"com.diffblue.cover.buildsystem.model.DefaultEventMessage","project":"org.symphonyoss.symphony:messageml","goal":"prepare-agent","cause":null,"state":"STARTED"}
18:05:35.922 [INFO]   [Measuring]   out: [INFO] 
18:05:35.923 [INFO]   [Measuring]   out: [INFO] --- jacoco-maven-plugin:0.8.11:prepare-agent (default-cli) @ messageml ---
18:05:35.981 [INFO]   [Measuring]   out: [INFO] argLine set to -javaagent:/home/jbergqvist/.m2/repository/org/jacoco/org.jacoco.agent/0.8.11/org.jacoco.agent-0.8.11-runtime.jar=destfile=/home/jbergqvist/diffblue/finos-messageml-utils/target/jacoco.exec
18:05:35.982 [INFO]   [Measuring]   deserializing line [DIFFBLUE]{"__type":"com.diffblue.cover.buildsystem.model.DefaultEventMessage","project":"org.symphonyoss.symphony:messageml","goal":"prepare-agent","cause":null,"state":"SUCCESS"}
18:05:35.983 [INFO]   [Measuring]   deserializing line [DIFFBLUE]{"__type":"com.diffblue.cover.buildsystem.model.DefaultEventMessage","project":"org.symphonyoss.symphony:messageml","goal":"resources","cause":null,"state":"STARTED"}
18:05:35.984 [INFO]   [Measuring]   out: [INFO] 
18:05:35.984 [INFO]   [Measuring]   out: [INFO] --- maven-resources-plugin:2.6:resources (default-resources) @ messageml ---
18:05:36.044 [INFO]   [Measuring]   out: [INFO] Using 'UTF-8' encoding to copy filtered resources.
18:05:36.046 [INFO]   [Measuring]   out: [INFO] Copying 1 resource
18:05:36.049 [INFO]   [Measuring]   deserializing line [DIFFBLUE]{"__type":"com.diffblue.cover.buildsystem.model.DefaultEventMessage","project":"org.symphonyoss.symphony:messageml","goal":"resources","cause":null,"state":"SUCCESS"}
18:05:36.050 [INFO]   [Measuring]   deserializing line [DIFFBLUE]{"__type":"com.diffblue.cover.buildsystem.model.DefaultEventMessage","project":"org.symphonyoss.symphony:messageml","goal":"compile","cause":null,"state":"STARTED"}
18:05:36.051 [INFO]   [Measuring]   out: [INFO] 
18:05:36.051 [INFO]   [Measuring]   out: [INFO] --- maven-compiler-plugin:3.1:compile (default-compile) @ messageml ---
18:05:36.145 [INFO]   [Measuring]   out: [INFO] Nothing to compile - all classes are up to date
18:05:36.146 [INFO]   [Measuring]   deserializing line [DIFFBLUE]{"__type":"com.diffblue.cover.buildsystem.model.DefaultEventMessage","project":"org.symphonyoss.symphony:messageml","goal":"compile","cause":null,"state":"SUCCESS"}
18:05:36.147 [INFO]   [Measuring]   deserializing line [DIFFBLUE]{"__type":"com.diffblue.cover.buildsystem.model.DefaultEventMessage","project":"org.symphonyoss.symphony:messageml","goal":"testResources","cause":null,"state":"STARTED"}
18:05:36.148 [INFO]   [Measuring]   out: [INFO] 
18:05:36.148 [INFO]   [Measuring]   out: [INFO] --- maven-resources-plugin:2.6:testResources (default-testResources) @ messageml ---
18:05:36.149 [INFO]   [Measuring]   out: [INFO] Using 'UTF-8' encoding to copy filtered resources.
18:05:36.151 [INFO]   [Measuring]   out: [INFO] Copying 36 resources
18:05:36.153 [INFO]   [Measuring]   deserializing line [DIFFBLUE]{"__type":"com.diffblue.cover.buildsystem.model.DefaultEventMessage","project":"org.symphonyoss.symphony:messageml","goal":"testResources","cause":null,"state":"SUCCESS"}
18:05:36.154 [INFO]   [Measuring]   deserializing line [DIFFBLUE]{"__type":"com.diffblue.cover.buildsystem.model.DefaultEventMessage","project":"org.symphonyoss.symphony:messageml","goal":"testCompile","cause":null,"state":"STARTED"}
18:05:36.155 [INFO]   [Measuring]   out: [INFO] 
18:05:36.155 [INFO]   [Measuring]   out: [INFO] --- maven-compiler-plugin:3.1:testCompile (default-testCompile) @ messageml ---
18:05:36.169 [INFO]   [Measuring]   out: [INFO] Nothing to compile - all classes are up to date
18:05:36.170 [INFO]   [Measuring]   deserializing line [DIFFBLUE]{"__type":"com.diffblue.cover.buildsystem.model.DefaultEventMessage","project":"org.symphonyoss.symphony:messageml","goal":"testCompile","cause":null,"state":"SUCCESS"}
18:05:36.171 [INFO]   [Measuring]   deserializing line [DIFFBLUE]{"__type":"com.diffblue.cover.buildsystem.model.DefaultEventMessage","project":"org.symphonyoss.symphony:messageml","goal":"test","cause":null,"state":"STARTED"}
18:05:36.172 [INFO]   [Measuring]   out: [INFO] 
18:05:36.172 [INFO]   [Measuring]   out: [INFO] --- maven-surefire-plugin:2.22.2:test (default-test) @ messageml ---
18:05:36.302 [INFO]   [Measuring]   out: [INFO] 
18:05:36.302 [INFO]   [Measuring]   out: [INFO] -------------------------------------------------------
18:05:36.302 [INFO]   [Measuring]   out: [INFO]  T E S T S
18:05:36.302 [INFO]   [Measuring]   out: [INFO] -------------------------------------------------------
18:05:37.448 [INFO]   [Measuring]   out: [INFO] 
18:05:37.448 [INFO]   [Measuring]   out: [INFO] Results:
18:05:37.448 [INFO]   [Measuring]   out: [INFO] 
18:05:37.451 [INFO]   [Measuring]   out: [INFO] Tests run: 0, Failures: 0, Errors: 0, Skipped: 0
18:05:37.451 [INFO]   [Measuring]   out: [INFO] 
18:05:37.456 [INFO]   [Measuring]   deserializing line [DIFFBLUE]{"__type":"com.diffblue.cover.buildsystem.model.DefaultEventMessage","project":"org.symphonyoss.symphony:messageml","goal":"test","cause":null,"state":"SUCCESS"}
18:05:37.457 [INFO]   [Measuring]   deserializing line [DIFFBLUE]{"__type":"com.diffblue.cover.buildsystem.model.DefaultEventMessage","project":"org.symphonyoss.symphony:messageml","goal":"report","cause":null,"state":"STARTED"}
18:05:37.458 [INFO]   [Measuring]   out: [INFO] 
18:05:37.458 [INFO]   [Measuring]   out: [INFO] --- jacoco-maven-plugin:0.8.11:report (default-cli) @ messageml ---
18:05:37.460 [INFO]   [Measuring]   out: [INFO] Loading execution data file /home/jbergqvist/diffblue/finos-messageml-utils/target/jacoco.exec
18:05:37.578 [INFO]   [Measuring]   out: [INFO] Analyzed bundle 'MessageML Utils' with 144 classes
18:05:37.826 [INFO]   [Measuring]   deserializing line [DIFFBLUE]{"__type":"com.diffblue.cover.buildsystem.model.DefaultEventMessage","project":"org.symphonyoss.symphony:messageml","goal":"report","cause":null,"state":"SUCCESS"}
18:05:37.855 [INFO]   [Measuring]   deserializing line [DIFFBLUE]{"__type":"com.diffblue.cover.buildsystem.model.DefaultProjectModuleMessage","project":{"__type":"DefaultProjectModule","junitReport":["/home/jbergqvist/diffblue/finos-messageml-utils/target/surefire-reports"],"jacocoReport":["/home/jbergqvist/diffblue/finos-messageml-utils/target/site/jacoco/jacoco.xml"],"jacocoDestFile":["/home/jbergqvist/diffblue/finos-messageml-utils/target/jacoco.exec"],"jacocoFormats":["xml"],"jacocoSkipped":false,"classpath":["/home/jbergqvist/diffblue/finos-messageml-utils/target/classes","/home/jbergqvist/.m2/repository/org/projectlombok/lombok/1.18.42/lombok-1.18.42.jar","/home/jbergqvist/.m2/repository/com/github/java-json-tools/json-schema-validator/2.2.14/json-schema-validator-2.2.14.jar","/home/jbergqvist/.m2/repository/com/github/java-json-tools/jackson-coreutils-equivalence/1.0/jackson-coreutils-equivalence-1.0.jar","/home/jbergqvist/.m2/repository/com/github/java-json-tools/jackson-coreutils/2.0/jackson-coreutils-2.0.jar","/home/jbergqvist/.m2/repository/com/github/java-json-tools/msg-simple/1.2/msg-simple-1.2.jar","/home/jbergqvist/.m2/repository/com/github/java-json-tools/btf/1.3/btf-1.3.jar","/home/jbergqvist/.m2/repository/com/github/java-json-tools/json-schema-core/1.2.14/json-schema-core-1.2.14.jar","/home/jbergqvist/.m2/repository/com/github/java-json-tools/uri-template/0.10/uri-template-0.10.jar","/home/jbergqvist/.m2/repository/com/sun/mail/mailapi/1.6.2/mailapi-1.6.2.jar","/home/jbergqvist/.m2/repository/joda-time/joda-time/2.10.5/joda-time-2.10.5.jar","/home/jbergqvist/.m2/repository/com/googlecode/libphonenumber/libphonenumber/8.11.1/libphonenumber-8.11.1.jar","/home/jbergqvist/.m2/repository/com/google/code/findbugs/jsr305/3.0.2/jsr305-3.0.2.jar","/home/jbergqvist/.m2/repository/net/sf/jopt-simple/jopt-simple/5.0.4/jopt-simple-5.0.4.jar","/home/jbergqvist/.m2/repository/org/mozilla/rhino/1.7.13/rhino-1.7.13.jar","/home/jbergqvist/.m2/repository/com/google/guava/guava/32.1.2-jre/guava-32.1.2-jre.jar","/home/jbergqvist/.m2/repository/com/google/guava/failureaccess/1.0.1/failureaccess-1.0.1.jar","/home/jbergqvist/.m2/repository/com/google/guava/listenablefuture/9999.0-empty-to-avoid-conflict-with-guava/listenablefuture-9999.0-empty-to-avoid-conflict-with-guava.jar","/home/jbergqvist/.m2/repository/org/checkerframework/checker-qual/3.33.0/checker-qual-3.33.0.jar","/home/jbergqvist/.m2/repository/com/google/errorprone/error_prone_annotations/2.18.0/error_prone_annotations-2.18.0.jar","/home/jbergqvist/.m2/repository/com/google/j2objc/j2objc-annotations/2.8/j2objc-annotations-2.8.jar","/home/jbergqvist/.m2/repository/com/fasterxml/jackson/core/jackson-core/2.15.2/jackson-core-2.15.2.jar","/home/jbergqvist/.m2/repository/com/fasterxml/jackson/core/jackson-databind/2.15.2/jackson-databind-2.15.2.jar","/home/jbergqvist/.m2/repository/com/fasterxml/jackson/core/jackson-annotations/2.15.2/jackson-annotations-2.15.2.jar","/home/jbergqvist/.m2/repository/commons-io/commons-io/2.11.0/commons-io-2.11.0.jar","/home/jbergqvist/.m2/repository/org/apache/commons/commons-lang3/3.12.0/commons-lang3-3.12.0.jar","/home/jbergqvist/.m2/repository/org/freemarker/freemarker/2.3.31/freemarker-2.3.31.jar","/home/jbergqvist/.m2/repository/org/slf4j/slf4j-api/1.7.32/slf4j-api-1.7.32.jar","/home/jbergqvist/.m2/repository/com/diffblue/cover/cover-annotations/1.8.0/cover-annotations-1.8.0.jar","/home/jbergqvist/.m2/repository/com/atlassian/commonmark/commonmark/0.15.2/commonmark-0.15.2.jar","/home/jbergqvist/.m2/repository/org/junit/jupiter/junit-jupiter-api/5.8.2/junit-jupiter-api-5.8.2.jar","/home/jbergqvist/.m2/repository/org/opentest4j/opentest4j/1.2.0/opentest4j-1.2.0.jar","/home/jbergqvist/.m2/repository/org/junit/platform/junit-platform-commons/1.8.2/junit-platform-commons-1.8.2.jar","/home/jbergqvist/.m2/repository/org/apiguardian/apiguardian-api/1.1.2/apiguardian-api-1.1.2.jar","/home/jbergqvist/.m2/repository/org/junit/jupiter/junit-jupiter-params/5.8.2/junit-jupiter-params-5.8.2.jar","/home/jbergqvist/.m2/repository/org/junit/jupiter/junit-jupiter-engine/5.8.2/junit-jupiter-engine-5.8.2.jar","/home/jbergqvist/.m2/repository/org/junit/platform/junit-platform-engine/1.8.2/junit-platform-engine-1.8.2.jar","/home/jbergqvist/.m2/repository/org/junit/vintage/junit-vintage-engine/5.8.2/junit-vintage-engine-5.8.2.jar","/home/jbergqvist/.m2/repository/junit/junit/4.13.2/junit-4.13.2.jar","/home/jbergqvist/.m2/repository/org/hamcrest/hamcrest-core/1.3/hamcrest-core-1.3.jar","/home/jbergqvist/.m2/repository/org/mockito/mockito-core/4.0.0/mockito-core-4.0.0.jar","/home/jbergqvist/.m2/repository/net/bytebuddy/byte-buddy/1.11.19/byte-buddy-1.11.19.jar","/home/jbergqvist/.m2/repository/net/bytebuddy/byte-buddy-agent/1.11.19/byte-buddy-agent-1.11.19.jar","/home/jbergqvist/.m2/repository/org/objenesis/objenesis/3.2/objenesis-3.2.jar","/home/jbergqvist/.m2/repository/org/openjdk/jmh/jmh-core/1.33/jmh-core-1.33.jar","/home/jbergqvist/.m2/repository/org/apache/commons/commons-math3/3.2/commons-math3-3.2.jar","/home/jbergqvist/.m2/repository/org/openjdk/jmh/jmh-generator-annprocess/1.33/jmh-generator-annprocess-1.33.jar","/home/jbergqvist/.m2/repository/org/xmlunit/xmlunit-core/2.8.3/xmlunit-core-2.8.3.jar","/home/jbergqvist/.m2/repository/jakarta/xml/bind/jakarta.xml.bind-api/2.3.3/jakarta.xml.bind-api-2.3.3.jar","/home/jbergqvist/.m2/repository/jakarta/activation/jakarta.activation-api/1.2.2/jakarta.activation-api-1.2.2.jar","/home/jbergqvist/.m2/repository/ch/qos/logback/logback-classic/1.2.9/logback-classic-1.2.9.jar","/home/jbergqvist/.m2/repository/ch/qos/logback/logback-core/1.2.9/logback-core-1.2.9.jar"],"complianceLevel":"1.8","productionSources":["/home/jbergqvist/diffblue/finos-messageml-utils/src/main/java"],"testSources":["/home/jbergqvist/diffblue/finos-messageml-utils/src/test/java"],"productionClasses":"/home/jbergqvist/diffblue/finos-messageml-utils/target/classes","testClasses":"/home/jbergqvist/diffblue/finos-messageml-utils/target/test-classes","sourceToBuildPathMap":null,"testSourceToBuildPathMap":null,"buildDirectory":"/home/jbergqvist/diffblue/finos-messageml-utils/target","plugins":[{"__type":"DefaultPlugin","groupId":"org.apache.maven.plugins","artefactId":"maven-surefire-plugin","version":"2.22.2","pluginClassName":null},{"__type":"DefaultPlugin","groupId":"org.apache.maven.plugins","artefactId":"maven-clean-plugin","version":"2.5","pluginClassName":null},{"__type":"DefaultPlugin","groupId":"org.apache.maven.plugins","artefactId":"maven-resources-plugin","version":"2.6","pluginClassName":null},{"__type":"DefaultPlugin","groupId":"org.apache.maven.plugins","artefactId":"maven-jar-plugin","version":"3.2.2","pluginClassName":null},{"__type":"DefaultPlugin","groupId":"org.apache.maven.plugins","artefactId":"maven-compiler-plugin","version":"3.1","pluginClassName":null},{"__type":"DefaultPlugin","groupId":"org.apache.maven.plugins","artefactId":"maven-install-plugin","version":"2.4","pluginClassName":null},{"__type":"DefaultPlugin","groupId":"org.apache.maven.plugins","artefactId":"maven-deploy-plugin","version":"3.0.0-M1","pluginClassName":null},{"__type":"DefaultPlugin","groupId":"org.apache.maven.plugins","artefactId":"maven-site-plugin","version":"3.3","pluginClassName":null}],"version":"3.8.4","encoding":"UTF-8","name":"maven","subModules":[],"simpleModuleName":null,"parentModuleName":null,"location":"/home/jbergqvist/diffblue/finos-messageml-utils","fullModuleName":"org.symphonyoss.symphony:messageml"}}
18:05:37.857 [INFO]   [Measuring]   out: [INFO] ------------------------------------------------------------------------
18:05:37.857 [INFO]   [Measuring]   out: [INFO] BUILD SUCCESS
18:05:37.858 [INFO]   [Measuring]   out: [INFO] ------------------------------------------------------------------------
18:05:37.858 [INFO]   [Measuring]   out: [INFO] Total time:  2.255 s
18:05:37.858 [INFO]   [Measuring]   out: [INFO] Finished at: 2026-01-09T18:05:37Z
18:05:37.858 [INFO]   [Measuring]   out: [INFO] ------------------------------------------------------------------------
18:05:37.859 [INFO]   [Measuring]   deserializing line [DIFFBLUE]{"__type":"com.diffblue.cover.buildsystem.model.ProjectInfoMessage","projectName":"org.symphonyoss.symphony:messageml","productionSources":["/home/jbergqvist/diffblue/finos-messageml-utils/src/main/java"],"testSources":["/home/jbergqvist/diffblue/finos-messageml-utils/src/test/java"],"location":"/home/jbergqvist/diffblue/finos-messageml-utils"}
18:05:37.928 [INFO]   [Measuring]   maven:err process not stopped, joining thread
18:05:37.928 [INFO]   [Measuring]   maven:out process not stopped, joining thread
18:05:38.008 [INFO]   [Measuring]   JaCoCo report file created in /home/jbergqvist/diffblue/finos-messageml-utils/.diffblue/reports/diffblue-tests-jacoco-report.xml
18:05:38.139 [INFO]   [Measuring]   Calculating coverage from manual tests.
18:05:38.140 [INFO]   [Measuring]   Using default build rules as no custom rules found in any of [/home/jbergqvist/diffblue/finos-messageml-utils]
18:05:38.140 [INFO]   [Measuring]   Attempting to invoke /home/jbergqvist/diffblue/finos-messageml-utils/mvnw in working directory: /home/jbergqvist/diffblue/finos-messageml-utils
18:05:38.141 [INFO]   [Measuring]   Started "/home/jbergqvist/diffblue/finos-messageml-utils/mvnw -Dmaven.ext.class.path=/opt/cover/cover-buildsystem-maven-spy-jar-with-dependencies.jar -Dcom.diffblue.cover.skipTests=true -DskipTestOptimizer --batch-mode --projects=org.symphonyoss.symphony:messageml --global-settings=/home/jbergqvist/.sdkman/candidates/maven/current/conf/settings.xml org.jacoco:jacoco-maven-plugin:0.8.11:prepare-agent -Djacoco.skip=false test -DfailIfNoTests=false -Dsurefire.failIfNoSpecifiedTests=false -Dmaven.test.failure.ignore=True -Dtest=!*DiffblueTest,**/Test*.java,**/*Test.java,**/*Tests.java,**/*TestCase.java -DexcludedGroups=MaintainedByDiffblue,ContributionFromDiffblue org.jacoco:jacoco-maven-plugin:0.8.11:report -Djacoco.skip=false"
18:05:38.788 [INFO]   [Measuring]   out: [INFO] Scanning for projects...
18:05:38.847 [INFO]   [Measuring]   out: [INFO] 
18:05:38.847 [INFO]   [Measuring]   out: [INFO] -----------------< org.symphonyoss.symphony:messageml >-----------------
18:05:38.847 [INFO]   [Measuring]   out: [INFO] Building MessageML Utils 0.13.0
18:05:38.847 [INFO]   [Measuring]   out: [INFO] --------------------------------[ jar ]---------------------------------
18:05:39.079 [INFO]   [Measuring]   deserializing line [DIFFBLUE]{"__type":"com.diffblue.cover.buildsystem.model.DefaultEventMessage","project":"org.symphonyoss.symphony:messageml","goal":"prepare-agent","cause":null,"state":"STARTED"}
18:05:39.080 [INFO]   [Measuring]   out: [INFO] 
18:05:39.080 [INFO]   [Measuring]   out: [INFO] --- jacoco-maven-plugin:0.8.11:prepare-agent (default-cli) @ messageml ---
18:05:39.134 [INFO]   [Measuring]   out: [INFO] argLine set to -javaagent:/home/jbergqvist/.m2/repository/org/jacoco/org.jacoco.agent/0.8.11/org.jacoco.agent-0.8.11-runtime.jar=destfile=/home/jbergqvist/diffblue/finos-messageml-utils/target/jacoco.exec
18:05:39.135 [INFO]   [Measuring]   deserializing line [DIFFBLUE]{"__type":"com.diffblue.cover.buildsystem.model.DefaultEventMessage","project":"org.symphonyoss.symphony:messageml","goal":"prepare-agent","cause":null,"state":"SUCCESS"}
18:05:39.137 [INFO]   [Measuring]   deserializing line [DIFFBLUE]{"__type":"com.diffblue.cover.buildsystem.model.DefaultEventMessage","project":"org.symphonyoss.symphony:messageml","goal":"resources","cause":null,"state":"STARTED"}
18:05:39.137 [INFO]   [Measuring]   out: [INFO] 
18:05:39.137 [INFO]   [Measuring]   out: [INFO] --- maven-resources-plugin:2.6:resources (default-resources) @ messageml ---
18:05:39.198 [INFO]   [Measuring]   out: [INFO] Using 'UTF-8' encoding to copy filtered resources.
18:05:39.199 [INFO]   [Measuring]   out: [INFO] Copying 1 resource
18:05:39.203 [INFO]   [Measuring]   deserializing line [DIFFBLUE]{"__type":"com.diffblue.cover.buildsystem.model.DefaultEventMessage","project":"org.symphonyoss.symphony:messageml","goal":"resources","cause":null,"state":"SUCCESS"}
18:05:39.204 [INFO]   [Measuring]   deserializing line [DIFFBLUE]{"__type":"com.diffblue.cover.buildsystem.model.DefaultEventMessage","project":"org.symphonyoss.symphony:messageml","goal":"compile","cause":null,"state":"STARTED"}
18:05:39.205 [INFO]   [Measuring]   out: [INFO] 
18:05:39.205 [INFO]   [Measuring]   out: [INFO] --- maven-compiler-plugin:3.1:compile (default-compile) @ messageml ---
18:05:39.305 [INFO]   [Measuring]   out: [INFO] Nothing to compile - all classes are up to date
18:05:39.306 [INFO]   [Measuring]   deserializing line [DIFFBLUE]{"__type":"com.diffblue.cover.buildsystem.model.DefaultEventMessage","project":"org.symphonyoss.symphony:messageml","goal":"compile","cause":null,"state":"SUCCESS"}
18:05:39.307 [INFO]   [Measuring]   deserializing line [DIFFBLUE]{"__type":"com.diffblue.cover.buildsystem.model.DefaultEventMessage","project":"org.symphonyoss.symphony:messageml","goal":"testResources","cause":null,"state":"STARTED"}
18:05:39.308 [INFO]   [Measuring]   out: [INFO] 
18:05:39.308 [INFO]   [Measuring]   out: [INFO] --- maven-resources-plugin:2.6:testResources (default-testResources) @ messageml ---
18:05:39.309 [INFO]   [Measuring]   out: [INFO] Using 'UTF-8' encoding to copy filtered resources.
18:05:39.311 [INFO]   [Measuring]   out: [INFO] Copying 36 resources
18:05:39.313 [INFO]   [Measuring]   deserializing line [DIFFBLUE]{"__type":"com.diffblue.cover.buildsystem.model.DefaultEventMessage","project":"org.symphonyoss.symphony:messageml","goal":"testResources","cause":null,"state":"SUCCESS"}
18:05:39.315 [INFO]   [Measuring]   deserializing line [DIFFBLUE]{"__type":"com.diffblue.cover.buildsystem.model.DefaultEventMessage","project":"org.symphonyoss.symphony:messageml","goal":"testCompile","cause":null,"state":"STARTED"}
18:05:39.316 [INFO]   [Measuring]   out: [INFO] 
18:05:39.316 [INFO]   [Measuring]   out: [INFO] --- maven-compiler-plugin:3.1:testCompile (default-testCompile) @ messageml ---
18:05:39.330 [INFO]   [Measuring]   out: [INFO] Nothing to compile - all classes are up to date
18:05:39.331 [INFO]   [Measuring]   deserializing line [DIFFBLUE]{"__type":"com.diffblue.cover.buildsystem.model.DefaultEventMessage","project":"org.symphonyoss.symphony:messageml","goal":"testCompile","cause":null,"state":"SUCCESS"}
18:05:39.333 [INFO]   [Measuring]   deserializing line [DIFFBLUE]{"__type":"com.diffblue.cover.buildsystem.model.DefaultEventMessage","project":"org.symphonyoss.symphony:messageml","goal":"test","cause":null,"state":"STARTED"}
18:05:39.334 [INFO]   [Measuring]   out: [INFO] 
18:05:39.334 [INFO]   [Measuring]   out: [INFO] --- maven-surefire-plugin:2.22.2:test (default-test) @ messageml ---
18:05:39.487 [INFO]   [Measuring]   out: [INFO] 
18:05:39.487 [INFO]   [Measuring]   out: [INFO] -------------------------------------------------------
18:05:39.487 [INFO]   [Measuring]   out: [INFO]  T E S T S
18:05:39.487 [INFO]   [Measuring]   out: [INFO] -------------------------------------------------------
18:05:40.353 [INFO]   [Measuring]   out: [INFO] Running org.symphonyoss.symphony.messageml.elements.form.DatePickerTest
18:05:40.781 [INFO]   [Measuring]   out: 18:05:40.778 [main] WARN org.symphonyoss.symphony.messageml.bi.BiContext - Failed to extract the messageML library version.
18:05:40.918 [INFO]   [Measuring]   out: [INFO] Tests run: 2, Failures: 0, Errors: 0, Skipped: 0, Time elapsed: 0.558 s - in org.symphonyoss.symphony.messageml.elements.form.DatePickerTest
18:05:40.918 [INFO]   [Measuring]   out: [INFO] Running org.symphonyoss.symphony.messageml.elements.form.TextAreaTest
18:05:40.920 [INFO]   [Measuring]   out: [INFO] Tests run: 2, Failures: 0, Errors: 0, Skipped: 0, Time elapsed: 0 s - in org.symphonyoss.symphony.messageml.elements.form.TextAreaTest
18:05:40.920 [INFO]   [Measuring]   out: [INFO] Running org.symphonyoss.symphony.messageml.elements.form.CheckboxTest
18:05:40.936 [INFO]   [Measuring]   out: [INFO] Tests run: 2, Failures: 0, Errors: 0, Skipped: 0, Time elapsed: 0.014 s - in org.symphonyoss.symphony.messageml.elements.form.CheckboxTest
18:05:40.936 [INFO]   [Measuring]   out: [INFO] Running org.symphonyoss.symphony.messageml.elements.form.TimezonePickerTest
18:05:40.951 [INFO]   [Measuring]   out: [INFO] Tests run: 2, Failures: 0, Errors: 0, Skipped: 0, Time elapsed: 0.013 s - in org.symphonyoss.symphony.messageml.elements.form.TimezonePickerTest
18:05:40.951 [INFO]   [Measuring]   out: [INFO] Running org.symphonyoss.symphony.messageml.elements.form.RadioTest
18:05:40.960 [INFO]   [Measuring]   out: [INFO] Tests run: 2, Failures: 0, Errors: 0, Skipped: 0, Time elapsed: 0.007 s - in org.symphonyoss.symphony.messageml.elements.form.RadioTest
18:05:40.960 [INFO]   [Measuring]   out: [INFO] Running org.symphonyoss.symphony.messageml.elements.form.TextFieldTest
18:05:40.969 [INFO]   [Measuring]   out: [INFO] Tests run: 3, Failures: 0, Errors: 0, Skipped: 0, Time elapsed: 0.007 s - in org.symphonyoss.symphony.messageml.elements.form.TextFieldTest
18:05:40.969 [INFO]   [Measuring]   out: [INFO] Running org.symphonyoss.symphony.messageml.elements.form.TimePickerTest
18:05:40.977 [INFO]   [Measuring]   out: [INFO] Tests run: 2, Failures: 0, Errors: 0, Skipped: 0, Time elapsed: 0.006 s - in org.symphonyoss.symphony.messageml.elements.form.TimePickerTest
18:05:40.977 [INFO]   [Measuring]   out: [INFO] Running org.symphonyoss.symphony.messageml.elements.CodeLanguageTest
18:05:41.047 [INFO]   [Measuring]   out: [INFO] Tests run: 61, Failures: 0, Errors: 0, Skipped: 0, Time elapsed: 0.067 s - in org.symphonyoss.symphony.messageml.elements.CodeLanguageTest
18:05:41.047 [INFO]   [Measuring]   out: [INFO] Running org.symphonyoss.symphony.messageml.markdown.MarkdownParserTest
18:05:41.049 [INFO]   [Measuring]   out: [INFO] Tests run: 1, Failures: 0, Errors: 0, Skipped: 0, Time elapsed: 0.001 s - in org.symphonyoss.symphony.messageml.markdown.MarkdownParserTest
18:05:41.059 [INFO]   [Measuring]   out: [INFO] Running org.symphonyoss.symphony.entityjson.TestValidSchemas
18:05:41.060 [INFO]   [Measuring]   out: [WARNING] Tests run: 1, Failures: 0, Errors: 0, Skipped: 1, Time elapsed: 0 s - in org.symphonyoss.symphony.entityjson.TestValidSchemas
18:05:41.060 [INFO]   [Measuring]   out: [INFO] Running org.symphonyoss.symphony.entityjson.TestInvalidSchemas
18:05:41.061 [INFO]   [Measuring]   out: [WARNING] Tests run: 1, Failures: 0, Errors: 0, Skipped: 1, Time elapsed: 0 s - in org.symphonyoss.symphony.entityjson.TestInvalidSchemas
18:05:41.061 [INFO]   [Measuring]   out: [INFO] Running org.symphonyoss.symphony.messageml.bi.BiContextTest
18:05:41.065 [INFO]   [Measuring]   out: [INFO] Tests run: 6, Failures: 0, Errors: 0, Skipped: 0, Time elapsed: 0.003 s - in org.symphonyoss.symphony.messageml.bi.BiContextTest
18:05:41.066 [INFO]   [Measuring]   out: [INFO] Running org.symphonyoss.symphony.messageml.bi.BiItemTest
18:05:41.066 [INFO]   [Measuring]   out: 18:05:41.065 [main] WARN org.symphonyoss.symphony.messageml.bi.BiContext - Attribute attribute1 for element element1 does not contain an integer value. The count will not be increased.
18:05:41.066 [INFO]   [Measuring]   out: 18:05:41.066 [main] WARN org.symphonyoss.symphony.messageml.bi.BiContext - Attribute attribute1 for element element1 does not contain an integer value. The count will not be increased.
18:05:41.068 [INFO]   [Measuring]   out: [INFO] Tests run: 6, Failures: 0, Errors: 0, Skipped: 0, Time elapsed: 0.001 s - in org.symphonyoss.symphony.messageml.bi.BiItemTest
18:05:41.068 [INFO]   [Measuring]   out: [INFO] Running org.symphonyoss.symphony.messageml.MessageMLContextTest
18:05:41.695 [INFO]   [Measuring]   out: [INFO] Tests run: 59, Failures: 0, Errors: 0, Skipped: 0, Time elapsed: 0.624 s - in org.symphonyoss.symphony.messageml.MessageMLContextTest
18:05:41.695 [INFO]   [Measuring]   out: [INFO] Running org.symphonyoss.symphony.messageml.elements.DivTest
18:05:41.706 [INFO]   [Measuring]   out: [INFO] Tests run: 19, Failures: 0, Errors: 0, Skipped: 0, Time elapsed: 0.009 s - in org.symphonyoss.symphony.messageml.elements.DivTest
18:05:41.706 [INFO]   [Measuring]   out: [INFO] Running org.symphonyoss.symphony.messageml.elements.HorizontalRuleTest
18:05:41.714 [INFO]   [Measuring]   out: [INFO] Tests run: 16, Failures: 0, Errors: 0, Skipped: 0, Time elapsed: 0.006 s - in org.symphonyoss.symphony.messageml.elements.HorizontalRuleTest
18:05:41.714 [INFO]   [Measuring]   out: [INFO] Running org.symphonyoss.symphony.messageml.elements.form.ButtonTest
18:05:41.718 [INFO]   [Measuring]   out: 18:05:41.718 [main] INFO org.symphonyoss.symphony.messageml.elements.Button - Button class cannot be a destructive one, replacing it accordingly.
18:05:41.718 [INFO]   [Measuring]   out: 18:05:41.718 [main] INFO org.symphonyoss.symphony.messageml.elements.Button - Button class cannot be a destructive one, replacing it accordingly.
18:05:41.721 [INFO]   [Measuring]   out: 18:05:41.720 [main] INFO org.symphonyoss.symphony.messageml.elements.Button - Button class cannot be a destructive one, replacing it accordingly.
18:05:41.721 [INFO]   [Measuring]   out: 18:05:41.720 [main] INFO org.symphonyoss.symphony.messageml.elements.Button - Button class cannot be a destructive one, replacing it accordingly.
18:05:41.733 [INFO]   [Measuring]   out: [INFO] Tests run: 37, Failures: 0, Errors: 0, Skipped: 0, Time elapsed: 0.016 s - in org.symphonyoss.symphony.messageml.elements.form.ButtonTest
18:05:41.733 [INFO]   [Measuring]   out: [INFO] Running org.symphonyoss.symphony.messageml.elements.form.DatePickerTest
18:05:41.768 [INFO]   [Measuring]   out: [INFO] Tests run: 31, Failures: 0, Errors: 0, Skipped: 0, Time elapsed: 0.032 s - in org.symphonyoss.symphony.messageml.elements.form.DatePickerTest
18:05:41.768 [INFO]   [Measuring]   out: [INFO] Running org.symphonyoss.symphony.messageml.elements.form.TextAreaTest
18:05:41.789 [INFO]   [Measuring]   out: [INFO] Tests run: 40, Failures: 0, Errors: 0, Skipped: 0, Time elapsed: 0.018 s - in org.symphonyoss.symphony.messageml.elements.form.TextAreaTest
18:05:41.789 [INFO]   [Measuring]   out: [INFO] Running org.symphonyoss.symphony.messageml.elements.form.DateSelectorTest
18:05:41.801 [INFO]   [Measuring]   out: [INFO] Tests run: 23, Failures: 0, Errors: 0, Skipped: 0, Time elapsed: 0.009 s - in org.symphonyoss.symphony.messageml.elements.form.DateSelectorTest
18:05:41.801 [INFO]   [Measuring]   out: [INFO] Running org.symphonyoss.symphony.messageml.elements.form.CheckboxTest
18:05:41.821 [INFO]   [Measuring]   out: [INFO] Tests run: 40, Failures: 0, Errors: 0, Skipped: 0, Time elapsed: 0.018 s - in org.symphonyoss.symphony.messageml.elements.form.CheckboxTest
18:05:41.821 [INFO]   [Measuring]   out: [INFO] Running org.symphonyoss.symphony.messageml.elements.form.SelectOptionTest
18:05:41.843 [INFO]   [Measuring]   out: [INFO] Tests run: 57, Failures: 0, Errors: 0, Skipped: 0, Time elapsed: 0.02 s - in org.symphonyoss.symphony.messageml.elements.form.SelectOptionTest
18:05:41.843 [INFO]   [Measuring]   out: [INFO] Running org.symphonyoss.symphony.messageml.elements.form.FormTest
18:05:41.854 [INFO]   [Measuring]   out: [INFO] Tests run: 24, Failures: 0, Errors: 0, Skipped: 0, Time elapsed: 0.01 s - in org.symphonyoss.symphony.messageml.elements.form.FormTest
18:05:41.854 [INFO]   [Measuring]   out: [INFO] Running org.symphonyoss.symphony.messageml.elements.form.TimezonePickerTest
18:05:41.865 [INFO]   [Measuring]   out: [INFO] Tests run: 23, Failures: 0, Errors: 0, Skipped: 0, Time elapsed: 0.009 s - in org.symphonyoss.symphony.messageml.elements.form.TimezonePickerTest
18:05:41.865 [INFO]   [Measuring]   out: [INFO] Running org.symphonyoss.symphony.messageml.elements.form.PersonSelectorTest
18:05:41.876 [INFO]   [Measuring]   out: [INFO] Tests run: 29, Failures: 0, Errors: 0, Skipped: 0, Time elapsed: 0.009 s - in org.symphonyoss.symphony.messageml.elements.form.PersonSelectorTest
18:05:41.876 [INFO]   [Measuring]   out: [INFO] Running org.symphonyoss.symphony.messageml.elements.form.RadioTest
18:05:41.890 [INFO]   [Measuring]   out: [INFO] Tests run: 38, Failures: 0, Errors: 0, Skipped: 0, Time elapsed: 0.012 s - in org.symphonyoss.symphony.messageml.elements.form.RadioTest
18:05:41.890 [INFO]   [Measuring]   out: [INFO] Running org.symphonyoss.symphony.messageml.elements.form.TextFieldTest
18:05:41.906 [INFO]   [Measuring]   out: [INFO] Tests run: 53, Failures: 0, Errors: 0, Skipped: 0, Time elapsed: 0.014 s - in org.symphonyoss.symphony.messageml.elements.form.TextFieldTest
18:05:41.906 [INFO]   [Measuring]   out: [INFO] Running org.symphonyoss.symphony.messageml.elements.form.TimePickerTest
18:05:41.906 [INFO]   [Measuring]   out: 18:05:41.904 [main] WARN org.symphonyoss.symphony.messageml.elements.Element - Attribute step for element TimePicker should be an integer value. The property will not be put in BI context.
18:05:41.913 [INFO]   [Measuring]   out: 18:05:41.913 [main] WARN org.symphonyoss.symphony.messageml.elements.Element - Attribute step for element TimePicker should be an integer value. The property will not be put in BI context.
18:05:41.919 [INFO]   [Measuring]   out: [INFO] Tests run: 35, Failures: 0, Errors: 0, Skipped: 0, Time elapsed: 0.011 s - in org.symphonyoss.symphony.messageml.elements.form.TimePickerTest
18:05:41.919 [INFO]   [Measuring]   out: [INFO] Running org.symphonyoss.symphony.messageml.elements.form.RoomSelectorTest
18:05:41.929 [INFO]   [Measuring]   out: [INFO] Tests run: 29, Failures: 0, Errors: 0, Skipped: 0, Time elapsed: 0.009 s - in org.symphonyoss.symphony.messageml.elements.form.RoomSelectorTest
18:05:41.930 [INFO]   [Measuring]   out: [INFO] Running org.symphonyoss.symphony.messageml.elements.ListTest
18:05:41.938 [INFO]   [Measuring]   out: [INFO] Tests run: 25, Failures: 0, Errors: 0, Skipped: 0, Time elapsed: 0.007 s - in org.symphonyoss.symphony.messageml.elements.ListTest
18:05:41.938 [INFO]   [Measuring]   out: [INFO] Running org.symphonyoss.symphony.messageml.elements.SubscriptTest
18:05:41.943 [INFO]   [Measuring]   out: [INFO] Tests run: 17, Failures: 0, Errors: 0, Skipped: 0, Time elapsed: 0.004 s - in org.symphonyoss.symphony.messageml.elements.SubscriptTest
18:05:41.943 [INFO]   [Measuring]   out: [INFO] Running org.symphonyoss.symphony.messageml.elements.PreformattedTest
18:05:41.948 [INFO]   [Measuring]   out: [INFO] Tests run: 18, Failures: 0, Errors: 0, Skipped: 0, Time elapsed: 0.004 s - in org.symphonyoss.symphony.messageml.elements.PreformattedTest
18:05:41.948 [INFO]   [Measuring]   out: [INFO] Running org.symphonyoss.symphony.messageml.elements.ParagraphTest
18:05:41.953 [INFO]   [Measuring]   out: [INFO] Tests run: 16, Failures: 0, Errors: 0, Skipped: 0, Time elapsed: 0.003 s - in org.symphonyoss.symphony.messageml.elements.ParagraphTest
18:05:41.953 [INFO]   [Measuring]   out: [INFO] Running org.symphonyoss.symphony.messageml.elements.CashtagTest
18:05:41.962 [INFO]   [Measuring]   out: [INFO] Tests run: 24, Failures: 0, Errors: 0, Skipped: 0, Time elapsed: 0.007 s - in org.symphonyoss.symphony.messageml.elements.CashtagTest
18:05:41.962 [INFO]   [Measuring]   out: [INFO] Running org.symphonyoss.symphony.messageml.elements.ListItemTest
18:05:41.965 [INFO]   [Measuring]   out: [INFO] Tests run: 14, Failures: 0, Errors: 0, Skipped: 0, Time elapsed: 0.002 s - in org.symphonyoss.symphony.messageml.elements.ListItemTest
18:05:41.965 [INFO]   [Measuring]   out: [INFO] Running org.symphonyoss.symphony.messageml.elements.BulletListTest
18:05:41.969 [INFO]   [Measuring]   out: [INFO] Tests run: 16, Failures: 0, Errors: 0, Skipped: 0, Time elapsed: 0.003 s - in org.symphonyoss.symphony.messageml.elements.BulletListTest
18:05:41.969 [INFO]   [Measuring]   out: [INFO] Running org.symphonyoss.symphony.messageml.elements.LineBreakTest
18:05:41.973 [INFO]   [Measuring]   out: [INFO] Tests run: 18, Failures: 0, Errors: 0, Skipped: 0, Time elapsed: 0.003 s - in org.symphonyoss.symphony.messageml.elements.LineBreakTest
18:05:41.973 [INFO]   [Measuring]   out: [INFO] Running org.symphonyoss.symphony.messageml.elements.EmojiTest
18:05:41.980 [INFO]   [Measuring]   out: [INFO] Tests run: 22, Failures: 0, Errors: 0, Skipped: 0, Time elapsed: 0.006 s - in org.symphonyoss.symphony.messageml.elements.EmojiTest
18:05:41.980 [INFO]   [Measuring]   out: [INFO] Running org.symphonyoss.symphony.messageml.elements.SuperscriptTest
18:05:41.985 [INFO]   [Measuring]   out: [INFO] Tests run: 17, Failures: 0, Errors: 0, Skipped: 0, Time elapsed: 0.003 s - in org.symphonyoss.symphony.messageml.elements.SuperscriptTest
18:05:41.985 [INFO]   [Measuring]   out: [INFO] Running org.symphonyoss.symphony.messageml.elements.ChimeTest
18:05:41.990 [INFO]   [Measuring]   out: [INFO] Tests run: 21, Failures: 0, Errors: 0, Skipped: 0, Time elapsed: 0.004 s - in org.symphonyoss.symphony.messageml.elements.ChimeTest
18:05:41.990 [INFO]   [Measuring]   out: [INFO] Running org.symphonyoss.symphony.messageml.elements.OrderedListTest
18:05:41.994 [INFO]   [Measuring]   out: [INFO] Tests run: 16, Failures: 0, Errors: 0, Skipped: 0, Time elapsed: 0.003 s - in org.symphonyoss.symphony.messageml.elements.OrderedListTest
18:05:41.994 [INFO]   [Measuring]   out: [INFO] Running org.symphonyoss.symphony.messageml.elements.ImageTest
18:05:41.998 [INFO]   [Measuring]   out: [INFO] Tests run: 18, Failures: 0, Errors: 0, Skipped: 0, Time elapsed: 0.003 s - in org.symphonyoss.symphony.messageml.elements.ImageTest
18:05:41.998 [INFO]   [Measuring]   out: [INFO] Running org.symphonyoss.symphony.messageml.elements.CodeTest
18:05:41.998 [INFO]   [Measuring]   out: <div data-format="PresentationML" data-version="2.0">This is code:<code>val message: String = &quot;Hello world&quot;
18:05:41.998 [INFO]   [Measuring]   out: println message</code><br/>This is text</div>
18:05:42.009 [INFO]   [Measuring]   out: [INFO] Tests run: 33, Failures: 0, Errors: 0, Skipped: 0, Time elapsed: 0.01 s - in org.symphonyoss.symphony.messageml.elements.CodeTest
18:05:42.009 [INFO]   [Measuring]   out: [INFO] Running org.symphonyoss.symphony.messageml.elements.UIActionTest
18:05:42.020 [INFO]   [Measuring]   out: [INFO] Tests run: 42, Failures: 0, Errors: 0, Skipped: 0, Time elapsed: 0.01 s - in org.symphonyoss.symphony.messageml.elements.UIActionTest
18:05:42.020 [INFO]   [Measuring]   out: [INFO] Running org.symphonyoss.symphony.messageml.elements.CardTest
18:05:42.025 [INFO]   [Measuring]   out: [INFO] Tests run: 22, Failures: 0, Errors: 0, Skipped: 0, Time elapsed: 0.004 s - in org.symphonyoss.symphony.messageml.elements.CardTest
18:05:42.025 [INFO]   [Measuring]   out: [INFO] Running org.symphonyoss.symphony.messageml.elements.ExpandableCardTest
18:05:42.031 [INFO]   [Measuring]   out: [INFO] Tests run: 22, Failures: 0, Errors: 0, Skipped: 0, Time elapsed: 0.005 s - in org.symphonyoss.symphony.messageml.elements.ExpandableCardTest
18:05:42.031 [INFO]   [Measuring]   out: [INFO] Running org.symphonyoss.symphony.messageml.elements.BoldTest
18:05:42.036 [INFO]   [Measuring]   out: [INFO] Tests run: 18, Failures: 0, Errors: 0, Skipped: 0, Time elapsed: 0.003 s - in org.symphonyoss.symphony.messageml.elements.BoldTest
18:05:42.036 [INFO]   [Measuring]   out: [INFO] Running org.symphonyoss.symphony.messageml.elements.HeaderTest
18:05:42.042 [INFO]   [Measuring]   out: [INFO] Tests run: 19, Failures: 0, Errors: 0, Skipped: 0, Time elapsed: 0.005 s - in org.symphonyoss.symphony.messageml.elements.HeaderTest
18:05:42.042 [INFO]   [Measuring]   out: [INFO] Running org.symphonyoss.symphony.messageml.elements.TableTest
18:05:42.050 [INFO]   [Measuring]   out: [INFO] Tests run: 35, Failures: 0, Errors: 0, Skipped: 0, Time elapsed: 0.007 s - in org.symphonyoss.symphony.messageml.elements.TableTest
18:05:42.051 [INFO]   [Measuring]   out: [INFO] Running org.symphonyoss.symphony.messageml.elements.ElementTest
18:05:42.054 [INFO]   [Measuring]   out: [INFO] Tests run: 13, Failures: 0, Errors: 0, Skipped: 0, Time elapsed: 0.003 s - in org.symphonyoss.symphony.messageml.elements.ElementTest
18:05:42.054 [INFO]   [Measuring]   out: [INFO] Running org.symphonyoss.symphony.messageml.elements.LinkTest
18:05:42.062 [INFO]   [Measuring]   out: [INFO] Tests run: 23, Failures: 0, Errors: 0, Skipped: 0, Time elapsed: 0.006 s - in org.symphonyoss.symphony.messageml.elements.LinkTest
18:05:42.062 [INFO]   [Measuring]   out: [INFO] Running org.symphonyoss.symphony.messageml.elements.TagTest
18:05:42.095 [INFO]   [Measuring]   out: [INFO] Tests run: 17, Failures: 0, Errors: 0, Skipped: 0, Time elapsed: 0.032 s - in org.symphonyoss.symphony.messageml.elements.TagTest
18:05:42.095 [INFO]   [Measuring]   out: [INFO] Running org.symphonyoss.symphony.messageml.elements.HashtagTest
18:05:42.103 [INFO]   [Measuring]   out: [INFO] Tests run: 25, Failures: 0, Errors: 0, Skipped: 0, Time elapsed: 0.007 s - in org.symphonyoss.symphony.messageml.elements.HashtagTest
18:05:42.103 [INFO]   [Measuring]   out: [INFO] Running org.symphonyoss.symphony.messageml.elements.StylesTest
18:05:42.108 [INFO]   [Measuring]   out: [INFO] Tests run: 17, Failures: 0, Errors: 0, Skipped: 0, Time elapsed: 0.004 s - in org.symphonyoss.symphony.messageml.elements.StylesTest
18:05:42.108 [INFO]   [Measuring]   out: [INFO] Running org.symphonyoss.symphony.messageml.elements.ItalicTest
18:05:42.113 [INFO]   [Measuring]   out: [INFO] Tests run: 17, Failures: 0, Errors: 0, Skipped: 0, Time elapsed: 0.004 s - in org.symphonyoss.symphony.messageml.elements.ItalicTest
18:05:42.114 [INFO]   [Measuring]   out: [INFO] Running org.symphonyoss.symphony.messageml.elements.MentionTest
18:05:42.164 [INFO]   [Measuring]   out: [INFO] Tests run: 35, Failures: 0, Errors: 0, Skipped: 0, Time elapsed: 0.048 s - in org.symphonyoss.symphony.messageml.elements.MentionTest
18:05:42.164 [INFO]   [Measuring]   out: [INFO] Running org.symphonyoss.symphony.messageml.elements.DialogTest
18:05:42.175 [INFO]   [Measuring]   out: [INFO] Tests run: 43, Failures: 0, Errors: 0, Skipped: 0, Time elapsed: 0.01 s - in org.symphonyoss.symphony.messageml.elements.DialogTest
18:05:42.176 [INFO]   [Measuring]   out: [INFO] Running org.symphonyoss.symphony.messageml.elements.SpanTest
18:05:42.180 [INFO]   [Measuring]   out: [INFO] Tests run: 17, Failures: 0, Errors: 0, Skipped: 0, Time elapsed: 0.004 s - in org.symphonyoss.symphony.messageml.elements.SpanTest
18:05:42.180 [INFO]   [Measuring]   out: [INFO] Running org.symphonyoss.symphony.messageml.util.IndentedPrintStreamTest
18:05:42.185 [INFO]   [Measuring]   out: [INFO] Tests run: 53, Failures: 0, Errors: 0, Skipped: 0, Time elapsed: 0.004 s - in org.symphonyoss.symphony.messageml.util.IndentedPrintStreamTest
18:05:42.185 [INFO]   [Measuring]   out: [INFO] Running org.symphonyoss.symphony.messageml.util.CountedOutputStreamTest
18:05:42.186 [INFO]   [Measuring]   out: [INFO] Tests run: 5, Failures: 0, Errors: 0, Skipped: 0, Time elapsed: 0 s - in org.symphonyoss.symphony.messageml.util.CountedOutputStreamTest
18:05:42.600 [INFO]   [Measuring]   out: [INFO] 
18:05:42.600 [INFO]   [Measuring]   out: [INFO] Results:
18:05:42.600 [INFO]   [Measuring]   out: [INFO] 
18:05:42.600 [INFO]   [Measuring]   out: [WARNING] Tests run: 1342, Failures: 0, Errors: 0, Skipped: 2
18:05:42.601 [INFO]   [Measuring]   out: [INFO] 
18:05:42.605 [INFO]   [Measuring]   deserializing line [DIFFBLUE]{"__type":"com.diffblue.cover.buildsystem.model.DefaultEventMessage","project":"org.symphonyoss.symphony:messageml","goal":"test","cause":null,"state":"SUCCESS"}
18:05:42.606 [INFO]   [Measuring]   deserializing line [DIFFBLUE]{"__type":"com.diffblue.cover.buildsystem.model.DefaultEventMessage","project":"org.symphonyoss.symphony:messageml","goal":"report","cause":null,"state":"STARTED"}
18:05:42.606 [INFO]   [Measuring]   out: [INFO] 
18:05:42.606 [INFO]   [Measuring]   out: [INFO] --- jacoco-maven-plugin:0.8.11:report (default-cli) @ messageml ---
18:05:42.609 [INFO]   [Measuring]   out: [INFO] Loading execution data file /home/jbergqvist/diffblue/finos-messageml-utils/target/jacoco.exec
18:05:42.726 [INFO]   [Measuring]   out: [INFO] Analyzed bundle 'MessageML Utils' with 144 classes
18:05:42.937 [INFO]   [Measuring]   deserializing line [DIFFBLUE]{"__type":"com.diffblue.cover.buildsystem.model.DefaultEventMessage","project":"org.symphonyoss.symphony:messageml","goal":"report","cause":null,"state":"SUCCESS"}
18:05:42.966 [INFO]   [Measuring]   deserializing line [DIFFBLUE]{"__type":"com.diffblue.cover.buildsystem.model.DefaultProjectModuleMessage","project":{"__type":"DefaultProjectModule","junitReport":["/home/jbergqvist/diffblue/finos-messageml-utils/target/surefire-reports"],"jacocoReport":["/home/jbergqvist/diffblue/finos-messageml-utils/target/site/jacoco/jacoco.xml"],"jacocoDestFile":["/home/jbergqvist/diffblue/finos-messageml-utils/target/jacoco.exec"],"jacocoFormats":["xml"],"jacocoSkipped":false,"classpath":["/home/jbergqvist/diffblue/finos-messageml-utils/target/classes","/home/jbergqvist/.m2/repository/org/projectlombok/lombok/1.18.42/lombok-1.18.42.jar","/home/jbergqvist/.m2/repository/com/github/java-json-tools/json-schema-validator/2.2.14/json-schema-validator-2.2.14.jar","/home/jbergqvist/.m2/repository/com/github/java-json-tools/jackson-coreutils-equivalence/1.0/jackson-coreutils-equivalence-1.0.jar","/home/jbergqvist/.m2/repository/com/github/java-json-tools/jackson-coreutils/2.0/jackson-coreutils-2.0.jar","/home/jbergqvist/.m2/repository/com/github/java-json-tools/msg-simple/1.2/msg-simple-1.2.jar","/home/jbergqvist/.m2/repository/com/github/java-json-tools/btf/1.3/btf-1.3.jar","/home/jbergqvist/.m2/repository/com/github/java-json-tools/json-schema-core/1.2.14/json-schema-core-1.2.14.jar","/home/jbergqvist/.m2/repository/com/github/java-json-tools/uri-template/0.10/uri-template-0.10.jar","/home/jbergqvist/.m2/repository/com/sun/mail/mailapi/1.6.2/mailapi-1.6.2.jar","/home/jbergqvist/.m2/repository/joda-time/joda-time/2.10.5/joda-time-2.10.5.jar","/home/jbergqvist/.m2/repository/com/googlecode/libphonenumber/libphonenumber/8.11.1/libphonenumber-8.11.1.jar","/home/jbergqvist/.m2/repository/com/google/code/findbugs/jsr305/3.0.2/jsr305-3.0.2.jar","/home/jbergqvist/.m2/repository/net/sf/jopt-simple/jopt-simple/5.0.4/jopt-simple-5.0.4.jar","/home/jbergqvist/.m2/repository/org/mozilla/rhino/1.7.13/rhino-1.7.13.jar","/home/jbergqvist/.m2/repository/com/google/guava/guava/32.1.2-jre/guava-32.1.2-jre.jar","/home/jbergqvist/.m2/repository/com/google/guava/failureaccess/1.0.1/failureaccess-1.0.1.jar","/home/jbergqvist/.m2/repository/com/google/guava/listenablefuture/9999.0-empty-to-avoid-conflict-with-guava/listenablefuture-9999.0-empty-to-avoid-conflict-with-guava.jar","/home/jbergqvist/.m2/repository/org/checkerframework/checker-qual/3.33.0/checker-qual-3.33.0.jar","/home/jbergqvist/.m2/repository/com/google/errorprone/error_prone_annotations/2.18.0/error_prone_annotations-2.18.0.jar","/home/jbergqvist/.m2/repository/com/google/j2objc/j2objc-annotations/2.8/j2objc-annotations-2.8.jar","/home/jbergqvist/.m2/repository/com/fasterxml/jackson/core/jackson-core/2.15.2/jackson-core-2.15.2.jar","/home/jbergqvist/.m2/repository/com/fasterxml/jackson/core/jackson-databind/2.15.2/jackson-databind-2.15.2.jar","/home/jbergqvist/.m2/repository/com/fasterxml/jackson/core/jackson-annotations/2.15.2/jackson-annotations-2.15.2.jar","/home/jbergqvist/.m2/repository/commons-io/commons-io/2.11.0/commons-io-2.11.0.jar","/home/jbergqvist/.m2/repository/org/apache/commons/commons-lang3/3.12.0/commons-lang3-3.12.0.jar","/home/jbergqvist/.m2/repository/org/freemarker/freemarker/2.3.31/freemarker-2.3.31.jar","/home/jbergqvist/.m2/repository/org/slf4j/slf4j-api/1.7.32/slf4j-api-1.7.32.jar","/home/jbergqvist/.m2/repository/com/diffblue/cover/cover-annotations/1.8.0/cover-annotations-1.8.0.jar","/home/jbergqvist/.m2/repository/com/atlassian/commonmark/commonmark/0.15.2/commonmark-0.15.2.jar","/home/jbergqvist/.m2/repository/org/junit/jupiter/junit-jupiter-api/5.8.2/junit-jupiter-api-5.8.2.jar","/home/jbergqvist/.m2/repository/org/opentest4j/opentest4j/1.2.0/opentest4j-1.2.0.jar","/home/jbergqvist/.m2/repository/org/junit/platform/junit-platform-commons/1.8.2/junit-platform-commons-1.8.2.jar","/home/jbergqvist/.m2/repository/org/apiguardian/apiguardian-api/1.1.2/apiguardian-api-1.1.2.jar","/home/jbergqvist/.m2/repository/org/junit/jupiter/junit-jupiter-params/5.8.2/junit-jupiter-params-5.8.2.jar","/home/jbergqvist/.m2/repository/org/junit/jupiter/junit-jupiter-engine/5.8.2/junit-jupiter-engine-5.8.2.jar","/home/jbergqvist/.m2/repository/org/junit/platform/junit-platform-engine/1.8.2/junit-platform-engine-1.8.2.jar","/home/jbergqvist/.m2/repository/org/junit/vintage/junit-vintage-engine/5.8.2/junit-vintage-engine-5.8.2.jar","/home/jbergqvist/.m2/repository/junit/junit/4.13.2/junit-4.13.2.jar","/home/jbergqvist/.m2/repository/org/hamcrest/hamcrest-core/1.3/hamcrest-core-1.3.jar","/home/jbergqvist/.m2/repository/org/mockito/mockito-core/4.0.0/mockito-core-4.0.0.jar","/home/jbergqvist/.m2/repository/net/bytebuddy/byte-buddy/1.11.19/byte-buddy-1.11.19.jar","/home/jbergqvist/.m2/repository/net/bytebuddy/byte-buddy-agent/1.11.19/byte-buddy-agent-1.11.19.jar","/home/jbergqvist/.m2/repository/org/objenesis/objenesis/3.2/objenesis-3.2.jar","/home/jbergqvist/.m2/repository/org/openjdk/jmh/jmh-core/1.33/jmh-core-1.33.jar","/home/jbergqvist/.m2/repository/org/apache/commons/commons-math3/3.2/commons-math3-3.2.jar","/home/jbergqvist/.m2/repository/org/openjdk/jmh/jmh-generator-annprocess/1.33/jmh-generator-annprocess-1.33.jar","/home/jbergqvist/.m2/repository/org/xmlunit/xmlunit-core/2.8.3/xmlunit-core-2.8.3.jar","/home/jbergqvist/.m2/repository/jakarta/xml/bind/jakarta.xml.bind-api/2.3.3/jakarta.xml.bind-api-2.3.3.jar","/home/jbergqvist/.m2/repository/jakarta/activation/jakarta.activation-api/1.2.2/jakarta.activation-api-1.2.2.jar","/home/jbergqvist/.m2/repository/ch/qos/logback/logback-classic/1.2.9/logback-classic-1.2.9.jar","/home/jbergqvist/.m2/repository/ch/qos/logback/logback-core/1.2.9/logback-core-1.2.9.jar"],"complianceLevel":"1.8","productionSources":["/home/jbergqvist/diffblue/finos-messageml-utils/src/main/java"],"testSources":["/home/jbergqvist/diffblue/finos-messageml-utils/src/test/java"],"productionClasses":"/home/jbergqvist/diffblue/finos-messageml-utils/target/classes","testClasses":"/home/jbergqvist/diffblue/finos-messageml-utils/target/test-classes","sourceToBuildPathMap":null,"testSourceToBuildPathMap":null,"buildDirectory":"/home/jbergqvist/diffblue/finos-messageml-utils/target","plugins":[{"__type":"DefaultPlugin","groupId":"org.apache.maven.plugins","artefactId":"maven-surefire-plugin","version":"2.22.2","pluginClassName":null},{"__type":"DefaultPlugin","groupId":"org.apache.maven.plugins","artefactId":"maven-clean-plugin","version":"2.5","pluginClassName":null},{"__type":"DefaultPlugin","groupId":"org.apache.maven.plugins","artefactId":"maven-resources-plugin","version":"2.6","pluginClassName":null},{"__type":"DefaultPlugin","groupId":"org.apache.maven.plugins","artefactId":"maven-jar-plugin","version":"3.2.2","pluginClassName":null},{"__type":"DefaultPlugin","groupId":"org.apache.maven.plugins","artefactId":"maven-compiler-plugin","version":"3.1","pluginClassName":null},{"__type":"DefaultPlugin","groupId":"org.apache.maven.plugins","artefactId":"maven-install-plugin","version":"2.4","pluginClassName":null},{"__type":"DefaultPlugin","groupId":"org.apache.maven.plugins","artefactId":"maven-deploy-plugin","version":"3.0.0-M1","pluginClassName":null},{"__type":"DefaultPlugin","groupId":"org.apache.maven.plugins","artefactId":"maven-site-plugin","version":"3.3","pluginClassName":null}],"version":"3.8.4","encoding":"UTF-8","name":"maven","subModules":[],"simpleModuleName":null,"parentModuleName":null,"location":"/home/jbergqvist/diffblue/finos-messageml-utils","fullModuleName":"org.symphonyoss.symphony:messageml"}}
18:05:42.969 [INFO]   [Measuring]   out: [INFO] ------------------------------------------------------------------------
18:05:42.969 [INFO]   [Measuring]   out: [INFO] BUILD SUCCESS
18:05:42.969 [INFO]   [Measuring]   out: [INFO] ------------------------------------------------------------------------
18:05:42.969 [INFO]   [Measuring]   out: [INFO] Total time:  4.191 s
18:05:42.969 [INFO]   [Measuring]   out: [INFO] Finished at: 2026-01-09T18:05:42Z
18:05:42.969 [INFO]   [Measuring]   out: [INFO] ------------------------------------------------------------------------
18:05:42.971 [INFO]   [Measuring]   deserializing line [DIFFBLUE]{"__type":"com.diffblue.cover.buildsystem.model.ProjectInfoMessage","projectName":"org.symphonyoss.symphony:messageml","productionSources":["/home/jbergqvist/diffblue/finos-messageml-utils/src/main/java"],"testSources":["/home/jbergqvist/diffblue/finos-messageml-utils/src/test/java"],"location":"/home/jbergqvist/diffblue/finos-messageml-utils"}
18:05:43.019 [INFO]   [Measuring]   maven:err process not stopped, joining thread
18:05:43.019 [INFO]   [Measuring]   maven:out process not stopped, joining thread
18:05:43.056 [INFO]   [Measuring]   JaCoCo report file created in /home/jbergqvist/diffblue/finos-messageml-utils/.diffblue/reports/manual-tests-jacoco-report.xml
18:05:43.097 [INFO]   [Measuring]   
18:05:43.135 [INFO]   [Measuring]   Diffblue tests cover 3376 of 5176 lines to cover (65.2%)
18:05:43.161 [INFO]   [Measuring]   Manual tests cover 4482 of 5176 lines to cover (86.6%)
18:05:43.435 [INFO]   [Reporting]   Writing JSON report to /home/jbergqvist/diffblue/finos-messageml-utils/.diffblue/reports/report.json
18:05:43.645 [INFO]   [Reporting]   
18:05:43.645 [INFO]   [Reporting]   Log file: /home/jbergqvist/diffblue/finos-messageml-utils/.diffblue/log/user-20260109T173750.log
18:05:43.646 [INFO]   [Reporting]   Finished in 27m 47s
