15:53:10.466 [INFO]   [Preparing]   Diffblue Cover 2025.12.02-74144f0-licensed
15:53:10.467 [INFO]   [Preparing]   Running: dcover create --coverage-reports --upload http://localhost:8080 --project-name finos-messageml-utils --name baseline-with-diffblue-tests
15:53:10.467 [INFO]   [Preparing]   
15:53:10.467 [INFO]   [Preparing]   Command: create
15:53:10.468 [INFO]   [Preparing]   Create tests for the specified package/class/method.
15:53:10.468 [INFO]   [Preparing]   
15:53:13.307 [INFO]   [Checking]    Maven Using ${maven.home} of: /home/jbergqvist/diffblue/finos-messageml-utils.
15:53:13.309 [INFO]   [Checking]    Maven Executing: /bin/sh -c cd /home/jbergqvist/diffblue/finos-messageml-utils && /home/jbergqvist/diffblue/finos-messageml-utils/mvnw -B -version
15:53:13.528 [INFO]   [Checking]    Standard output of build tool (Maven)
15:53:13.528 [INFO]   [Checking]    > Apache Maven 3.8.4 (9b656c72d54e5bacbed989b64718c159fe39b537)
15:53:13.528 [INFO]   [Checking]    > Maven home: /home/jbergqvist/.m2/wrapper/dists/apache-maven-3.8.4-bin/52ccbt68d252mdldqsfsn03jlf/apache-maven-3.8.4
15:53:13.528 [INFO]   [Checking]    > Java version: 11.0.29, vendor: Amazon.com Inc., runtime: /home/jbergqvist/.sdkman/candidates/java/11.0.29-amzn
15:53:13.528 [INFO]   [Checking]    > Default locale: en_GB, platform encoding: UTF-8
15:53:13.529 [INFO]   [Checking]    > OS name: "linux", version: "6.8.0-90-generic", arch: "amd64", family: "unix"
15:53:13.531 [INFO]   [Checking]    Using default build rules as no custom rules found in any of [/home/jbergqvist/diffblue/finos-messageml-utils]
15:53:13.535 [INFO]   [Checking]    Attempting to invoke /home/jbergqvist/diffblue/finos-messageml-utils/mvnw in working directory: /home/jbergqvist/diffblue/finos-messageml-utils
15:53:13.536 [INFO]   [Checking]    Started "/home/jbergqvist/diffblue/finos-messageml-utils/mvnw -Dmaven.ext.class.path=/opt/cover/cover-buildsystem-maven-spy-jar-with-dependencies.jar -Dcom.diffblue.cover.skipTests=true -DskipTestOptimizer --batch-mode --global-settings=/home/jbergqvist/.sdkman/candidates/maven/current/conf/settings.xml dependency:build-classpath"
15:53:14.128 [INFO]   [Checking]    out: [INFO] Scanning for projects...
15:53:14.258 [INFO]   [Checking]    out: [INFO] 
15:53:14.259 [INFO]   [Checking]    out: [INFO] -----------------< org.symphonyoss.symphony:messageml >-----------------
15:53:14.259 [INFO]   [Checking]    out: [INFO] Building MessageML Utils 0.13.0
15:53:14.259 [INFO]   [Checking]    out: [INFO] --------------------------------[ jar ]---------------------------------
15:53:14.452 [INFO]   [Checking]    deserializing line [DIFFBLUE]{"__type":"com.diffblue.cover.buildsystem.model.DefaultEventMessage","project":"org.symphonyoss.symphony:messageml","goal":"build-classpath","cause":null,"state":"STARTED"}
15:53:14.503 [INFO]   [Checking]    out: [INFO] 
15:53:14.503 [INFO]   [Checking]    out: [INFO] --- maven-dependency-plugin:2.8:build-classpath (default-cli) @ messageml ---
15:53:14.529 [INFO]   [Checking]    out: [WARNING] The artifact xml-apis:xml-apis:jar:2.0.2 has been relocated to xml-apis:xml-apis:jar:1.0.b2
15:53:14.729 [INFO]   [Checking]    out: [INFO] Dependencies classpath:
15:53:14.729 [INFO]   [Checking]    out: /home/jbergqvist/.m2/repository/org/projectlombok/lombok/1.18.42/lombok-1.18.42.jar:/home/jbergqvist/.m2/repository/com/github/java-json-tools/json-schema-validator/2.2.14/json-schema-validator-2.2.14.jar:/home/jbergqvist/.m2/repository/com/github/java-json-tools/jackson-coreutils-equivalence/1.0/jackson-coreutils-equivalence-1.0.jar:/home/jbergqvist/.m2/repository/com/github/java-json-tools/jackson-coreutils/2.0/jackson-coreutils-2.0.jar:/home/jbergqvist/.m2/repository/com/github/java-json-tools/msg-simple/1.2/msg-simple-1.2.jar:/home/jbergqvist/.m2/repository/com/github/java-json-tools/btf/1.3/btf-1.3.jar:/home/jbergqvist/.m2/repository/com/github/java-json-tools/json-schema-core/1.2.14/json-schema-core-1.2.14.jar:/home/jbergqvist/.m2/repository/com/github/java-json-tools/uri-template/0.10/uri-template-0.10.jar:/home/jbergqvist/.m2/repository/com/sun/mail/mailapi/1.6.2/mailapi-1.6.2.jar:/home/jbergqvist/.m2/repository/joda-time/joda-time/2.10.5/joda-time-2.10.5.jar:/home/jbergqvist/.m2/repository/com/googlecode/libphonenumber/libphonenumber/8.11.1/libphonenumber-8.11.1.jar:/home/jbergqvist/.m2/repository/com/google/code/findbugs/jsr305/3.0.2/jsr305-3.0.2.jar:/home/jbergqvist/.m2/repository/net/sf/jopt-simple/jopt-simple/5.0.4/jopt-simple-5.0.4.jar:/home/jbergqvist/.m2/repository/org/mozilla/rhino/1.7.13/rhino-1.7.13.jar:/home/jbergqvist/.m2/repository/com/google/guava/guava/32.1.2-jre/guava-32.1.2-jre.jar:/home/jbergqvist/.m2/repository/com/google/guava/failureaccess/1.0.1/failureaccess-1.0.1.jar:/home/jbergqvist/.m2/repository/com/google/guava/listenablefuture/9999.0-empty-to-avoid-conflict-with-guava/listenablefuture-9999.0-empty-to-avoid-conflict-with-guava.jar:/home/jbergqvist/.m2/repository/org/checkerframework/checker-qual/3.33.0/checker-qual-3.33.0.jar:/home/jbergqvist/.m2/repository/com/google/errorprone/error_prone_annotations/2.18.0/error_prone_annotations-2.18.0.jar:/home/jbergqvist/.m2/repository/com/google/j2objc/j2objc-annotations/2.8/j2objc-annotations-2.8.jar:/home/jbergqvist/.m2/repository/com/fasterxml/jackson/core/jackson-core/2.15.2/jackson-core-2.15.2.jar:/home/jbergqvist/.m2/repository/com/fasterxml/jackson/core/jackson-databind/2.15.2/jackson-databind-2.15.2.jar:/home/jbergqvist/.m2/repository/com/fasterxml/jackson/core/jackson-annotations/2.15.2/jackson-annotations-2.15.2.jar:/home/jbergqvist/.m2/repository/commons-io/commons-io/2.11.0/commons-io-2.11.0.jar:/home/jbergqvist/.m2/repository/org/apache/commons/commons-lang3/3.12.0/commons-lang3-3.12.0.jar:/home/jbergqvist/.m2/repository/org/freemarker/freemarker/2.3.31/freemarker-2.3.31.jar:/home/jbergqvist/.m2/repository/org/slf4j/slf4j-api/1.7.32/slf4j-api-1.7.32.jar:/home/jbergqvist/.m2/repository/com/diffblue/cover/cover-annotations/1.8.0/cover-annotations-1.8.0.jar:/home/jbergqvist/.m2/repository/com/atlassian/commonmark/commonmark/0.15.2/commonmark-0.15.2.jar:/home/jbergqvist/.m2/repository/org/junit/jupiter/junit-jupiter-api/5.8.2/junit-jupiter-api-5.8.2.jar:/home/jbergqvist/.m2/repository/org/opentest4j/opentest4j/1.2.0/opentest4j-1.2.0.jar:/home/jbergqvist/.m2/repository/org/junit/platform/junit-platform-commons/1.8.2/junit-platform-commons-1.8.2.jar:/home/jbergqvist/.m2/repository/org/apiguardian/apiguardian-api/1.1.2/apiguardian-api-1.1.2.jar:/home/jbergqvist/.m2/repository/org/junit/jupiter/junit-jupiter-params/5.8.2/junit-jupiter-params-5.8.2.jar:/home/jbergqvist/.m2/repository/org/junit/jupiter/junit-jupiter-engine/5.8.2/junit-jupiter-engine-5.8.2.jar:/home/jbergqvist/.m2/repository/org/junit/platform/junit-platform-engine/1.8.2/junit-platform-engine-1.8.2.jar:/home/jbergqvist/.m2/repository/org/junit/vintage/junit-vintage-engine/5.8.2/junit-vintage-engine-5.8.2.jar:/home/jbergqvist/.m2/repository/junit/junit/4.13.2/junit-4.13.2.jar:/home/jbergqvist/.m2/repository/org/hamcrest/hamcrest-core/1.3/hamcrest-core-1.3.jar:/home/jbergqvist/.m2/repository/org/mockito/mockito-core/4.0.0/mockito-core-4.0.0.jar:/home/jbergqvist/.m2/repository/net/bytebuddy/byte-buddy/1.11.19/byte-buddy-1.11.19.jar:/home/jbergqvist/.m2/repository/net/bytebuddy/byte-buddy-agent/1.11.19/byte-buddy-agent-1.11.19.jar:/home/jbergqvist/.m2/repository/org/objenesis/objenesis/3.2/objenesis-3.2.jar:/home/jbergqvist/.m2/repository/org/openjdk/jmh/jmh-core/1.33/jmh-core-1.33.jar:/home/jbergqvist/.m2/repository/org/apache/commons/commons-math3/3.2/commons-math3-3.2.jar:/home/jbergqvist/.m2/repository/org/openjdk/jmh/jmh-generator-annprocess/1.33/jmh-generator-annprocess-1.33.jar:/home/jbergqvist/.m2/repository/org/xmlunit/xmlunit-core/2.8.3/xmlunit-core-2.8.3.jar:/home/jbergqvist/.m2/repository/jakarta/xml/bind/jakarta.xml.bind-api/2.3.3/jakarta.xml.bind-api-2.3.3.jar:/home/jbergqvist/.m2/repository/jakarta/activation/jakarta.activation-api/1.2.2/jakarta.activation-api-1.2.2.jar:/home/jbergqvist/.m2/repository/ch/qos/logback/logback-classic/1.2.9/logback-classic-1.2.9.jar:/home/jbergqvist/.m2/repository/ch/qos/logback/logback-core/1.2.9/logback-core-1.2.9.jar
15:53:14.730 [INFO]   [Checking]    deserializing line [DIFFBLUE]{"__type":"com.diffblue.cover.buildsystem.model.DefaultEventMessage","project":"org.symphonyoss.symphony:messageml","goal":"build-classpath","cause":null,"state":"SUCCESS"}
15:53:14.761 [INFO]   [Checking]    deserializing line [DIFFBLUE]{"__type":"com.diffblue.cover.buildsystem.model.DefaultProjectModuleMessage","project":{"__type":"DefaultProjectModule","junitReport":["/home/jbergqvist/diffblue/finos-messageml-utils/target/surefire-reports"],"jacocoReport":["/home/jbergqvist/diffblue/finos-messageml-utils/target/site/jacoco/jacoco.xml"],"jacocoDestFile":["/home/jbergqvist/diffblue/finos-messageml-utils/target/jacoco.exec"],"jacocoFormats":["xml"],"jacocoSkipped":false,"classpath":["/home/jbergqvist/diffblue/finos-messageml-utils/target/classes","/home/jbergqvist/.m2/repository/org/projectlombok/lombok/1.18.42/lombok-1.18.42.jar","/home/jbergqvist/.m2/repository/com/github/java-json-tools/json-schema-validator/2.2.14/json-schema-validator-2.2.14.jar","/home/jbergqvist/.m2/repository/com/github/java-json-tools/jackson-coreutils-equivalence/1.0/jackson-coreutils-equivalence-1.0.jar","/home/jbergqvist/.m2/repository/com/github/java-json-tools/jackson-coreutils/2.0/jackson-coreutils-2.0.jar","/home/jbergqvist/.m2/repository/com/github/java-json-tools/msg-simple/1.2/msg-simple-1.2.jar","/home/jbergqvist/.m2/repository/com/github/java-json-tools/btf/1.3/btf-1.3.jar","/home/jbergqvist/.m2/repository/com/github/java-json-tools/json-schema-core/1.2.14/json-schema-core-1.2.14.jar","/home/jbergqvist/.m2/repository/com/github/java-json-tools/uri-template/0.10/uri-template-0.10.jar","/home/jbergqvist/.m2/repository/com/sun/mail/mailapi/1.6.2/mailapi-1.6.2.jar","/home/jbergqvist/.m2/repository/joda-time/joda-time/2.10.5/joda-time-2.10.5.jar","/home/jbergqvist/.m2/repository/com/googlecode/libphonenumber/libphonenumber/8.11.1/libphonenumber-8.11.1.jar","/home/jbergqvist/.m2/repository/com/google/code/findbugs/jsr305/3.0.2/jsr305-3.0.2.jar","/home/jbergqvist/.m2/repository/net/sf/jopt-simple/jopt-simple/5.0.4/jopt-simple-5.0.4.jar","/home/jbergqvist/.m2/repository/org/mozilla/rhino/1.7.13/rhino-1.7.13.jar","/home/jbergqvist/.m2/repository/com/google/guava/guava/32.1.2-jre/guava-32.1.2-jre.jar","/home/jbergqvist/.m2/repository/com/google/guava/failureaccess/1.0.1/failureaccess-1.0.1.jar","/home/jbergqvist/.m2/repository/com/google/guava/listenablefuture/9999.0-empty-to-avoid-conflict-with-guava/listenablefuture-9999.0-empty-to-avoid-conflict-with-guava.jar","/home/jbergqvist/.m2/repository/org/checkerframework/checker-qual/3.33.0/checker-qual-3.33.0.jar","/home/jbergqvist/.m2/repository/com/google/errorprone/error_prone_annotations/2.18.0/error_prone_annotations-2.18.0.jar","/home/jbergqvist/.m2/repository/com/google/j2objc/j2objc-annotations/2.8/j2objc-annotations-2.8.jar","/home/jbergqvist/.m2/repository/com/fasterxml/jackson/core/jackson-core/2.15.2/jackson-core-2.15.2.jar","/home/jbergqvist/.m2/repository/com/fasterxml/jackson/core/jackson-databind/2.15.2/jackson-databind-2.15.2.jar","/home/jbergqvist/.m2/repository/com/fasterxml/jackson/core/jackson-annotations/2.15.2/jackson-annotations-2.15.2.jar","/home/jbergqvist/.m2/repository/commons-io/commons-io/2.11.0/commons-io-2.11.0.jar","/home/jbergqvist/.m2/repository/org/apache/commons/commons-lang3/3.12.0/commons-lang3-3.12.0.jar","/home/jbergqvist/.m2/repository/org/freemarker/freemarker/2.3.31/freemarker-2.3.31.jar","/home/jbergqvist/.m2/repository/org/slf4j/slf4j-api/1.7.32/slf4j-api-1.7.32.jar","/home/jbergqvist/.m2/repository/com/diffblue/cover/cover-annotations/1.8.0/cover-annotations-1.8.0.jar","/home/jbergqvist/.m2/repository/com/atlassian/commonmark/commonmark/0.15.2/commonmark-0.15.2.jar","/home/jbergqvist/.m2/repository/org/junit/jupiter/junit-jupiter-api/5.8.2/junit-jupiter-api-5.8.2.jar","/home/jbergqvist/.m2/repository/org/opentest4j/opentest4j/1.2.0/opentest4j-1.2.0.jar","/home/jbergqvist/.m2/repository/org/junit/platform/junit-platform-commons/1.8.2/junit-platform-commons-1.8.2.jar","/home/jbergqvist/.m2/repository/org/apiguardian/apiguardian-api/1.1.2/apiguardian-api-1.1.2.jar","/home/jbergqvist/.m2/repository/org/junit/jupiter/junit-jupiter-params/5.8.2/junit-jupiter-params-5.8.2.jar","/home/jbergqvist/.m2/repository/org/junit/jupiter/junit-jupiter-engine/5.8.2/junit-jupiter-engine-5.8.2.jar","/home/jbergqvist/.m2/repository/org/junit/platform/junit-platform-engine/1.8.2/junit-platform-engine-1.8.2.jar","/home/jbergqvist/.m2/repository/org/junit/vintage/junit-vintage-engine/5.8.2/junit-vintage-engine-5.8.2.jar","/home/jbergqvist/.m2/repository/junit/junit/4.13.2/junit-4.13.2.jar","/home/jbergqvist/.m2/repository/org/hamcrest/hamcrest-core/1.3/hamcrest-core-1.3.jar","/home/jbergqvist/.m2/repository/org/mockito/mockito-core/4.0.0/mockito-core-4.0.0.jar","/home/jbergqvist/.m2/repository/net/bytebuddy/byte-buddy/1.11.19/byte-buddy-1.11.19.jar","/home/jbergqvist/.m2/repository/net/bytebuddy/byte-buddy-agent/1.11.19/byte-buddy-agent-1.11.19.jar","/home/jbergqvist/.m2/repository/org/objenesis/objenesis/3.2/objenesis-3.2.jar","/home/jbergqvist/.m2/repository/org/openjdk/jmh/jmh-core/1.33/jmh-core-1.33.jar","/home/jbergqvist/.m2/repository/org/apache/commons/commons-math3/3.2/commons-math3-3.2.jar","/home/jbergqvist/.m2/repository/org/openjdk/jmh/jmh-generator-annprocess/1.33/jmh-generator-annprocess-1.33.jar","/home/jbergqvist/.m2/repository/org/xmlunit/xmlunit-core/2.8.3/xmlunit-core-2.8.3.jar","/home/jbergqvist/.m2/repository/jakarta/xml/bind/jakarta.xml.bind-api/2.3.3/jakarta.xml.bind-api-2.3.3.jar","/home/jbergqvist/.m2/repository/jakarta/activation/jakarta.activation-api/1.2.2/jakarta.activation-api-1.2.2.jar","/home/jbergqvist/.m2/repository/ch/qos/logback/logback-classic/1.2.9/logback-classic-1.2.9.jar","/home/jbergqvist/.m2/repository/ch/qos/logback/logback-core/1.2.9/logback-core-1.2.9.jar"],"complianceLevel":"1.8","productionSources":["/home/jbergqvist/diffblue/finos-messageml-utils/src/main/java"],"testSources":["/home/jbergqvist/diffblue/finos-messageml-utils/src/test/java"],"productionClasses":"/home/jbergqvist/diffblue/finos-messageml-utils/target/classes","testClasses":"/home/jbergqvist/diffblue/finos-messageml-utils/target/test-classes","sourceToBuildPathMap":null,"testSourceToBuildPathMap":null,"buildDirectory":"/home/jbergqvist/diffblue/finos-messageml-utils/target","plugins":[{"__type":"DefaultPlugin","groupId":"org.apache.maven.plugins","artefactId":"maven-surefire-plugin","version":"2.22.2","pluginClassName":null},{"__type":"DefaultPlugin","groupId":"org.apache.maven.plugins","artefactId":"maven-clean-plugin","version":"2.5","pluginClassName":null},{"__type":"DefaultPlugin","groupId":"org.apache.maven.plugins","artefactId":"maven-resources-plugin","version":"2.6","pluginClassName":null},{"__type":"DefaultPlugin","groupId":"org.apache.maven.plugins","artefactId":"maven-jar-plugin","version":"3.2.2","pluginClassName":null},{"__type":"DefaultPlugin","groupId":"org.apache.maven.plugins","artefactId":"maven-compiler-plugin","version":"3.1","pluginClassName":null},{"__type":"DefaultPlugin","groupId":"org.apache.maven.plugins","artefactId":"maven-install-plugin","version":"2.4","pluginClassName":null},{"__type":"DefaultPlugin","groupId":"org.apache.maven.plugins","artefactId":"maven-deploy-plugin","version":"3.0.0-M1","pluginClassName":null},{"__type":"DefaultPlugin","groupId":"org.apache.maven.plugins","artefactId":"maven-site-plugin","version":"3.3","pluginClassName":null}],"version":"3.8.4","encoding":"UTF-8","name":"maven","subModules":[],"simpleModuleName":null,"parentModuleName":null,"location":"/home/jbergqvist/diffblue/finos-messageml-utils","fullModuleName":"org.symphonyoss.symphony:messageml"}}
15:53:14.776 [INFO]   [Checking]    out: [INFO] ------------------------------------------------------------------------
15:53:14.776 [INFO]   [Checking]    out: [INFO] BUILD SUCCESS
15:53:14.776 [INFO]   [Checking]    out: [INFO] ------------------------------------------------------------------------
15:53:14.776 [INFO]   [Checking]    out: [INFO] Total time:  0.646 s
15:53:14.776 [INFO]   [Checking]    out: [INFO] Finished at: 2026-01-09T15:53:14Z
15:53:14.776 [INFO]   [Checking]    out: [INFO] ------------------------------------------------------------------------
15:53:14.777 [INFO]   [Checking]    deserializing line [DIFFBLUE]{"__type":"com.diffblue.cover.buildsystem.model.ProjectInfoMessage","projectName":"org.symphonyoss.symphony:messageml","productionSources":["/home/jbergqvist/diffblue/finos-messageml-utils/src/main/java"],"testSources":["/home/jbergqvist/diffblue/finos-messageml-utils/src/test/java"],"location":"/home/jbergqvist/diffblue/finos-messageml-utils"}
15:53:14.798 [INFO]   [Checking]    maven:err process not stopped, joining thread
15:53:14.799 [INFO]   [Checking]    maven:out process not stopped, joining thread
15:53:14.799 [INFO]   [Checking]    Deserializing project module message
15:53:14.799 [INFO]   [Checking]    deserializing line [DIFFBLUE]{"__type":"com.diffblue.cover.buildsystem.model.DefaultEventMessage","project":"org.symphonyoss.symphony:messageml","goal":"build-classpath","cause":null,"state":"STARTED"}
15:53:14.802 [INFO]   [Checking]    deserializing line [DIFFBLUE]{"__type":"com.diffblue.cover.buildsystem.model.DefaultEventMessage","project":"org.symphonyoss.symphony:messageml","goal":"build-classpath","cause":null,"state":"SUCCESS"}
15:53:14.804 [INFO]   [Checking]    deserializing line [DIFFBLUE]{"__type":"com.diffblue.cover.buildsystem.model.DefaultProjectModuleMessage","project":{"__type":"DefaultProjectModule","junitReport":["/home/jbergqvist/diffblue/finos-messageml-utils/target/surefire-reports"],"jacocoReport":["/home/jbergqvist/diffblue/finos-messageml-utils/target/site/jacoco/jacoco.xml"],"jacocoDestFile":["/home/jbergqvist/diffblue/finos-messageml-utils/target/jacoco.exec"],"jacocoFormats":["xml"],"jacocoSkipped":false,"classpath":["/home/jbergqvist/diffblue/finos-messageml-utils/target/classes","/home/jbergqvist/.m2/repository/org/projectlombok/lombok/1.18.42/lombok-1.18.42.jar","/home/jbergqvist/.m2/repository/com/github/java-json-tools/json-schema-validator/2.2.14/json-schema-validator-2.2.14.jar","/home/jbergqvist/.m2/repository/com/github/java-json-tools/jackson-coreutils-equivalence/1.0/jackson-coreutils-equivalence-1.0.jar","/home/jbergqvist/.m2/repository/com/github/java-json-tools/jackson-coreutils/2.0/jackson-coreutils-2.0.jar","/home/jbergqvist/.m2/repository/com/github/java-json-tools/msg-simple/1.2/msg-simple-1.2.jar","/home/jbergqvist/.m2/repository/com/github/java-json-tools/btf/1.3/btf-1.3.jar","/home/jbergqvist/.m2/repository/com/github/java-json-tools/json-schema-core/1.2.14/json-schema-core-1.2.14.jar","/home/jbergqvist/.m2/repository/com/github/java-json-tools/uri-template/0.10/uri-template-0.10.jar","/home/jbergqvist/.m2/repository/com/sun/mail/mailapi/1.6.2/mailapi-1.6.2.jar","/home/jbergqvist/.m2/repository/joda-time/joda-time/2.10.5/joda-time-2.10.5.jar","/home/jbergqvist/.m2/repository/com/googlecode/libphonenumber/libphonenumber/8.11.1/libphonenumber-8.11.1.jar","/home/jbergqvist/.m2/repository/com/google/code/findbugs/jsr305/3.0.2/jsr305-3.0.2.jar","/home/jbergqvist/.m2/repository/net/sf/jopt-simple/jopt-simple/5.0.4/jopt-simple-5.0.4.jar","/home/jbergqvist/.m2/repository/org/mozilla/rhino/1.7.13/rhino-1.7.13.jar","/home/jbergqvist/.m2/repository/com/google/guava/guava/32.1.2-jre/guava-32.1.2-jre.jar","/home/jbergqvist/.m2/repository/com/google/guava/failureaccess/1.0.1/failureaccess-1.0.1.jar","/home/jbergqvist/.m2/repository/com/google/guava/listenablefuture/9999.0-empty-to-avoid-conflict-with-guava/listenablefuture-9999.0-empty-to-avoid-conflict-with-guava.jar","/home/jbergqvist/.m2/repository/org/checkerframework/checker-qual/3.33.0/checker-qual-3.33.0.jar","/home/jbergqvist/.m2/repository/com/google/errorprone/error_prone_annotations/2.18.0/error_prone_annotations-2.18.0.jar","/home/jbergqvist/.m2/repository/com/google/j2objc/j2objc-annotations/2.8/j2objc-annotations-2.8.jar","/home/jbergqvist/.m2/repository/com/fasterxml/jackson/core/jackson-core/2.15.2/jackson-core-2.15.2.jar","/home/jbergqvist/.m2/repository/com/fasterxml/jackson/core/jackson-databind/2.15.2/jackson-databind-2.15.2.jar","/home/jbergqvist/.m2/repository/com/fasterxml/jackson/core/jackson-annotations/2.15.2/jackson-annotations-2.15.2.jar","/home/jbergqvist/.m2/repository/commons-io/commons-io/2.11.0/commons-io-2.11.0.jar","/home/jbergqvist/.m2/repository/org/apache/commons/commons-lang3/3.12.0/commons-lang3-3.12.0.jar","/home/jbergqvist/.m2/repository/org/freemarker/freemarker/2.3.31/freemarker-2.3.31.jar","/home/jbergqvist/.m2/repository/org/slf4j/slf4j-api/1.7.32/slf4j-api-1.7.32.jar","/home/jbergqvist/.m2/repository/com/diffblue/cover/cover-annotations/1.8.0/cover-annotations-1.8.0.jar","/home/jbergqvist/.m2/repository/com/atlassian/commonmark/commonmark/0.15.2/commonmark-0.15.2.jar","/home/jbergqvist/.m2/repository/org/junit/jupiter/junit-jupiter-api/5.8.2/junit-jupiter-api-5.8.2.jar","/home/jbergqvist/.m2/repository/org/opentest4j/opentest4j/1.2.0/opentest4j-1.2.0.jar","/home/jbergqvist/.m2/repository/org/junit/platform/junit-platform-commons/1.8.2/junit-platform-commons-1.8.2.jar","/home/jbergqvist/.m2/repository/org/apiguardian/apiguardian-api/1.1.2/apiguardian-api-1.1.2.jar","/home/jbergqvist/.m2/repository/org/junit/jupiter/junit-jupiter-params/5.8.2/junit-jupiter-params-5.8.2.jar","/home/jbergqvist/.m2/repository/org/junit/jupiter/junit-jupiter-engine/5.8.2/junit-jupiter-engine-5.8.2.jar","/home/jbergqvist/.m2/repository/org/junit/platform/junit-platform-engine/1.8.2/junit-platform-engine-1.8.2.jar","/home/jbergqvist/.m2/repository/org/junit/vintage/junit-vintage-engine/5.8.2/junit-vintage-engine-5.8.2.jar","/home/jbergqvist/.m2/repository/junit/junit/4.13.2/junit-4.13.2.jar","/home/jbergqvist/.m2/repository/org/hamcrest/hamcrest-core/1.3/hamcrest-core-1.3.jar","/home/jbergqvist/.m2/repository/org/mockito/mockito-core/4.0.0/mockito-core-4.0.0.jar","/home/jbergqvist/.m2/repository/net/bytebuddy/byte-buddy/1.11.19/byte-buddy-1.11.19.jar","/home/jbergqvist/.m2/repository/net/bytebuddy/byte-buddy-agent/1.11.19/byte-buddy-agent-1.11.19.jar","/home/jbergqvist/.m2/repository/org/objenesis/objenesis/3.2/objenesis-3.2.jar","/home/jbergqvist/.m2/repository/org/openjdk/jmh/jmh-core/1.33/jmh-core-1.33.jar","/home/jbergqvist/.m2/repository/org/apache/commons/commons-math3/3.2/commons-math3-3.2.jar","/home/jbergqvist/.m2/repository/org/openjdk/jmh/jmh-generator-annprocess/1.33/jmh-generator-annprocess-1.33.jar","/home/jbergqvist/.m2/repository/org/xmlunit/xmlunit-core/2.8.3/xmlunit-core-2.8.3.jar","/home/jbergqvist/.m2/repository/jakarta/xml/bind/jakarta.xml.bind-api/2.3.3/jakarta.xml.bind-api-2.3.3.jar","/home/jbergqvist/.m2/repository/jakarta/activation/jakarta.activation-api/1.2.2/jakarta.activation-api-1.2.2.jar","/home/jbergqvist/.m2/repository/ch/qos/logback/logback-classic/1.2.9/logback-classic-1.2.9.jar","/home/jbergqvist/.m2/repository/ch/qos/logback/logback-core/1.2.9/logback-core-1.2.9.jar"],"complianceLevel":"1.8","productionSources":["/home/jbergqvist/diffblue/finos-messageml-utils/src/main/java"],"testSources":["/home/jbergqvist/diffblue/finos-messageml-utils/src/test/java"],"productionClasses":"/home/jbergqvist/diffblue/finos-messageml-utils/target/classes","testClasses":"/home/jbergqvist/diffblue/finos-messageml-utils/target/test-classes","sourceToBuildPathMap":null,"testSourceToBuildPathMap":null,"buildDirectory":"/home/jbergqvist/diffblue/finos-messageml-utils/target","plugins":[{"__type":"DefaultPlugin","groupId":"org.apache.maven.plugins","artefactId":"maven-surefire-plugin","version":"2.22.2","pluginClassName":null},{"__type":"DefaultPlugin","groupId":"org.apache.maven.plugins","artefactId":"maven-clean-plugin","version":"2.5","pluginClassName":null},{"__type":"DefaultPlugin","groupId":"org.apache.maven.plugins","artefactId":"maven-resources-plugin","version":"2.6","pluginClassName":null},{"__type":"DefaultPlugin","groupId":"org.apache.maven.plugins","artefactId":"maven-jar-plugin","version":"3.2.2","pluginClassName":null},{"__type":"DefaultPlugin","groupId":"org.apache.maven.plugins","artefactId":"maven-compiler-plugin","version":"3.1","pluginClassName":null},{"__type":"DefaultPlugin","groupId":"org.apache.maven.plugins","artefactId":"maven-install-plugin","version":"2.4","pluginClassName":null},{"__type":"DefaultPlugin","groupId":"org.apache.maven.plugins","artefactId":"maven-deploy-plugin","version":"3.0.0-M1","pluginClassName":null},{"__type":"DefaultPlugin","groupId":"org.apache.maven.plugins","artefactId":"maven-site-plugin","version":"3.3","pluginClassName":null}],"version":"3.8.4","encoding":"UTF-8","name":"maven","subModules":[],"simpleModuleName":null,"parentModuleName":null,"location":"/home/jbergqvist/diffblue/finos-messageml-utils","fullModuleName":"org.symphonyoss.symphony:messageml"}}
15:53:14.810 [INFO]   [Checking]    deserializing line [DIFFBLUE]{"__type":"com.diffblue.cover.buildsystem.model.ProjectInfoMessage","projectName":"org.symphonyoss.symphony:messageml","productionSources":["/home/jbergqvist/diffblue/finos-messageml-utils/src/main/java"],"testSources":["/home/jbergqvist/diffblue/finos-messageml-utils/src/test/java"],"location":"/home/jbergqvist/diffblue/finos-messageml-utils"}
15:53:14.812 [INFO]   [Checking]    Found 1 ProjectModuleMessages (ignoring buildSrc projects)
15:53:14.812 [INFO]   [Checking]    Found module org.symphonyoss.symphony:messageml in the working directory /home/jbergqvist/diffblue/finos-messageml-utils
15:53:14.812 [INFO]   [Checking]    deserialized project module is present? true
15:53:14.826 [INFO]   [Checking]    Operating System: Linux amd64 6.8.0-90-generic
15:53:14.826 [INFO]   [Checking]    Default charset: UTF-8
15:53:14.826 [INFO]   [Checking]    Default locale: en_GB
15:53:14.826 [INFO]   [Checking]    Default time zone: Europe/London
15:53:14.833 [INFO]   [Checking]    Discovered modules:
15:53:14.833 [INFO]   [Checking]    - org.symphonyoss.symphony:messageml
15:53:14.833 [INFO]   [Checking]    
15:53:14.836 [INFO]   [Checking]    
15:53:14.836 [INFO]   [Checking]    [1/1] Creating tests for module: org.symphonyoss.symphony:messageml
15:53:14.836 [INFO]   [Checking]    ===================================================================
15:53:14.836 [INFO]   [Checking]    
15:53:14.836 [INFO]   [Checking]    Detecting environment:
15:53:14.836 [INFO]   [Checking]    ----------------------
15:53:14.892 [INFO]   [Checking]    Detected Java version 11.0.29
15:53:14.904 [INFO]   [Checking]    Maven Using ${maven.home} of: /home/jbergqvist/diffblue/finos-messageml-utils.
15:53:14.904 [INFO]   [Checking]    Maven Executing: /bin/sh -c cd /home/jbergqvist/diffblue/finos-messageml-utils && /home/jbergqvist/diffblue/finos-messageml-utils/mvnw -B -version
15:53:15.074 [INFO]   [Checking]    Standard output of build tool (Maven)
15:53:15.074 [INFO]   [Checking]    > Apache Maven 3.8.4 (9b656c72d54e5bacbed989b64718c159fe39b537)
15:53:15.074 [INFO]   [Checking]    > Maven home: /home/jbergqvist/.m2/wrapper/dists/apache-maven-3.8.4-bin/52ccbt68d252mdldqsfsn03jlf/apache-maven-3.8.4
15:53:15.074 [INFO]   [Checking]    > Java version: 11.0.29, vendor: Amazon.com Inc., runtime: /home/jbergqvist/.sdkman/candidates/java/11.0.29-amzn
15:53:15.074 [INFO]   [Checking]    > Default locale: en_GB, platform encoding: UTF-8
15:53:15.074 [INFO]   [Checking]    > OS name: "linux", version: "6.8.0-90-generic", arch: "amd64", family: "unix"
15:53:15.076 [INFO]   [Checking]    Detected build system: Maven 3.8.4
15:53:15.095 [INFO]   [Checking]    Operating System: Linux amd64 6.8.0-90-generic
15:53:15.096 [INFO]   [Checking]    Default charset: UTF-8
15:53:15.096 [INFO]   [Checking]    Default locale: en_GB
15:53:15.096 [INFO]   [Checking]    Default time zone: Europe/London
15:53:15.099 [INFO]   [Checking]    Selected build system: Maven
15:53:15.125 [INFO]   [Checking]    Selected classpath from build system maven
15:53:15.126 [INFO]   [Checking]    Expanded classpath: 
/home/jbergqvist/diffblue/finos-messageml-utils/target/test-classes (test build path)
/home/jbergqvist/diffblue/finos-messageml-utils/target/classes (code under test)
/home/jbergqvist/.m2/repository/org/projectlombok/lombok/1.18.42/lombok-1.18.42.jar
/home/jbergqvist/.m2/repository/com/github/java-json-tools/json-schema-validator/2.2.14/json-schema-validator-2.2.14.jar
/home/jbergqvist/.m2/repository/com/github/java-json-tools/jackson-coreutils-equivalence/1.0/jackson-coreutils-equivalence-1.0.jar
/home/jbergqvist/.m2/repository/com/github/java-json-tools/jackson-coreutils/2.0/jackson-coreutils-2.0.jar
/home/jbergqvist/.m2/repository/com/github/java-json-tools/msg-simple/1.2/msg-simple-1.2.jar
/home/jbergqvist/.m2/repository/com/github/java-json-tools/btf/1.3/btf-1.3.jar
/home/jbergqvist/.m2/repository/com/github/java-json-tools/json-schema-core/1.2.14/json-schema-core-1.2.14.jar
/home/jbergqvist/.m2/repository/com/github/java-json-tools/uri-template/0.10/uri-template-0.10.jar
/home/jbergqvist/.m2/repository/com/sun/mail/mailapi/1.6.2/mailapi-1.6.2.jar
/home/jbergqvist/.m2/repository/joda-time/joda-time/2.10.5/joda-time-2.10.5.jar
/home/jbergqvist/.m2/repository/com/googlecode/libphonenumber/libphonenumber/8.11.1/libphonenumber-8.11.1.jar
/home/jbergqvist/.m2/repository/com/google/code/findbugs/jsr305/3.0.2/jsr305-3.0.2.jar
/home/jbergqvist/.m2/repository/net/sf/jopt-simple/jopt-simple/5.0.4/jopt-simple-5.0.4.jar
/home/jbergqvist/.m2/repository/org/mozilla/rhino/1.7.13/rhino-1.7.13.jar
/home/jbergqvist/.m2/repository/com/google/guava/guava/32.1.2-jre/guava-32.1.2-jre.jar
/home/jbergqvist/.m2/repository/com/google/guava/failureaccess/1.0.1/failureaccess-1.0.1.jar
/home/jbergqvist/.m2/repository/com/google/guava/listenablefuture/9999.0-empty-to-avoid-conflict-with-guava/listenablefuture-9999.0-empty-to-avoid-conflict-with-guava.jar
/home/jbergqvist/.m2/repository/org/checkerframework/checker-qual/3.33.0/checker-qual-3.33.0.jar
/home/jbergqvist/.m2/repository/com/google/errorprone/error_prone_annotations/2.18.0/error_prone_annotations-2.18.0.jar
/home/jbergqvist/.m2/repository/com/google/j2objc/j2objc-annotations/2.8/j2objc-annotations-2.8.jar
/home/jbergqvist/.m2/repository/com/fasterxml/jackson/core/jackson-core/2.15.2/jackson-core-2.15.2.jar
/home/jbergqvist/.m2/repository/com/fasterxml/jackson/core/jackson-databind/2.15.2/jackson-databind-2.15.2.jar
/home/jbergqvist/.m2/repository/com/fasterxml/jackson/core/jackson-annotations/2.15.2/jackson-annotations-2.15.2.jar
/home/jbergqvist/.m2/repository/commons-io/commons-io/2.11.0/commons-io-2.11.0.jar
/home/jbergqvist/.m2/repository/org/apache/commons/commons-lang3/3.12.0/commons-lang3-3.12.0.jar
/home/jbergqvist/.m2/repository/org/freemarker/freemarker/2.3.31/freemarker-2.3.31.jar
/home/jbergqvist/.m2/repository/org/slf4j/slf4j-api/1.7.32/slf4j-api-1.7.32.jar
/home/jbergqvist/.m2/repository/com/diffblue/cover/cover-annotations/1.8.0/cover-annotations-1.8.0.jar
/home/jbergqvist/.m2/repository/com/atlassian/commonmark/commonmark/0.15.2/commonmark-0.15.2.jar
/home/jbergqvist/.m2/repository/org/junit/jupiter/junit-jupiter-api/5.8.2/junit-jupiter-api-5.8.2.jar
/home/jbergqvist/.m2/repository/org/opentest4j/opentest4j/1.2.0/opentest4j-1.2.0.jar
/home/jbergqvist/.m2/repository/org/junit/platform/junit-platform-commons/1.8.2/junit-platform-commons-1.8.2.jar
/home/jbergqvist/.m2/repository/org/apiguardian/apiguardian-api/1.1.2/apiguardian-api-1.1.2.jar
/home/jbergqvist/.m2/repository/org/junit/jupiter/junit-jupiter-params/5.8.2/junit-jupiter-params-5.8.2.jar
/home/jbergqvist/.m2/repository/org/junit/jupiter/junit-jupiter-engine/5.8.2/junit-jupiter-engine-5.8.2.jar
/home/jbergqvist/.m2/repository/org/junit/platform/junit-platform-engine/1.8.2/junit-platform-engine-1.8.2.jar
/home/jbergqvist/.m2/repository/org/junit/vintage/junit-vintage-engine/5.8.2/junit-vintage-engine-5.8.2.jar
/home/jbergqvist/.m2/repository/junit/junit/4.13.2/junit-4.13.2.jar
/home/jbergqvist/.m2/repository/org/hamcrest/hamcrest-core/1.3/hamcrest-core-1.3.jar
/home/jbergqvist/.m2/repository/org/mockito/mockito-core/4.0.0/mockito-core-4.0.0.jar
/home/jbergqvist/.m2/repository/net/bytebuddy/byte-buddy/1.11.19/byte-buddy-1.11.19.jar
/home/jbergqvist/.m2/repository/net/bytebuddy/byte-buddy-agent/1.11.19/byte-buddy-agent-1.11.19.jar
/home/jbergqvist/.m2/repository/org/objenesis/objenesis/3.2/objenesis-3.2.jar
/home/jbergqvist/.m2/repository/org/openjdk/jmh/jmh-core/1.33/jmh-core-1.33.jar
/home/jbergqvist/.m2/repository/org/apache/commons/commons-math3/3.2/commons-math3-3.2.jar
/home/jbergqvist/.m2/repository/org/openjdk/jmh/jmh-generator-annprocess/1.33/jmh-generator-annprocess-1.33.jar
/home/jbergqvist/.m2/repository/org/xmlunit/xmlunit-core/2.8.3/xmlunit-core-2.8.3.jar
/home/jbergqvist/.m2/repository/jakarta/xml/bind/jakarta.xml.bind-api/2.3.3/jakarta.xml.bind-api-2.3.3.jar
/home/jbergqvist/.m2/repository/jakarta/activation/jakarta.activation-api/1.2.2/jakarta.activation-api-1.2.2.jar
/home/jbergqvist/.m2/repository/ch/qos/logback/logback-classic/1.2.9/logback-classic-1.2.9.jar
/home/jbergqvist/.m2/repository/ch/qos/logback/logback-core/1.2.9/logback-core-1.2.9.jar
15:53:15.156 [INFO]   [Checking]    Detected test framework: JUnit 4.13.2
15:53:15.162 [INFO]   [Checking]    Detected test framework: JUnit Jupiter API 5.8.2
15:53:15.168 [INFO]   [Checking]    Detected JUnit Jupiter Engine version 5.8.2
15:53:15.173 [INFO]   [Checking]    Detected JUnit Jupiter Params version 5.8.2
15:53:15.187 [INFO]   [Checking]    Detected JUnit Vintage Engine version 5.8.2
15:53:15.198 [INFO]   [Checking]    Detected Mockito Core version 4.0.0
15:53:15.361 [INFO]   [Checking]    Indexing...
15:53:15.673 [INFO]   [Checking]    Selected test output directory: /home/jbergqvist/diffblue/finos-messageml-utils/src/test/java
15:53:15.684 [INFO]   [Checking]    Using default build rules as no custom rules found in any of [/home/jbergqvist/diffblue/finos-messageml-utils]
15:53:15.685 [INFO]   [Checking]    Attempting to invoke /home/jbergqvist/diffblue/finos-messageml-utils/mvnw in working directory: /home/jbergqvist/diffblue/finos-messageml-utils
15:53:15.685 [INFO]   [Checking]    Started "/home/jbergqvist/diffblue/finos-messageml-utils/mvnw -Dmaven.ext.class.path=/opt/cover/cover-buildsystem-maven-spy-jar-with-dependencies.jar -Dcom.diffblue.cover.skipTests=true -DskipTestOptimizer --batch-mode --projects=org.symphonyoss.symphony:messageml --global-settings=/home/jbergqvist/.sdkman/candidates/maven/current/conf/settings.xml test -DfailIfNoTests=false -Dsurefire.failIfNoSpecifiedTests=false -Dmaven.test.failure.ignore=True -Dtest=DummyJupiterDiffblueTest"
15:53:16.312 [INFO]   [Checking]    out: [INFO] Scanning for projects...
15:53:16.350 [INFO]   [Checking]    out: [INFO] 
15:53:16.350 [INFO]   [Checking]    out: [INFO] -----------------< org.symphonyoss.symphony:messageml >-----------------
15:53:16.350 [INFO]   [Checking]    out: [INFO] Building MessageML Utils 0.13.0
15:53:16.350 [INFO]   [Checking]    out: [INFO] --------------------------------[ jar ]---------------------------------
15:53:16.638 [INFO]   [Checking]    deserializing line [DIFFBLUE]{"__type":"com.diffblue.cover.buildsystem.model.DefaultEventMessage","project":"org.symphonyoss.symphony:messageml","goal":"resources","cause":null,"state":"STARTED"}
15:53:16.640 [INFO]   [Checking]    out: [INFO] 
15:53:16.640 [INFO]   [Checking]    out: [INFO] --- maven-resources-plugin:2.6:resources (default-resources) @ messageml ---
15:53:16.721 [INFO]   [Checking]    out: [INFO] Using 'UTF-8' encoding to copy filtered resources.
15:53:16.723 [INFO]   [Checking]    out: [INFO] Copying 1 resource
15:53:16.727 [INFO]   [Checking]    deserializing line [DIFFBLUE]{"__type":"com.diffblue.cover.buildsystem.model.DefaultEventMessage","project":"org.symphonyoss.symphony:messageml","goal":"resources","cause":null,"state":"SUCCESS"}
15:53:16.730 [INFO]   [Checking]    deserializing line [DIFFBLUE]{"__type":"com.diffblue.cover.buildsystem.model.DefaultEventMessage","project":"org.symphonyoss.symphony:messageml","goal":"compile","cause":null,"state":"STARTED"}
15:53:16.732 [INFO]   [Checking]    out: [INFO] 
15:53:16.732 [INFO]   [Checking]    out: [INFO] --- maven-compiler-plugin:3.1:compile (default-compile) @ messageml ---
15:53:16.844 [INFO]   [Checking]    out: [INFO] Nothing to compile - all classes are up to date
15:53:16.846 [INFO]   [Checking]    deserializing line [DIFFBLUE]{"__type":"com.diffblue.cover.buildsystem.model.DefaultEventMessage","project":"org.symphonyoss.symphony:messageml","goal":"compile","cause":null,"state":"SUCCESS"}
15:53:16.849 [INFO]   [Checking]    deserializing line [DIFFBLUE]{"__type":"com.diffblue.cover.buildsystem.model.DefaultEventMessage","project":"org.symphonyoss.symphony:messageml","goal":"testResources","cause":null,"state":"STARTED"}
15:53:16.852 [INFO]   [Checking]    out: [INFO] 
15:53:16.852 [INFO]   [Checking]    out: [INFO] --- maven-resources-plugin:2.6:testResources (default-testResources) @ messageml ---
15:53:16.852 [INFO]   [Checking]    out: [INFO] Using 'UTF-8' encoding to copy filtered resources.
15:53:16.852 [INFO]   [Checking]    out: [INFO] Copying 36 resources
15:53:16.853 [INFO]   [Checking]    deserializing line [DIFFBLUE]{"__type":"com.diffblue.cover.buildsystem.model.DefaultEventMessage","project":"org.symphonyoss.symphony:messageml","goal":"testResources","cause":null,"state":"SUCCESS"}
15:53:16.855 [INFO]   [Checking]    deserializing line [DIFFBLUE]{"__type":"com.diffblue.cover.buildsystem.model.DefaultEventMessage","project":"org.symphonyoss.symphony:messageml","goal":"testCompile","cause":null,"state":"STARTED"}
15:53:16.857 [INFO]   [Checking]    out: [INFO] 
15:53:16.857 [INFO]   [Checking]    out: [INFO] --- maven-compiler-plugin:3.1:testCompile (default-testCompile) @ messageml ---
15:53:16.860 [INFO]   [Checking]    out: [INFO] Changes detected - recompiling the module!
15:53:16.863 [INFO]   [Checking]    out: [INFO] Compiling 60 source files to /home/jbergqvist/diffblue/finos-messageml-utils/target/test-classes
15:53:19.159 [INFO]   [Checking]    out: [WARNING] /home/jbergqvist/diffblue/finos-messageml-utils/src/test/java/org/symphonyoss/symphony/messageml/elements/ElementTest.java: Some input files use or override a deprecated API.
15:53:19.160 [INFO]   [Checking]    out: [WARNING] /home/jbergqvist/diffblue/finos-messageml-utils/src/test/java/org/symphonyoss/symphony/messageml/elements/ElementTest.java: Recompile with -Xlint:deprecation for details.
15:53:19.160 [INFO]   [Checking]    out: [WARNING] /home/jbergqvist/diffblue/finos-messageml-utils/src/test/java/org/symphonyoss/symphony/messageml/MessageMLContextTest.java: /home/jbergqvist/diffblue/finos-messageml-utils/src/test/java/org/symphonyoss/symphony/messageml/MessageMLContextTest.java uses unchecked or unsafe operations.
15:53:19.160 [INFO]   [Checking]    out: [WARNING] /home/jbergqvist/diffblue/finos-messageml-utils/src/test/java/org/symphonyoss/symphony/messageml/MessageMLContextTest.java: Recompile with -Xlint:unchecked for details.
15:53:19.161 [INFO]   [Checking]    deserializing line [DIFFBLUE]{"__type":"com.diffblue.cover.buildsystem.model.DefaultEventMessage","project":"org.symphonyoss.symphony:messageml","goal":"testCompile","cause":null,"state":"SUCCESS"}
15:53:19.164 [INFO]   [Checking]    deserializing line [DIFFBLUE]{"__type":"com.diffblue.cover.buildsystem.model.DefaultEventMessage","project":"org.symphonyoss.symphony:messageml","goal":"test","cause":null,"state":"STARTED"}
15:53:19.166 [INFO]   [Checking]    out: [INFO] 
15:53:19.167 [INFO]   [Checking]    out: [INFO] --- maven-surefire-plugin:2.22.2:test (default-test) @ messageml ---
15:53:19.301 [INFO]   [Checking]    out: [INFO] 
15:53:19.301 [INFO]   [Checking]    out: [INFO] -------------------------------------------------------
15:53:19.301 [INFO]   [Checking]    out: [INFO]  T E S T S
15:53:19.301 [INFO]   [Checking]    out: [INFO] -------------------------------------------------------
15:53:19.602 [INFO]   [Checking]    out: [INFO] Running DummyJupiterDiffblueTest
15:53:19.620 [INFO]   [Checking]    out: [INFO] Tests run: 1, Failures: 0, Errors: 0, Skipped: 0, Time elapsed: 0.012 s - in DummyJupiterDiffblueTest
15:53:19.967 [INFO]   [Checking]    out: [INFO] 
15:53:19.967 [INFO]   [Checking]    out: [INFO] Results:
15:53:19.967 [INFO]   [Checking]    out: [INFO] 
15:53:19.967 [INFO]   [Checking]    out: [INFO] Tests run: 1, Failures: 0, Errors: 0, Skipped: 0
15:53:19.968 [INFO]   [Checking]    out: [INFO] 
15:53:19.971 [INFO]   [Checking]    deserializing line [DIFFBLUE]{"__type":"com.diffblue.cover.buildsystem.model.DefaultEventMessage","project":"org.symphonyoss.symphony:messageml","goal":"test","cause":null,"state":"SUCCESS"}
15:53:19.995 [INFO]   [Checking]    deserializing line [DIFFBLUE]{"__type":"com.diffblue.cover.buildsystem.model.DefaultProjectModuleMessage","project":{"__type":"DefaultProjectModule","junitReport":["/home/jbergqvist/diffblue/finos-messageml-utils/target/surefire-reports"],"jacocoReport":["/home/jbergqvist/diffblue/finos-messageml-utils/target/site/jacoco/jacoco.xml"],"jacocoDestFile":["/home/jbergqvist/diffblue/finos-messageml-utils/target/jacoco.exec"],"jacocoFormats":["xml"],"jacocoSkipped":false,"classpath":["/home/jbergqvist/diffblue/finos-messageml-utils/target/classes","/home/jbergqvist/.m2/repository/org/projectlombok/lombok/1.18.42/lombok-1.18.42.jar","/home/jbergqvist/.m2/repository/com/github/java-json-tools/json-schema-validator/2.2.14/json-schema-validator-2.2.14.jar","/home/jbergqvist/.m2/repository/com/github/java-json-tools/jackson-coreutils-equivalence/1.0/jackson-coreutils-equivalence-1.0.jar","/home/jbergqvist/.m2/repository/com/github/java-json-tools/jackson-coreutils/2.0/jackson-coreutils-2.0.jar","/home/jbergqvist/.m2/repository/com/github/java-json-tools/msg-simple/1.2/msg-simple-1.2.jar","/home/jbergqvist/.m2/repository/com/github/java-json-tools/btf/1.3/btf-1.3.jar","/home/jbergqvist/.m2/repository/com/github/java-json-tools/json-schema-core/1.2.14/json-schema-core-1.2.14.jar","/home/jbergqvist/.m2/repository/com/github/java-json-tools/uri-template/0.10/uri-template-0.10.jar","/home/jbergqvist/.m2/repository/com/sun/mail/mailapi/1.6.2/mailapi-1.6.2.jar","/home/jbergqvist/.m2/repository/joda-time/joda-time/2.10.5/joda-time-2.10.5.jar","/home/jbergqvist/.m2/repository/com/googlecode/libphonenumber/libphonenumber/8.11.1/libphonenumber-8.11.1.jar","/home/jbergqvist/.m2/repository/com/google/code/findbugs/jsr305/3.0.2/jsr305-3.0.2.jar","/home/jbergqvist/.m2/repository/net/sf/jopt-simple/jopt-simple/5.0.4/jopt-simple-5.0.4.jar","/home/jbergqvist/.m2/repository/org/mozilla/rhino/1.7.13/rhino-1.7.13.jar","/home/jbergqvist/.m2/repository/com/google/guava/guava/32.1.2-jre/guava-32.1.2-jre.jar","/home/jbergqvist/.m2/repository/com/google/guava/failureaccess/1.0.1/failureaccess-1.0.1.jar","/home/jbergqvist/.m2/repository/com/google/guava/listenablefuture/9999.0-empty-to-avoid-conflict-with-guava/listenablefuture-9999.0-empty-to-avoid-conflict-with-guava.jar","/home/jbergqvist/.m2/repository/org/checkerframework/checker-qual/3.33.0/checker-qual-3.33.0.jar","/home/jbergqvist/.m2/repository/com/google/errorprone/error_prone_annotations/2.18.0/error_prone_annotations-2.18.0.jar","/home/jbergqvist/.m2/repository/com/google/j2objc/j2objc-annotations/2.8/j2objc-annotations-2.8.jar","/home/jbergqvist/.m2/repository/com/fasterxml/jackson/core/jackson-core/2.15.2/jackson-core-2.15.2.jar","/home/jbergqvist/.m2/repository/com/fasterxml/jackson/core/jackson-databind/2.15.2/jackson-databind-2.15.2.jar","/home/jbergqvist/.m2/repository/com/fasterxml/jackson/core/jackson-annotations/2.15.2/jackson-annotations-2.15.2.jar","/home/jbergqvist/.m2/repository/commons-io/commons-io/2.11.0/commons-io-2.11.0.jar","/home/jbergqvist/.m2/repository/org/apache/commons/commons-lang3/3.12.0/commons-lang3-3.12.0.jar","/home/jbergqvist/.m2/repository/org/freemarker/freemarker/2.3.31/freemarker-2.3.31.jar","/home/jbergqvist/.m2/repository/org/slf4j/slf4j-api/1.7.32/slf4j-api-1.7.32.jar","/home/jbergqvist/.m2/repository/com/diffblue/cover/cover-annotations/1.8.0/cover-annotations-1.8.0.jar","/home/jbergqvist/.m2/repository/com/atlassian/commonmark/commonmark/0.15.2/commonmark-0.15.2.jar","/home/jbergqvist/.m2/repository/org/junit/jupiter/junit-jupiter-api/5.8.2/junit-jupiter-api-5.8.2.jar","/home/jbergqvist/.m2/repository/org/opentest4j/opentest4j/1.2.0/opentest4j-1.2.0.jar","/home/jbergqvist/.m2/repository/org/junit/platform/junit-platform-commons/1.8.2/junit-platform-commons-1.8.2.jar","/home/jbergqvist/.m2/repository/org/apiguardian/apiguardian-api/1.1.2/apiguardian-api-1.1.2.jar","/home/jbergqvist/.m2/repository/org/junit/jupiter/junit-jupiter-params/5.8.2/junit-jupiter-params-5.8.2.jar","/home/jbergqvist/.m2/repository/org/junit/jupiter/junit-jupiter-engine/5.8.2/junit-jupiter-engine-5.8.2.jar","/home/jbergqvist/.m2/repository/org/junit/platform/junit-platform-engine/1.8.2/junit-platform-engine-1.8.2.jar","/home/jbergqvist/.m2/repository/org/junit/vintage/junit-vintage-engine/5.8.2/junit-vintage-engine-5.8.2.jar","/home/jbergqvist/.m2/repository/junit/junit/4.13.2/junit-4.13.2.jar","/home/jbergqvist/.m2/repository/org/hamcrest/hamcrest-core/1.3/hamcrest-core-1.3.jar","/home/jbergqvist/.m2/repository/org/mockito/mockito-core/4.0.0/mockito-core-4.0.0.jar","/home/jbergqvist/.m2/repository/net/bytebuddy/byte-buddy/1.11.19/byte-buddy-1.11.19.jar","/home/jbergqvist/.m2/repository/net/bytebuddy/byte-buddy-agent/1.11.19/byte-buddy-agent-1.11.19.jar","/home/jbergqvist/.m2/repository/org/objenesis/objenesis/3.2/objenesis-3.2.jar","/home/jbergqvist/.m2/repository/org/openjdk/jmh/jmh-core/1.33/jmh-core-1.33.jar","/home/jbergqvist/.m2/repository/org/apache/commons/commons-math3/3.2/commons-math3-3.2.jar","/home/jbergqvist/.m2/repository/org/openjdk/jmh/jmh-generator-annprocess/1.33/jmh-generator-annprocess-1.33.jar","/home/jbergqvist/.m2/repository/org/xmlunit/xmlunit-core/2.8.3/xmlunit-core-2.8.3.jar","/home/jbergqvist/.m2/repository/jakarta/xml/bind/jakarta.xml.bind-api/2.3.3/jakarta.xml.bind-api-2.3.3.jar","/home/jbergqvist/.m2/repository/jakarta/activation/jakarta.activation-api/1.2.2/jakarta.activation-api-1.2.2.jar","/home/jbergqvist/.m2/repository/ch/qos/logback/logback-classic/1.2.9/logback-classic-1.2.9.jar","/home/jbergqvist/.m2/repository/ch/qos/logback/logback-core/1.2.9/logback-core-1.2.9.jar"],"complianceLevel":"1.8","productionSources":["/home/jbergqvist/diffblue/finos-messageml-utils/src/main/java"],"testSources":["/home/jbergqvist/diffblue/finos-messageml-utils/src/test/java"],"productionClasses":"/home/jbergqvist/diffblue/finos-messageml-utils/target/classes","testClasses":"/home/jbergqvist/diffblue/finos-messageml-utils/target/test-classes","sourceToBuildPathMap":null,"testSourceToBuildPathMap":null,"buildDirectory":"/home/jbergqvist/diffblue/finos-messageml-utils/target","plugins":[{"__type":"DefaultPlugin","groupId":"org.apache.maven.plugins","artefactId":"maven-surefire-plugin","version":"2.22.2","pluginClassName":null},{"__type":"DefaultPlugin","groupId":"org.apache.maven.plugins","artefactId":"maven-clean-plugin","version":"2.5","pluginClassName":null},{"__type":"DefaultPlugin","groupId":"org.apache.maven.plugins","artefactId":"maven-resources-plugin","version":"2.6","pluginClassName":null},{"__type":"DefaultPlugin","groupId":"org.apache.maven.plugins","artefactId":"maven-jar-plugin","version":"3.2.2","pluginClassName":null},{"__type":"DefaultPlugin","groupId":"org.apache.maven.plugins","artefactId":"maven-compiler-plugin","version":"3.1","pluginClassName":null},{"__type":"DefaultPlugin","groupId":"org.apache.maven.plugins","artefactId":"maven-install-plugin","version":"2.4","pluginClassName":null},{"__type":"DefaultPlugin","groupId":"org.apache.maven.plugins","artefactId":"maven-deploy-plugin","version":"3.0.0-M1","pluginClassName":null},{"__type":"DefaultPlugin","groupId":"org.apache.maven.plugins","artefactId":"maven-site-plugin","version":"3.3","pluginClassName":null}],"version":"3.8.4","encoding":"UTF-8","name":"maven","subModules":[],"simpleModuleName":null,"parentModuleName":null,"location":"/home/jbergqvist/diffblue/finos-messageml-utils","fullModuleName":"org.symphonyoss.symphony:messageml"}}
15:53:20.000 [INFO]   [Checking]    out: [INFO] ------------------------------------------------------------------------
15:53:20.001 [INFO]   [Checking]    out: [INFO] BUILD SUCCESS
15:53:20.001 [INFO]   [Checking]    out: [INFO] ------------------------------------------------------------------------
15:53:20.001 [INFO]   [Checking]    out: [INFO] Total time:  3.697 s
15:53:20.001 [INFO]   [Checking]    out: [INFO] Finished at: 2026-01-09T15:53:19Z
15:53:20.001 [INFO]   [Checking]    out: [INFO] ------------------------------------------------------------------------
15:53:20.001 [INFO]   [Checking]    deserializing line [DIFFBLUE]{"__type":"com.diffblue.cover.buildsystem.model.ProjectInfoMessage","projectName":"org.symphonyoss.symphony:messageml","productionSources":["/home/jbergqvist/diffblue/finos-messageml-utils/src/main/java"],"testSources":["/home/jbergqvist/diffblue/finos-messageml-utils/src/test/java"],"location":"/home/jbergqvist/diffblue/finos-messageml-utils"}
15:53:20.037 [INFO]   [Checking]    maven:err process not stopped, joining thread
15:53:20.037 [INFO]   [Checking]    maven:out process not stopped, joining thread
15:53:20.047 [INFO]   [Checking]    Using default build rules as no custom rules found in any of [/home/jbergqvist/diffblue/finos-messageml-utils]
15:53:20.048 [INFO]   [Checking]    Attempting to invoke /home/jbergqvist/diffblue/finos-messageml-utils/mvnw in working directory: /home/jbergqvist/diffblue/finos-messageml-utils
15:53:20.048 [INFO]   [Checking]    Started "/home/jbergqvist/diffblue/finos-messageml-utils/mvnw -Dmaven.ext.class.path=/opt/cover/cover-buildsystem-maven-spy-jar-with-dependencies.jar -Dcom.diffblue.cover.skipTests=true -DskipTestOptimizer --batch-mode --projects=org.symphonyoss.symphony:messageml --global-settings=/home/jbergqvist/.sdkman/candidates/maven/current/conf/settings.xml test -DfailIfNoTests=false -Dsurefire.failIfNoSpecifiedTests=false -Dmaven.test.failure.ignore=True -Dtest=DummyJunitDiffblueTest"
15:53:20.672 [INFO]   [Checking]    out: [INFO] Scanning for projects...
15:53:20.711 [INFO]   [Checking]    out: [INFO] 
15:53:20.711 [INFO]   [Checking]    out: [INFO] -----------------< org.symphonyoss.symphony:messageml >-----------------
15:53:20.711 [INFO]   [Checking]    out: [INFO] Building MessageML Utils 0.13.0
15:53:20.711 [INFO]   [Checking]    out: [INFO] --------------------------------[ jar ]---------------------------------
15:53:20.959 [INFO]   [Checking]    deserializing line [DIFFBLUE]{"__type":"com.diffblue.cover.buildsystem.model.DefaultEventMessage","project":"org.symphonyoss.symphony:messageml","goal":"resources","cause":null,"state":"STARTED"}
15:53:20.960 [INFO]   [Checking]    out: [INFO] 
15:53:20.960 [INFO]   [Checking]    out: [INFO] --- maven-resources-plugin:2.6:resources (default-resources) @ messageml ---
15:53:21.037 [INFO]   [Checking]    out: [INFO] Using 'UTF-8' encoding to copy filtered resources.
15:53:21.038 [INFO]   [Checking]    out: [INFO] Copying 1 resource
15:53:21.041 [INFO]   [Checking]    deserializing line [DIFFBLUE]{"__type":"com.diffblue.cover.buildsystem.model.DefaultEventMessage","project":"org.symphonyoss.symphony:messageml","goal":"resources","cause":null,"state":"SUCCESS"}
15:53:21.043 [INFO]   [Checking]    deserializing line [DIFFBLUE]{"__type":"com.diffblue.cover.buildsystem.model.DefaultEventMessage","project":"org.symphonyoss.symphony:messageml","goal":"compile","cause":null,"state":"STARTED"}
15:53:21.045 [INFO]   [Checking]    out: [INFO] 
15:53:21.045 [INFO]   [Checking]    out: [INFO] --- maven-compiler-plugin:3.1:compile (default-compile) @ messageml ---
15:53:21.153 [INFO]   [Checking]    out: [INFO] Nothing to compile - all classes are up to date
15:53:21.155 [INFO]   [Checking]    deserializing line [DIFFBLUE]{"__type":"com.diffblue.cover.buildsystem.model.DefaultEventMessage","project":"org.symphonyoss.symphony:messageml","goal":"compile","cause":null,"state":"SUCCESS"}
15:53:21.157 [INFO]   [Checking]    deserializing line [DIFFBLUE]{"__type":"com.diffblue.cover.buildsystem.model.DefaultEventMessage","project":"org.symphonyoss.symphony:messageml","goal":"testResources","cause":null,"state":"STARTED"}
15:53:21.159 [INFO]   [Checking]    out: [INFO] 
15:53:21.159 [INFO]   [Checking]    out: [INFO] --- maven-resources-plugin:2.6:testResources (default-testResources) @ messageml ---
15:53:21.159 [INFO]   [Checking]    out: [INFO] Using 'UTF-8' encoding to copy filtered resources.
15:53:21.161 [INFO]   [Checking]    out: [INFO] Copying 36 resources
15:53:21.163 [INFO]   [Checking]    deserializing line [DIFFBLUE]{"__type":"com.diffblue.cover.buildsystem.model.DefaultEventMessage","project":"org.symphonyoss.symphony:messageml","goal":"testResources","cause":null,"state":"SUCCESS"}
15:53:21.165 [INFO]   [Checking]    deserializing line [DIFFBLUE]{"__type":"com.diffblue.cover.buildsystem.model.DefaultEventMessage","project":"org.symphonyoss.symphony:messageml","goal":"testCompile","cause":null,"state":"STARTED"}
15:53:21.167 [INFO]   [Checking]    out: [INFO] 
15:53:21.167 [INFO]   [Checking]    out: [INFO] --- maven-compiler-plugin:3.1:testCompile (default-testCompile) @ messageml ---
15:53:21.172 [INFO]   [Checking]    out: [INFO] Changes detected - recompiling the module!
15:53:21.174 [INFO]   [Checking]    out: [INFO] Compiling 60 source files to /home/jbergqvist/diffblue/finos-messageml-utils/target/test-classes
15:53:23.405 [INFO]   [Checking]    out: [WARNING] /home/jbergqvist/diffblue/finos-messageml-utils/src/test/java/org/symphonyoss/symphony/messageml/elements/ElementTest.java: Some input files use or override a deprecated API.
15:53:23.406 [INFO]   [Checking]    out: [WARNING] /home/jbergqvist/diffblue/finos-messageml-utils/src/test/java/org/symphonyoss/symphony/messageml/elements/ElementTest.java: Recompile with -Xlint:deprecation for details.
15:53:23.406 [INFO]   [Checking]    out: [WARNING] /home/jbergqvist/diffblue/finos-messageml-utils/src/test/java/org/symphonyoss/symphony/messageml/MessageMLContextTest.java: /home/jbergqvist/diffblue/finos-messageml-utils/src/test/java/org/symphonyoss/symphony/messageml/MessageMLContextTest.java uses unchecked or unsafe operations.
15:53:23.406 [INFO]   [Checking]    out: [WARNING] /home/jbergqvist/diffblue/finos-messageml-utils/src/test/java/org/symphonyoss/symphony/messageml/MessageMLContextTest.java: Recompile with -Xlint:unchecked for details.
15:53:23.407 [INFO]   [Checking]    deserializing line [DIFFBLUE]{"__type":"com.diffblue.cover.buildsystem.model.DefaultEventMessage","project":"org.symphonyoss.symphony:messageml","goal":"testCompile","cause":null,"state":"SUCCESS"}
15:53:23.409 [INFO]   [Checking]    deserializing line [DIFFBLUE]{"__type":"com.diffblue.cover.buildsystem.model.DefaultEventMessage","project":"org.symphonyoss.symphony:messageml","goal":"test","cause":null,"state":"STARTED"}
15:53:23.411 [INFO]   [Checking]    out: [INFO] 
15:53:23.411 [INFO]   [Checking]    out: [INFO] --- maven-surefire-plugin:2.22.2:test (default-test) @ messageml ---
15:53:23.546 [INFO]   [Checking]    out: [INFO] 
15:53:23.546 [INFO]   [Checking]    out: [INFO] -------------------------------------------------------
15:53:23.547 [INFO]   [Checking]    out: [INFO]  T E S T S
15:53:23.547 [INFO]   [Checking]    out: [INFO] -------------------------------------------------------
15:53:23.850 [INFO]   [Checking]    out: [INFO] Running DummyJunitDiffblueTest
15:53:23.858 [INFO]   [Checking]    out: [INFO] Tests run: 1, Failures: 0, Errors: 0, Skipped: 0, Time elapsed: 0.003 s - in DummyJunitDiffblueTest
15:53:24.196 [INFO]   [Checking]    out: [INFO] 
15:53:24.196 [INFO]   [Checking]    out: [INFO] Results:
15:53:24.196 [INFO]   [Checking]    out: [INFO] 
15:53:24.196 [INFO]   [Checking]    out: [INFO] Tests run: 1, Failures: 0, Errors: 0, Skipped: 0
15:53:24.196 [INFO]   [Checking]    out: [INFO] 
15:53:24.200 [INFO]   [Checking]    deserializing line [DIFFBLUE]{"__type":"com.diffblue.cover.buildsystem.model.DefaultEventMessage","project":"org.symphonyoss.symphony:messageml","goal":"test","cause":null,"state":"SUCCESS"}
15:53:24.223 [INFO]   [Checking]    deserializing line [DIFFBLUE]{"__type":"com.diffblue.cover.buildsystem.model.DefaultProjectModuleMessage","project":{"__type":"DefaultProjectModule","junitReport":["/home/jbergqvist/diffblue/finos-messageml-utils/target/surefire-reports"],"jacocoReport":["/home/jbergqvist/diffblue/finos-messageml-utils/target/site/jacoco/jacoco.xml"],"jacocoDestFile":["/home/jbergqvist/diffblue/finos-messageml-utils/target/jacoco.exec"],"jacocoFormats":["xml"],"jacocoSkipped":false,"classpath":["/home/jbergqvist/diffblue/finos-messageml-utils/target/classes","/home/jbergqvist/.m2/repository/org/projectlombok/lombok/1.18.42/lombok-1.18.42.jar","/home/jbergqvist/.m2/repository/com/github/java-json-tools/json-schema-validator/2.2.14/json-schema-validator-2.2.14.jar","/home/jbergqvist/.m2/repository/com/github/java-json-tools/jackson-coreutils-equivalence/1.0/jackson-coreutils-equivalence-1.0.jar","/home/jbergqvist/.m2/repository/com/github/java-json-tools/jackson-coreutils/2.0/jackson-coreutils-2.0.jar","/home/jbergqvist/.m2/repository/com/github/java-json-tools/msg-simple/1.2/msg-simple-1.2.jar","/home/jbergqvist/.m2/repository/com/github/java-json-tools/btf/1.3/btf-1.3.jar","/home/jbergqvist/.m2/repository/com/github/java-json-tools/json-schema-core/1.2.14/json-schema-core-1.2.14.jar","/home/jbergqvist/.m2/repository/com/github/java-json-tools/uri-template/0.10/uri-template-0.10.jar","/home/jbergqvist/.m2/repository/com/sun/mail/mailapi/1.6.2/mailapi-1.6.2.jar","/home/jbergqvist/.m2/repository/joda-time/joda-time/2.10.5/joda-time-2.10.5.jar","/home/jbergqvist/.m2/repository/com/googlecode/libphonenumber/libphonenumber/8.11.1/libphonenumber-8.11.1.jar","/home/jbergqvist/.m2/repository/com/google/code/findbugs/jsr305/3.0.2/jsr305-3.0.2.jar","/home/jbergqvist/.m2/repository/net/sf/jopt-simple/jopt-simple/5.0.4/jopt-simple-5.0.4.jar","/home/jbergqvist/.m2/repository/org/mozilla/rhino/1.7.13/rhino-1.7.13.jar","/home/jbergqvist/.m2/repository/com/google/guava/guava/32.1.2-jre/guava-32.1.2-jre.jar","/home/jbergqvist/.m2/repository/com/google/guava/failureaccess/1.0.1/failureaccess-1.0.1.jar","/home/jbergqvist/.m2/repository/com/google/guava/listenablefuture/9999.0-empty-to-avoid-conflict-with-guava/listenablefuture-9999.0-empty-to-avoid-conflict-with-guava.jar","/home/jbergqvist/.m2/repository/org/checkerframework/checker-qual/3.33.0/checker-qual-3.33.0.jar","/home/jbergqvist/.m2/repository/com/google/errorprone/error_prone_annotations/2.18.0/error_prone_annotations-2.18.0.jar","/home/jbergqvist/.m2/repository/com/google/j2objc/j2objc-annotations/2.8/j2objc-annotations-2.8.jar","/home/jbergqvist/.m2/repository/com/fasterxml/jackson/core/jackson-core/2.15.2/jackson-core-2.15.2.jar","/home/jbergqvist/.m2/repository/com/fasterxml/jackson/core/jackson-databind/2.15.2/jackson-databind-2.15.2.jar","/home/jbergqvist/.m2/repository/com/fasterxml/jackson/core/jackson-annotations/2.15.2/jackson-annotations-2.15.2.jar","/home/jbergqvist/.m2/repository/commons-io/commons-io/2.11.0/commons-io-2.11.0.jar","/home/jbergqvist/.m2/repository/org/apache/commons/commons-lang3/3.12.0/commons-lang3-3.12.0.jar","/home/jbergqvist/.m2/repository/org/freemarker/freemarker/2.3.31/freemarker-2.3.31.jar","/home/jbergqvist/.m2/repository/org/slf4j/slf4j-api/1.7.32/slf4j-api-1.7.32.jar","/home/jbergqvist/.m2/repository/com/diffblue/cover/cover-annotations/1.8.0/cover-annotations-1.8.0.jar","/home/jbergqvist/.m2/repository/com/atlassian/commonmark/commonmark/0.15.2/commonmark-0.15.2.jar","/home/jbergqvist/.m2/repository/org/junit/jupiter/junit-jupiter-api/5.8.2/junit-jupiter-api-5.8.2.jar","/home/jbergqvist/.m2/repository/org/opentest4j/opentest4j/1.2.0/opentest4j-1.2.0.jar","/home/jbergqvist/.m2/repository/org/junit/platform/junit-platform-commons/1.8.2/junit-platform-commons-1.8.2.jar","/home/jbergqvist/.m2/repository/org/apiguardian/apiguardian-api/1.1.2/apiguardian-api-1.1.2.jar","/home/jbergqvist/.m2/repository/org/junit/jupiter/junit-jupiter-params/5.8.2/junit-jupiter-params-5.8.2.jar","/home/jbergqvist/.m2/repository/org/junit/jupiter/junit-jupiter-engine/5.8.2/junit-jupiter-engine-5.8.2.jar","/home/jbergqvist/.m2/repository/org/junit/platform/junit-platform-engine/1.8.2/junit-platform-engine-1.8.2.jar","/home/jbergqvist/.m2/repository/org/junit/vintage/junit-vintage-engine/5.8.2/junit-vintage-engine-5.8.2.jar","/home/jbergqvist/.m2/repository/junit/junit/4.13.2/junit-4.13.2.jar","/home/jbergqvist/.m2/repository/org/hamcrest/hamcrest-core/1.3/hamcrest-core-1.3.jar","/home/jbergqvist/.m2/repository/org/mockito/mockito-core/4.0.0/mockito-core-4.0.0.jar","/home/jbergqvist/.m2/repository/net/bytebuddy/byte-buddy/1.11.19/byte-buddy-1.11.19.jar","/home/jbergqvist/.m2/repository/net/bytebuddy/byte-buddy-agent/1.11.19/byte-buddy-agent-1.11.19.jar","/home/jbergqvist/.m2/repository/org/objenesis/objenesis/3.2/objenesis-3.2.jar","/home/jbergqvist/.m2/repository/org/openjdk/jmh/jmh-core/1.33/jmh-core-1.33.jar","/home/jbergqvist/.m2/repository/org/apache/commons/commons-math3/3.2/commons-math3-3.2.jar","/home/jbergqvist/.m2/repository/org/openjdk/jmh/jmh-generator-annprocess/1.33/jmh-generator-annprocess-1.33.jar","/home/jbergqvist/.m2/repository/org/xmlunit/xmlunit-core/2.8.3/xmlunit-core-2.8.3.jar","/home/jbergqvist/.m2/repository/jakarta/xml/bind/jakarta.xml.bind-api/2.3.3/jakarta.xml.bind-api-2.3.3.jar","/home/jbergqvist/.m2/repository/jakarta/activation/jakarta.activation-api/1.2.2/jakarta.activation-api-1.2.2.jar","/home/jbergqvist/.m2/repository/ch/qos/logback/logback-classic/1.2.9/logback-classic-1.2.9.jar","/home/jbergqvist/.m2/repository/ch/qos/logback/logback-core/1.2.9/logback-core-1.2.9.jar"],"complianceLevel":"1.8","productionSources":["/home/jbergqvist/diffblue/finos-messageml-utils/src/main/java"],"testSources":["/home/jbergqvist/diffblue/finos-messageml-utils/src/test/java"],"productionClasses":"/home/jbergqvist/diffblue/finos-messageml-utils/target/classes","testClasses":"/home/jbergqvist/diffblue/finos-messageml-utils/target/test-classes","sourceToBuildPathMap":null,"testSourceToBuildPathMap":null,"buildDirectory":"/home/jbergqvist/diffblue/finos-messageml-utils/target","plugins":[{"__type":"DefaultPlugin","groupId":"org.apache.maven.plugins","artefactId":"maven-surefire-plugin","version":"2.22.2","pluginClassName":null},{"__type":"DefaultPlugin","groupId":"org.apache.maven.plugins","artefactId":"maven-clean-plugin","version":"2.5","pluginClassName":null},{"__type":"DefaultPlugin","groupId":"org.apache.maven.plugins","artefactId":"maven-resources-plugin","version":"2.6","pluginClassName":null},{"__type":"DefaultPlugin","groupId":"org.apache.maven.plugins","artefactId":"maven-jar-plugin","version":"3.2.2","pluginClassName":null},{"__type":"DefaultPlugin","groupId":"org.apache.maven.plugins","artefactId":"maven-compiler-plugin","version":"3.1","pluginClassName":null},{"__type":"DefaultPlugin","groupId":"org.apache.maven.plugins","artefactId":"maven-install-plugin","version":"2.4","pluginClassName":null},{"__type":"DefaultPlugin","groupId":"org.apache.maven.plugins","artefactId":"maven-deploy-plugin","version":"3.0.0-M1","pluginClassName":null},{"__type":"DefaultPlugin","groupId":"org.apache.maven.plugins","artefactId":"maven-site-plugin","version":"3.3","pluginClassName":null}],"version":"3.8.4","encoding":"UTF-8","name":"maven","subModules":[],"simpleModuleName":null,"parentModuleName":null,"location":"/home/jbergqvist/diffblue/finos-messageml-utils","fullModuleName":"org.symphonyoss.symphony:messageml"}}
15:53:24.227 [INFO]   [Checking]    out: [INFO] ------------------------------------------------------------------------
15:53:24.227 [INFO]   [Checking]    out: [INFO] BUILD SUCCESS
15:53:24.227 [INFO]   [Checking]    out: [INFO] ------------------------------------------------------------------------
15:53:24.228 [INFO]   [Checking]    out: [INFO] Total time:  3.564 s
15:53:24.228 [INFO]   [Checking]    out: [INFO] Finished at: 2026-01-09T15:53:24Z
15:53:24.228 [INFO]   [Checking]    out: [INFO] ------------------------------------------------------------------------
15:53:24.228 [INFO]   [Checking]    deserializing line [DIFFBLUE]{"__type":"com.diffblue.cover.buildsystem.model.ProjectInfoMessage","projectName":"org.symphonyoss.symphony:messageml","productionSources":["/home/jbergqvist/diffblue/finos-messageml-utils/src/main/java"],"testSources":["/home/jbergqvist/diffblue/finos-messageml-utils/src/test/java"],"location":"/home/jbergqvist/diffblue/finos-messageml-utils"}
15:53:24.265 [INFO]   [Checking]    maven:err process not stopped, joining thread
15:53:24.266 [INFO]   [Checking]    maven:out process not stopped, joining thread
15:53:24.654 [INFO]   [Checking]    Selected test framework: JUnit
15:53:24.733 [INFO]   [Checking]    Using default build rules as no custom rules found in any of [/home/jbergqvist/diffblue/finos-messageml-utils]
15:53:24.734 [INFO]   [Checking]    Attempting to invoke /home/jbergqvist/diffblue/finos-messageml-utils/mvnw in working directory: /home/jbergqvist/diffblue/finos-messageml-utils
15:53:24.734 [INFO]   [Checking]    Started "/home/jbergqvist/diffblue/finos-messageml-utils/mvnw -Dmaven.ext.class.path=/opt/cover/cover-buildsystem-maven-spy-jar-with-dependencies.jar -Dcom.diffblue.cover.skipTests=true -DskipTestOptimizer --batch-mode --projects=org.symphonyoss.symphony:messageml --global-settings=/home/jbergqvist/.sdkman/candidates/maven/current/conf/settings.xml test -DfailIfNoTests=false -Dsurefire.failIfNoSpecifiedTests=false -Dmaven.test.failure.ignore=True -Dtest=DummyJUnitJupiterLauncherDiffblueTest5069335576182991572"
15:53:25.346 [INFO]   [Checking]    out: [INFO] Scanning for projects...
15:53:25.386 [INFO]   [Checking]    out: [INFO] 
15:53:25.386 [INFO]   [Checking]    out: [INFO] -----------------< org.symphonyoss.symphony:messageml >-----------------
15:53:25.386 [INFO]   [Checking]    out: [INFO] Building MessageML Utils 0.13.0
15:53:25.387 [INFO]   [Checking]    out: [INFO] --------------------------------[ jar ]---------------------------------
15:53:25.634 [INFO]   [Checking]    deserializing line [DIFFBLUE]{"__type":"com.diffblue.cover.buildsystem.model.DefaultEventMessage","project":"org.symphonyoss.symphony:messageml","goal":"resources","cause":null,"state":"STARTED"}
15:53:25.638 [INFO]   [Checking]    out: [INFO] 
15:53:25.638 [INFO]   [Checking]    out: [INFO] --- maven-resources-plugin:2.6:resources (default-resources) @ messageml ---
15:53:25.725 [INFO]   [Checking]    out: [INFO] Using 'UTF-8' encoding to copy filtered resources.
15:53:25.727 [INFO]   [Checking]    out: [INFO] Copying 1 resource
15:53:25.730 [INFO]   [Checking]    deserializing line [DIFFBLUE]{"__type":"com.diffblue.cover.buildsystem.model.DefaultEventMessage","project":"org.symphonyoss.symphony:messageml","goal":"resources","cause":null,"state":"SUCCESS"}
15:53:25.732 [INFO]   [Checking]    deserializing line [DIFFBLUE]{"__type":"com.diffblue.cover.buildsystem.model.DefaultEventMessage","project":"org.symphonyoss.symphony:messageml","goal":"compile","cause":null,"state":"STARTED"}
15:53:25.733 [INFO]   [Checking]    out: [INFO] 
15:53:25.733 [INFO]   [Checking]    out: [INFO] --- maven-compiler-plugin:3.1:compile (default-compile) @ messageml ---
15:53:25.848 [INFO]   [Checking]    out: [INFO] Nothing to compile - all classes are up to date
15:53:25.850 [INFO]   [Checking]    deserializing line [DIFFBLUE]{"__type":"com.diffblue.cover.buildsystem.model.DefaultEventMessage","project":"org.symphonyoss.symphony:messageml","goal":"compile","cause":null,"state":"SUCCESS"}
15:53:25.852 [INFO]   [Checking]    deserializing line [DIFFBLUE]{"__type":"com.diffblue.cover.buildsystem.model.DefaultEventMessage","project":"org.symphonyoss.symphony:messageml","goal":"testResources","cause":null,"state":"STARTED"}
15:53:25.854 [INFO]   [Checking]    out: [INFO] 
15:53:25.854 [INFO]   [Checking]    out: [INFO] --- maven-resources-plugin:2.6:testResources (default-testResources) @ messageml ---
15:53:25.854 [INFO]   [Checking]    out: [INFO] Using 'UTF-8' encoding to copy filtered resources.
15:53:25.856 [INFO]   [Checking]    out: [INFO] Copying 36 resources
15:53:25.857 [INFO]   [Checking]    deserializing line [DIFFBLUE]{"__type":"com.diffblue.cover.buildsystem.model.DefaultEventMessage","project":"org.symphonyoss.symphony:messageml","goal":"testResources","cause":null,"state":"SUCCESS"}
15:53:25.859 [INFO]   [Checking]    deserializing line [DIFFBLUE]{"__type":"com.diffblue.cover.buildsystem.model.DefaultEventMessage","project":"org.symphonyoss.symphony:messageml","goal":"testCompile","cause":null,"state":"STARTED"}
15:53:25.861 [INFO]   [Checking]    out: [INFO] 
15:53:25.861 [INFO]   [Checking]    out: [INFO] --- maven-compiler-plugin:3.1:testCompile (default-testCompile) @ messageml ---
15:53:25.865 [INFO]   [Checking]    out: [INFO] Changes detected - recompiling the module!
15:53:25.868 [INFO]   [Checking]    out: [INFO] Compiling 60 source files to /home/jbergqvist/diffblue/finos-messageml-utils/target/test-classes
15:53:28.260 [INFO]   [Checking]    out: [WARNING] /home/jbergqvist/diffblue/finos-messageml-utils/src/test/java/org/symphonyoss/symphony/messageml/elements/ElementTest.java: Some input files use or override a deprecated API.
15:53:28.260 [INFO]   [Checking]    out: [WARNING] /home/jbergqvist/diffblue/finos-messageml-utils/src/test/java/org/symphonyoss/symphony/messageml/elements/ElementTest.java: Recompile with -Xlint:deprecation for details.
15:53:28.260 [INFO]   [Checking]    out: [WARNING] /home/jbergqvist/diffblue/finos-messageml-utils/src/test/java/org/symphonyoss/symphony/messageml/MessageMLContextTest.java: /home/jbergqvist/diffblue/finos-messageml-utils/src/test/java/org/symphonyoss/symphony/messageml/MessageMLContextTest.java uses unchecked or unsafe operations.
15:53:28.260 [INFO]   [Checking]    out: [WARNING] /home/jbergqvist/diffblue/finos-messageml-utils/src/test/java/org/symphonyoss/symphony/messageml/MessageMLContextTest.java: Recompile with -Xlint:unchecked for details.
15:53:28.261 [INFO]   [Checking]    deserializing line [DIFFBLUE]{"__type":"com.diffblue.cover.buildsystem.model.DefaultEventMessage","project":"org.symphonyoss.symphony:messageml","goal":"testCompile","cause":null,"state":"SUCCESS"}
15:53:28.264 [INFO]   [Checking]    deserializing line [DIFFBLUE]{"__type":"com.diffblue.cover.buildsystem.model.DefaultEventMessage","project":"org.symphonyoss.symphony:messageml","goal":"test","cause":null,"state":"STARTED"}
15:53:28.266 [INFO]   [Checking]    out: [INFO] 
15:53:28.266 [INFO]   [Checking]    out: [INFO] --- maven-surefire-plugin:2.22.2:test (default-test) @ messageml ---
15:53:28.415 [INFO]   [Checking]    out: [INFO] 
15:53:28.415 [INFO]   [Checking]    out: [INFO] -------------------------------------------------------
15:53:28.415 [INFO]   [Checking]    out: [INFO]  T E S T S
15:53:28.415 [INFO]   [Checking]    out: [INFO] -------------------------------------------------------
15:53:28.704 [INFO]   [Checking]    out: [INFO] Running DummyJUnitJupiterLauncherDiffblueTest5069335576182991572
15:53:28.723 [INFO]   [Checking]    out: [INFO] Tests run: 1, Failures: 0, Errors: 0, Skipped: 0, Time elapsed: 0.012 s - in DummyJUnitJupiterLauncherDiffblueTest5069335576182991572
15:53:29.055 [INFO]   [Checking]    out: [INFO] 
15:53:29.055 [INFO]   [Checking]    out: [INFO] Results:
15:53:29.055 [INFO]   [Checking]    out: [INFO] 
15:53:29.055 [INFO]   [Checking]    out: [INFO] Tests run: 1, Failures: 0, Errors: 0, Skipped: 0
15:53:29.055 [INFO]   [Checking]    out: [INFO] 
15:53:29.059 [INFO]   [Checking]    deserializing line [DIFFBLUE]{"__type":"com.diffblue.cover.buildsystem.model.DefaultEventMessage","project":"org.symphonyoss.symphony:messageml","goal":"test","cause":null,"state":"SUCCESS"}
15:53:29.082 [INFO]   [Checking]    deserializing line [DIFFBLUE]{"__type":"com.diffblue.cover.buildsystem.model.DefaultProjectModuleMessage","project":{"__type":"DefaultProjectModule","junitReport":["/home/jbergqvist/diffblue/finos-messageml-utils/target/surefire-reports"],"jacocoReport":["/home/jbergqvist/diffblue/finos-messageml-utils/target/site/jacoco/jacoco.xml"],"jacocoDestFile":["/home/jbergqvist/diffblue/finos-messageml-utils/target/jacoco.exec"],"jacocoFormats":["xml"],"jacocoSkipped":false,"classpath":["/home/jbergqvist/diffblue/finos-messageml-utils/target/classes","/home/jbergqvist/.m2/repository/org/projectlombok/lombok/1.18.42/lombok-1.18.42.jar","/home/jbergqvist/.m2/repository/com/github/java-json-tools/json-schema-validator/2.2.14/json-schema-validator-2.2.14.jar","/home/jbergqvist/.m2/repository/com/github/java-json-tools/jackson-coreutils-equivalence/1.0/jackson-coreutils-equivalence-1.0.jar","/home/jbergqvist/.m2/repository/com/github/java-json-tools/jackson-coreutils/2.0/jackson-coreutils-2.0.jar","/home/jbergqvist/.m2/repository/com/github/java-json-tools/msg-simple/1.2/msg-simple-1.2.jar","/home/jbergqvist/.m2/repository/com/github/java-json-tools/btf/1.3/btf-1.3.jar","/home/jbergqvist/.m2/repository/com/github/java-json-tools/json-schema-core/1.2.14/json-schema-core-1.2.14.jar","/home/jbergqvist/.m2/repository/com/github/java-json-tools/uri-template/0.10/uri-template-0.10.jar","/home/jbergqvist/.m2/repository/com/sun/mail/mailapi/1.6.2/mailapi-1.6.2.jar","/home/jbergqvist/.m2/repository/joda-time/joda-time/2.10.5/joda-time-2.10.5.jar","/home/jbergqvist/.m2/repository/com/googlecode/libphonenumber/libphonenumber/8.11.1/libphonenumber-8.11.1.jar","/home/jbergqvist/.m2/repository/com/google/code/findbugs/jsr305/3.0.2/jsr305-3.0.2.jar","/home/jbergqvist/.m2/repository/net/sf/jopt-simple/jopt-simple/5.0.4/jopt-simple-5.0.4.jar","/home/jbergqvist/.m2/repository/org/mozilla/rhino/1.7.13/rhino-1.7.13.jar","/home/jbergqvist/.m2/repository/com/google/guava/guava/32.1.2-jre/guava-32.1.2-jre.jar","/home/jbergqvist/.m2/repository/com/google/guava/failureaccess/1.0.1/failureaccess-1.0.1.jar","/home/jbergqvist/.m2/repository/com/google/guava/listenablefuture/9999.0-empty-to-avoid-conflict-with-guava/listenablefuture-9999.0-empty-to-avoid-conflict-with-guava.jar","/home/jbergqvist/.m2/repository/org/checkerframework/checker-qual/3.33.0/checker-qual-3.33.0.jar","/home/jbergqvist/.m2/repository/com/google/errorprone/error_prone_annotations/2.18.0/error_prone_annotations-2.18.0.jar","/home/jbergqvist/.m2/repository/com/google/j2objc/j2objc-annotations/2.8/j2objc-annotations-2.8.jar","/home/jbergqvist/.m2/repository/com/fasterxml/jackson/core/jackson-core/2.15.2/jackson-core-2.15.2.jar","/home/jbergqvist/.m2/repository/com/fasterxml/jackson/core/jackson-databind/2.15.2/jackson-databind-2.15.2.jar","/home/jbergqvist/.m2/repository/com/fasterxml/jackson/core/jackson-annotations/2.15.2/jackson-annotations-2.15.2.jar","/home/jbergqvist/.m2/repository/commons-io/commons-io/2.11.0/commons-io-2.11.0.jar","/home/jbergqvist/.m2/repository/org/apache/commons/commons-lang3/3.12.0/commons-lang3-3.12.0.jar","/home/jbergqvist/.m2/repository/org/freemarker/freemarker/2.3.31/freemarker-2.3.31.jar","/home/jbergqvist/.m2/repository/org/slf4j/slf4j-api/1.7.32/slf4j-api-1.7.32.jar","/home/jbergqvist/.m2/repository/com/diffblue/cover/cover-annotations/1.8.0/cover-annotations-1.8.0.jar","/home/jbergqvist/.m2/repository/com/atlassian/commonmark/commonmark/0.15.2/commonmark-0.15.2.jar","/home/jbergqvist/.m2/repository/org/junit/jupiter/junit-jupiter-api/5.8.2/junit-jupiter-api-5.8.2.jar","/home/jbergqvist/.m2/repository/org/opentest4j/opentest4j/1.2.0/opentest4j-1.2.0.jar","/home/jbergqvist/.m2/repository/org/junit/platform/junit-platform-commons/1.8.2/junit-platform-commons-1.8.2.jar","/home/jbergqvist/.m2/repository/org/apiguardian/apiguardian-api/1.1.2/apiguardian-api-1.1.2.jar","/home/jbergqvist/.m2/repository/org/junit/jupiter/junit-jupiter-params/5.8.2/junit-jupiter-params-5.8.2.jar","/home/jbergqvist/.m2/repository/org/junit/jupiter/junit-jupiter-engine/5.8.2/junit-jupiter-engine-5.8.2.jar","/home/jbergqvist/.m2/repository/org/junit/platform/junit-platform-engine/1.8.2/junit-platform-engine-1.8.2.jar","/home/jbergqvist/.m2/repository/org/junit/vintage/junit-vintage-engine/5.8.2/junit-vintage-engine-5.8.2.jar","/home/jbergqvist/.m2/repository/junit/junit/4.13.2/junit-4.13.2.jar","/home/jbergqvist/.m2/repository/org/hamcrest/hamcrest-core/1.3/hamcrest-core-1.3.jar","/home/jbergqvist/.m2/repository/org/mockito/mockito-core/4.0.0/mockito-core-4.0.0.jar","/home/jbergqvist/.m2/repository/net/bytebuddy/byte-buddy/1.11.19/byte-buddy-1.11.19.jar","/home/jbergqvist/.m2/repository/net/bytebuddy/byte-buddy-agent/1.11.19/byte-buddy-agent-1.11.19.jar","/home/jbergqvist/.m2/repository/org/objenesis/objenesis/3.2/objenesis-3.2.jar","/home/jbergqvist/.m2/repository/org/openjdk/jmh/jmh-core/1.33/jmh-core-1.33.jar","/home/jbergqvist/.m2/repository/org/apache/commons/commons-math3/3.2/commons-math3-3.2.jar","/home/jbergqvist/.m2/repository/org/openjdk/jmh/jmh-generator-annprocess/1.33/jmh-generator-annprocess-1.33.jar","/home/jbergqvist/.m2/repository/org/xmlunit/xmlunit-core/2.8.3/xmlunit-core-2.8.3.jar","/home/jbergqvist/.m2/repository/jakarta/xml/bind/jakarta.xml.bind-api/2.3.3/jakarta.xml.bind-api-2.3.3.jar","/home/jbergqvist/.m2/repository/jakarta/activation/jakarta.activation-api/1.2.2/jakarta.activation-api-1.2.2.jar","/home/jbergqvist/.m2/repository/ch/qos/logback/logback-classic/1.2.9/logback-classic-1.2.9.jar","/home/jbergqvist/.m2/repository/ch/qos/logback/logback-core/1.2.9/logback-core-1.2.9.jar"],"complianceLevel":"1.8","productionSources":["/home/jbergqvist/diffblue/finos-messageml-utils/src/main/java"],"testSources":["/home/jbergqvist/diffblue/finos-messageml-utils/src/test/java"],"productionClasses":"/home/jbergqvist/diffblue/finos-messageml-utils/target/classes","testClasses":"/home/jbergqvist/diffblue/finos-messageml-utils/target/test-classes","sourceToBuildPathMap":null,"testSourceToBuildPathMap":null,"buildDirectory":"/home/jbergqvist/diffblue/finos-messageml-utils/target","plugins":[{"__type":"DefaultPlugin","groupId":"org.apache.maven.plugins","artefactId":"maven-surefire-plugin","version":"2.22.2","pluginClassName":null},{"__type":"DefaultPlugin","groupId":"org.apache.maven.plugins","artefactId":"maven-clean-plugin","version":"2.5","pluginClassName":null},{"__type":"DefaultPlugin","groupId":"org.apache.maven.plugins","artefactId":"maven-resources-plugin","version":"2.6","pluginClassName":null},{"__type":"DefaultPlugin","groupId":"org.apache.maven.plugins","artefactId":"maven-jar-plugin","version":"3.2.2","pluginClassName":null},{"__type":"DefaultPlugin","groupId":"org.apache.maven.plugins","artefactId":"maven-compiler-plugin","version":"3.1","pluginClassName":null},{"__type":"DefaultPlugin","groupId":"org.apache.maven.plugins","artefactId":"maven-install-plugin","version":"2.4","pluginClassName":null},{"__type":"DefaultPlugin","groupId":"org.apache.maven.plugins","artefactId":"maven-deploy-plugin","version":"3.0.0-M1","pluginClassName":null},{"__type":"DefaultPlugin","groupId":"org.apache.maven.plugins","artefactId":"maven-site-plugin","version":"3.3","pluginClassName":null}],"version":"3.8.4","encoding":"UTF-8","name":"maven","subModules":[],"simpleModuleName":null,"parentModuleName":null,"location":"/home/jbergqvist/diffblue/finos-messageml-utils","fullModuleName":"org.symphonyoss.symphony:messageml"}}
15:53:29.086 [INFO]   [Checking]    out: [INFO] ------------------------------------------------------------------------
15:53:29.086 [INFO]   [Checking]    out: [INFO] BUILD SUCCESS
15:53:29.086 [INFO]   [Checking]    out: [INFO] ------------------------------------------------------------------------
15:53:29.086 [INFO]   [Checking]    out: [INFO] Total time:  3.749 s
15:53:29.086 [INFO]   [Checking]    out: [INFO] Finished at: 2026-01-09T15:53:29Z
15:53:29.086 [INFO]   [Checking]    out: [INFO] ------------------------------------------------------------------------
15:53:29.086 [INFO]   [Checking]    deserializing line [DIFFBLUE]{"__type":"com.diffblue.cover.buildsystem.model.ProjectInfoMessage","projectName":"org.symphonyoss.symphony:messageml","productionSources":["/home/jbergqvist/diffblue/finos-messageml-utils/src/main/java"],"testSources":["/home/jbergqvist/diffblue/finos-messageml-utils/src/test/java"],"location":"/home/jbergqvist/diffblue/finos-messageml-utils"}
15:53:29.130 [INFO]   [Checking]    maven:err process not stopped, joining thread
15:53:29.130 [INFO]   [Checking]    maven:out process not stopped, joining thread
15:53:29.152 [INFO]   [Checking]    Detected Hamcrest Core version 1.3
15:53:29.242 [INFO]   [Checking]    Detected Jackson Databind version 2.15.2
15:53:29.254 [INFO]   [Checking]    Detected JVM architecture: 64-Bit
15:53:29.266 [INFO]   [Checking]    Detected Project Lombok version 1.18.42
15:53:29.285 [INFO]   [Checking]    Detected Cover Annotations version 1.8.0
15:53:29.543 [INFO]   [Checking]    Selected Java language compliance level: 1.8
15:53:29.544 [INFO]   [Checking]    Selected test validation: enabled
15:53:29.600 [INFO]   [Checking]    Prefixes for filtering classes/methods:
15:53:29.607 [INFO]   [Checking]    - org.symphonyoss.symphony.entityjson
15:53:29.608 [INFO]   [Checking]    - org.symphonyoss.symphony.messageml
15:53:29.609 [INFO]   [Checking]    - org.symphonyoss.symphony.messageml.bi
15:53:29.610 [INFO]   [Checking]    - org.symphonyoss.symphony.messageml.elements
15:53:29.611 [INFO]   [Checking]    - org.symphonyoss.symphony.messageml.exceptions
15:53:29.613 [INFO]   [Checking]    - org.symphonyoss.symphony.messageml.markdown
15:53:29.614 [INFO]   [Checking]    - org.symphonyoss.symphony.messageml.markdown.nodes
15:53:29.614 [INFO]   [Checking]    - org.symphonyoss.symphony.messageml.markdown.nodes.form
15:53:29.615 [INFO]   [Checking]    - org.symphonyoss.symphony.messageml.util
15:53:29.616 [INFO]   [Checking]    - org.symphonyoss.symphony.messageml.util.instrument.resolver
15:53:29.617 [INFO]   [Checking]    - org.symphonyoss.symphony.messageml.util.pojo
15:53:29.618 [INFO]   [Checking]    Gathering methods to test...
15:53:30.495 [INFO]   [Reporting]   
15:53:30.495 [INFO]   [Reporting]   Environment summary for module: org.symphonyoss.symphony:messageml
15:53:30.495 [INFO]   [Reporting]   ------------------------------------------------------------------
15:53:30.495 [INFO]   [Reporting]   Java version                   11.0.29                       SUCCESS        
15:53:30.495 [INFO]   [Reporting]   Build system                   Maven                         SUCCESS        
15:53:30.495 [INFO]   [Reporting]   Mocking Framework              Mockito Core 4.0.0            SUCCESS        
15:53:30.495 [INFO]   [Reporting]   Surefire version               2.22.2                        SUCCESS        
15:53:30.495 [INFO]   [Reporting]   Testing framework              JUnit 4.13                    SUCCESS        
15:53:30.495 [INFO]   [Reporting]   Mockito JUnit Jupiter version  Skipped                       -----          
15:53:30.495 [INFO]   [Reporting]   JavaEE version                 Skipped                       -----          
15:53:30.495 [INFO]   [Reporting]   OSGi Annotations               Not Detected                  -----          
15:53:30.495 [INFO]   [Reporting]   Javax WS RS API                Not Detected                  -----          
15:53:30.495 [INFO]   [Reporting]   Jakarta RESTful WS API         Not Detected                  -----          
15:53:30.495 [INFO]   [Reporting]   Jersey Server                  Not Detected                  -----          
15:53:30.495 [INFO]   [Reporting]   Jersey Test Framework          Not Detected                  -----          
15:53:30.495 [INFO]   [Reporting]   Jersey Test Provider InMemory  Not Detected                  -----          
15:53:30.495 [INFO]   [Reporting]   Guice Framework                Not Detected                  -----          
15:53:30.495 [INFO]   [Reporting]   JaCoCo plugin version          0.8.11                        SUCCESS        
15:53:30.495 [INFO]   [Reporting]   Launcher                       JUnit 4, TestNG, or unknown   SUCCESS        
15:53:30.495 [INFO]   [Reporting]   Quarkus                        Not Detected                  -----          
15:53:30.495 [INFO]   [Reporting]   Test validation                Enabled                       SUCCESS        
15:53:30.495 [INFO]   [Reporting]   Hamcrest                       1.3                           SUCCESS        
15:53:30.495 [INFO]   [Reporting]   Spring Core                    Not Detected                  -----          
15:53:30.495 [INFO]   [Reporting]   Spring Boot                    Skipped                       -----          
15:53:30.495 [INFO]   [Reporting]   Spring Boot Starter Webflux    Skipped                       -----          
15:53:30.495 [INFO]   [Reporting]   Spring Boot Test Autoconfigure Skipped                       -----          
15:53:30.495 [INFO]   [Reporting]   Spring Boot Test               Skipped                       -----          
15:53:30.495 [INFO]   [Reporting]   Spring Web                     Skipped                       -----          
15:53:30.495 [INFO]   [Reporting]   Spring Security Web            Skipped                       -----          
15:53:30.495 [INFO]   [Reporting]   Spring Test                    Skipped                       -----          
15:53:30.495 [INFO]   [Reporting]   
15:53:30.495 [INFO]   [Reporting]   Environment check status: SUCCESS
15:53:30.619 [INFO]   [Creating]    Found 912 callable methods in 141 classes
15:53:30.620 [INFO]   [Creating]    
15:53:30.620 [INFO]   [Creating]    Creating tests:
15:53:30.620 [INFO]   [Creating]    ---------------
15:53:30.626 [INFO]   [Creating]    
================================================================================
= Starting analysis for class 'org.symphonyoss.symphony.entityjson.EntityJson'
================================================================================
15:53:30.626 [INFO]   [Creating]    Filtering out non-testable methods...
15:53:31.258 [INFO]   [Creating]    Filtering of methods complete. Creating analysis request
15:53:31.259 [INFO]   [Creating]    Attempting to get service client, retry 1.
15:53:31.263 [INFO]   [Creating]    Starting monitoring server.
15:53:31.414 [INFO]   [Creating]    Monitoring server listening on localhost/127.0.0.1:38313
15:53:31.468 [INFO]   [Creating]    Starting analyzer server process...
15:53:31.468 [INFO]   [Creating]    Server command-line: /home/jbergqvist/.sdkman/candidates/java/11.0.29-amzn/bin/java -XX:+IgnoreUnrecognizedVMOptions -Djdk.attach.allowAttachSelf=true -Djdk.jar.maxSignatureFileSize=100000000 -ea -javaagent:/opt/cover/launcher-shared-jar.jar -Dlogback.configurationFile=/tmp/diffblue/config/logback-remote-service.xml -Dcom.diffblue.springIsolationJar=/opt/cover/cover-isolation-layer.jar -Dcover.jar.path=/opt/cover/cover-service-analyzer.jar -Dcom.diffblue.assertionSuggestionJar=/opt/cover/cover-service-analyzer.jar -Dcover.main.class=com.diffblue.cover.service.analyzer.Main -jar /opt/cover/launcher-shared-jar.jar --service-lifespan 120 --monitoring-service-port 38313 --index-service-port 38313 --debug-log
15:53:31.469 [INFO]   [Creating]    Server started. Waiting up to 300 seconds for a connection to be established...
15:53:32.315 [INFO]   [Creating]    Starting new remote monitor client
15:53:33.015 [INFO]   [Creating]    Attempting to start remote server.
15:53:33.175 [INFO]   [Creating]    Server started, listening on localhost/127.0.0.1:38297
15:53:33.178 [INFO]   [Creating]    Expect analyzer service to be listening on port 38297.
15:53:33.874 [INFO]   [Creating]    Started analyzer service and client retrieved.
15:53:42.278 [INFO]   [Creating]          [1/912] org.symphonyoss.symphony.entityjson.EntityJson.getChildren
15:53:42.278 [INFO]   [Creating]          [2/912] org.symphonyoss.symphony.entityjson.EntityJson.getContext
15:53:42.278 [INFO]   [Creating]          [3/912] org.symphonyoss.symphony.entityjson.EntityJson.toString
15:53:42.278 [INFO]   [Creating]          [3/912]   R081: Exception in arrange section
15:53:42.278 [INFO]   [Creating]          [3/912]     Diffblue Cover was unable to construct an instance of the class under test using
15:53:42.278 [INFO]   [Creating]          [3/912]     org.symphonyoss.symphony.entityjson.EntityJson.toString().
15:53:42.278 [INFO]   [Creating]          [3/912]     The arrange section threw
15:53:42.278 [INFO]   [Creating]          [3/912]     java.lang.NullPointerException
15:53:42.278 [INFO]   [Creating]          [3/912]         at org.symphonyoss.symphony.entityjson.EntityJson.<init>(EntityJson.java:78)
15:53:42.278 [INFO]   [Creating]          [3/912]     More information about the exception is provided in the support log.
15:53:42.278 [INFO]   [Creating]          [3/912]     See https://diff.blue/R081 for further troubleshooting of this issue.
15:53:50.407 [INFO]   [Creating]          [4/912] org.symphonyoss.symphony.entityjson.EntityJson.<init>
15:53:50.407 [INFO]   [Creating]          [4/912]   Tests created: 1
15:53:53.716 [INFO]   [Creating]          [5/912] org.symphonyoss.symphony.entityjson.EntityJson.contains
15:53:53.716 [INFO]   [Creating]          [5/912]   Tests created: 1
15:53:55.097 [INFO]   [Creating]          [6/912] org.symphonyoss.symphony.entityjson.EntityJson.get
15:53:55.097 [INFO]   [Creating]          [6/912]   R013: No inputs found that don't throw a trivial exception
15:53:55.097 [INFO]   [Creating]          [6/912]     Diffblue Cover tried to run the arrange/act section, but the test threw
15:53:55.097 [INFO]   [Creating]          [6/912]     java.lang.IndexOutOfBoundsException: Index 1 out of bounds for length 0
15:53:55.097 [INFO]   [Creating]          [6/912]         at jdk.internal.util.Preconditions.outOfBounds(Preconditions.java:64)
15:53:55.097 [INFO]   [Creating]          [6/912]         at jdk.internal.util.Preconditions.outOfBoundsCheckIndex(Preconditions.java:70)
15:53:55.097 [INFO]   [Creating]          [6/912]         at jdk.internal.util.Preconditions.checkIndex(Preconditions.java:248)
15:53:55.097 [INFO]   [Creating]          [6/912]         at java.util.Objects.checkIndex(Objects.java:374)
15:53:55.097 [INFO]   [Creating]          [6/912]         at java.util.ArrayList.get(ArrayList.java:459)
15:53:55.097 [INFO]   [Creating]          [6/912]         at java.util.Collections$UnmodifiableList.get(Collections.java:1310)
15:53:55.097 [INFO]   [Creating]          [6/912]         at org.symphonyoss.symphony.entityjson.EntityJson.get(EntityJson.java:172)
15:53:55.097 [INFO]   [Creating]          [6/912]     In order to prevent get(int)
15:53:55.097 [INFO]   [Creating]          [6/912]     from throwing IndexOutOfBoundsException, add constructors or factory
15:53:55.097 [INFO]   [Creating]          [6/912]     methods that make it easier to construct fully initialized objects used in
15:53:55.097 [INFO]   [Creating]          [6/912]     get(int).
15:53:55.097 [INFO]   [Creating]          [6/912]     See https://diff.blue/R013 to resolve this issue.
15:53:56.385 [INFO]   [Creating]          [7/912] org.symphonyoss.symphony.entityjson.EntityJson.get
15:53:56.385 [INFO]   [Creating]          [7/912]   Tests created: 1
15:53:57.692 [INFO]   [Creating]          [8/912] org.symphonyoss.symphony.entityjson.EntityJson.isEmpty
15:53:57.692 [INFO]   [Creating]          [8/912]   Tests created: 1
15:53:58.964 [INFO]   [Creating]          [9/912] org.symphonyoss.symphony.entityjson.EntityJson.iterator
15:53:58.964 [INFO]   [Creating]          [9/912]   Tests created: 1
15:53:59.061 [INFO]   [Creating]         [10/912] org.symphonyoss.symphony.entityjson.EntityJson.size
15:53:59.061 [INFO]   [Creating]         [10/912]   Tests created: 1
15:53:59.066 [INFO]   [Creating]      [1/141] org.symphonyoss.symphony.entityjson.EntityJson
15:53:59.066 [INFO]   [Creating]      [1/141]   Tests created: 6
15:53:59.067 [INFO]   [Creating]    
================================================================================
= Starting analysis for class 'org.symphonyoss.symphony.entityjson.EntityJsonContext'
================================================================================
15:53:59.068 [INFO]   [Creating]    Filtering out non-testable methods...
15:53:59.077 [INFO]   [Creating]    Filtering of methods complete. Creating analysis request
15:53:59.077 [INFO]   [Creating]    Attempting to get service client, retry 1.
15:53:59.150 [INFO]   [Creating]         [11/912] org.symphonyoss.symphony.entityjson.EntityJsonContext.getInstanceJsonNode
15:53:59.150 [INFO]   [Creating]         [12/912] org.symphonyoss.symphony.entityjson.EntityJsonContext.getInstanceSource
15:53:59.150 [INFO]   [Creating]         [13/912] org.symphonyoss.symphony.entityjson.EntityJsonContext.getSchemaJsonNode
15:53:59.150 [INFO]   [Creating]         [14/912] org.symphonyoss.symphony.entityjson.EntityJsonContext.getSchemaSource
15:53:59.150 [INFO]   [Creating]         [15/912] org.symphonyoss.symphony.entityjson.EntityJsonContext.getValidationResult
15:53:59.150 [INFO]   [Creating]         [16/912] org.symphonyoss.symphony.entityjson.EntityJsonContext.withValidationResult
15:53:59.150 [INFO]   [Creating]         [16/912]   R083: Can't find a suitable constructor
15:53:59.150 [INFO]   [Creating]         [16/912]     Diffblue Cover was unable to construct an instance of EntityJsonContext.
15:53:59.150 [INFO]   [Creating]         [16/912]     No suitable constructor or factory method found. Please check that the class
15:53:59.150 [INFO]   [Creating]         [16/912]     under test has a non-private constructor or factory method.
15:53:59.150 [INFO]   [Creating]         [16/912]     See https://diff.blue/R083 for further troubleshooting of this issue.
15:54:00.774 [INFO]   [Creating]         [17/912] org.symphonyoss.symphony.entityjson.EntityJsonContext.newInstance
15:54:00.774 [INFO]   [Creating]         [17/912]   Tests created: 1
15:54:01.149 [INFO]   [Creating]         [18/912] org.symphonyoss.symphony.entityjson.EntityJsonContext.toString
15:54:01.149 [INFO]   [Creating]         [18/912]   Tests created: 1
15:54:01.150 [INFO]   [Creating]         [19/912] org.symphonyoss.symphony.entityjson.EntityJsonContext.withInstance
15:54:01.150 [INFO]   [Creating]         [19/912]   R003: Test did not increase coverage
15:54:01.150 [INFO]   [Creating]         [19/912]     Diffblue Cover could not find a test that improves the coverage already
15:54:01.150 [INFO]   [Creating]         [19/912]     provided by existing tests.
15:54:01.580 [INFO]   [Creating]         [20/912] org.symphonyoss.symphony.entityjson.EntityJsonContext.withSchema
15:54:01.580 [INFO]   [Creating]         [20/912]   Tests created: 1
15:54:01.582 [INFO]   [Creating]      [2/141] org.symphonyoss.symphony.entityjson.EntityJsonContext
15:54:01.582 [INFO]   [Creating]      [2/141]   Tests created: 3
15:54:01.583 [INFO]   [Creating]    
================================================================================
= Starting analysis for class 'org.symphonyoss.symphony.entityjson.EntityJsonException'
================================================================================
15:54:01.583 [INFO]   [Creating]    Filtering out non-testable methods...
15:54:03.333 [INFO]   [Creating]    Filtering of methods complete. Creating analysis request
15:54:03.339 [INFO]   [Creating]    Attempting to get service client, retry 1.
15:54:05.863 [INFO]   [Creating]         [21/912] org.symphonyoss.symphony.entityjson.EntityJsonException.getContext
15:54:05.863 [INFO]   [Creating]         [21/912]   Diffblue AI was unable to find a test
15:54:05.865 [INFO]   [Creating]      [3/141] org.symphonyoss.symphony.entityjson.EntityJsonException
15:54:05.865 [INFO]   [Creating]      [3/141]   Tests created: 0
15:54:05.866 [INFO]   [Creating]    
================================================================================
= Starting analysis for class 'org.symphonyoss.symphony.entityjson.EntityJsonParser'
================================================================================
15:54:05.866 [INFO]   [Creating]    Filtering out non-testable methods...
15:54:05.883 [INFO]   [Creating]    Filtering of methods complete. Creating analysis request
15:54:05.883 [INFO]   [Creating]    Attempting to get service client, retry 1.
15:54:10.421 [INFO]   [Creating]         [22/912] org.symphonyoss.symphony.entityjson.EntityJsonParser.<init>
15:54:10.421 [INFO]   [Creating]         [22/912]   R011: Sandboxing policy violation
15:54:10.421 [INFO]   [Creating]         [22/912]     Diffblue Cover ran code in your project that tried
15:54:10.421 [INFO]   [Creating]         [22/912]     to access the network.
15:54:10.421 [INFO]   [Creating]         [22/912]     Diffblue Cover's default sandboxing policy disallows this in order to prevent
15:54:10.421 [INFO]   [Creating]         [22/912]     your code from damaging your system environment.
15:54:10.421 [INFO]   [Creating]         [22/912]     See https://diff.blue/R011 to resolve this issue.
15:54:12.201 [INFO]   [Creating]         [23/912] org.symphonyoss.symphony.entityjson.EntityJsonParser.parseEntityJson
15:54:12.202 [INFO]   [Creating]         [23/912]   R011: Sandboxing policy violation
15:54:12.202 [INFO]   [Creating]         [23/912]     Diffblue Cover ran code in your project that tried
15:54:12.202 [INFO]   [Creating]         [23/912]     to access the network.
15:54:12.202 [INFO]   [Creating]         [23/912]     Diffblue Cover's default sandboxing policy disallows this in order to prevent
15:54:12.202 [INFO]   [Creating]         [23/912]     your code from damaging your system environment.
15:54:12.202 [INFO]   [Creating]         [23/912]     See https://diff.blue/R011 to resolve this issue.
15:54:14.136 [INFO]   [Creating]         [24/912] org.symphonyoss.symphony.entityjson.EntityJsonParser.parseEntityJson
15:54:14.136 [INFO]   [Creating]         [24/912]   Tests created: 2
15:54:16.294 [INFO]   [Creating]         [25/912] org.symphonyoss.symphony.entityjson.EntityJsonParser.parseEntityJson
15:54:16.294 [INFO]   [Creating]         [25/912]   Tests created: 2
15:54:17.874 [INFO]   [Creating]         [26/912] org.symphonyoss.symphony.entityjson.EntityJsonParser.parseStructuredObject
15:54:17.874 [INFO]   [Creating]         [26/912]   R011: Sandboxing policy violation
15:54:17.874 [INFO]   [Creating]         [26/912]     Diffblue Cover ran code in your project that tried
15:54:17.874 [INFO]   [Creating]         [26/912]     to access the network.
15:54:17.874 [INFO]   [Creating]         [26/912]     Diffblue Cover's default sandboxing policy disallows this in order to prevent
15:54:17.874 [INFO]   [Creating]         [26/912]     your code from damaging your system environment.
15:54:17.874 [INFO]   [Creating]         [26/912]     See https://diff.blue/R011 to resolve this issue.
15:54:18.228 [INFO]   [Creating]         [27/912] org.symphonyoss.symphony.entityjson.EntityJsonParser.parseStructuredObject
15:54:18.228 [INFO]   [Creating]         [27/912]   Tests created: 1
15:55:19.526 [INFO]   [Creating]         [28/912] org.symphonyoss.symphony.entityjson.EntityJsonParser.parseStructuredObject
15:55:19.526 [INFO]   [Creating]         [28/912]   Tests created: 2
15:55:21.657 [INFO]   [Creating]         [29/912] org.symphonyoss.symphony.entityjson.EntityJsonParser.validate
15:55:21.657 [INFO]   [Creating]         [29/912]   Tests created: 1
15:55:24.825 [INFO]   [Creating]         [30/912] org.symphonyoss.symphony.entityjson.EntityJsonParser.validate
15:55:24.825 [INFO]   [Creating]         [30/912]   Tests created: 2
15:55:25.705 [INFO]   [Creating]         [31/912] org.symphonyoss.symphony.entityjson.EntityJsonParser.validate
15:55:25.705 [INFO]   [Creating]         [31/912]   R011: Sandboxing policy violation
15:55:25.705 [INFO]   [Creating]         [31/912]     Diffblue Cover ran code in your project that tried
15:55:25.705 [INFO]   [Creating]         [31/912]     to access the network.
15:55:25.705 [INFO]   [Creating]         [31/912]     Diffblue Cover's default sandboxing policy disallows this in order to prevent
15:55:25.705 [INFO]   [Creating]         [31/912]     your code from damaging your system environment.
15:55:25.705 [INFO]   [Creating]         [31/912]     See https://diff.blue/R011 to resolve this issue.
15:55:25.707 [INFO]   [Creating]         [32/912] org.symphonyoss.symphony.entityjson.EntityJsonParser.validate
15:55:25.707 [INFO]   [Creating]         [32/912]   R011: Sandboxing policy violation
15:55:25.707 [INFO]   [Creating]         [32/912]     Diffblue Cover ran code in your project that tried
15:55:25.707 [INFO]   [Creating]         [32/912]     to access the network.
15:55:25.707 [INFO]   [Creating]         [32/912]     Diffblue Cover's default sandboxing policy disallows this in order to prevent
15:55:25.707 [INFO]   [Creating]         [32/912]     your code from damaging your system environment.
15:55:25.707 [INFO]   [Creating]         [32/912]     See https://diff.blue/R011 to resolve this issue.
15:55:25.708 [INFO]   [Creating]      [4/141] org.symphonyoss.symphony.entityjson.EntityJsonParser
15:55:25.709 [INFO]   [Creating]      [4/141]   Tests created: 10
15:55:25.709 [INFO]   [Creating]    
================================================================================
= Starting analysis for class 'org.symphonyoss.symphony.entityjson.EntityJsonParserBuilder'
================================================================================
15:55:25.709 [INFO]   [Creating]    Filtering out non-testable methods...
15:55:25.713 [INFO]   [Creating]    Filtering of methods complete. Creating analysis request
15:55:25.713 [INFO]   [Creating]    Attempting to get service client, retry 1.
15:55:25.899 [INFO]   [Creating]         [33/912] org.symphonyoss.symphony.entityjson.EntityJsonParserBuilder.<init>
15:55:25.899 [INFO]   [Creating]         [34/912] org.symphonyoss.symphony.entityjson.EntityJsonParserBuilder.build
15:55:25.899 [INFO]   [Creating]         [35/912] org.symphonyoss.symphony.entityjson.EntityJsonParserBuilder.isUnrestrictedSchemaLoad
15:55:25.899 [INFO]   [Creating]         [36/912] org.symphonyoss.symphony.entityjson.EntityJsonParserBuilder.withUnrestrictedSchemaLoad
15:55:25.899 [INFO]   [Creating]         [36/912]   Tests created: 1
15:55:25.900 [INFO]   [Creating]      [5/141] org.symphonyoss.symphony.entityjson.EntityJsonParserBuilder
15:55:25.900 [INFO]   [Creating]      [5/141]   Tests created: 1
15:55:25.901 [INFO]   [Creating]    
================================================================================
= Starting analysis for class 'org.symphonyoss.symphony.entityjson.EntityJsonURIDownloader'
================================================================================
15:55:25.901 [INFO]   [Creating]    Filtering out non-testable methods...
15:55:25.904 [INFO]   [Creating]    Filtering of methods complete. Creating analysis request
15:55:25.904 [INFO]   [Creating]    Attempting to get service client, retry 1.
15:55:25.965 [INFO]   [Creating]         [37/912] org.symphonyoss.symphony.entityjson.EntityJsonURIDownloader.getInstance
15:55:25.965 [INFO]   [Creating]         [37/912]   R083: Can't find a suitable constructor
15:55:25.965 [INFO]   [Creating]         [37/912]     Diffblue Cover was unable to construct an instance of EntityJsonURIDownloader.
15:55:25.965 [INFO]   [Creating]         [37/912]     No suitable constructor or factory method found. Please check that the class
15:55:25.965 [INFO]   [Creating]         [37/912]     under test has a non-private constructor or factory method.
15:55:25.965 [INFO]   [Creating]         [37/912]     See https://diff.blue/R083 for further troubleshooting of this issue.
15:55:26.047 [INFO]   [Creating]         [38/912] org.symphonyoss.symphony.entityjson.EntityJsonURIDownloader.fetch
15:55:26.047 [INFO]   [Creating]         [38/912]   R083: Can't find a suitable constructor
15:55:26.047 [INFO]   [Creating]         [38/912]     Diffblue Cover was unable to construct an instance of EntityJsonURIDownloader.
15:55:26.047 [INFO]   [Creating]         [38/912]     No suitable constructor or factory method found. Please check that the class
15:55:26.047 [INFO]   [Creating]         [38/912]     under test has a non-private constructor or factory method.
15:55:26.047 [INFO]   [Creating]         [38/912]     See https://diff.blue/R083 for further troubleshooting of this issue.
15:55:26.049 [INFO]   [Creating]      [6/141] org.symphonyoss.symphony.entityjson.EntityJsonURIDownloader
15:55:26.049 [INFO]   [Creating]      [6/141]   Tests created: 0
15:55:26.050 [INFO]   [Creating]    
================================================================================
= Starting analysis for class 'org.symphonyoss.symphony.entityjson.InvalidInstanceException'
================================================================================
15:55:26.050 [INFO]   [Creating]    Filtering out non-testable methods...
15:55:26.054 [INFO]   [Creating]    Filtering of methods complete. Creating analysis request
15:55:26.054 [INFO]   [Creating]    Attempting to get service client, retry 1.
15:55:26.540 [INFO]   [Creating]         [39/912] org.symphonyoss.symphony.entityjson.InvalidInstanceException.<init>
15:55:26.540 [INFO]   [Creating]         [40/912] org.symphonyoss.symphony.entityjson.InvalidInstanceException.<init>
15:55:26.540 [INFO]   [Creating]         [41/912] org.symphonyoss.symphony.entityjson.InvalidInstanceException.<init>
15:55:26.540 [INFO]   [Creating]         [42/912] org.symphonyoss.symphony.entityjson.InvalidInstanceException.<init>
15:55:26.540 [INFO]   [Creating]         [43/912] org.symphonyoss.symphony.entityjson.InvalidInstanceException.<init>
15:55:26.540 [INFO]   [Creating]         [43/912]   Tests created: 5
15:55:26.541 [INFO]   [Creating]      [7/141] org.symphonyoss.symphony.entityjson.InvalidInstanceException
15:55:26.541 [INFO]   [Creating]      [7/141]   Tests created: 5
15:55:26.542 [INFO]   [Creating]    
================================================================================
= Starting analysis for class 'org.symphonyoss.symphony.entityjson.InvalidSchemaException'
================================================================================
15:55:26.542 [INFO]   [Creating]    Filtering out non-testable methods...
15:55:26.544 [INFO]   [Creating]    Filtering of methods complete. Creating analysis request
15:55:26.544 [INFO]   [Creating]    Attempting to get service client, retry 1.
15:55:26.996 [INFO]   [Creating]         [44/912] org.symphonyoss.symphony.entityjson.InvalidSchemaException.<init>
15:55:26.996 [INFO]   [Creating]         [45/912] org.symphonyoss.symphony.entityjson.InvalidSchemaException.<init>
15:55:26.996 [INFO]   [Creating]         [46/912] org.symphonyoss.symphony.entityjson.InvalidSchemaException.<init>
15:55:26.996 [INFO]   [Creating]         [47/912] org.symphonyoss.symphony.entityjson.InvalidSchemaException.<init>
15:55:26.996 [INFO]   [Creating]         [48/912] org.symphonyoss.symphony.entityjson.InvalidSchemaException.<init>
15:55:26.996 [INFO]   [Creating]         [48/912]   Tests created: 5
15:55:26.997 [INFO]   [Creating]      [8/141] org.symphonyoss.symphony.entityjson.InvalidSchemaException
15:55:26.997 [INFO]   [Creating]      [8/141]   Tests created: 5
15:55:26.998 [INFO]   [Creating]    
================================================================================
= Starting analysis for class 'org.symphonyoss.symphony.entityjson.NoSchemaException'
================================================================================
15:55:26.998 [INFO]   [Creating]    Filtering out non-testable methods...
15:55:27.000 [INFO]   [Creating]    Filtering of methods complete. Creating analysis request
15:55:27.001 [INFO]   [Creating]    Attempting to get service client, retry 1.
15:55:27.457 [INFO]   [Creating]         [49/912] org.symphonyoss.symphony.entityjson.NoSchemaException.<init>
15:55:27.457 [INFO]   [Creating]         [50/912] org.symphonyoss.symphony.entityjson.NoSchemaException.<init>
15:55:27.457 [INFO]   [Creating]         [51/912] org.symphonyoss.symphony.entityjson.NoSchemaException.<init>
15:55:27.457 [INFO]   [Creating]         [52/912] org.symphonyoss.symphony.entityjson.NoSchemaException.<init>
15:55:27.457 [INFO]   [Creating]         [53/912] org.symphonyoss.symphony.entityjson.NoSchemaException.<init>
15:55:27.457 [INFO]   [Creating]         [53/912]   Tests created: 5
15:55:27.458 [INFO]   [Creating]      [9/141] org.symphonyoss.symphony.entityjson.NoSchemaException
15:55:27.458 [INFO]   [Creating]      [9/141]   Tests created: 5
15:55:27.459 [INFO]   [Creating]    
================================================================================
= Starting analysis for class 'org.symphonyoss.symphony.entityjson.SchemaValidationException'
================================================================================
15:55:27.459 [INFO]   [Creating]    Filtering out non-testable methods...
15:55:27.462 [INFO]   [Creating]    Filtering of methods complete. Creating analysis request
15:55:27.462 [INFO]   [Creating]    Attempting to get service client, retry 1.
15:55:27.923 [INFO]   [Creating]         [54/912] org.symphonyoss.symphony.entityjson.SchemaValidationException.<init>
15:55:27.923 [INFO]   [Creating]         [55/912] org.symphonyoss.symphony.entityjson.SchemaValidationException.<init>
15:55:27.923 [INFO]   [Creating]         [56/912] org.symphonyoss.symphony.entityjson.SchemaValidationException.<init>
15:55:27.923 [INFO]   [Creating]         [57/912] org.symphonyoss.symphony.entityjson.SchemaValidationException.<init>
15:55:27.923 [INFO]   [Creating]         [58/912] org.symphonyoss.symphony.entityjson.SchemaValidationException.<init>
15:55:27.923 [INFO]   [Creating]         [58/912]   Tests created: 5
15:55:27.924 [INFO]   [Creating]     [10/141] org.symphonyoss.symphony.entityjson.SchemaValidationException
15:55:27.924 [INFO]   [Creating]     [10/141]   Tests created: 5
15:55:27.926 [INFO]   [Creating]    
================================================================================
= Starting analysis for class 'org.symphonyoss.symphony.entityjson.StructuredObject'
================================================================================
15:55:27.926 [INFO]   [Creating]    Filtering out non-testable methods...
15:55:27.933 [INFO]   [Creating]    Filtering of methods complete. Creating analysis request
15:55:27.933 [INFO]   [Creating]    Attempting to get service client, retry 1.
15:55:28.020 [INFO]   [Creating]         [59/912] org.symphonyoss.symphony.entityjson.StructuredObject.getContext
15:55:28.020 [INFO]   [Creating]         [60/912] org.symphonyoss.symphony.entityjson.StructuredObject.getIdList
15:55:28.020 [INFO]   [Creating]         [61/912] org.symphonyoss.symphony.entityjson.StructuredObject.getMajorVersion
15:55:28.020 [INFO]   [Creating]         [62/912] org.symphonyoss.symphony.entityjson.StructuredObject.getMinorVersion
15:55:28.020 [INFO]   [Creating]         [63/912] org.symphonyoss.symphony.entityjson.StructuredObject.getType
15:55:28.020 [INFO]   [Creating]         [64/912] org.symphonyoss.symphony.entityjson.StructuredObject.getVersion
15:55:28.020 [INFO]   [Creating]         [65/912] org.symphonyoss.symphony.entityjson.StructuredObject.toString
15:55:28.020 [INFO]   [Creating]         [65/912]   R081: Exception in arrange section
15:55:28.020 [INFO]   [Creating]         [65/912]     Diffblue Cover was unable to construct an instance of the class under test using
15:55:28.020 [INFO]   [Creating]         [65/912]     org.symphonyoss.symphony.entityjson.StructuredObject.getContext().
15:55:28.020 [INFO]   [Creating]         [65/912]     The arrange section threw
15:55:28.020 [INFO]   [Creating]         [65/912]     java.lang.NullPointerException
15:55:28.020 [INFO]   [Creating]         [65/912]         at org.symphonyoss.symphony.entityjson.StructuredObject.<init>(StructuredObject.java:81)
15:55:28.020 [INFO]   [Creating]         [65/912]         at org.symphonyoss.symphony.entityjson.StructuredObject.<init>(StructuredObject.java:72)
15:55:28.020 [INFO]   [Creating]         [65/912]     More information about the exception is provided in the support log.
15:55:28.020 [INFO]   [Creating]         [65/912]     See https://diff.blue/R081 for further troubleshooting of this issue.
15:55:32.712 [INFO]   [Creating]         [66/912] org.symphonyoss.symphony.entityjson.StructuredObject.<init>
15:55:32.712 [INFO]   [Creating]         [66/912]   Tests created: 3
15:55:33.356 [INFO]   [Creating]         [67/912] org.symphonyoss.symphony.entityjson.StructuredObject.<init>
15:55:33.356 [INFO]   [Creating]         [67/912]   Tests created: 2
15:55:33.359 [INFO]   [Creating]         [68/912] org.symphonyoss.symphony.entityjson.StructuredObject.validate
15:55:33.359 [INFO]   [Creating]         [68/912]   R013: No inputs found that don't throw a trivial exception
15:55:33.359 [INFO]   [Creating]         [68/912]     Diffblue Cover tried to run the arrange/act section, but the test threw
15:55:33.359 [INFO]   [Creating]         [68/912]     java.lang.NullPointerException
15:55:33.359 [INFO]   [Creating]         [68/912]         at org.symphonyoss.symphony.entityjson.StructuredObject.<init>(StructuredObject.java:81)
15:55:33.359 [INFO]   [Creating]         [68/912]         at org.symphonyoss.symphony.entityjson.StructuredObject.<init>(StructuredObject.java:72)
15:55:33.359 [INFO]   [Creating]         [68/912]     In order to prevent validate(EntityJsonParser)
15:55:33.359 [INFO]   [Creating]         [68/912]     from throwing NullPointerException, add constructors or factory
15:55:33.359 [INFO]   [Creating]         [68/912]     methods that make it easier to construct fully initialized objects used in
15:55:33.359 [INFO]   [Creating]         [68/912]     validate(EntityJsonParser).
15:55:33.359 [INFO]   [Creating]         [68/912]     See https://diff.blue/R013 to resolve this issue.
15:55:33.360 [INFO]   [Creating]     [11/141] org.symphonyoss.symphony.entityjson.StructuredObject
15:55:33.361 [INFO]   [Creating]     [11/141]   Tests created: 5
15:55:33.361 [INFO]   [Creating]    
================================================================================
= Starting analysis for class 'org.symphonyoss.symphony.entityjson.StructuredObjectId'
================================================================================
15:55:33.361 [INFO]   [Creating]    Filtering out non-testable methods...
15:55:33.363 [INFO]   [Creating]    Filtering of methods complete. Creating analysis request
15:55:33.363 [INFO]   [Creating]    Attempting to get service client, retry 1.
15:55:33.407 [INFO]   [Creating]         [69/912] org.symphonyoss.symphony.entityjson.StructuredObjectId.toString
15:55:33.407 [INFO]   [Creating]         [69/912]   R081: Exception in arrange section
15:55:33.407 [INFO]   [Creating]         [69/912]     Diffblue Cover was unable to construct an instance of the class under test using
15:55:33.407 [INFO]   [Creating]         [69/912]     org.symphonyoss.symphony.entityjson.StructuredObjectId.toString().
15:55:33.407 [INFO]   [Creating]         [69/912]     The arrange section threw
15:55:33.407 [INFO]   [Creating]         [69/912]     java.lang.NullPointerException
15:55:33.407 [INFO]   [Creating]         [69/912]         at org.symphonyoss.symphony.entityjson.StructuredObjectId.<init>(StructuredObjectId.java:41)
15:55:33.407 [INFO]   [Creating]         [69/912]     More information about the exception is provided in the support log.
15:55:33.407 [INFO]   [Creating]         [69/912]     See https://diff.blue/R081 for further troubleshooting of this issue.
15:55:35.259 [INFO]   [Creating]         [70/912] org.symphonyoss.symphony.entityjson.StructuredObjectId.<init>
15:55:35.259 [INFO]   [Creating]         [70/912]   Tests created: 2
15:55:35.260 [INFO]   [Creating]     [12/141] org.symphonyoss.symphony.entityjson.StructuredObjectId
15:55:35.260 [INFO]   [Creating]     [12/141]   Tests created: 2
15:55:35.261 [INFO]   [Creating]    
================================================================================
= Starting analysis for class 'org.symphonyoss.symphony.entityjson.UntrustedSchemaSourceException'
================================================================================
15:55:35.261 [INFO]   [Creating]    Filtering out non-testable methods...
15:55:35.263 [INFO]   [Creating]    Filtering of methods complete. Creating analysis request
15:55:35.263 [INFO]   [Creating]    Attempting to get service client, retry 1.
15:55:35.702 [INFO]   [Creating]         [71/912] org.symphonyoss.symphony.entityjson.UntrustedSchemaSourceException.<init>
15:55:35.702 [INFO]   [Creating]         [72/912] org.symphonyoss.symphony.entityjson.UntrustedSchemaSourceException.<init>
15:55:35.702 [INFO]   [Creating]         [73/912] org.symphonyoss.symphony.entityjson.UntrustedSchemaSourceException.<init>
15:55:35.702 [INFO]   [Creating]         [74/912] org.symphonyoss.symphony.entityjson.UntrustedSchemaSourceException.<init>
15:55:35.702 [INFO]   [Creating]         [75/912] org.symphonyoss.symphony.entityjson.UntrustedSchemaSourceException.<init>
15:55:35.702 [INFO]   [Creating]         [75/912]   Tests created: 5
15:55:35.703 [INFO]   [Creating]     [13/141] org.symphonyoss.symphony.entityjson.UntrustedSchemaSourceException
15:55:35.703 [INFO]   [Creating]     [13/141]   Tests created: 5
15:55:35.704 [INFO]   [Creating]    
================================================================================
= Starting analysis for class 'org.symphonyoss.symphony.messageml.MessageMLContext'
================================================================================
15:55:35.704 [INFO]   [Creating]    Filtering out non-testable methods...
15:55:35.721 [INFO]   [Creating]    Filtering of methods complete. Creating analysis request
15:55:35.721 [INFO]   [Creating]    Attempting to get service client, retry 1.
15:55:37.244 [INFO]   [Creating]         [76/912] org.symphonyoss.symphony.messageml.MessageMLContext.getBiContext
15:55:37.244 [INFO]   [Creating]         [76/912]   Tests created: 1
15:55:37.743 [INFO]   [Creating]         [77/912] org.symphonyoss.symphony.messageml.MessageMLContext.<init>
15:55:37.743 [INFO]   [Creating]         [77/912]   Tests created: 1
15:55:37.899 [INFO]   [Creating]         [78/912] org.symphonyoss.symphony.messageml.MessageMLContext.generateShortId
15:55:37.899 [INFO]   [Creating]         [78/912]   Diffblue AI was unable to find a test
15:55:38.087 [INFO]   [Creating]         [79/912] org.symphonyoss.symphony.messageml.MessageMLContext.getEntities
15:55:38.087 [INFO]   [Creating]         [79/912]   Tests created: 1
15:55:38.269 [INFO]   [Creating]         [80/912] org.symphonyoss.symphony.messageml.MessageMLContext.getEntityJson
15:55:38.269 [INFO]   [Creating]         [80/912]   Tests created: 1
15:55:38.472 [INFO]   [Creating]         [81/912] org.symphonyoss.symphony.messageml.MessageMLContext.getMarkdown
15:55:38.472 [INFO]   [Creating]         [81/912]   Tests created: 1
15:55:38.802 [INFO]   [Creating]         [82/912] org.symphonyoss.symphony.messageml.MessageMLContext.getMessageML
15:55:38.802 [INFO]   [Creating]         [82/912]   Tests created: 1
15:55:39.286 [INFO]   [Creating]         [83/912] org.symphonyoss.symphony.messageml.MessageMLContext.getPresentationML
15:55:39.286 [INFO]   [Creating]         [83/912]   Tests created: 1
15:55:39.601 [INFO]   [Creating]         [84/912] org.symphonyoss.symphony.messageml.MessageMLContext.getText
15:55:39.601 [INFO]   [Creating]         [84/912]   Tests created: 1
15:55:46.148 [INFO]   [Creating]         [85/912] org.symphonyoss.symphony.messageml.MessageMLContext.getText
15:55:46.148 [INFO]   [Creating]         [85/912]   Tests created: 1
15:55:50.557 [INFO]   [Creating]         [86/912] org.symphonyoss.symphony.messageml.MessageMLContext.parseMarkdown
15:55:50.557 [INFO]   [Creating]         [86/912]   Tests created: 8
15:55:50.560 [INFO]   [Creating]         [87/912] org.symphonyoss.symphony.messageml.MessageMLContext.parseMessageML
15:55:50.560 [INFO]   [Creating]         [87/912]   R013: No inputs found that don't throw a trivial exception
15:55:50.560 [INFO]   [Creating]         [87/912]     Diffblue Cover tried to run the arrange/act section, but the test threw
15:55:50.560 [INFO]   [Creating]         [87/912]     org.symphonyoss.symphony.messageml.exceptions.InvalidInputException: Invalid messageML: The markup in the document preceding the root element must be well-formed.
15:55:50.560 [INFO]   [Creating]         [87/912]         at org.symphonyoss.symphony.messageml.MessageMLParser.parseDocument(MessageMLParser.java:406)
15:55:50.560 [INFO]   [Creating]         [87/912]         at org.symphonyoss.symphony.messageml.MessageMLParser.parseMessageML(MessageMLParser.java:352)
15:55:50.560 [INFO]   [Creating]         [87/912]         at org.symphonyoss.symphony.messageml.MessageMLParser.parse(MessageMLParser.java:204)
15:55:50.560 [INFO]   [Creating]         [87/912]         at org.symphonyoss.symphony.messageml.MessageMLContext.parseMessageML(MessageMLContext.java:80)
15:55:50.560 [INFO]   [Creating]         [87/912]     In order to prevent parseMessageML(String, String, String)
15:55:50.560 [INFO]   [Creating]         [87/912]     from throwing InvalidInputException, add constructors or factory
15:55:50.560 [INFO]   [Creating]         [87/912]     methods that make it easier to construct fully initialized objects used in
15:55:50.560 [INFO]   [Creating]         [87/912]     parseMessageML(String, String, String).
15:55:50.560 [INFO]   [Creating]         [87/912]     See https://diff.blue/R013 to resolve this issue.
15:55:50.561 [INFO]   [Creating]     [14/141] org.symphonyoss.symphony.messageml.MessageMLContext
15:55:50.561 [INFO]   [Creating]     [14/141]   Tests created: 17
15:55:50.561 [INFO]   [Creating]    
================================================================================
= Starting analysis for class 'org.symphonyoss.symphony.messageml.MessageMLParser'
================================================================================
15:55:50.562 [INFO]   [Creating]    Filtering out non-testable methods...
15:55:50.581 [INFO]   [Creating]    Filtering of methods complete. Creating analysis request
15:55:50.581 [INFO]   [Creating]    Attempting to get service client, retry 1.
15:55:51.640 [INFO]   [Creating]         [88/912] org.symphonyoss.symphony.messageml.MessageMLParser.<init>
15:55:51.640 [INFO]   [Creating]         [89/912] org.symphonyoss.symphony.messageml.MessageMLParser.getBiContext
15:55:51.640 [INFO]   [Creating]         [90/912] org.symphonyoss.symphony.messageml.MessageMLParser.getEntityJson
15:55:51.640 [INFO]   [Creating]         [91/912] org.symphonyoss.symphony.messageml.MessageMLParser.getMessageFormat
15:55:51.640 [INFO]   [Creating]         [91/912]   Tests created: 1
15:55:58.513 [INFO]   [Creating]         [92/912] org.symphonyoss.symphony.messageml.MessageMLParser.clearBiContext
15:55:58.513 [INFO]   [Creating]         [92/912]   Tests created: 1
15:56:06.548 [INFO]   [Creating]         [93/912] org.symphonyoss.symphony.messageml.MessageMLParser.createElement
15:56:06.548 [INFO]   [Creating]         [93/912]   Tests created: 51
15:56:09.716 [INFO]   [Creating]         [94/912] org.symphonyoss.symphony.messageml.MessageMLParser.getAllSplittableAttributes
15:56:09.716 [INFO]   [Creating]         [94/912]   R013: No inputs found that don't throw a trivial exception
15:56:09.716 [INFO]   [Creating]         [94/912]     Diffblue Cover tried to run the arrange/act section, but the test threw
15:56:09.716 [INFO]   [Creating]         [94/912]     java.lang.NullPointerException
15:56:09.716 [INFO]   [Creating]         [94/912]         at org.symphonyoss.symphony.messageml.MessageMLParser.getAllSplittableAttributes(MessageMLParser.java:693)
15:56:09.716 [INFO]   [Creating]         [94/912]     In order to prevent getAllSplittableAttributes(String)
15:56:09.716 [INFO]   [Creating]         [94/912]     from throwing NullPointerException, add constructors or factory
15:56:09.716 [INFO]   [Creating]         [94/912]     methods that make it easier to construct fully initialized objects used in
15:56:09.716 [INFO]   [Creating]         [94/912]     getAllSplittableAttributes(String).
15:56:09.716 [INFO]   [Creating]         [94/912]     See https://diff.blue/R013 to resolve this issue.
15:56:12.968 [INFO]   [Creating]         [95/912] org.symphonyoss.symphony.messageml.MessageMLParser.getAllSplittableValues
15:56:12.968 [INFO]   [Creating]         [95/912]   R013: No inputs found that don't throw a trivial exception
15:56:12.968 [INFO]   [Creating]         [95/912]     Diffblue Cover tried to run the arrange/act section, but the test threw
15:56:12.968 [INFO]   [Creating]         [95/912]     java.lang.NullPointerException
15:56:12.968 [INFO]   [Creating]         [95/912]         at org.symphonyoss.symphony.messageml.MessageMLParser.getAllSplittableValues(MessageMLParser.java:706)
15:56:12.968 [INFO]   [Creating]         [95/912]     In order to prevent getAllSplittableValues(String)
15:56:12.968 [INFO]   [Creating]         [95/912]     from throwing NullPointerException, add constructors or factory
15:56:12.968 [INFO]   [Creating]         [95/912]     methods that make it easier to construct fully initialized objects used in
15:56:12.968 [INFO]   [Creating]         [95/912]     getAllSplittableValues(String).
15:56:12.968 [INFO]   [Creating]         [95/912]     See https://diff.blue/R013 to resolve this issue.
15:56:16.255 [INFO]   [Creating]         [96/912] org.symphonyoss.symphony.messageml.MessageMLParser.getSplittableAttributes
15:56:16.255 [INFO]   [Creating]         [96/912]   R013: No inputs found that don't throw a trivial exception
15:56:16.255 [INFO]   [Creating]         [96/912]     Diffblue Cover tried to run the arrange/act section, but the test threw
15:56:16.255 [INFO]   [Creating]         [96/912]     java.lang.NullPointerException
15:56:16.255 [INFO]   [Creating]         [96/912]         at org.symphonyoss.symphony.messageml.MessageMLParser.getSplittableAttributes(MessageMLParser.java:680)
15:56:16.256 [INFO]   [Creating]         [96/912]     In order to prevent getSplittableAttributes(String, Class)
15:56:16.256 [INFO]   [Creating]         [96/912]     from throwing NullPointerException, add constructors or factory
15:56:16.256 [INFO]   [Creating]         [96/912]     methods that make it easier to construct fully initialized objects used in
15:56:16.256 [INFO]   [Creating]         [96/912]     getSplittableAttributes(String, Class).
15:56:16.256 [INFO]   [Creating]         [96/912]     See https://diff.blue/R013 to resolve this issue.
15:56:24.662 [INFO]   [Creating]         [97/912] org.symphonyoss.symphony.messageml.MessageMLParser.loadElementId
15:56:24.663 [INFO]   [Creating]         [97/912]   R013: No inputs found that don't throw a trivial exception
15:56:24.663 [INFO]   [Creating]         [97/912]     Diffblue Cover tried to run the arrange/act section, but the test threw
15:56:24.663 [INFO]   [Creating]         [97/912]     java.lang.NullPointerException
15:56:24.663 [INFO]   [Creating]         [97/912]         at org.symphonyoss.symphony.messageml.MessageMLParser.loadElementId(MessageMLParser.java:668)
15:56:24.663 [INFO]   [Creating]         [97/912]     In order to prevent loadElementId(String)
15:56:24.663 [INFO]   [Creating]         [97/912]     from throwing NullPointerException, add constructors or factory
15:56:24.663 [INFO]   [Creating]         [97/912]     methods that make it easier to construct fully initialized objects used in
15:56:24.663 [INFO]   [Creating]         [97/912]     loadElementId(String).
15:56:24.663 [INFO]   [Creating]         [97/912]     See https://diff.blue/R013 to resolve this issue.
15:56:28.695 [INFO]   [Creating]         [98/912] org.symphonyoss.symphony.messageml.MessageMLParser.parse
15:56:28.695 [INFO]   [Creating]         [98/912]   Tests created: 15
15:56:29.152 [INFO]   [Creating]         [99/912] org.symphonyoss.symphony.messageml.MessageMLParser.parseDocument
15:56:29.152 [INFO]   [Creating]         [99/912]   Tests created: 4
15:56:29.153 [INFO]   [Creating]     [15/141] org.symphonyoss.symphony.messageml.MessageMLParser
15:56:29.154 [INFO]   [Creating]     [15/141]   Tests created: 72
15:56:29.154 [INFO]   [Creating]    
================================================================================
= Starting analysis for class 'org.symphonyoss.symphony.messageml.MessageMLParser$SplittableData'
================================================================================
15:56:29.154 [INFO]   [Creating]    Filtering out non-testable methods...
15:56:29.158 [INFO]   [Creating]    Filtering of methods complete. Creating analysis request
15:56:29.158 [INFO]   [Creating]    Attempting to get service client, retry 1.
15:56:29.703 [INFO]   [Creating]        [100/912] org.symphonyoss.symphony.messageml.MessageMLParser$SplittableData.<init>
15:56:29.703 [INFO]   [Creating]        [100/912]   Tests created: 1
15:56:30.801 [INFO]   [Creating]        [101/912] org.symphonyoss.symphony.messageml.MessageMLParser$SplittableData.addAttribute
15:56:30.801 [INFO]   [Creating]        [101/912]   Tests created: 1
15:56:31.063 [INFO]   [Creating]        [102/912] org.symphonyoss.symphony.messageml.MessageMLParser$SplittableData.create
15:56:31.063 [INFO]   [Creating]        [102/912]   Diffblue AI was unable to find a test
15:56:31.289 [INFO]   [Creating]        [103/912] org.symphonyoss.symphony.messageml.MessageMLParser$SplittableData.exists
15:56:31.289 [INFO]   [Creating]        [103/912]   Tests created: 1
15:56:31.485 [INFO]   [Creating]        [104/912] org.symphonyoss.symphony.messageml.MessageMLParser$SplittableData.getAllAttributes
15:56:31.485 [INFO]   [Creating]        [104/912]   Tests created: 1
15:56:31.859 [INFO]   [Creating]        [105/912] org.symphonyoss.symphony.messageml.MessageMLParser$SplittableData.getAllValues
15:56:31.859 [INFO]   [Creating]        [105/912]   Tests created: 1
15:56:31.996 [INFO]   [Creating]        [106/912] org.symphonyoss.symphony.messageml.MessageMLParser$SplittableData.getAttributes
15:56:31.996 [INFO]   [Creating]        [106/912]   Tests created: 1
15:56:31.997 [INFO]   [Creating]     [16/141] org.symphonyoss.symphony.messageml.MessageMLParser$SplittableData
15:56:31.997 [INFO]   [Creating]     [16/141]   Tests created: 6
15:56:31.998 [INFO]   [Creating]    
================================================================================
= Starting analysis for class 'org.symphonyoss.symphony.messageml.bi.BiContext'
================================================================================
15:56:31.998 [INFO]   [Creating]    Filtering out non-testable methods...
15:56:32.001 [INFO]   [Creating]    Filtering of methods complete. Creating analysis request
15:56:32.001 [INFO]   [Creating]    Attempting to get service client, retry 1.
15:56:32.307 [INFO]   [Creating]        [107/912] org.symphonyoss.symphony.messageml.bi.BiContext.<init>
15:56:32.307 [INFO]   [Creating]        [108/912] org.symphonyoss.symphony.messageml.bi.BiContext.getItems
15:56:32.307 [INFO]   [Creating]        [108/912]   Tests created: 1
15:56:32.567 [INFO]   [Creating]        [109/912] org.symphonyoss.symphony.messageml.bi.BiContext.addItem
15:56:32.567 [INFO]   [Creating]        [109/912]   Tests created: 1
15:56:33.198 [INFO]   [Creating]        [110/912] org.symphonyoss.symphony.messageml.bi.BiContext.addItemWithValue
15:56:33.198 [INFO]   [Creating]        [110/912]   Tests created: 1
15:56:34.129 [INFO]   [Creating]        [111/912] org.symphonyoss.symphony.messageml.bi.BiContext.isAttributeSet
15:56:34.129 [INFO]   [Creating]        [111/912]   Tests created: 4
15:56:34.983 [INFO]   [Creating]        [112/912] org.symphonyoss.symphony.messageml.bi.BiContext.updateItemCount
15:56:34.983 [INFO]   [Creating]        [112/912]   Tests created: 6
15:56:36.429 [INFO]   [Creating]        [113/912] org.symphonyoss.symphony.messageml.bi.BiContext.updateItemCount
15:56:36.429 [INFO]   [Creating]        [113/912]   Tests created: 4
15:56:37.786 [INFO]   [Creating]        [114/912] org.symphonyoss.symphony.messageml.bi.BiContext.updateItemCount
15:56:37.786 [INFO]   [Creating]        [114/912]   Tests created: 9
15:56:38.228 [INFO]   [Creating]        [115/912] org.symphonyoss.symphony.messageml.bi.BiContext.updateItemWithMaxValue
15:56:38.228 [INFO]   [Creating]        [115/912]   Tests created: 6
15:56:38.228 [INFO]   [Creating]     [17/141] org.symphonyoss.symphony.messageml.bi.BiContext
15:56:38.229 [INFO]   [Creating]     [17/141]   Tests created: 32
15:56:38.229 [INFO]   [Creating]    
================================================================================
= Starting analysis for class 'org.symphonyoss.symphony.messageml.bi.BiEventType'
================================================================================
15:56:38.229 [INFO]   [Creating]    Filtering out non-testable methods...
15:56:38.231 [INFO]   [Creating]        [116/912] org.symphonyoss.symphony.messageml.bi.BiEventType.valueOf
15:56:38.231 [INFO]   [Creating]        [116/912]   T012: Synthetic method
15:56:38.231 [INFO]   [Creating]        [116/912]     Indicates that the method is synthetic. Currently, this includes methods:
15:56:38.231 [INFO]   [Creating]        [116/912]     - that are marked as synthetic by the compiler
15:56:38.231 [INFO]   [Creating]        [116/912]     - that are not directly callable
15:56:38.231 [INFO]   [Creating]        [116/912]     - that exist on the JDK class but do not appear in the source code
15:56:38.231 [INFO]   [Creating]        [116/912]     Diffblue Cover considers these methods as not directly callable.
15:56:38.232 [INFO]   [Creating]        [117/912] org.symphonyoss.symphony.messageml.bi.BiEventType.values
15:56:38.232 [INFO]   [Creating]        [117/912]   T012: Synthetic method
15:56:38.232 [INFO]   [Creating]        [117/912]     Indicates that the method is synthetic. Currently, this includes methods:
15:56:38.232 [INFO]   [Creating]        [117/912]     - that are marked as synthetic by the compiler
15:56:38.232 [INFO]   [Creating]        [117/912]     - that are not directly callable
15:56:38.232 [INFO]   [Creating]        [117/912]     - that exist on the JDK class but do not appear in the source code
15:56:38.232 [INFO]   [Creating]        [117/912]     Diffblue Cover considers these methods as not directly callable.
15:56:38.233 [INFO]   [Creating]    Filtering of methods complete. Creating analysis request
15:56:38.233 [INFO]   [Creating]    Attempting to get service client, retry 1.
15:56:38.332 [INFO]   [Creating]        [118/912] org.symphonyoss.symphony.messageml.bi.BiEventType.getType
15:56:38.332 [INFO]   [Creating]        [118/912]   Tests created: 1
15:56:38.333 [INFO]   [Creating]     [18/141] org.symphonyoss.symphony.messageml.bi.BiEventType
15:56:38.333 [INFO]   [Creating]     [18/141]   Tests created: 1
15:56:38.334 [INFO]   [Creating]    
================================================================================
= Starting analysis for class 'org.symphonyoss.symphony.messageml.bi.BiFields'
================================================================================
15:56:38.334 [INFO]   [Creating]    Filtering out non-testable methods...
15:56:38.336 [INFO]   [Creating]        [119/912] org.symphonyoss.symphony.messageml.bi.BiFields.valueOf
15:56:38.336 [INFO]   [Creating]        [119/912]   T012: Synthetic method
15:56:38.336 [INFO]   [Creating]        [119/912]     Indicates that the method is synthetic. Currently, this includes methods:
15:56:38.336 [INFO]   [Creating]        [119/912]     - that are marked as synthetic by the compiler
15:56:38.336 [INFO]   [Creating]        [119/912]     - that are not directly callable
15:56:38.336 [INFO]   [Creating]        [119/912]     - that exist on the JDK class but do not appear in the source code
15:56:38.336 [INFO]   [Creating]        [119/912]     Diffblue Cover considers these methods as not directly callable.
15:56:38.337 [INFO]   [Creating]        [120/912] org.symphonyoss.symphony.messageml.bi.BiFields.values
15:56:38.337 [INFO]   [Creating]        [120/912]   T012: Synthetic method
15:56:38.337 [INFO]   [Creating]        [120/912]     Indicates that the method is synthetic. Currently, this includes methods:
15:56:38.337 [INFO]   [Creating]        [120/912]     - that are marked as synthetic by the compiler
15:56:38.337 [INFO]   [Creating]        [120/912]     - that are not directly callable
15:56:38.337 [INFO]   [Creating]        [120/912]     - that exist on the JDK class but do not appear in the source code
15:56:38.337 [INFO]   [Creating]        [120/912]     Diffblue Cover considers these methods as not directly callable.
15:56:38.338 [INFO]   [Creating]    Filtering of methods complete. Creating analysis request
15:56:38.338 [INFO]   [Creating]    Attempting to get service client, retry 1.
15:56:38.445 [INFO]   [Creating]        [121/912] org.symphonyoss.symphony.messageml.bi.BiFields.getDefaultValue
15:56:38.445 [INFO]   [Creating]        [122/912] org.symphonyoss.symphony.messageml.bi.BiFields.getType
15:56:38.445 [INFO]   [Creating]        [123/912] org.symphonyoss.symphony.messageml.bi.BiFields.getValue
15:56:38.445 [INFO]   [Creating]        [123/912]   Tests created: 1
15:56:38.446 [INFO]   [Creating]     [19/141] org.symphonyoss.symphony.messageml.bi.BiFields
15:56:38.446 [INFO]   [Creating]     [19/141]   Tests created: 1
15:56:38.447 [INFO]   [Creating]    
================================================================================
= Starting analysis for class 'org.symphonyoss.symphony.messageml.bi.BiItem'
================================================================================
15:56:38.447 [INFO]   [Creating]    Filtering out non-testable methods...
15:56:38.450 [INFO]   [Creating]    Filtering of methods complete. Creating analysis request
15:56:38.450 [INFO]   [Creating]    Attempting to get service client, retry 1.
15:56:39.236 [INFO]   [Creating]        [124/912] org.symphonyoss.symphony.messageml.bi.BiItem.<init>
15:56:39.236 [INFO]   [Creating]        [125/912] org.symphonyoss.symphony.messageml.bi.BiItem.getAttributes
15:56:39.236 [INFO]   [Creating]        [126/912] org.symphonyoss.symphony.messageml.bi.BiItem.getName
15:56:39.236 [INFO]   [Creating]        [126/912]   Tests created: 1
15:56:39.521 [INFO]   [Creating]        [127/912] org.symphonyoss.symphony.messageml.bi.BiItem.equals
15:56:39.521 [INFO]   [Creating]        [128/912] org.symphonyoss.symphony.messageml.bi.BiItem.hashCode
15:56:39.521 [INFO]   [Creating]        [128/912]   Tests created: 6
15:56:39.873 [INFO]   [Creating]        [129/912] org.symphonyoss.symphony.messageml.bi.BiItem.<init>
15:56:39.873 [INFO]   [Creating]        [129/912]   Tests created: 1
15:56:40.160 [INFO]   [Creating]        [130/912] org.symphonyoss.symphony.messageml.bi.BiItem.increaseAttributeCount
15:56:40.160 [INFO]   [Creating]        [130/912]   Tests created: 1
15:56:40.246 [INFO]   [Creating]        [131/912] org.symphonyoss.symphony.messageml.bi.BiItem.setMaxAttribute
15:56:40.246 [INFO]   [Creating]        [131/912]   Tests created: 2
15:56:40.247 [INFO]   [Creating]     [20/141] org.symphonyoss.symphony.messageml.bi.BiItem
15:56:40.247 [INFO]   [Creating]     [20/141]   Tests created: 11
15:56:40.248 [INFO]   [Creating]    
================================================================================
= Starting analysis for class 'org.symphonyoss.symphony.messageml.elements.Bold'
================================================================================
15:56:40.248 [INFO]   [Creating]    Filtering out non-testable methods...
15:56:40.251 [INFO]   [Creating]    Filtering of methods complete. Creating analysis request
15:56:40.251 [INFO]   [Creating]    Attempting to get service client, retry 1.
15:56:41.724 [INFO]   [Creating]        [132/912] org.symphonyoss.symphony.messageml.elements.Bold.<init>
15:56:41.724 [INFO]   [Creating]        [132/912]   Tests created: 1
15:56:43.071 [INFO]   [Creating]        [133/912] org.symphonyoss.symphony.messageml.elements.Bold.asMarkdown
15:56:43.071 [INFO]   [Creating]        [133/912]   Tests created: 1
15:56:43.176 [INFO]   [Creating]        [134/912] org.symphonyoss.symphony.messageml.elements.Bold.validate
15:56:43.176 [INFO]   [Creating]        [134/912]   Tests created: 3
15:56:43.177 [INFO]   [Creating]     [21/141] org.symphonyoss.symphony.messageml.elements.Bold
15:56:43.177 [INFO]   [Creating]     [21/141]   Tests created: 5
15:56:43.177 [INFO]   [Creating]    
================================================================================
= Starting analysis for class 'org.symphonyoss.symphony.messageml.elements.BulletList'
================================================================================
15:56:43.177 [INFO]   [Creating]    Filtering out non-testable methods...
15:56:43.179 [INFO]   [Creating]    Filtering of methods complete. Creating analysis request
15:56:43.179 [INFO]   [Creating]    Attempting to get service client, retry 1.
15:56:44.638 [INFO]   [Creating]        [135/912] org.symphonyoss.symphony.messageml.elements.BulletList.<init>
15:56:44.638 [INFO]   [Creating]        [135/912]   Tests created: 1
15:56:46.008 [INFO]   [Creating]        [136/912] org.symphonyoss.symphony.messageml.elements.BulletList.asMarkdown
15:56:46.008 [INFO]   [Creating]        [136/912]   Tests created: 1
15:56:47.673 [INFO]   [Creating]        [137/912] org.symphonyoss.symphony.messageml.elements.BulletList.updateBiContext
15:56:47.673 [INFO]   [Creating]        [137/912]   Tests created: 6
15:56:47.774 [INFO]   [Creating]        [138/912] org.symphonyoss.symphony.messageml.elements.BulletList.validate
15:56:47.774 [INFO]   [Creating]        [138/912]   Tests created: 2
15:56:47.774 [INFO]   [Creating]     [22/141] org.symphonyoss.symphony.messageml.elements.BulletList
15:56:47.774 [INFO]   [Creating]     [22/141]   Tests created: 10
15:56:47.775 [INFO]   [Creating]    
================================================================================
= Starting analysis for class 'org.symphonyoss.symphony.messageml.elements.Button'
================================================================================
15:56:47.775 [INFO]   [Creating]    Filtering out non-testable methods...
15:56:47.778 [INFO]   [Creating]    Filtering of methods complete. Creating analysis request
15:56:47.778 [INFO]   [Creating]    Attempting to get service client, retry 1.
15:56:49.558 [INFO]   [Creating]        [139/912] org.symphonyoss.symphony.messageml.elements.Button.<init>
15:56:49.558 [INFO]   [Creating]        [139/912]   Tests created: 1
15:56:56.435 [INFO]   [Creating]        [140/912] org.symphonyoss.symphony.messageml.elements.Button.asMarkdown
15:56:56.435 [INFO]   [Creating]        [140/912]   Tests created: 1
15:56:59.264 [INFO]   [Creating]        [141/912] org.symphonyoss.symphony.messageml.elements.Button.asPresentationML
15:56:59.264 [INFO]   [Creating]        [141/912]   Tests created: 17
15:57:00.582 [INFO]   [Creating]        [142/912] org.symphonyoss.symphony.messageml.elements.Button.buildAttribute
15:57:00.582 [INFO]   [Creating]        [142/912]   Tests created: 3
15:57:02.236 [INFO]   [Creating]        [143/912] org.symphonyoss.symphony.messageml.elements.Button.updateBiContext
15:57:02.236 [INFO]   [Creating]        [143/912]   Tests created: 1
15:57:02.385 [INFO]   [Creating]        [144/912] org.symphonyoss.symphony.messageml.elements.Button.validate
15:57:02.385 [INFO]   [Creating]        [144/912]   Tests created: 2
15:57:02.386 [INFO]   [Creating]     [23/141] org.symphonyoss.symphony.messageml.elements.Button
15:57:02.386 [INFO]   [Creating]     [23/141]   Tests created: 25
15:57:02.387 [INFO]   [Creating]    
================================================================================
= Starting analysis for class 'org.symphonyoss.symphony.messageml.elements.Card'
================================================================================
15:57:02.387 [INFO]   [Creating]    Filtering out non-testable methods...
15:57:02.388 [INFO]   [Creating]    Filtering of methods complete. Creating analysis request
15:57:02.388 [INFO]   [Creating]    Attempting to get service client, retry 1.
15:57:07.389 [INFO]   [Creating]        [145/912] org.symphonyoss.symphony.messageml.elements.Card.<init>
15:57:07.389 [INFO]   [Creating]        [146/912] org.symphonyoss.symphony.messageml.elements.Card.getPresentationMLTag
15:57:07.389 [INFO]   [Creating]        [146/912]   Tests created: 1
15:57:09.635 [INFO]   [Creating]        [147/912] org.symphonyoss.symphony.messageml.elements.Card.asPresentationML
15:57:09.635 [INFO]   [Creating]        [147/912]   Tests created: 17
15:57:11.292 [INFO]   [Creating]        [148/912] org.symphonyoss.symphony.messageml.elements.Card.buildAttribute
15:57:11.292 [INFO]   [Creating]        [148/912]   Tests created: 2
15:57:11.782 [INFO]   [Creating]        [149/912] org.symphonyoss.symphony.messageml.elements.Card.updateBiContext
15:57:11.782 [INFO]   [Creating]        [149/912]   Tests created: 6
15:57:11.783 [INFO]   [Creating]     [24/141] org.symphonyoss.symphony.messageml.elements.Card
15:57:11.783 [INFO]   [Creating]     [24/141]   Tests created: 26
15:57:11.784 [INFO]   [Creating]    
================================================================================
= Starting analysis for class 'org.symphonyoss.symphony.messageml.elements.CardBody'
================================================================================
15:57:11.784 [INFO]   [Creating]    Filtering out non-testable methods...
15:57:11.786 [INFO]   [Creating]    Filtering of methods complete. Creating analysis request
15:57:11.786 [INFO]   [Creating]    Attempting to get service client, retry 1.
15:57:12.630 [INFO]   [Creating]        [150/912] org.symphonyoss.symphony.messageml.elements.CardBody.<init>
15:57:12.630 [INFO]   [Creating]        [151/912] org.symphonyoss.symphony.messageml.elements.CardBody.getPresentationMLTag
15:57:12.630 [INFO]   [Creating]        [151/912]   Tests created: 1
15:57:17.444 [INFO]   [Creating]        [152/912] org.symphonyoss.symphony.messageml.elements.CardBody.asMarkdown
15:57:17.444 [INFO]   [Creating]        [152/912]   Tests created: 1
15:57:19.345 [INFO]   [Creating]        [153/912] org.symphonyoss.symphony.messageml.elements.CardBody.asPresentationML
15:57:19.345 [INFO]   [Creating]        [153/912]   Tests created: 17
15:57:20.832 [INFO]   [Creating]        [154/912] org.symphonyoss.symphony.messageml.elements.CardBody.buildAttribute
15:57:20.832 [INFO]   [Creating]        [154/912]   Tests created: 1
15:57:20.958 [INFO]   [Creating]        [155/912] org.symphonyoss.symphony.messageml.elements.CardBody.validate
15:57:20.958 [INFO]   [Creating]        [155/912]   Tests created: 2
15:57:20.959 [INFO]   [Creating]     [25/141] org.symphonyoss.symphony.messageml.elements.CardBody
15:57:20.959 [INFO]   [Creating]     [25/141]   Tests created: 22
15:57:20.960 [INFO]   [Creating]    
================================================================================
= Starting analysis for class 'org.symphonyoss.symphony.messageml.elements.CardHeader'
================================================================================
15:57:20.960 [INFO]   [Creating]    Filtering out non-testable methods...
15:57:20.961 [INFO]   [Creating]    Filtering of methods complete. Creating analysis request
15:57:20.961 [INFO]   [Creating]    Attempting to get service client, retry 1.
15:57:21.797 [INFO]   [Creating]        [156/912] org.symphonyoss.symphony.messageml.elements.CardHeader.<init>
15:57:21.797 [INFO]   [Creating]        [157/912] org.symphonyoss.symphony.messageml.elements.CardHeader.getPresentationMLTag
15:57:21.797 [INFO]   [Creating]        [157/912]   Tests created: 1
15:57:26.503 [INFO]   [Creating]        [158/912] org.symphonyoss.symphony.messageml.elements.CardHeader.asMarkdown
15:57:26.503 [INFO]   [Creating]        [158/912]   Tests created: 1
15:57:28.426 [INFO]   [Creating]        [159/912] org.symphonyoss.symphony.messageml.elements.CardHeader.asPresentationML
15:57:28.426 [INFO]   [Creating]        [159/912]   Tests created: 17
15:57:29.850 [INFO]   [Creating]        [160/912] org.symphonyoss.symphony.messageml.elements.CardHeader.buildAttribute
15:57:29.850 [INFO]   [Creating]        [160/912]   Tests created: 1
15:57:29.981 [INFO]   [Creating]        [161/912] org.symphonyoss.symphony.messageml.elements.CardHeader.validate
15:57:29.982 [INFO]   [Creating]        [161/912]   Tests created: 2
15:57:29.982 [INFO]   [Creating]     [26/141] org.symphonyoss.symphony.messageml.elements.CardHeader
15:57:29.982 [INFO]   [Creating]     [26/141]   Tests created: 22
15:57:29.983 [INFO]   [Creating]    
================================================================================
= Starting analysis for class 'org.symphonyoss.symphony.messageml.elements.CashTag'
================================================================================
15:57:29.983 [INFO]   [Creating]    Filtering out non-testable methods...
15:57:29.987 [INFO]   [Creating]    Filtering of methods complete. Creating analysis request
15:57:29.987 [INFO]   [Creating]    Attempting to get service client, retry 1.
15:57:30.770 [INFO]   [Creating]        [162/912] org.symphonyoss.symphony.messageml.elements.CashTag.getEntitySubType
15:57:30.770 [INFO]   [Creating]        [163/912] org.symphonyoss.symphony.messageml.elements.CashTag.getEntityType
15:57:30.770 [INFO]   [Creating]        [164/912] org.symphonyoss.symphony.messageml.elements.CashTag.getEntityVersion
15:57:30.770 [INFO]   [Creating]        [165/912] org.symphonyoss.symphony.messageml.elements.CashTag.toString
15:57:30.770 [INFO]   [Creating]        [165/912]   Tests created: 1
15:57:31.459 [INFO]   [Creating]        [166/912] org.symphonyoss.symphony.messageml.elements.CashTag.<init>
15:57:31.459 [INFO]   [Creating]        [166/912]   Tests created: 1
15:57:32.124 [INFO]   [Creating]        [167/912] org.symphonyoss.symphony.messageml.elements.CashTag.<init>
15:57:32.124 [INFO]   [Creating]        [167/912]   Tests created: 1
15:57:33.002 [INFO]   [Creating]        [168/912] org.symphonyoss.symphony.messageml.elements.CashTag.<init>
15:57:33.002 [INFO]   [Creating]        [168/912]   Tests created: 1
15:57:33.890 [INFO]   [Creating]        [169/912] org.symphonyoss.symphony.messageml.elements.CashTag.asMarkdown
15:57:33.890 [INFO]   [Creating]        [169/912]   Tests created: 1
15:57:35.462 [INFO]   [Creating]        [170/912] org.symphonyoss.symphony.messageml.elements.CashTag.asText
15:57:35.462 [INFO]   [Creating]        [170/912]   Tests created: 1
15:57:35.851 [INFO]   [Creating]        [171/912] org.symphonyoss.symphony.messageml.elements.CashTag.updateBiContext
15:57:35.851 [INFO]   [Creating]        [171/912]   Tests created: 6
15:57:35.852 [INFO]   [Creating]     [27/141] org.symphonyoss.symphony.messageml.elements.CashTag
15:57:35.852 [INFO]   [Creating]     [27/141]   Tests created: 12
15:57:35.853 [INFO]   [Creating]    
================================================================================
= Starting analysis for class 'org.symphonyoss.symphony.messageml.elements.Checkbox'
================================================================================
15:57:35.853 [INFO]   [Creating]    Filtering out non-testable methods...
15:57:35.857 [INFO]   [Creating]    Filtering of methods complete. Creating analysis request
15:57:35.857 [INFO]   [Creating]    Attempting to get service client, retry 1.
15:57:38.448 [INFO]   [Creating]        [172/912] org.symphonyoss.symphony.messageml.elements.Checkbox.<init>
15:57:38.448 [INFO]   [Creating]        [173/912] org.symphonyoss.symphony.messageml.elements.Checkbox.getElementId
15:57:38.448 [INFO]   [Creating]        [174/912] org.symphonyoss.symphony.messageml.elements.Checkbox.getPresentationMLDivClass
15:57:38.448 [INFO]   [Creating]        [175/912] org.symphonyoss.symphony.messageml.elements.Checkbox.getPresentationMLInputType
15:57:38.448 [INFO]   [Creating]        [175/912]   Tests created: 1
15:57:40.001 [INFO]   [Creating]        [176/912] org.symphonyoss.symphony.messageml.elements.Checkbox.asMarkdown
15:57:40.001 [INFO]   [Creating]        [176/912]   Tests created: 4
15:57:41.283 [INFO]   [Creating]        [177/912] org.symphonyoss.symphony.messageml.elements.Checkbox.buildAttribute
15:57:41.283 [INFO]   [Creating]        [177/912]   Tests created: 2
15:57:42.982 [INFO]   [Creating]        [178/912] org.symphonyoss.symphony.messageml.elements.Checkbox.updateBiContext
15:57:42.982 [INFO]   [Creating]        [178/912]   Tests created: 4
15:57:43.100 [INFO]   [Creating]        [179/912] org.symphonyoss.symphony.messageml.elements.Checkbox.validate
15:57:43.100 [INFO]   [Creating]        [179/912]   Tests created: 2
15:57:43.101 [INFO]   [Creating]     [28/141] org.symphonyoss.symphony.messageml.elements.Checkbox
15:57:43.101 [INFO]   [Creating]     [28/141]   Tests created: 13
15:57:43.101 [INFO]   [Creating]    
================================================================================
= Starting analysis for class 'org.symphonyoss.symphony.messageml.elements.Chime'
================================================================================
15:57:43.101 [INFO]   [Creating]    Filtering out non-testable methods...
15:57:43.104 [INFO]   [Creating]    Filtering of methods complete. Creating analysis request
15:57:43.104 [INFO]   [Creating]    Attempting to get service client, retry 1.
15:57:43.156 [INFO]   [Creating]        [180/912] org.symphonyoss.symphony.messageml.elements.Chime.getPresentationMLTag
15:57:43.156 [INFO]   [Creating]        [180/912]   R081: Exception in arrange section
15:57:43.156 [INFO]   [Creating]        [180/912]     Diffblue Cover was unable to construct an instance of the class under test using
15:57:43.156 [INFO]   [Creating]        [180/912]     org.symphonyoss.symphony.messageml.elements.Chime.getPresentationMLTag().
15:57:43.156 [INFO]   [Creating]        [180/912]     The arrange section threw
15:57:43.156 [INFO]   [Creating]        [180/912]     org.symphonyoss.symphony.messageml.exceptions.InvalidInputException: Element "chime" has to be the only element in the message.
15:57:43.156 [INFO]   [Creating]        [180/912]         at org.symphonyoss.symphony.messageml.elements.Chime.<init>(Chime.java:46)
15:57:43.156 [INFO]   [Creating]        [180/912]     More information about the exception is provided in the support log.
15:57:43.156 [INFO]   [Creating]        [180/912]     See https://diff.blue/R081 for further troubleshooting of this issue.
15:57:45.540 [INFO]   [Creating]        [181/912] org.symphonyoss.symphony.messageml.elements.Chime.<init>
15:57:45.540 [INFO]   [Creating]        [181/912]   Tests created: 2
15:57:46.524 [INFO]   [Creating]        [182/912] org.symphonyoss.symphony.messageml.elements.Chime.asPresentationML
15:57:46.524 [INFO]   [Creating]        [182/912]   Tests created: 4
15:57:47.738 [INFO]   [Creating]        [183/912] org.symphonyoss.symphony.messageml.elements.Chime.asText
15:57:47.738 [INFO]   [Creating]        [183/912]   Tests created: 1
15:57:49.457 [INFO]   [Creating]        [184/912] org.symphonyoss.symphony.messageml.elements.Chime.buildAttribute
15:57:49.457 [INFO]   [Creating]        [184/912]   Tests created: 2
15:57:50.977 [INFO]   [Creating]        [185/912] org.symphonyoss.symphony.messageml.elements.Chime.updateBiContext
15:57:50.977 [INFO]   [Creating]        [185/912]   Tests created: 6
15:57:51.080 [INFO]   [Creating]        [186/912] org.symphonyoss.symphony.messageml.elements.Chime.validate
15:57:51.080 [INFO]   [Creating]        [186/912]   Tests created: 2
15:57:51.081 [INFO]   [Creating]     [29/141] org.symphonyoss.symphony.messageml.elements.Chime
15:57:51.081 [INFO]   [Creating]     [29/141]   Tests created: 17
15:57:51.082 [INFO]   [Creating]    
================================================================================
= Starting analysis for class 'org.symphonyoss.symphony.messageml.elements.Code'
================================================================================
15:57:51.082 [INFO]   [Creating]    Filtering out non-testable methods...
15:57:51.084 [INFO]   [Creating]    Filtering of methods complete. Creating analysis request
15:57:51.084 [INFO]   [Creating]    Attempting to get service client, retry 1.
15:57:52.338 [INFO]   [Creating]        [187/912] org.symphonyoss.symphony.messageml.elements.Code.<init>
15:57:52.338 [INFO]   [Creating]        [187/912]   Tests created: 1
15:57:53.304 [INFO]   [Creating]        [188/912] org.symphonyoss.symphony.messageml.elements.Code.<init>
15:57:53.304 [INFO]   [Creating]        [188/912]   Tests created: 1
15:57:58.067 [INFO]   [Creating]        [189/912] org.symphonyoss.symphony.messageml.elements.Code.asMarkdown
15:57:58.067 [INFO]   [Creating]        [189/912]   Tests created: 2
15:58:00.189 [INFO]   [Creating]        [190/912] org.symphonyoss.symphony.messageml.elements.Code.asPresentationML
15:58:00.189 [INFO]   [Creating]        [190/912]   Tests created: 17
15:58:01.058 [INFO]   [Creating]        [191/912] org.symphonyoss.symphony.messageml.elements.Code.buildAttribute
15:58:01.058 [INFO]   [Creating]        [191/912]   Tests created: 1
15:58:02.692 [INFO]   [Creating]        [192/912] org.symphonyoss.symphony.messageml.elements.Code.getPresentationMLTag
15:58:02.692 [INFO]   [Creating]        [192/912]   Tests created: 1
15:58:06.266 [INFO]   [Creating]        [193/912] org.symphonyoss.symphony.messageml.elements.Code.updateBiContext
15:58:06.266 [INFO]   [Creating]        [193/912]   Tests created: 6
15:58:06.634 [INFO]   [Creating]        [194/912] org.symphonyoss.symphony.messageml.elements.Code.validate
15:58:06.634 [INFO]   [Creating]        [194/912]   Tests created: 5
15:58:06.635 [INFO]   [Creating]     [30/141] org.symphonyoss.symphony.messageml.elements.Code
15:58:06.635 [INFO]   [Creating]     [30/141]   Tests created: 34
15:58:06.636 [INFO]   [Creating]    
================================================================================
= Starting analysis for class 'org.symphonyoss.symphony.messageml.elements.DatePicker'
================================================================================
15:58:06.636 [INFO]   [Creating]    Filtering out non-testable methods...
15:58:06.639 [INFO]   [Creating]    Filtering of methods complete. Creating analysis request
15:58:06.639 [INFO]   [Creating]    Attempting to get service client, retry 1.
15:58:07.636 [INFO]   [Creating]        [195/912] org.symphonyoss.symphony.messageml.elements.DatePicker.<init>
15:58:07.636 [INFO]   [Creating]        [195/912]   Tests created: 1
15:58:09.587 [INFO]   [Creating]        [196/912] org.symphonyoss.symphony.messageml.elements.DatePicker.asMarkdown
15:58:09.587 [INFO]   [Creating]        [196/912]   Tests created: 1
15:58:12.019 [INFO]   [Creating]        [197/912] org.symphonyoss.symphony.messageml.elements.DatePicker.asPresentationML
15:58:12.019 [INFO]   [Creating]        [197/912]   Tests created: 4
15:58:13.354 [INFO]   [Creating]        [198/912] org.symphonyoss.symphony.messageml.elements.DatePicker.buildAttribute
15:58:13.354 [INFO]   [Creating]        [198/912]   Tests created: 6
15:58:15.107 [INFO]   [Creating]        [199/912] org.symphonyoss.symphony.messageml.elements.DatePicker.updateBiContext
15:58:15.107 [INFO]   [Creating]        [199/912]   Tests created: 1
15:58:15.324 [INFO]   [Creating]        [200/912] org.symphonyoss.symphony.messageml.elements.DatePicker.validate
15:58:15.324 [INFO]   [Creating]        [200/912]   Tests created: 3
15:58:15.325 [INFO]   [Creating]     [31/141] org.symphonyoss.symphony.messageml.elements.DatePicker
15:58:15.325 [INFO]   [Creating]     [31/141]   Tests created: 16
15:58:15.326 [INFO]   [Creating]    
================================================================================
= Starting analysis for class 'org.symphonyoss.symphony.messageml.elements.DateSelector'
================================================================================
15:58:15.326 [INFO]   [Creating]    Filtering out non-testable methods...
15:58:15.329 [INFO]   [Creating]    Filtering of methods complete. Creating analysis request
15:58:15.329 [INFO]   [Creating]    Attempting to get service client, retry 1.
15:58:16.292 [INFO]   [Creating]        [201/912] org.symphonyoss.symphony.messageml.elements.DateSelector.<init>
15:58:16.292 [INFO]   [Creating]        [202/912] org.symphonyoss.symphony.messageml.elements.DateSelector.getPresentationMLTag
15:58:16.292 [INFO]   [Creating]        [202/912]   Tests created: 1
15:58:18.169 [INFO]   [Creating]        [203/912] org.symphonyoss.symphony.messageml.elements.DateSelector.asMarkdown
15:58:18.169 [INFO]   [Creating]        [203/912]   Tests created: 1
15:58:20.276 [INFO]   [Creating]        [204/912] org.symphonyoss.symphony.messageml.elements.DateSelector.asPresentationML
15:58:20.276 [INFO]   [Creating]        [204/912]   Tests created: 4
15:58:21.566 [INFO]   [Creating]        [205/912] org.symphonyoss.symphony.messageml.elements.DateSelector.buildAll
15:58:21.566 [INFO]   [Creating]        [205/912]   Tests created: 4
15:58:23.679 [INFO]   [Creating]        [206/912] org.symphonyoss.symphony.messageml.elements.DateSelector.buildAttribute
15:58:23.679 [INFO]   [Creating]        [206/912]   Tests created: 1
15:58:24.621 [INFO]   [Creating]        [207/912] org.symphonyoss.symphony.messageml.elements.DateSelector.buildElementFromDiv
15:58:24.622 [INFO]   [Creating]        [207/912]   R013: No inputs found that don't throw a trivial exception
15:58:24.622 [INFO]   [Creating]        [207/912]     Diffblue Cover tried to run the arrange/act section, but the test threw
15:58:24.622 [INFO]   [Creating]        [207/912]     javax.imageio.metadata.IIODOMException: No such attribute!
15:58:24.622 [INFO]   [Creating]        [207/912]         at javax.imageio.metadata.IIOMetadataNode.removeAttribute(IIOMetadataNode.java:803)
15:58:24.622 [INFO]   [Creating]        [207/912]         at javax.imageio.metadata.IIOMetadataNode.removeAttribute(IIOMetadataNode.java:787)
15:58:24.622 [INFO]   [Creating]        [207/912]         at org.symphonyoss.symphony.messageml.elements.DateSelector.buildElementFromDiv(DateSelector.java:140)
15:58:24.622 [INFO]   [Creating]        [207/912]     In order to prevent buildElementFromDiv(MessageMLParser, Element)
15:58:24.622 [INFO]   [Creating]        [207/912]     from throwing IIODOMException, add constructors or factory
15:58:24.622 [INFO]   [Creating]        [207/912]     methods that make it easier to construct fully initialized objects used in
15:58:24.622 [INFO]   [Creating]        [207/912]     buildElementFromDiv(MessageMLParser, Element).
15:58:24.622 [INFO]   [Creating]        [207/912]     See https://diff.blue/R013 to resolve this issue.
15:58:25.999 [INFO]   [Creating]        [208/912] org.symphonyoss.symphony.messageml.elements.DateSelector.updateBiContext
15:58:25.999 [INFO]   [Creating]        [208/912]   Tests created: 1
15:58:26.108 [INFO]   [Creating]        [209/912] org.symphonyoss.symphony.messageml.elements.DateSelector.validate
15:58:26.108 [INFO]   [Creating]        [209/912]   Tests created: 2
15:58:26.109 [INFO]   [Creating]     [32/141] org.symphonyoss.symphony.messageml.elements.DateSelector
15:58:26.109 [INFO]   [Creating]     [32/141]   Tests created: 14
15:58:26.110 [INFO]   [Creating]    
================================================================================
= Starting analysis for class 'org.symphonyoss.symphony.messageml.elements.Dialog'
================================================================================
15:58:26.110 [INFO]   [Creating]    Filtering out non-testable methods...
15:58:26.113 [INFO]   [Creating]    Filtering of methods complete. Creating analysis request
15:58:26.113 [INFO]   [Creating]    Attempting to get service client, retry 1.
15:58:27.000 [INFO]   [Creating]        [210/912] org.symphonyoss.symphony.messageml.elements.Dialog.<init>
15:58:27.000 [INFO]   [Creating]        [210/912]   Tests created: 1
15:58:32.733 [INFO]   [Creating]        [211/912] org.symphonyoss.symphony.messageml.elements.Dialog.asMarkdown
15:58:32.733 [INFO]   [Creating]        [211/912]   Tests created: 1
15:58:36.359 [INFO]   [Creating]        [212/912] org.symphonyoss.symphony.messageml.elements.Dialog.asPresentationML
15:58:36.359 [INFO]   [Creating]        [212/912]   Tests created: 18
15:58:39.497 [INFO]   [Creating]        [213/912] org.symphonyoss.symphony.messageml.elements.Dialog.buildAttribute
15:58:39.497 [INFO]   [Creating]        [213/912]   Tests created: 9
15:58:40.234 [INFO]   [Creating]        [214/912] org.symphonyoss.symphony.messageml.elements.Dialog.getPresentationMlIdAttribute
15:58:40.234 [INFO]   [Creating]        [214/912]   Diffblue AI was unable to find a test
15:58:41.935 [INFO]   [Creating]        [215/912] org.symphonyoss.symphony.messageml.elements.Dialog.hasIdAttribute
15:58:41.935 [INFO]   [Creating]        [215/912]   Tests created: 1
15:58:43.682 [INFO]   [Creating]        [216/912] org.symphonyoss.symphony.messageml.elements.Dialog.updateBiContext
15:58:43.682 [INFO]   [Creating]        [216/912]   Tests created: 6
15:58:43.779 [INFO]   [Creating]        [217/912] org.symphonyoss.symphony.messageml.elements.Dialog.validate
15:58:43.779 [INFO]   [Creating]        [217/912]   Tests created: 1
15:58:43.780 [INFO]   [Creating]     [33/141] org.symphonyoss.symphony.messageml.elements.Dialog
15:58:43.780 [INFO]   [Creating]     [33/141]   Tests created: 37
15:58:43.781 [INFO]   [Creating]    
================================================================================
= Starting analysis for class 'org.symphonyoss.symphony.messageml.elements.DialogChild'
================================================================================
15:58:43.781 [INFO]   [Creating]    Filtering out non-testable methods...
15:58:43.783 [INFO]   [Creating]    Filtering of methods complete. Creating analysis request
15:58:43.783 [INFO]   [Creating]    Attempting to get service client, retry 1.
15:58:48.905 [INFO]   [Creating]        [218/912] org.symphonyoss.symphony.messageml.elements.DialogChild.asMarkdown
15:58:48.905 [INFO]   [Creating]        [218/912]   Tests created: 1
15:58:51.144 [INFO]   [Creating]        [219/912] org.symphonyoss.symphony.messageml.elements.DialogChild.asPresentationML
15:58:51.144 [INFO]   [Creating]        [219/912]   Tests created: 15
15:58:51.203 [INFO]   [Creating]        [220/912] org.symphonyoss.symphony.messageml.elements.DialogChild.validate
15:58:51.203 [INFO]   [Creating]        [220/912]   Tests created: 1
15:58:51.204 [INFO]   [Creating]     [34/141] org.symphonyoss.symphony.messageml.elements.DialogChild
15:58:51.204 [INFO]   [Creating]     [34/141]   Tests created: 17
15:58:51.204 [INFO]   [Creating]    
================================================================================
= Starting analysis for class 'org.symphonyoss.symphony.messageml.elements.DialogChild$Body'
================================================================================
15:58:51.204 [INFO]   [Creating]    Filtering out non-testable methods...
15:58:51.205 [INFO]   [Creating]    Filtering of methods complete. Creating analysis request
15:58:51.205 [INFO]   [Creating]    Attempting to get service client, retry 1.
15:58:51.359 [INFO]   [Creating]        [221/912] org.symphonyoss.symphony.messageml.elements.DialogChild$Body.<init>
15:58:51.359 [INFO]   [Creating]        [221/912]   Tests created: 1
15:58:51.360 [INFO]   [Creating]     [35/141] org.symphonyoss.symphony.messageml.elements.DialogChild$Body
15:58:51.360 [INFO]   [Creating]     [35/141]   Tests created: 1
15:58:51.361 [INFO]   [Creating]    
================================================================================
= Starting analysis for class 'org.symphonyoss.symphony.messageml.elements.DialogChild$Footer'
================================================================================
15:58:51.361 [INFO]   [Creating]    Filtering out non-testable methods...
15:58:51.362 [INFO]   [Creating]    Filtering of methods complete. Creating analysis request
15:58:51.362 [INFO]   [Creating]    Attempting to get service client, retry 1.
15:58:51.520 [INFO]   [Creating]        [222/912] org.symphonyoss.symphony.messageml.elements.DialogChild$Footer.<init>
15:58:51.520 [INFO]   [Creating]        [222/912]   Tests created: 1
15:58:51.520 [INFO]   [Creating]     [36/141] org.symphonyoss.symphony.messageml.elements.DialogChild$Footer
15:58:51.521 [INFO]   [Creating]     [36/141]   Tests created: 1
15:58:51.521 [INFO]   [Creating]    
================================================================================
= Starting analysis for class 'org.symphonyoss.symphony.messageml.elements.DialogChild$Title'
================================================================================
15:58:51.521 [INFO]   [Creating]    Filtering out non-testable methods...
15:58:51.522 [INFO]   [Creating]    Filtering of methods complete. Creating analysis request
15:58:51.522 [INFO]   [Creating]    Attempting to get service client, retry 1.
15:58:51.674 [INFO]   [Creating]        [223/912] org.symphonyoss.symphony.messageml.elements.DialogChild$Title.<init>
15:58:51.674 [INFO]   [Creating]        [223/912]   Tests created: 1
15:58:51.674 [INFO]   [Creating]     [37/141] org.symphonyoss.symphony.messageml.elements.DialogChild$Title
15:58:51.675 [INFO]   [Creating]     [37/141]   Tests created: 1
15:58:51.675 [INFO]   [Creating]    
================================================================================
= Starting analysis for class 'org.symphonyoss.symphony.messageml.elements.Div'
================================================================================
15:58:51.675 [INFO]   [Creating]    Filtering out non-testable methods...
15:58:51.678 [INFO]   [Creating]    Filtering of methods complete. Creating analysis request
15:58:51.678 [INFO]   [Creating]    Attempting to get service client, retry 1.
15:58:53.281 [INFO]   [Creating]        [224/912] org.symphonyoss.symphony.messageml.elements.Div.<init>
15:58:53.281 [INFO]   [Creating]        [224/912]   Tests created: 1
15:58:54.077 [INFO]   [Creating]        [225/912] org.symphonyoss.symphony.messageml.elements.Div.asEntityJson
15:58:54.077 [INFO]   [Creating]        [225/912]   Tests created: 1
15:58:55.305 [INFO]   [Creating]        [226/912] org.symphonyoss.symphony.messageml.elements.Div.asMarkdown
15:58:55.305 [INFO]   [Creating]        [226/912]   Tests created: 1
15:58:56.834 [INFO]   [Creating]        [227/912] org.symphonyoss.symphony.messageml.elements.Div.buildAttribute
15:58:56.834 [INFO]   [Creating]        [227/912]   Tests created: 1
15:58:58.533 [INFO]   [Creating]        [228/912] org.symphonyoss.symphony.messageml.elements.Div.updateBiContext
15:58:58.533 [INFO]   [Creating]        [228/912]   Tests created: 6
15:58:58.581 [INFO]   [Creating]        [229/912] org.symphonyoss.symphony.messageml.elements.Div.validate
15:58:58.581 [INFO]   [Creating]        [229/912]   Tests created: 1
15:58:58.582 [INFO]   [Creating]     [38/141] org.symphonyoss.symphony.messageml.elements.Div
15:58:58.582 [INFO]   [Creating]     [38/141]   Tests created: 11
15:58:58.583 [INFO]   [Creating]    
================================================================================
= Starting analysis for class 'org.symphonyoss.symphony.messageml.elements.Element'
================================================================================
15:58:58.583 [INFO]   [Creating]    Filtering out non-testable methods...
15:58:58.655 [INFO]   [Creating]    Filtering of methods complete. Creating analysis request
15:58:58.655 [INFO]   [Creating]    Attempting to get service client, retry 1.
15:59:01.056 [INFO]   [Creating]        [230/912] org.symphonyoss.symphony.messageml.elements.Element.addChild
15:59:01.056 [INFO]   [Creating]        [230/912]   Diffblue AI was unable to find a test
15:59:01.837 [INFO]   [Creating]        [231/912] org.symphonyoss.symphony.messageml.elements.Element.areNestedElementsAllowed
15:59:01.837 [INFO]   [Creating]        [231/912]   Tests created: 1
15:59:08.490 [INFO]   [Creating]        [232/912] org.symphonyoss.symphony.messageml.elements.Element.asEntityJson
15:59:08.490 [INFO]   [Creating]        [232/912]   Tests created: 1
15:59:11.865 [INFO]   [Creating]        [233/912] org.symphonyoss.symphony.messageml.elements.Element.asPresentationML
15:59:11.865 [INFO]   [Creating]        [233/912]   Tests created: 27
15:59:14.657 [INFO]   [Creating]        [234/912] org.symphonyoss.symphony.messageml.elements.Element.asText
15:59:14.657 [INFO]   [Creating]        [234/912]   Tests created: 3
15:59:16.501 [INFO]   [Creating]        [235/912] org.symphonyoss.symphony.messageml.elements.Element.assertAttributeIsBoolean
15:59:16.501 [INFO]   [Creating]        [235/912]   R013: No inputs found that don't throw a trivial exception
15:59:16.501 [INFO]   [Creating]        [235/912]     Diffblue Cover tried to run the arrange/act section, but the test threw
15:59:16.501 [INFO]   [Creating]        [235/912]     java.lang.NullPointerException
15:59:16.501 [INFO]   [Creating]        [235/912]         at org.symphonyoss.symphony.messageml.elements.Element.assertAttributeValue(Element.java:551)
15:59:16.501 [INFO]   [Creating]        [235/912]         at org.symphonyoss.symphony.messageml.elements.Element.assertAttributeIsBoolean(Element.java:566)
15:59:16.501 [INFO]   [Creating]        [235/912]     In order to prevent assertAttributeIsBoolean(String)
15:59:16.501 [INFO]   [Creating]        [235/912]     from throwing NullPointerException, add constructors or factory
15:59:16.501 [INFO]   [Creating]        [235/912]     methods that make it easier to construct fully initialized objects used in
15:59:16.501 [INFO]   [Creating]        [235/912]     assertAttributeIsBoolean(String).
15:59:16.501 [INFO]   [Creating]        [235/912]     See https://diff.blue/R013 to resolve this issue.
15:59:17.558 [INFO]   [Creating]        [236/912] org.symphonyoss.symphony.messageml.elements.Element.assertAttributeMaxLength
15:59:17.558 [INFO]   [Creating]        [236/912]   Diffblue AI was unable to find a test
15:59:19.842 [INFO]   [Creating]        [237/912] org.symphonyoss.symphony.messageml.elements.Element.assertAttributeNotBlank
15:59:19.842 [INFO]   [Creating]        [237/912]   Tests created: 1
16:00:20.233 [INFO]   [Creating]    Service shutdown due to watchdog timeout
16:00:20.240 [INFO]   [Creating]    
== begin thread dump ==

47 threads

Thread 19 'Common-Cleaner':
  java.base@11.0.29/java.lang.Object.wait(Native Method)
  java.base@11.0.29/java.lang.ref.ReferenceQueue.remove(ReferenceQueue.java:155)
  java.base@11.0.29/jdk.internal.ref.CleanerImpl.run(CleanerImpl.java:148)
  java.base@11.0.29/java.lang.Thread.run(Unknown Source)
  java.base@11.0.29/jdk.internal.misc.InnocuousThread.run(InnocuousThread.java:161)
Thread 43 'ClassGraph-worker-7':
  java.base@11.0.29/jdk.internal.misc.Unsafe.park(Native Method)
  java.base@11.0.29/java.util.concurrent.locks.LockSupport.park(LockSupport.java:194)
  java.base@11.0.29/java.util.concurrent.locks.AbstractQueuedSynchronizer$ConditionObject.await(AbstractQueuedSynchronizer.java:2081)
  java.base@11.0.29/java.util.concurrent.LinkedBlockingQueue.take(LinkedBlockingQueue.java:433)
  java.base@11.0.29/java.util.concurrent.ThreadPoolExecutor.getTask(ThreadPoolExecutor.java:1054)
  java.base@11.0.29/java.util.concurrent.ThreadPoolExecutor.runWorker(ThreadPoolExecutor.java:1114)
  java.base@11.0.29/java.util.concurrent.ThreadPoolExecutor$Worker.run(ThreadPoolExecutor.java:628)
  java.base@11.0.29/java.lang.Thread.run(Thread.java:829)
Thread 56 'ClassGraph-worker-20':
  java.base@11.0.29/jdk.internal.misc.Unsafe.park(Native Method)
  java.base@11.0.29/java.util.concurrent.locks.LockSupport.park(LockSupport.java:194)
  java.base@11.0.29/java.util.concurrent.locks.AbstractQueuedSynchronizer$ConditionObject.await(AbstractQueuedSynchronizer.java:2081)
  java.base@11.0.29/java.util.concurrent.LinkedBlockingQueue.take(LinkedBlockingQueue.java:433)
  java.base@11.0.29/java.util.concurrent.ThreadPoolExecutor.getTask(ThreadPoolExecutor.java:1054)
  java.base@11.0.29/java.util.concurrent.ThreadPoolExecutor.runWorker(ThreadPoolExecutor.java:1114)
  java.base@11.0.29/java.util.concurrent.ThreadPoolExecutor$Worker.run(ThreadPoolExecutor.java:628)
  java.base@11.0.29/java.lang.Thread.run(Thread.java:829)
Thread 53 'ClassGraph-worker-17':
  java.base@11.0.29/jdk.internal.misc.Unsafe.park(Native Method)
  java.base@11.0.29/java.util.concurrent.locks.LockSupport.park(LockSupport.java:194)
  java.base@11.0.29/java.util.concurrent.locks.AbstractQueuedSynchronizer$ConditionObject.await(AbstractQueuedSynchronizer.java:2081)
  java.base@11.0.29/java.util.concurrent.LinkedBlockingQueue.take(LinkedBlockingQueue.java:433)
  java.base@11.0.29/java.util.concurrent.ThreadPoolExecutor.getTask(ThreadPoolExecutor.java:1054)
  java.base@11.0.29/java.util.concurrent.ThreadPoolExecutor.runWorker(ThreadPoolExecutor.java:1114)
  java.base@11.0.29/java.util.concurrent.ThreadPoolExecutor$Worker.run(ThreadPoolExecutor.java:628)
  java.base@11.0.29/java.lang.Thread.run(Thread.java:829)
Thread 55 'ClassGraph-worker-19':
  java.base@11.0.29/jdk.internal.misc.Unsafe.park(Native Method)
  java.base@11.0.29/java.util.concurrent.locks.LockSupport.park(LockSupport.java:194)
  java.base@11.0.29/java.util.concurrent.locks.AbstractQueuedSynchronizer$ConditionObject.await(AbstractQueuedSynchronizer.java:2081)
  java.base@11.0.29/java.util.concurrent.LinkedBlockingQueue.take(LinkedBlockingQueue.java:433)
  java.base@11.0.29/java.util.concurrent.ThreadPoolExecutor.getTask(ThreadPoolExecutor.java:1054)
  java.base@11.0.29/java.util.concurrent.ThreadPoolExecutor.runWorker(ThreadPoolExecutor.java:1114)
  java.base@11.0.29/java.util.concurrent.ThreadPoolExecutor$Worker.run(ThreadPoolExecutor.java:628)
  java.base@11.0.29/java.lang.Thread.run(Thread.java:829)
Thread 65 'grpc-default-executor-2':
  java.base@11.0.29/jdk.internal.misc.Unsafe.park(Native Method)
  java.base@11.0.29/java.util.concurrent.locks.LockSupport.parkNanos(LockSupport.java:234)
  java.base@11.0.29/java.util.concurrent.SynchronousQueue$TransferStack.awaitFulfill(SynchronousQueue.java:462)
  java.base@11.0.29/java.util.concurrent.SynchronousQueue$TransferStack.transfer(SynchronousQueue.java:361)
  java.base@11.0.29/java.util.concurrent.SynchronousQueue.poll(SynchronousQueue.java:937)
  java.base@11.0.29/java.util.concurrent.ThreadPoolExecutor.getTask(ThreadPoolExecutor.java:1053)
  java.base@11.0.29/java.util.concurrent.ThreadPoolExecutor.runWorker(ThreadPoolExecutor.java:1114)
  java.base@11.0.29/java.util.concurrent.ThreadPoolExecutor$Worker.run(ThreadPoolExecutor.java:628)
  java.base@11.0.29/java.lang.Thread.run(Thread.java:829)
Thread 25 'grpc-default-boss-ELG-3-1':
  io.grpc.netty.shaded.io.netty.channel.epoll.Native.epollWait(Native Method)
  io.grpc.netty.shaded.io.netty.channel.epoll.Native.epollWait(SourceFile:209)
  io.grpc.netty.shaded.io.netty.channel.epoll.Native.epollWait(SourceFile:202)
  io.grpc.netty.shaded.io.netty.channel.epoll.EpollEventLoop.epollWaitNoTimerChange(SourceFile:294)
  io.grpc.netty.shaded.io.netty.channel.epoll.EpollEventLoop.run(SourceFile:351)
  io.grpc.netty.shaded.io.netty.util.concurrent.SingleThreadEventExecutor$4.run(SourceFile:997)
  io.grpc.netty.shaded.io.netty.util.internal.ThreadExecutorMap$2.run(SourceFile:74)
  io.grpc.netty.shaded.io.netty.util.concurrent.FastThreadLocalRunnable.run(SourceFile:30)
  java.base@11.0.29/java.lang.Thread.run(Unknown Source)
Thread 27 'grpc-default-worker-ELG-1-3':
  io.grpc.netty.shaded.io.netty.channel.epoll.Native.epollWait0(Native Method)
  io.grpc.netty.shaded.io.netty.channel.epoll.Native.epollWait(SourceFile:182)
  io.grpc.netty.shaded.io.netty.channel.epoll.EpollEventLoop.epollWait(SourceFile:290)
  io.grpc.netty.shaded.io.netty.channel.epoll.EpollEventLoop.run(SourceFile:354)
  io.grpc.netty.shaded.io.netty.util.concurrent.SingleThreadEventExecutor$4.run(SourceFile:997)
  io.grpc.netty.shaded.io.netty.util.internal.ThreadExecutorMap$2.run(SourceFile:74)
  io.grpc.netty.shaded.io.netty.util.concurrent.FastThreadLocalRunnable.run(SourceFile:30)
  java.base@11.0.29/java.lang.Thread.run(Unknown Source)
Thread 48 'ClassGraph-worker-12':
  java.base@11.0.29/jdk.internal.misc.Unsafe.park(Native Method)
  java.base@11.0.29/java.util.concurrent.locks.LockSupport.park(LockSupport.java:194)
  java.base@11.0.29/java.util.concurrent.locks.AbstractQueuedSynchronizer$ConditionObject.await(AbstractQueuedSynchronizer.java:2081)
  java.base@11.0.29/java.util.concurrent.LinkedBlockingQueue.take(LinkedBlockingQueue.java:433)
  java.base@11.0.29/java.util.concurrent.ThreadPoolExecutor.getTask(ThreadPoolExecutor.java:1054)
  java.base@11.0.29/java.util.concurrent.ThreadPoolExecutor.runWorker(ThreadPoolExecutor.java:1114)
  java.base@11.0.29/java.util.concurrent.ThreadPoolExecutor$Worker.run(ThreadPoolExecutor.java:628)
  java.base@11.0.29/java.lang.Thread.run(Thread.java:829)
Thread 23 'grpc-default-worker-ELG-1-2':
  io.grpc.netty.shaded.io.netty.channel.epoll.Native.epollWait(Native Method)
  io.grpc.netty.shaded.io.netty.channel.epoll.Native.epollWait(SourceFile:209)
  io.grpc.netty.shaded.io.netty.channel.epoll.Native.epollWait(SourceFile:202)
  io.grpc.netty.shaded.io.netty.channel.epoll.EpollEventLoop.epollWaitNoTimerChange(SourceFile:294)
  io.grpc.netty.shaded.io.netty.channel.epoll.EpollEventLoop.run(SourceFile:351)
  io.grpc.netty.shaded.io.netty.util.concurrent.SingleThreadEventExecutor$4.run(SourceFile:997)
  io.grpc.netty.shaded.io.netty.util.internal.ThreadExecutorMap$2.run(SourceFile:74)
  io.grpc.netty.shaded.io.netty.util.concurrent.FastThreadLocalRunnable.run(SourceFile:30)
  java.base@11.0.29/java.lang.Thread.run(Unknown Source)
Thread 38 'ClassGraph-worker-2':
  java.base@11.0.29/jdk.internal.misc.Unsafe.park(Native Method)
  java.base@11.0.29/java.util.concurrent.locks.LockSupport.park(LockSupport.java:194)
  java.base@11.0.29/java.util.concurrent.locks.AbstractQueuedSynchronizer$ConditionObject.await(AbstractQueuedSynchronizer.java:2081)
  java.base@11.0.29/java.util.concurrent.LinkedBlockingQueue.take(LinkedBlockingQueue.java:433)
  java.base@11.0.29/java.util.concurrent.ThreadPoolExecutor.getTask(ThreadPoolExecutor.java:1054)
  java.base@11.0.29/java.util.concurrent.ThreadPoolExecutor.runWorker(ThreadPoolExecutor.java:1114)
  java.base@11.0.29/java.util.concurrent.ThreadPoolExecutor$Worker.run(ThreadPoolExecutor.java:628)
  java.base@11.0.29/java.lang.Thread.run(Thread.java:829)
Thread 4 'Signal Dispatcher':
Thread 45 'ClassGraph-worker-9':
  java.base@11.0.29/jdk.internal.misc.Unsafe.park(Native Method)
  java.base@11.0.29/java.util.concurrent.locks.LockSupport.park(LockSupport.java:194)
  java.base@11.0.29/java.util.concurrent.locks.AbstractQueuedSynchronizer$ConditionObject.await(AbstractQueuedSynchronizer.java:2081)
  java.base@11.0.29/java.util.concurrent.LinkedBlockingQueue.take(LinkedBlockingQueue.java:433)
  java.base@11.0.29/java.util.concurrent.ThreadPoolExecutor.getTask(ThreadPoolExecutor.java:1054)
  java.base@11.0.29/java.util.concurrent.ThreadPoolExecutor.runWorker(ThreadPoolExecutor.java:1114)
  java.base@11.0.29/java.util.concurrent.ThreadPoolExecutor$Worker.run(ThreadPoolExecutor.java:628)
  java.base@11.0.29/java.lang.Thread.run(Thread.java:829)
Thread 40 'ClassGraph-worker-4':
  java.base@11.0.29/jdk.internal.misc.Unsafe.park(Native Method)
  java.base@11.0.29/java.util.concurrent.locks.LockSupport.park(LockSupport.java:194)
  java.base@11.0.29/java.util.concurrent.locks.AbstractQueuedSynchronizer$ConditionObject.await(AbstractQueuedSynchronizer.java:2081)
  java.base@11.0.29/java.util.concurrent.LinkedBlockingQueue.take(LinkedBlockingQueue.java:433)
  java.base@11.0.29/java.util.concurrent.ThreadPoolExecutor.getTask(ThreadPoolExecutor.java:1054)
  java.base@11.0.29/java.util.concurrent.ThreadPoolExecutor.runWorker(ThreadPoolExecutor.java:1114)
  java.base@11.0.29/java.util.concurrent.ThreadPoolExecutor$Worker.run(ThreadPoolExecutor.java:628)
  java.base@11.0.29/java.lang.Thread.run(Thread.java:829)
Thread 39 'ClassGraph-worker-3':
  java.base@11.0.29/jdk.internal.misc.Unsafe.park(Native Method)
  java.base@11.0.29/java.util.concurrent.locks.LockSupport.park(LockSupport.java:194)
  java.base@11.0.29/java.util.concurrent.locks.AbstractQueuedSynchronizer$ConditionObject.await(AbstractQueuedSynchronizer.java:2081)
  java.base@11.0.29/java.util.concurrent.LinkedBlockingQueue.take(LinkedBlockingQueue.java:433)
  java.base@11.0.29/java.util.concurrent.ThreadPoolExecutor.getTask(ThreadPoolExecutor.java:1054)
  java.base@11.0.29/java.util.concurrent.ThreadPoolExecutor.runWorker(ThreadPoolExecutor.java:1114)
  java.base@11.0.29/java.util.concurrent.ThreadPoolExecutor$Worker.run(ThreadPoolExecutor.java:628)
  java.base@11.0.29/java.lang.Thread.run(Thread.java:829)
Thread 41 'ClassGraph-worker-5':
  java.base@11.0.29/jdk.internal.misc.Unsafe.park(Native Method)
  java.base@11.0.29/java.util.concurrent.locks.LockSupport.park(LockSupport.java:194)
  java.base@11.0.29/java.util.concurrent.locks.AbstractQueuedSynchronizer$ConditionObject.await(AbstractQueuedSynchronizer.java:2081)
  java.base@11.0.29/java.util.concurrent.LinkedBlockingQueue.take(LinkedBlockingQueue.java:433)
  java.base@11.0.29/java.util.concurrent.ThreadPoolExecutor.getTask(ThreadPoolExecutor.java:1054)
  java.base@11.0.29/java.util.concurrent.ThreadPoolExecutor.runWorker(ThreadPoolExecutor.java:1114)
  java.base@11.0.29/java.util.concurrent.ThreadPoolExecutor$Worker.run(ThreadPoolExecutor.java:628)
  java.base@11.0.29/java.lang.Thread.run(Thread.java:829)
Thread 47 'ClassGraph-worker-11':
  java.base@11.0.29/jdk.internal.misc.Unsafe.park(Native Method)
  java.base@11.0.29/java.util.concurrent.locks.LockSupport.park(LockSupport.java:194)
  java.base@11.0.29/java.util.concurrent.locks.AbstractQueuedSynchronizer$ConditionObject.await(AbstractQueuedSynchronizer.java:2081)
  java.base@11.0.29/java.util.concurrent.LinkedBlockingQueue.take(LinkedBlockingQueue.java:433)
  java.base@11.0.29/java.util.concurrent.ThreadPoolExecutor.getTask(ThreadPoolExecutor.java:1054)
  java.base@11.0.29/java.util.concurrent.ThreadPoolExecutor.runWorker(ThreadPoolExecutor.java:1114)
  java.base@11.0.29/java.util.concurrent.ThreadPoolExecutor$Worker.run(ThreadPoolExecutor.java:628)
  java.base@11.0.29/java.lang.Thread.run(Thread.java:829)
Thread 50 'ClassGraph-worker-14':
  java.base@11.0.29/jdk.internal.misc.Unsafe.park(Native Method)
  java.base@11.0.29/java.util.concurrent.locks.LockSupport.park(LockSupport.java:194)
  java.base@11.0.29/java.util.concurrent.locks.AbstractQueuedSynchronizer$ConditionObject.await(AbstractQueuedSynchronizer.java:2081)
  java.base@11.0.29/java.util.concurrent.LinkedBlockingQueue.take(LinkedBlockingQueue.java:433)
  java.base@11.0.29/java.util.concurrent.ThreadPoolExecutor.getTask(ThreadPoolExecutor.java:1054)
  java.base@11.0.29/java.util.concurrent.ThreadPoolExecutor.runWorker(ThreadPoolExecutor.java:1114)
  java.base@11.0.29/java.util.concurrent.ThreadPoolExecutor$Worker.run(ThreadPoolExecutor.java:628)
  java.base@11.0.29/java.lang.Thread.run(Thread.java:829)
Thread 54 'ClassGraph-worker-18':
  java.base@11.0.29/jdk.internal.misc.Unsafe.park(Native Method)
  java.base@11.0.29/java.util.concurrent.locks.LockSupport.park(LockSupport.java:194)
  java.base@11.0.29/java.util.concurrent.locks.AbstractQueuedSynchronizer$ConditionObject.await(AbstractQueuedSynchronizer.java:2081)
  java.base@11.0.29/java.util.concurrent.LinkedBlockingQueue.take(LinkedBlockingQueue.java:433)
  java.base@11.0.29/java.util.concurrent.ThreadPoolExecutor.getTask(ThreadPoolExecutor.java:1054)
  java.base@11.0.29/java.util.concurrent.ThreadPoolExecutor.runWorker(ThreadPoolExecutor.java:1114)
  java.base@11.0.29/java.util.concurrent.ThreadPoolExecutor$Worker.run(ThreadPoolExecutor.java:628)
  java.base@11.0.29/java.lang.Thread.run(Thread.java:829)
Thread 589 'TimedExecutor-438':
  java.base@11.0.29/java.util.Arrays.hashCode(Arrays.java:4685)
  java.base@11.0.29/java.util.Objects.hash(Objects.java:146)
  com.diffblue.cover.commons.reflect.h.hashCode(SourceFile:389)
  java.base@11.0.29/java.util.Arrays.hashCode(Arrays.java:4685)
  java.base@11.0.29/java.util.Objects.hash(Objects.java:146)
  com.diffblue.a.a.c.e.i.hashCode(SourceFile:45)
  java.base@11.0.29/java.util.ArrayList.hashCodeRange(ArrayList.java:627)
  java.base@11.0.29/java.util.ArrayList.hashCode(ArrayList.java:614)
  java.base@11.0.29/java.util.Collections$UnmodifiableList.hashCode(Collections.java:1308)
  java.base@11.0.29/java.util.Arrays.hashCode(Arrays.java:4685)
  java.base@11.0.29/java.util.Objects.hash(Objects.java:146)
  com.diffblue.a.a.c.e.h.hashCode(SourceFile:44)
  java.base@11.0.29/java.util.ArrayList.hashCodeRange(ArrayList.java:627)
  java.base@11.0.29/java.util.ArrayList.hashCode(ArrayList.java:614)
  java.base@11.0.29/java.util.Arrays.hashCode(Arrays.java:4685)
  java.base@11.0.29/java.util.Objects.hash(Objects.java:146)
  com.diffblue.a.a.c.c.b.hashCode(SourceFile:108)
  java.base@11.0.29/java.util.HashMap.hash(HashMap.java:340)
  java.base@11.0.29/java.util.HashMap.computeIfAbsent(HashMap.java:1105)
  com.diffblue.a.a.c.c.a.a(SourceFile:133)
  com.diffblue.a.a.c.c.a$$Lambda$1199/0x0000000800831c40.apply(Unknown Source)
  com.diffblue.cover.commons.f.c$a.a(SourceFile:76)
  com.diffblue.cover.commons.f.c$a$$Lambda$1221/0x000000080085d040.get(Unknown Source)
  com.diffblue.cover.commons.f.c$a.a(SourceFile:74)
  com.diffblue.cover.commons.f.c.a(SourceFile:102)
  com.diffblue.a.a.c.c.a.a(SourceFile:140)
  com.diffblue.a.a.c.a.h.a(SourceFile:1258)
  com.diffblue.a.a.c.a.h.b(SourceFile:137)
  com.diffblue.a.a.c.a.h$$Lambda$1196/0x0000000800834c40.apply(Unknown Source)
  java.base@11.0.29/java.util.Optional.map(Optional.java:265)
  com.diffblue.a.a.c.a.h.c(SourceFile:135)
  com.diffblue.a.a.c.a.h$$Lambda$1179/0x000000080082f440.call(Unknown Source)
  com.diffblue.cover.sandbox.execution.AbsorbLinkageErrors.run(SourceFile:24)
  com.diffblue.cover.sandbox.execution.SafeExecutor.run(SourceFile:27)
  com.diffblue.a.a.c.a.h.a(SourceFile:130)
  com.diffblue.a.m.a(SourceFile:1481)
  jdk.internal.reflect.GeneratedMethodAccessor195.invoke(Unknown Source)
  java.base@11.0.29/jdk.internal.reflect.DelegatingMethodAccessorImpl.invoke(DelegatingMethodAccessorImpl.java:43)
  java.base@11.0.29/java.lang.reflect.Method.invoke(Method.java:566)
  com.diffblue.a.ad$a.a(SourceFile:96)
  com.diffblue.a.ad$a.invoke(SourceFile:76)
  com.sun.proxy.$Proxy18.a(Unknown Source)
  com.diffblue.fuzztest.d.c.d.a(SourceFile:94)
  com.diffblue.fuzztest.d.c.d$$Lambda$1177/0x000000080082ec40.apply(Unknown Source)
  com.diffblue.fuzztest.d.c.d.c(SourceFile:191)
  com.diffblue.fuzztest.d.a.a(SourceFile:55)
  com.diffblue.fuzztest.g.y.a(SourceFile:52)
  com.diffblue.fuzztest.g.i.a(SourceFile:104)
  com.diffblue.fuzztest.g.a.a(SourceFile:46)
  com.diffblue.fuzztest.g.p.a(SourceFile:128)
  com.diffblue.fuzztest.g.a.a(SourceFile:46)
  com.diffblue.fuzztest.g.ae.a(SourceFile:94)
  com.diffblue.fuzztest.g.af.a(SourceFile:162)
  com.diffblue.fuzztest.g.ae.a(SourceFile:193)
  com.diffblue.fuzztest.g.e.r(SourceFile:499)
  com.diffblue.fuzztest.g.e$$Lambda$674/0x0000000800717040.call(Unknown Source)
  com.diffblue.cover.sandbox.a.a$$Lambda$675/0x0000000800717440.call(Unknown Source)
  com.diffblue.cover.sandbox.execution.WorkerThread.lambda$callWorkerThread$3(SourceFile:164)
  com.diffblue.cover.sandbox.execution.WorkerThread$$Lambda$323/0x00000008004ee440.run(Unknown Source)
  com.diffblue.cover.sandbox.execution.WorkerThread.run(SourceFile:265)
Thread 49 'ClassGraph-worker-13':
  java.base@11.0.29/jdk.internal.misc.Unsafe.park(Native Method)
  java.base@11.0.29/java.util.concurrent.locks.LockSupport.park(LockSupport.java:194)
  java.base@11.0.29/java.util.concurrent.locks.AbstractQueuedSynchronizer$ConditionObject.await(AbstractQueuedSynchronizer.java:2081)
  java.base@11.0.29/java.util.concurrent.LinkedBlockingQueue.take(LinkedBlockingQueue.java:433)
  java.base@11.0.29/java.util.concurrent.ThreadPoolExecutor.getTask(ThreadPoolExecutor.java:1054)
  java.base@11.0.29/java.util.concurrent.ThreadPoolExecutor.runWorker(ThreadPoolExecutor.java:1114)
  java.base@11.0.29/java.util.concurrent.ThreadPoolExecutor$Worker.run(ThreadPoolExecutor.java:628)
  java.base@11.0.29/java.lang.Thread.run(Thread.java:829)
Thread 26 'Thread-1':
  java.base@11.0.29/java.lang.Thread.sleep(Native Method)
  com.diffblue.cover.service.a.a.a$a.run(SourceFile:248)
Thread 2 'Reference Handler':
  java.base@11.0.29/java.lang.ref.Reference.waitForReferencePendingList(Native Method)
  java.base@11.0.29/java.lang.ref.Reference.processPendingReferences(Reference.java:241)
  java.base@11.0.29/java.lang.ref.Reference$ReferenceHandler.run(Reference.java:213)
Thread 44 'ClassGraph-worker-8':
  java.base@11.0.29/jdk.internal.misc.Unsafe.park(Native Method)
  java.base@11.0.29/java.util.concurrent.locks.LockSupport.park(LockSupport.java:194)
  java.base@11.0.29/java.util.concurrent.locks.AbstractQueuedSynchronizer$ConditionObject.await(AbstractQueuedSynchronizer.java:2081)
  java.base@11.0.29/java.util.concurrent.LinkedBlockingQueue.take(LinkedBlockingQueue.java:433)
  java.base@11.0.29/java.util.concurrent.ThreadPoolExecutor.getTask(ThreadPoolExecutor.java:1054)
  java.base@11.0.29/java.util.concurrent.ThreadPoolExecutor.runWorker(ThreadPoolExecutor.java:1114)
  java.base@11.0.29/java.util.concurrent.ThreadPoolExecutor$Worker.run(ThreadPoolExecutor.java:628)
  java.base@11.0.29/java.lang.Thread.run(Thread.java:829)
Thread 42 'ClassGraph-worker-6':
  java.base@11.0.29/jdk.internal.misc.Unsafe.park(Native Method)
  java.base@11.0.29/java.util.concurrent.locks.LockSupport.park(LockSupport.java:194)
  java.base@11.0.29/java.util.concurrent.locks.AbstractQueuedSynchronizer$ConditionObject.await(AbstractQueuedSynchronizer.java:2081)
  java.base@11.0.29/java.util.concurrent.LinkedBlockingQueue.take(LinkedBlockingQueue.java:433)
  java.base@11.0.29/java.util.concurrent.ThreadPoolExecutor.getTask(ThreadPoolExecutor.java:1054)
  java.base@11.0.29/java.util.concurrent.ThreadPoolExecutor.runWorker(ThreadPoolExecutor.java:1114)
  java.base@11.0.29/java.util.concurrent.ThreadPoolExecutor$Worker.run(ThreadPoolExecutor.java:628)
  java.base@11.0.29/java.lang.Thread.run(Thread.java:829)
Thread 51 'ClassGraph-worker-15':
  java.base@11.0.29/jdk.internal.misc.Unsafe.park(Native Method)
  java.base@11.0.29/java.util.concurrent.locks.LockSupport.park(LockSupport.java:194)
  java.base@11.0.29/java.util.concurrent.locks.AbstractQueuedSynchronizer$ConditionObject.await(AbstractQueuedSynchronizer.java:2081)
  java.base@11.0.29/java.util.concurrent.LinkedBlockingQueue.take(LinkedBlockingQueue.java:433)
  java.base@11.0.29/java.util.concurrent.ThreadPoolExecutor.getTask(ThreadPoolExecutor.java:1054)
  java.base@11.0.29/java.util.concurrent.ThreadPoolExecutor.runWorker(ThreadPoolExecutor.java:1114)
  java.base@11.0.29/java.util.concurrent.ThreadPoolExecutor$Worker.run(ThreadPoolExecutor.java:628)
  java.base@11.0.29/java.lang.Thread.run(Thread.java:829)
Thread 29 'PeriodicWatchdogResetTimer':
  java.base@11.0.29/java.lang.Object.wait(Native Method)
  java.base@11.0.29/java.lang.Object.wait(Object.java:328)
  java.base@11.0.29/java.util.TimerThread.mainLoop(Timer.java:527)
  java.base@11.0.29/java.util.TimerThread.run(Timer.java:506)
Thread 575 'TimedExecutor-424':
  java.base@11.0.29/jdk.internal.misc.Unsafe.park(Native Method)
  java.base@11.0.29/java.util.concurrent.locks.LockSupport.park(LockSupport.java:194)
  java.base@11.0.29/java.util.concurrent.locks.AbstractQueuedSynchronizer$ConditionObject.await(AbstractQueuedSynchronizer.java:2081)
  java.base@11.0.29/java.util.concurrent.ArrayBlockingQueue.take(ArrayBlockingQueue.java:417)
  com.diffblue.cover.sandbox.execution.TaskQueueRunner.run(SourceFile:39)
  com.diffblue.cover.sandbox.execution.WorkerThread.run(SourceFile:265)
Thread 3 'Finalizer':
  java.base@11.0.29/java.lang.Object.wait(Native Method)
  java.base@11.0.29/java.lang.ref.ReferenceQueue.remove(ReferenceQueue.java:155)
  java.base@11.0.29/java.lang.ref.ReferenceQueue.remove(ReferenceQueue.java:176)
  java.base@11.0.29/java.lang.ref.Finalizer$FinalizerThread.run(Finalizer.java:170)
Thread 20 'Service log dispatcher':
  java.base@11.0.29/jdk.internal.misc.Unsafe.park(Native Method)
  java.base@11.0.29/java.util.concurrent.locks.LockSupport.park(LockSupport.java:194)
  java.base@11.0.29/java.util.concurrent.locks.AbstractQueuedSynchronizer$ConditionObject.await(AbstractQueuedSynchronizer.java:2081)
  java.base@11.0.29/java.util.concurrent.LinkedBlockingQueue.take(LinkedBlockingQueue.java:433)
  com.diffblue.cover.logging.RemoteLogAppender$a.run(SourceFile:203)
Thread 46 'ClassGraph-worker-10':
  java.base@11.0.29/jdk.internal.misc.Unsafe.park(Native Method)
  java.base@11.0.29/java.util.concurrent.locks.LockSupport.park(LockSupport.java:194)
  java.base@11.0.29/java.util.concurrent.locks.AbstractQueuedSynchronizer$ConditionObject.await(AbstractQueuedSynchronizer.java:2081)
  java.base@11.0.29/java.util.concurrent.LinkedBlockingQueue.take(LinkedBlockingQueue.java:433)
  java.base@11.0.29/java.util.concurrent.ThreadPoolExecutor.getTask(ThreadPoolExecutor.java:1054)
  java.base@11.0.29/java.util.concurrent.ThreadPoolExecutor.runWorker(ThreadPoolExecutor.java:1114)
  java.base@11.0.29/java.util.concurrent.ThreadPoolExecutor$Worker.run(ThreadPoolExecutor.java:628)
  java.base@11.0.29/java.lang.Thread.run(Thread.java:829)
Thread 52 'ClassGraph-worker-16':
  java.base@11.0.29/jdk.internal.misc.Unsafe.park(Native Method)
  java.base@11.0.29/java.util.concurrent.locks.LockSupport.park(LockSupport.java:194)
  java.base@11.0.29/java.util.concurrent.locks.AbstractQueuedSynchronizer$ConditionObject.await(AbstractQueuedSynchronizer.java:2081)
  java.base@11.0.29/java.util.concurrent.LinkedBlockingQueue.take(LinkedBlockingQueue.java:433)
  java.base@11.0.29/java.util.concurrent.ThreadPoolExecutor.getTask(ThreadPoolExecutor.java:1054)
  java.base@11.0.29/java.util.concurrent.ThreadPoolExecutor.runWorker(ThreadPoolExecutor.java:1114)
  java.base@11.0.29/java.util.concurrent.ThreadPoolExecutor$Worker.run(ThreadPoolExecutor.java:628)
  java.base@11.0.29/java.lang.Thread.run(Thread.java:829)
Thread 36 'ClassGraph-worker-0':
  java.base@11.0.29/jdk.internal.misc.Unsafe.park(Native Method)
  java.base@11.0.29/java.util.concurrent.locks.LockSupport.park(LockSupport.java:194)
  java.base@11.0.29/java.util.concurrent.locks.AbstractQueuedSynchronizer$ConditionObject.await(AbstractQueuedSynchronizer.java:2081)
  java.base@11.0.29/java.util.concurrent.LinkedBlockingQueue.take(LinkedBlockingQueue.java:433)
  java.base@11.0.29/java.util.concurrent.ThreadPoolExecutor.getTask(ThreadPoolExecutor.java:1054)
  java.base@11.0.29/java.util.concurrent.ThreadPoolExecutor.runWorker(ThreadPoolExecutor.java:1114)
  java.base@11.0.29/java.util.concurrent.ThreadPoolExecutor$Worker.run(ThreadPoolExecutor.java:628)
  java.base@11.0.29/java.lang.Thread.run(Thread.java:829)
Thread 57 'ClassGraph-worker-21':
  java.base@11.0.29/jdk.internal.misc.Unsafe.park(Native Method)
  java.base@11.0.29/java.util.concurrent.locks.LockSupport.park(LockSupport.java:194)
  java.base@11.0.29/java.util.concurrent.locks.AbstractQueuedSynchronizer$ConditionObject.await(AbstractQueuedSynchronizer.java:2081)
  java.base@11.0.29/java.util.concurrent.LinkedBlockingQueue.take(LinkedBlockingQueue.java:433)
  java.base@11.0.29/java.util.concurrent.ThreadPoolExecutor.getTask(ThreadPoolExecutor.java:1054)
  java.base@11.0.29/java.util.concurrent.ThreadPoolExecutor.runWorker(ThreadPoolExecutor.java:1114)
  java.base@11.0.29/java.util.concurrent.ThreadPoolExecutor$Worker.run(ThreadPoolExecutor.java:628)
  java.base@11.0.29/java.lang.Thread.run(Thread.java:829)
Thread 22 'grpc-default-worker-ELG-1-1':
  io.grpc.netty.shaded.io.netty.channel.epoll.Native.epollWait0(Native Method)
  io.grpc.netty.shaded.io.netty.channel.epoll.Native.epollWait(SourceFile:182)
  io.grpc.netty.shaded.io.netty.channel.epoll.EpollEventLoop.epollWait(SourceFile:290)
  io.grpc.netty.shaded.io.netty.channel.epoll.EpollEventLoop.run(SourceFile:354)
  io.grpc.netty.shaded.io.netty.util.concurrent.SingleThreadEventExecutor$4.run(SourceFile:997)
  io.grpc.netty.shaded.io.netty.util.internal.ThreadExecutorMap$2.run(SourceFile:74)
  io.grpc.netty.shaded.io.netty.util.concurrent.FastThreadLocalRunnable.run(SourceFile:30)
  java.base@11.0.29/java.lang.Thread.run(Unknown Source)
Thread 63 'ClassGraph-worker-27':
  java.base@11.0.29/jdk.internal.misc.Unsafe.park(Native Method)
  java.base@11.0.29/java.util.concurrent.locks.LockSupport.park(LockSupport.java:194)
  java.base@11.0.29/java.util.concurrent.locks.AbstractQueuedSynchronizer$ConditionObject.await(AbstractQueuedSynchronizer.java:2081)
  java.base@11.0.29/java.util.concurrent.LinkedBlockingQueue.take(LinkedBlockingQueue.java:433)
  java.base@11.0.29/java.util.concurrent.ThreadPoolExecutor.getTask(ThreadPoolExecutor.java:1054)
  java.base@11.0.29/java.util.concurrent.ThreadPoolExecutor.runWorker(ThreadPoolExecutor.java:1114)
  java.base@11.0.29/java.util.concurrent.ThreadPoolExecutor$Worker.run(ThreadPoolExecutor.java:628)
  java.base@11.0.29/java.lang.Thread.run(Thread.java:829)
Thread 1 'main':
  java.base@11.0.29/java.lang.Thread.dumpThreads(Native Method)
  java.base@11.0.29/java.lang.Thread.getAllStackTraces(Thread.java:1653)
  com.diffblue.cover.service.a.a.a.d(SourceFile:3190)
  com.diffblue.cover.service.a.a.b.a(SourceFile:180)
  com.diffblue.cover.service.analyzer.Main.main(SourceFile:46)
  java.base@11.0.29/jdk.internal.reflect.NativeMethodAccessorImpl.invoke0(Native Method)
  java.base@11.0.29/jdk.internal.reflect.NativeMethodAccessorImpl.invoke(NativeMethodAccessorImpl.java:62)
  java.base@11.0.29/jdk.internal.reflect.DelegatingMethodAccessorImpl.invoke(DelegatingMethodAccessorImpl.java:43)
  java.base@11.0.29/java.lang.reflect.Method.invoke(Method.java:566)
  com.diffblue.cover.launcher.Launcher.invokeMainMethod(Launcher.java:118)
  com.diffblue.cover.launcher.Launcher.main(Launcher.java:74)
Thread 62 'ClassGraph-worker-26':
  java.base@11.0.29/jdk.internal.misc.Unsafe.park(Native Method)
  java.base@11.0.29/java.util.concurrent.locks.LockSupport.park(LockSupport.java:194)
  java.base@11.0.29/java.util.concurrent.locks.AbstractQueuedSynchronizer$ConditionObject.await(AbstractQueuedSynchronizer.java:2081)
  java.base@11.0.29/java.util.concurrent.LinkedBlockingQueue.take(LinkedBlockingQueue.java:433)
  java.base@11.0.29/java.util.concurrent.ThreadPoolExecutor.getTask(ThreadPoolExecutor.java:1054)
  java.base@11.0.29/java.util.concurrent.ThreadPoolExecutor.runWorker(ThreadPoolExecutor.java:1114)
  java.base@11.0.29/java.util.concurrent.ThreadPoolExecutor$Worker.run(ThreadPoolExecutor.java:628)
  java.base@11.0.29/java.lang.Thread.run(Thread.java:829)
Thread 37 'ClassGraph-worker-1':
  java.base@11.0.29/jdk.internal.misc.Unsafe.park(Native Method)
  java.base@11.0.29/java.util.concurrent.locks.LockSupport.park(LockSupport.java:194)
  java.base@11.0.29/java.util.concurrent.locks.AbstractQueuedSynchronizer$ConditionObject.await(AbstractQueuedSynchronizer.java:2081)
  java.base@11.0.29/java.util.concurrent.LinkedBlockingQueue.take(LinkedBlockingQueue.java:433)
  java.base@11.0.29/java.util.concurrent.ThreadPoolExecutor.getTask(ThreadPoolExecutor.java:1054)
  java.base@11.0.29/java.util.concurrent.ThreadPoolExecutor.runWorker(ThreadPoolExecutor.java:1114)
  java.base@11.0.29/java.util.concurrent.ThreadPoolExecutor$Worker.run(ThreadPoolExecutor.java:628)
  java.base@11.0.29/java.lang.Thread.run(Thread.java:829)
Thread 61 'ClassGraph-worker-25':
  java.base@11.0.29/jdk.internal.misc.Unsafe.park(Native Method)
  java.base@11.0.29/java.util.concurrent.locks.LockSupport.park(LockSupport.java:194)
  java.base@11.0.29/java.util.concurrent.locks.AbstractQueuedSynchronizer$ConditionObject.await(AbstractQueuedSynchronizer.java:2081)
  java.base@11.0.29/java.util.concurrent.LinkedBlockingQueue.take(LinkedBlockingQueue.java:433)
  java.base@11.0.29/java.util.concurrent.ThreadPoolExecutor.getTask(ThreadPoolExecutor.java:1054)
  java.base@11.0.29/java.util.concurrent.ThreadPoolExecutor.runWorker(ThreadPoolExecutor.java:1114)
  java.base@11.0.29/java.util.concurrent.ThreadPoolExecutor$Worker.run(ThreadPoolExecutor.java:628)
  java.base@11.0.29/java.lang.Thread.run(Thread.java:829)
Thread 64 'ClassGraph-worker-28':
  java.base@11.0.29/jdk.internal.misc.Unsafe.park(Native Method)
  java.base@11.0.29/java.util.concurrent.locks.LockSupport.park(LockSupport.java:194)
  java.base@11.0.29/java.util.concurrent.locks.AbstractQueuedSynchronizer$ConditionObject.await(AbstractQueuedSynchronizer.java:2081)
  java.base@11.0.29/java.util.concurrent.LinkedBlockingQueue.take(LinkedBlockingQueue.java:433)
  java.base@11.0.29/java.util.concurrent.ThreadPoolExecutor.getTask(ThreadPoolExecutor.java:1054)
  java.base@11.0.29/java.util.concurrent.ThreadPoolExecutor.runWorker(ThreadPoolExecutor.java:1114)
  java.base@11.0.29/java.util.concurrent.ThreadPoolExecutor$Worker.run(ThreadPoolExecutor.java:628)
  java.base@11.0.29/java.lang.Thread.run(Thread.java:829)
Thread 60 'ClassGraph-worker-24':
  java.base@11.0.29/jdk.internal.misc.Unsafe.park(Native Method)
  java.base@11.0.29/java.util.concurrent.locks.LockSupport.park(LockSupport.java:194)
  java.base@11.0.29/java.util.concurrent.locks.AbstractQueuedSynchronizer$ConditionObject.await(AbstractQueuedSynchronizer.java:2081)
  java.base@11.0.29/java.util.concurrent.LinkedBlockingQueue.take(LinkedBlockingQueue.java:433)
  java.base@11.0.29/java.util.concurrent.ThreadPoolExecutor.getTask(ThreadPoolExecutor.java:1054)
  java.base@11.0.29/java.util.concurrent.ThreadPoolExecutor.runWorker(ThreadPoolExecutor.java:1114)
  java.base@11.0.29/java.util.concurrent.ThreadPoolExecutor$Worker.run(ThreadPoolExecutor.java:628)
  java.base@11.0.29/java.lang.Thread.run(Thread.java:829)
Thread 125 'ForkJoinPool.commonPool-worker-51':
  java.base@11.0.29/jdk.internal.misc.Unsafe.park(Native Method)
  java.base@11.0.29/java.util.concurrent.locks.LockSupport.park(LockSupport.java:194)
  java.base@11.0.29/java.util.concurrent.ForkJoinPool.runWorker(ForkJoinPool.java:1628)
  java.base@11.0.29/java.util.concurrent.ForkJoinWorkerThread.run(ForkJoinWorkerThread.java:183)
Thread 24 'grpc-default-executor-0':
  java.base@11.0.29/jdk.internal.misc.Unsafe.park(Native Method)
  java.base@11.0.29/java.util.concurrent.locks.LockSupport.parkNanos(LockSupport.java:234)
  java.base@11.0.29/java.util.concurrent.SynchronousQueue$TransferStack.awaitFulfill(SynchronousQueue.java:462)
  java.base@11.0.29/java.util.concurrent.SynchronousQueue$TransferStack.transfer(SynchronousQueue.java:361)
  java.base@11.0.29/java.util.concurrent.SynchronousQueue.poll(SynchronousQueue.java:937)
  java.base@11.0.29/java.util.concurrent.ThreadPoolExecutor.getTask(ThreadPoolExecutor.java:1053)
  java.base@11.0.29/java.util.concurrent.ThreadPoolExecutor.runWorker(ThreadPoolExecutor.java:1114)
  java.base@11.0.29/java.util.concurrent.ThreadPoolExecutor$Worker.run(ThreadPoolExecutor.java:628)
  java.base@11.0.29/java.lang.Thread.run(Unknown Source)
Thread 58 'ClassGraph-worker-22':
  java.base@11.0.29/jdk.internal.misc.Unsafe.park(Native Method)
  java.base@11.0.29/java.util.concurrent.locks.LockSupport.park(LockSupport.java:194)
  java.base@11.0.29/java.util.concurrent.locks.AbstractQueuedSynchronizer$ConditionObject.await(AbstractQueuedSynchronizer.java:2081)
  java.base@11.0.29/java.util.concurrent.LinkedBlockingQueue.take(LinkedBlockingQueue.java:433)
  java.base@11.0.29/java.util.concurrent.ThreadPoolExecutor.getTask(ThreadPoolExecutor.java:1054)
  java.base@11.0.29/java.util.concurrent.ThreadPoolExecutor.runWorker(ThreadPoolExecutor.java:1114)
  java.base@11.0.29/java.util.concurrent.ThreadPoolExecutor$Worker.run(ThreadPoolExecutor.java:628)
  java.base@11.0.29/java.lang.Thread.run(Thread.java:829)
Thread 59 'ClassGraph-worker-23':
  java.base@11.0.29/jdk.internal.misc.Unsafe.park(Native Method)
  java.base@11.0.29/java.util.concurrent.locks.LockSupport.park(LockSupport.java:194)
  java.base@11.0.29/java.util.concurrent.locks.AbstractQueuedSynchronizer$ConditionObject.await(AbstractQueuedSynchronizer.java:2081)
  java.base@11.0.29/java.util.concurrent.LinkedBlockingQueue.take(LinkedBlockingQueue.java:433)
  java.base@11.0.29/java.util.concurrent.ThreadPoolExecutor.getTask(ThreadPoolExecutor.java:1054)
  java.base@11.0.29/java.util.concurrent.ThreadPoolExecutor.runWorker(ThreadPoolExecutor.java:1114)
  java.base@11.0.29/java.util.concurrent.ThreadPoolExecutor$Worker.run(ThreadPoolExecutor.java:628)
  java.base@11.0.29/java.lang.Thread.run(Thread.java:829)
Thread 28 'grpc-default-executor-1':
  java.base@11.0.29/java.lang.Object.wait(Native Method)
  java.base@11.0.29/java.lang.Thread.join(Thread.java:1300)
  java.base@11.0.29/java.lang.Thread.join(Thread.java:1375)
  com.diffblue.cover.sandbox.execution.WorkerThread.callWorkerThread(SourceFile:183)
  com.diffblue.cover.sandbox.a.a.a(SourceFile:63)
  com.diffblue.fuzztest.g.e.u(SourceFile:786)
  com.diffblue.fuzztest.g.e$$Lambda$673/0x0000000800717c40.call(Unknown Source)
  com.diffblue.cover.sandbox.execution.WrapExceptionsInBaseException.handleException(SourceFile:64)
  com.diffblue.cover.sandbox.execution.WrapThrowableInBaseException.lambda$run$0(SourceFile:26)
  com.diffblue.cover.sandbox.execution.WrapThrowableInBaseException$$Lambda$316/0x00000008004e8840.call(Unknown Source)
  com.diffblue.cover.sandbox.execution.WrapThrowableInBaseException.handleThrowable(SourceFile:37)
  com.diffblue.cover.sandbox.execution.WrapThrowableInBaseException.run(SourceFile:26)
  com.diffblue.fuzztest.g.e.a(SourceFile:785)
  com.diffblue.fuzztest.g.o.a(SourceFile:198)
  com.diffblue.cover.analysis.a.c$a.a(SourceFile:290)
  com.diffblue.cover.analysis.a.c$a$$Lambda$672/0x0000000800717840.get(Unknown Source)
  com.diffblue.cover.analysis.a.c$a.a(SourceFile:124)
  com.diffblue.cover.analysis.a.c$a.tryAdvance(SourceFile:290)
  com.diffblue.cover.service.analyzer.a.c$a.a(SourceFile:2049)
  com.diffblue.cover.service.analyzer.a.a.m$h.invoke(SourceFile:719)
  io.grpc.stub.ServerCalls$UnaryServerCallHandler$UnaryServerCallListener.onHalfClose(SourceFile:182)
  io.grpc.internal.ServerCallImpl$ServerStreamListenerImpl.halfClosed(SourceFile:355)
  io.grpc.internal.ServerImpl$JumpToApplicationThreadServerStreamListener$1HalfClosed.runInContext(SourceFile:867)
  io.grpc.internal.ContextRunnable.run(SourceFile:37)
  io.grpc.internal.SerializingExecutor.run(SourceFile:133)
  java.base@11.0.29/java.util.concurrent.ThreadPoolExecutor.runWorker(ThreadPoolExecutor.java:1128)
  java.base@11.0.29/java.util.concurrent.ThreadPoolExecutor$Worker.run(ThreadPoolExecutor.java:628)
  java.base@11.0.29/java.lang.Thread.run(Unknown Source)
== end thread dump ==

16:00:21.243 [INFO]   [Creating]    Exiting service.
16:00:21.790 [INFO]   [Creating]    Filtering of methods complete. Creating analysis request
16:00:21.790 [INFO]   [Creating]    Attempting to get service client, retry 1.
16:00:21.790 [INFO]   [Creating]    Starting monitoring server.
16:00:21.791 [INFO]   [Creating]    Monitoring server listening on localhost/127.0.0.1:36159
16:00:21.791 [INFO]   [Creating]    Starting analyzer server process...
16:00:21.791 [INFO]   [Creating]    Server command-line: /home/jbergqvist/.sdkman/candidates/java/11.0.29-amzn/bin/java -XX:+IgnoreUnrecognizedVMOptions -XX:StartFlightRecording=duration=300s,filename=.diffblue/cover-flight.jfr -Djdk.attach.allowAttachSelf=true -Djdk.jar.maxSignatureFileSize=100000000 -ea -javaagent:/opt/cover/launcher-shared-jar.jar -Dlogback.configurationFile=/tmp/diffblue/config/logback-remote-service.xml -Dcom.diffblue.springIsolationJar=/opt/cover/cover-isolation-layer.jar -Dcover.jar.path=/opt/cover/cover-service-analyzer.jar -Dcom.diffblue.assertionSuggestionJar=/opt/cover/cover-service-analyzer.jar -Dcover.main.class=com.diffblue.cover.service.analyzer.Main -jar /opt/cover/launcher-shared-jar.jar --service-lifespan 120 --monitoring-service-port 36159 --index-service-port 36159 --debug-log
16:00:21.792 [INFO]   [Creating]    Server started. Waiting up to 300 seconds for a connection to be established...
16:00:22.823 [INFO]   [Creating]    Starting new remote monitor client
16:00:23.461 [INFO]   [Creating]    Attempting to start remote server.
16:00:23.611 [INFO]   [Creating]    Server started, listening on localhost/127.0.0.1:46167
16:00:23.614 [INFO]   [Creating]    Expect analyzer service to be listening on port 46167.
16:00:23.675 [INFO]   [Creating]    Started analyzer service and client retrieved.
16:00:38.848 [INFO]   [Creating]        [238/912] org.symphonyoss.symphony.messageml.elements.Element.assertAttributeValue
16:00:38.848 [INFO]   [Creating]        [238/912]   R013: No inputs found that don't throw a trivial exception
16:00:38.848 [INFO]   [Creating]        [238/912]     Diffblue Cover tried to run the arrange/act section, but the test threw
16:00:38.848 [INFO]   [Creating]        [238/912]     java.lang.NullPointerException
16:00:38.848 [INFO]   [Creating]        [238/912]         at org.symphonyoss.symphony.messageml.elements.Element.assertAttributeValue(Element.java:551)
16:00:38.848 [INFO]   [Creating]        [238/912]     In order to prevent assertAttributeValue(String, Collection)
16:00:38.848 [INFO]   [Creating]        [238/912]     from throwing NullPointerException, add constructors or factory
16:00:38.848 [INFO]   [Creating]        [238/912]     methods that make it easier to construct fully initialized objects used in
16:00:38.848 [INFO]   [Creating]        [238/912]     assertAttributeValue(String, Collection).
16:00:38.848 [INFO]   [Creating]        [238/912]     See https://diff.blue/R013 to resolve this issue.
16:00:39.844 [INFO]   [Creating]        [238/912] org.symphonyoss.symphony.messageml.elements.Element.addChild
16:00:39.844 [INFO]   [Creating]        [238/912]   Diffblue AI was unable to find a test
16:00:41.176 [INFO]   [Creating]        [238/912] org.symphonyoss.symphony.messageml.elements.Element.areNestedElementsAllowed
16:00:41.176 [INFO]   [Creating]        [238/912]   Tests created: 2
16:00:50.708 [INFO]   [Creating]        [238/912] org.symphonyoss.symphony.messageml.elements.Element.asEntityJson
16:00:50.708 [INFO]   [Creating]        [238/912]   Tests created: 2
16:00:55.611 [INFO]   [Creating]        [238/912] org.symphonyoss.symphony.messageml.elements.Element.asPresentationML
16:00:55.611 [INFO]   [Creating]        [238/912]   Tests created: 54
16:00:59.207 [INFO]   [Creating]        [238/912] org.symphonyoss.symphony.messageml.elements.Element.asText
16:00:59.207 [INFO]   [Creating]        [238/912]   Tests created: 6
16:01:01.502 [INFO]   [Creating]        [238/912] org.symphonyoss.symphony.messageml.elements.Element.assertAttributeIsBoolean
16:01:01.502 [INFO]   [Creating]        [238/912]   R013: No inputs found that don't throw a trivial exception
16:01:01.502 [INFO]   [Creating]        [238/912]     Diffblue Cover tried to run the arrange/act section, but the test threw
16:01:01.502 [INFO]   [Creating]        [238/912]     java.lang.NullPointerException
16:01:01.502 [INFO]   [Creating]        [238/912]         at org.symphonyoss.symphony.messageml.elements.Element.assertAttributeValue(Element.java:551)
16:01:01.502 [INFO]   [Creating]        [238/912]         at org.symphonyoss.symphony.messageml.elements.Element.assertAttributeIsBoolean(Element.java:566)
16:01:01.502 [INFO]   [Creating]        [238/912]     In order to prevent assertAttributeIsBoolean(String)
16:01:01.502 [INFO]   [Creating]        [238/912]     from throwing NullPointerException, add constructors or factory
16:01:01.502 [INFO]   [Creating]        [238/912]     methods that make it easier to construct fully initialized objects used in
16:01:01.502 [INFO]   [Creating]        [238/912]     assertAttributeIsBoolean(String).
16:01:01.502 [INFO]   [Creating]        [238/912]     See https://diff.blue/R013 to resolve this issue.
16:01:02.711 [INFO]   [Creating]        [238/912] org.symphonyoss.symphony.messageml.elements.Element.assertAttributeMaxLength
16:01:02.711 [INFO]   [Creating]        [238/912]   Diffblue AI was unable to find a test
16:01:05.450 [INFO]   [Creating]        [238/912] org.symphonyoss.symphony.messageml.elements.Element.assertAttributeNotBlank
16:01:05.450 [INFO]   [Creating]        [238/912]   Tests created: 2
16:02:05.646 [INFO]   [Creating]    Service shutdown due to watchdog timeout
16:02:05.655 [INFO]   [Creating]    
== begin thread dump ==

108 threads

Thread 117 'ClassGraph-worker-76':
  java.base@11.0.29/jdk.internal.misc.Unsafe.park(Native Method)
  java.base@11.0.29/java.util.concurrent.locks.LockSupport.park(LockSupport.java:194)
  java.base@11.0.29/java.util.concurrent.locks.AbstractQueuedSynchronizer$ConditionObject.await(AbstractQueuedSynchronizer.java:2081)
  java.base@11.0.29/java.util.concurrent.LinkedBlockingQueue.take(LinkedBlockingQueue.java:433)
  java.base@11.0.29/java.util.concurrent.ThreadPoolExecutor.getTask(ThreadPoolExecutor.java:1054)
  java.base@11.0.29/java.util.concurrent.ThreadPoolExecutor.runWorker(ThreadPoolExecutor.java:1114)
  java.base@11.0.29/java.util.concurrent.ThreadPoolExecutor$Worker.run(ThreadPoolExecutor.java:628)
  java.base@11.0.29/java.lang.Thread.run(Thread.java:829)
Thread 128 'grpc-default-executor-2':
  java.base@11.0.29/jdk.internal.misc.Unsafe.park(Native Method)
  java.base@11.0.29/java.util.concurrent.locks.LockSupport.parkNanos(LockSupport.java:234)
  java.base@11.0.29/java.util.concurrent.SynchronousQueue$TransferStack.awaitFulfill(SynchronousQueue.java:462)
  java.base@11.0.29/java.util.concurrent.SynchronousQueue$TransferStack.transfer(SynchronousQueue.java:361)
  java.base@11.0.29/java.util.concurrent.SynchronousQueue.poll(SynchronousQueue.java:937)
  java.base@11.0.29/java.util.concurrent.ThreadPoolExecutor.getTask(ThreadPoolExecutor.java:1053)
  java.base@11.0.29/java.util.concurrent.ThreadPoolExecutor.runWorker(ThreadPoolExecutor.java:1114)
  java.base@11.0.29/java.util.concurrent.ThreadPoolExecutor$Worker.run(ThreadPoolExecutor.java:628)
  java.base@11.0.29/java.lang.Thread.run(Thread.java:829)
Thread 53 'ClassGraph-worker-12':
  java.base@11.0.29/jdk.internal.misc.Unsafe.park(Native Method)
  java.base@11.0.29/java.util.concurrent.locks.LockSupport.park(LockSupport.java:194)
  java.base@11.0.29/java.util.concurrent.locks.AbstractQueuedSynchronizer$ConditionObject.await(AbstractQueuedSynchronizer.java:2081)
  java.base@11.0.29/java.util.concurrent.LinkedBlockingQueue.take(LinkedBlockingQueue.java:433)
  java.base@11.0.29/java.util.concurrent.ThreadPoolExecutor.getTask(ThreadPoolExecutor.java:1054)
  java.base@11.0.29/java.util.concurrent.ThreadPoolExecutor.runWorker(ThreadPoolExecutor.java:1114)
  java.base@11.0.29/java.util.concurrent.ThreadPoolExecutor$Worker.run(ThreadPoolExecutor.java:628)
  java.base@11.0.29/java.lang.Thread.run(Thread.java:829)
Thread 67 'ClassGraph-worker-26':
  java.base@11.0.29/jdk.internal.misc.Unsafe.park(Native Method)
  java.base@11.0.29/java.util.concurrent.locks.LockSupport.park(LockSupport.java:194)
  java.base@11.0.29/java.util.concurrent.locks.AbstractQueuedSynchronizer$ConditionObject.await(AbstractQueuedSynchronizer.java:2081)
  java.base@11.0.29/java.util.concurrent.LinkedBlockingQueue.take(LinkedBlockingQueue.java:433)
  java.base@11.0.29/java.util.concurrent.ThreadPoolExecutor.getTask(ThreadPoolExecutor.java:1054)
  java.base@11.0.29/java.util.concurrent.ThreadPoolExecutor.runWorker(ThreadPoolExecutor.java:1114)
  java.base@11.0.29/java.util.concurrent.ThreadPoolExecutor$Worker.run(ThreadPoolExecutor.java:628)
  java.base@11.0.29/java.lang.Thread.run(Thread.java:829)
Thread 74 'ClassGraph-worker-33':
  java.base@11.0.29/jdk.internal.misc.Unsafe.park(Native Method)
  java.base@11.0.29/java.util.concurrent.locks.LockSupport.park(LockSupport.java:194)
  java.base@11.0.29/java.util.concurrent.locks.AbstractQueuedSynchronizer$ConditionObject.await(AbstractQueuedSynchronizer.java:2081)
  java.base@11.0.29/java.util.concurrent.LinkedBlockingQueue.take(LinkedBlockingQueue.java:433)
  java.base@11.0.29/java.util.concurrent.ThreadPoolExecutor.getTask(ThreadPoolExecutor.java:1054)
  java.base@11.0.29/java.util.concurrent.ThreadPoolExecutor.runWorker(ThreadPoolExecutor.java:1114)
  java.base@11.0.29/java.util.concurrent.ThreadPoolExecutor$Worker.run(ThreadPoolExecutor.java:628)
  java.base@11.0.29/java.lang.Thread.run(Thread.java:829)
Thread 105 'ClassGraph-worker-64':
  java.base@11.0.29/jdk.internal.misc.Unsafe.park(Native Method)
  java.base@11.0.29/java.util.concurrent.locks.LockSupport.park(LockSupport.java:194)
  java.base@11.0.29/java.util.concurrent.locks.AbstractQueuedSynchronizer$ConditionObject.await(AbstractQueuedSynchronizer.java:2081)
  java.base@11.0.29/java.util.concurrent.LinkedBlockingQueue.take(LinkedBlockingQueue.java:433)
  java.base@11.0.29/java.util.concurrent.ThreadPoolExecutor.getTask(ThreadPoolExecutor.java:1054)
  java.base@11.0.29/java.util.concurrent.ThreadPoolExecutor.runWorker(ThreadPoolExecutor.java:1114)
  java.base@11.0.29/java.util.concurrent.ThreadPoolExecutor$Worker.run(ThreadPoolExecutor.java:628)
  java.base@11.0.29/java.lang.Thread.run(Thread.java:829)
Thread 106 'ClassGraph-worker-65':
  java.base@11.0.29/jdk.internal.misc.Unsafe.park(Native Method)
  java.base@11.0.29/java.util.concurrent.locks.LockSupport.park(LockSupport.java:194)
  java.base@11.0.29/java.util.concurrent.locks.AbstractQueuedSynchronizer$ConditionObject.await(AbstractQueuedSynchronizer.java:2081)
  java.base@11.0.29/java.util.concurrent.LinkedBlockingQueue.take(LinkedBlockingQueue.java:433)
  java.base@11.0.29/java.util.concurrent.ThreadPoolExecutor.getTask(ThreadPoolExecutor.java:1054)
  java.base@11.0.29/java.util.concurrent.ThreadPoolExecutor.runWorker(ThreadPoolExecutor.java:1114)
  java.base@11.0.29/java.util.concurrent.ThreadPoolExecutor$Worker.run(ThreadPoolExecutor.java:628)
  java.base@11.0.29/java.lang.Thread.run(Thread.java:829)
Thread 50 'ClassGraph-worker-9':
  java.base@11.0.29/jdk.internal.misc.Unsafe.park(Native Method)
  java.base@11.0.29/java.util.concurrent.locks.LockSupport.park(LockSupport.java:194)
  java.base@11.0.29/java.util.concurrent.locks.AbstractQueuedSynchronizer$ConditionObject.await(AbstractQueuedSynchronizer.java:2081)
  java.base@11.0.29/java.util.concurrent.LinkedBlockingQueue.take(LinkedBlockingQueue.java:433)
  java.base@11.0.29/java.util.concurrent.ThreadPoolExecutor.getTask(ThreadPoolExecutor.java:1054)
  java.base@11.0.29/java.util.concurrent.ThreadPoolExecutor.runWorker(ThreadPoolExecutor.java:1114)
  java.base@11.0.29/java.util.concurrent.ThreadPoolExecutor$Worker.run(ThreadPoolExecutor.java:628)
  java.base@11.0.29/java.lang.Thread.run(Thread.java:829)
Thread 58 'ClassGraph-worker-17':
  java.base@11.0.29/jdk.internal.misc.Unsafe.park(Native Method)
  java.base@11.0.29/java.util.concurrent.locks.LockSupport.park(LockSupport.java:194)
  java.base@11.0.29/java.util.concurrent.locks.AbstractQueuedSynchronizer$ConditionObject.await(AbstractQueuedSynchronizer.java:2081)
  java.base@11.0.29/java.util.concurrent.LinkedBlockingQueue.take(LinkedBlockingQueue.java:433)
  java.base@11.0.29/java.util.concurrent.ThreadPoolExecutor.getTask(ThreadPoolExecutor.java:1054)
  java.base@11.0.29/java.util.concurrent.ThreadPoolExecutor.runWorker(ThreadPoolExecutor.java:1114)
  java.base@11.0.29/java.util.concurrent.ThreadPoolExecutor$Worker.run(ThreadPoolExecutor.java:628)
  java.base@11.0.29/java.lang.Thread.run(Thread.java:829)
Thread 62 'ClassGraph-worker-21':
  java.base@11.0.29/jdk.internal.misc.Unsafe.park(Native Method)
  java.base@11.0.29/java.util.concurrent.locks.LockSupport.park(LockSupport.java:194)
  java.base@11.0.29/java.util.concurrent.locks.AbstractQueuedSynchronizer$ConditionObject.await(AbstractQueuedSynchronizer.java:2081)
  java.base@11.0.29/java.util.concurrent.LinkedBlockingQueue.take(LinkedBlockingQueue.java:433)
  java.base@11.0.29/java.util.concurrent.ThreadPoolExecutor.getTask(ThreadPoolExecutor.java:1054)
  java.base@11.0.29/java.util.concurrent.ThreadPoolExecutor.runWorker(ThreadPoolExecutor.java:1114)
  java.base@11.0.29/java.util.concurrent.ThreadPoolExecutor$Worker.run(ThreadPoolExecutor.java:628)
  java.base@11.0.29/java.lang.Thread.run(Thread.java:829)
Thread 28 'grpc-default-worker-ELG-1-2':
  io.grpc.netty.shaded.io.netty.channel.epoll.EpollEventLoop.run(SourceFile:396)
  io.grpc.netty.shaded.io.netty.util.concurrent.SingleThreadEventExecutor$4.run(SourceFile:997)
  io.grpc.netty.shaded.io.netty.util.internal.ThreadExecutorMap$2.run(SourceFile:74)
  io.grpc.netty.shaded.io.netty.util.concurrent.FastThreadLocalRunnable.run(SourceFile:30)
  java.base@11.0.29/java.lang.Thread.run(Unknown Source)
Thread 94 'ClassGraph-worker-53':
  java.base@11.0.29/jdk.internal.misc.Unsafe.park(Native Method)
  java.base@11.0.29/java.util.concurrent.locks.LockSupport.park(LockSupport.java:194)
  java.base@11.0.29/java.util.concurrent.locks.AbstractQueuedSynchronizer$ConditionObject.await(AbstractQueuedSynchronizer.java:2081)
  java.base@11.0.29/java.util.concurrent.LinkedBlockingQueue.take(LinkedBlockingQueue.java:433)
  java.base@11.0.29/java.util.concurrent.ThreadPoolExecutor.getTask(ThreadPoolExecutor.java:1054)
  java.base@11.0.29/java.util.concurrent.ThreadPoolExecutor.runWorker(ThreadPoolExecutor.java:1114)
  java.base@11.0.29/java.util.concurrent.ThreadPoolExecutor$Worker.run(ThreadPoolExecutor.java:628)
  java.base@11.0.29/java.lang.Thread.run(Thread.java:829)
Thread 118 'ClassGraph-worker-77':
  java.base@11.0.29/jdk.internal.misc.Unsafe.park(Native Method)
  java.base@11.0.29/java.util.concurrent.locks.LockSupport.park(LockSupport.java:194)
  java.base@11.0.29/java.util.concurrent.locks.AbstractQueuedSynchronizer$ConditionObject.await(AbstractQueuedSynchronizer.java:2081)
  java.base@11.0.29/java.util.concurrent.LinkedBlockingQueue.take(LinkedBlockingQueue.java:433)
  java.base@11.0.29/java.util.concurrent.ThreadPoolExecutor.getTask(ThreadPoolExecutor.java:1054)
  java.base@11.0.29/java.util.concurrent.ThreadPoolExecutor.runWorker(ThreadPoolExecutor.java:1114)
  java.base@11.0.29/java.util.concurrent.ThreadPoolExecutor$Worker.run(ThreadPoolExecutor.java:628)
  java.base@11.0.29/java.lang.Thread.run(Thread.java:829)
Thread 44 'ClassGraph-worker-3':
  java.base@11.0.29/jdk.internal.misc.Unsafe.park(Native Method)
  java.base@11.0.29/java.util.concurrent.locks.LockSupport.park(LockSupport.java:194)
  java.base@11.0.29/java.util.concurrent.locks.AbstractQueuedSynchronizer$ConditionObject.await(AbstractQueuedSynchronizer.java:2081)
  java.base@11.0.29/java.util.concurrent.LinkedBlockingQueue.take(LinkedBlockingQueue.java:433)
  java.base@11.0.29/java.util.concurrent.ThreadPoolExecutor.getTask(ThreadPoolExecutor.java:1054)
  java.base@11.0.29/java.util.concurrent.ThreadPoolExecutor.runWorker(ThreadPoolExecutor.java:1114)
  java.base@11.0.29/java.util.concurrent.ThreadPoolExecutor$Worker.run(ThreadPoolExecutor.java:628)
  java.base@11.0.29/java.lang.Thread.run(Thread.java:829)
Thread 109 'ClassGraph-worker-68':
  java.base@11.0.29/jdk.internal.misc.Unsafe.park(Native Method)
  java.base@11.0.29/java.util.concurrent.locks.LockSupport.park(LockSupport.java:194)
  java.base@11.0.29/java.util.concurrent.locks.AbstractQueuedSynchronizer$ConditionObject.await(AbstractQueuedSynchronizer.java:2081)
  java.base@11.0.29/java.util.concurrent.LinkedBlockingQueue.take(LinkedBlockingQueue.java:433)
  java.base@11.0.29/java.util.concurrent.ThreadPoolExecutor.getTask(ThreadPoolExecutor.java:1054)
  java.base@11.0.29/java.util.concurrent.ThreadPoolExecutor.runWorker(ThreadPoolExecutor.java:1114)
  java.base@11.0.29/java.util.concurrent.ThreadPoolExecutor$Worker.run(ThreadPoolExecutor.java:628)
  java.base@11.0.29/java.lang.Thread.run(Thread.java:829)
Thread 126 'ClassGraph-worker-85':
  java.base@11.0.29/jdk.internal.misc.Unsafe.park(Native Method)
  java.base@11.0.29/java.util.concurrent.locks.LockSupport.park(LockSupport.java:194)
  java.base@11.0.29/java.util.concurrent.locks.AbstractQueuedSynchronizer$ConditionObject.await(AbstractQueuedSynchronizer.java:2081)
  java.base@11.0.29/java.util.concurrent.LinkedBlockingQueue.take(LinkedBlockingQueue.java:433)
  java.base@11.0.29/java.util.concurrent.ThreadPoolExecutor.getTask(ThreadPoolExecutor.java:1054)
  java.base@11.0.29/java.util.concurrent.ThreadPoolExecutor.runWorker(ThreadPoolExecutor.java:1114)
  java.base@11.0.29/java.util.concurrent.ThreadPoolExecutor$Worker.run(ThreadPoolExecutor.java:628)
  java.base@11.0.29/java.lang.Thread.run(Thread.java:829)
Thread 89 'ClassGraph-worker-48':
  java.base@11.0.29/jdk.internal.misc.Unsafe.park(Native Method)
  java.base@11.0.29/java.util.concurrent.locks.LockSupport.park(LockSupport.java:194)
  java.base@11.0.29/java.util.concurrent.locks.AbstractQueuedSynchronizer$ConditionObject.await(AbstractQueuedSynchronizer.java:2081)
  java.base@11.0.29/java.util.concurrent.LinkedBlockingQueue.take(LinkedBlockingQueue.java:433)
  java.base@11.0.29/java.util.concurrent.ThreadPoolExecutor.getTask(ThreadPoolExecutor.java:1054)
  java.base@11.0.29/java.util.concurrent.ThreadPoolExecutor.runWorker(ThreadPoolExecutor.java:1114)
  java.base@11.0.29/java.util.concurrent.ThreadPoolExecutor$Worker.run(ThreadPoolExecutor.java:628)
  java.base@11.0.29/java.lang.Thread.run(Thread.java:829)
Thread 46 'ClassGraph-worker-5':
  java.base@11.0.29/jdk.internal.misc.Unsafe.park(Native Method)
  java.base@11.0.29/java.util.concurrent.locks.LockSupport.park(LockSupport.java:194)
  java.base@11.0.29/java.util.concurrent.locks.AbstractQueuedSynchronizer$ConditionObject.await(AbstractQueuedSynchronizer.java:2081)
  java.base@11.0.29/java.util.concurrent.LinkedBlockingQueue.take(LinkedBlockingQueue.java:433)
  java.base@11.0.29/java.util.concurrent.ThreadPoolExecutor.getTask(ThreadPoolExecutor.java:1054)
  java.base@11.0.29/java.util.concurrent.ThreadPoolExecutor.runWorker(ThreadPoolExecutor.java:1114)
  java.base@11.0.29/java.util.concurrent.ThreadPoolExecutor$Worker.run(ThreadPoolExecutor.java:628)
  java.base@11.0.29/java.lang.Thread.run(Thread.java:829)
Thread 32 'grpc-default-worker-ELG-1-3':
  io.grpc.netty.shaded.io.netty.channel.epoll.Native.epollWait0(Native Method)
  io.grpc.netty.shaded.io.netty.channel.epoll.Native.epollWait(SourceFile:182)
  io.grpc.netty.shaded.io.netty.channel.epoll.EpollEventLoop.epollWait(SourceFile:290)
  io.grpc.netty.shaded.io.netty.channel.epoll.EpollEventLoop.run(SourceFile:354)
  io.grpc.netty.shaded.io.netty.util.concurrent.SingleThreadEventExecutor$4.run(SourceFile:997)
  io.grpc.netty.shaded.io.netty.util.internal.ThreadExecutorMap$2.run(SourceFile:74)
  io.grpc.netty.shaded.io.netty.util.concurrent.FastThreadLocalRunnable.run(SourceFile:30)
  java.base@11.0.29/java.lang.Thread.run(Unknown Source)
Thread 71 'ClassGraph-worker-30':
  java.base@11.0.29/jdk.internal.misc.Unsafe.park(Native Method)
  java.base@11.0.29/java.util.concurrent.locks.LockSupport.park(LockSupport.java:194)
  java.base@11.0.29/java.util.concurrent.locks.AbstractQueuedSynchronizer$ConditionObject.await(AbstractQueuedSynchronizer.java:2081)
  java.base@11.0.29/java.util.concurrent.LinkedBlockingQueue.take(LinkedBlockingQueue.java:433)
  java.base@11.0.29/java.util.concurrent.ThreadPoolExecutor.getTask(ThreadPoolExecutor.java:1054)
  java.base@11.0.29/java.util.concurrent.ThreadPoolExecutor.runWorker(ThreadPoolExecutor.java:1114)
  java.base@11.0.29/java.util.concurrent.ThreadPoolExecutor$Worker.run(ThreadPoolExecutor.java:628)
  java.base@11.0.29/java.lang.Thread.run(Thread.java:829)
Thread 83 'ClassGraph-worker-42':
  java.base@11.0.29/jdk.internal.misc.Unsafe.park(Native Method)
  java.base@11.0.29/java.util.concurrent.locks.LockSupport.park(LockSupport.java:194)
  java.base@11.0.29/java.util.concurrent.locks.AbstractQueuedSynchronizer$ConditionObject.await(AbstractQueuedSynchronizer.java:2081)
  java.base@11.0.29/java.util.concurrent.LinkedBlockingQueue.take(LinkedBlockingQueue.java:433)
  java.base@11.0.29/java.util.concurrent.ThreadPoolExecutor.getTask(ThreadPoolExecutor.java:1054)
  java.base@11.0.29/java.util.concurrent.ThreadPoolExecutor.runWorker(ThreadPoolExecutor.java:1114)
  java.base@11.0.29/java.util.concurrent.ThreadPoolExecutor$Worker.run(ThreadPoolExecutor.java:628)
  java.base@11.0.29/java.lang.Thread.run(Thread.java:829)
Thread 42 'ClassGraph-worker-1':
  java.base@11.0.29/jdk.internal.misc.Unsafe.park(Native Method)
  java.base@11.0.29/java.util.concurrent.locks.LockSupport.park(LockSupport.java:194)
  java.base@11.0.29/java.util.concurrent.locks.AbstractQueuedSynchronizer$ConditionObject.await(AbstractQueuedSynchronizer.java:2081)
  java.base@11.0.29/java.util.concurrent.LinkedBlockingQueue.take(LinkedBlockingQueue.java:433)
  java.base@11.0.29/java.util.concurrent.ThreadPoolExecutor.getTask(ThreadPoolExecutor.java:1054)
  java.base@11.0.29/java.util.concurrent.ThreadPoolExecutor.runWorker(ThreadPoolExecutor.java:1114)
  java.base@11.0.29/java.util.concurrent.ThreadPoolExecutor$Worker.run(ThreadPoolExecutor.java:628)
  java.base@11.0.29/java.lang.Thread.run(Thread.java:829)
Thread 92 'ClassGraph-worker-51':
  java.base@11.0.29/jdk.internal.misc.Unsafe.park(Native Method)
  java.base@11.0.29/java.util.concurrent.locks.LockSupport.park(LockSupport.java:194)
  java.base@11.0.29/java.util.concurrent.locks.AbstractQueuedSynchronizer$ConditionObject.await(AbstractQueuedSynchronizer.java:2081)
  java.base@11.0.29/java.util.concurrent.LinkedBlockingQueue.take(LinkedBlockingQueue.java:433)
  java.base@11.0.29/java.util.concurrent.ThreadPoolExecutor.getTask(ThreadPoolExecutor.java:1054)
  java.base@11.0.29/java.util.concurrent.ThreadPoolExecutor.runWorker(ThreadPoolExecutor.java:1114)
  java.base@11.0.29/java.util.concurrent.ThreadPoolExecutor$Worker.run(ThreadPoolExecutor.java:628)
  java.base@11.0.29/java.lang.Thread.run(Thread.java:829)
Thread 33 'grpc-default-executor-1':
  java.base@11.0.29/jdk.internal.misc.Unsafe.park(Native Method)
  java.base@11.0.29/java.util.concurrent.locks.LockSupport.parkNanos(LockSupport.java:234)
  java.base@11.0.29/java.util.concurrent.SynchronousQueue$TransferStack.awaitFulfill(SynchronousQueue.java:462)
  java.base@11.0.29/java.util.concurrent.SynchronousQueue$TransferStack.transfer(SynchronousQueue.java:361)
  java.base@11.0.29/java.util.concurrent.SynchronousQueue.poll(SynchronousQueue.java:937)
  java.base@11.0.29/java.util.concurrent.ThreadPoolExecutor.getTask(ThreadPoolExecutor.java:1053)
  java.base@11.0.29/java.util.concurrent.ThreadPoolExecutor.runWorker(ThreadPoolExecutor.java:1114)
  java.base@11.0.29/java.util.concurrent.ThreadPoolExecutor$Worker.run(ThreadPoolExecutor.java:628)
  java.base@11.0.29/java.lang.Thread.run(Unknown Source)
Thread 20 'JFR Recorder Thread':
Thread 61 'ClassGraph-worker-20':
  java.base@11.0.29/jdk.internal.misc.Unsafe.park(Native Method)
  java.base@11.0.29/java.util.concurrent.locks.LockSupport.park(LockSupport.java:194)
  java.base@11.0.29/java.util.concurrent.locks.AbstractQueuedSynchronizer$ConditionObject.await(AbstractQueuedSynchronizer.java:2081)
  java.base@11.0.29/java.util.concurrent.LinkedBlockingQueue.take(LinkedBlockingQueue.java:433)
  java.base@11.0.29/java.util.concurrent.ThreadPoolExecutor.getTask(ThreadPoolExecutor.java:1054)
  java.base@11.0.29/java.util.concurrent.ThreadPoolExecutor.runWorker(ThreadPoolExecutor.java:1114)
  java.base@11.0.29/java.util.concurrent.ThreadPoolExecutor$Worker.run(ThreadPoolExecutor.java:628)
  java.base@11.0.29/java.lang.Thread.run(Thread.java:829)
Thread 72 'ClassGraph-worker-31':
  java.base@11.0.29/jdk.internal.misc.Unsafe.park(Native Method)
  java.base@11.0.29/java.util.concurrent.locks.LockSupport.park(LockSupport.java:194)
  java.base@11.0.29/java.util.concurrent.locks.AbstractQueuedSynchronizer$ConditionObject.await(AbstractQueuedSynchronizer.java:2081)
  java.base@11.0.29/java.util.concurrent.LinkedBlockingQueue.take(LinkedBlockingQueue.java:433)
  java.base@11.0.29/java.util.concurrent.ThreadPoolExecutor.getTask(ThreadPoolExecutor.java:1054)
  java.base@11.0.29/java.util.concurrent.ThreadPoolExecutor.runWorker(ThreadPoolExecutor.java:1114)
  java.base@11.0.29/java.util.concurrent.ThreadPoolExecutor$Worker.run(ThreadPoolExecutor.java:628)
  java.base@11.0.29/java.lang.Thread.run(Thread.java:829)
Thread 124 'ClassGraph-worker-83':
  java.base@11.0.29/jdk.internal.misc.Unsafe.park(Native Method)
  java.base@11.0.29/java.util.concurrent.locks.LockSupport.park(LockSupport.java:194)
  java.base@11.0.29/java.util.concurrent.locks.AbstractQueuedSynchronizer$ConditionObject.await(AbstractQueuedSynchronizer.java:2081)
  java.base@11.0.29/java.util.concurrent.LinkedBlockingQueue.take(LinkedBlockingQueue.java:433)
  java.base@11.0.29/java.util.concurrent.ThreadPoolExecutor.getTask(ThreadPoolExecutor.java:1054)
  java.base@11.0.29/java.util.concurrent.ThreadPoolExecutor.runWorker(ThreadPoolExecutor.java:1114)
  java.base@11.0.29/java.util.concurrent.ThreadPoolExecutor$Worker.run(ThreadPoolExecutor.java:628)
  java.base@11.0.29/java.lang.Thread.run(Thread.java:829)
Thread 84 'ClassGraph-worker-43':
  java.base@11.0.29/jdk.internal.misc.Unsafe.park(Native Method)
  java.base@11.0.29/java.util.concurrent.locks.LockSupport.park(LockSupport.java:194)
  java.base@11.0.29/java.util.concurrent.locks.AbstractQueuedSynchronizer$ConditionObject.await(AbstractQueuedSynchronizer.java:2081)
  java.base@11.0.29/java.util.concurrent.LinkedBlockingQueue.take(LinkedBlockingQueue.java:433)
  java.base@11.0.29/java.util.concurrent.ThreadPoolExecutor.getTask(ThreadPoolExecutor.java:1054)
  java.base@11.0.29/java.util.concurrent.ThreadPoolExecutor.runWorker(ThreadPoolExecutor.java:1114)
  java.base@11.0.29/java.util.concurrent.ThreadPoolExecutor$Worker.run(ThreadPoolExecutor.java:628)
  java.base@11.0.29/java.lang.Thread.run(Thread.java:829)
Thread 115 'ClassGraph-worker-74':
  java.base@11.0.29/jdk.internal.misc.Unsafe.park(Native Method)
  java.base@11.0.29/java.util.concurrent.locks.LockSupport.park(LockSupport.java:194)
  java.base@11.0.29/java.util.concurrent.locks.AbstractQueuedSynchronizer$ConditionObject.await(AbstractQueuedSynchronizer.java:2081)
  java.base@11.0.29/java.util.concurrent.LinkedBlockingQueue.take(LinkedBlockingQueue.java:433)
  java.base@11.0.29/java.util.concurrent.ThreadPoolExecutor.getTask(ThreadPoolExecutor.java:1054)
  java.base@11.0.29/java.util.concurrent.ThreadPoolExecutor.runWorker(ThreadPoolExecutor.java:1114)
  java.base@11.0.29/java.util.concurrent.ThreadPoolExecutor$Worker.run(ThreadPoolExecutor.java:628)
  java.base@11.0.29/java.lang.Thread.run(Thread.java:829)
Thread 78 'ClassGraph-worker-37':
  java.base@11.0.29/jdk.internal.misc.Unsafe.park(Native Method)
  java.base@11.0.29/java.util.concurrent.locks.LockSupport.park(LockSupport.java:194)
  java.base@11.0.29/java.util.concurrent.locks.AbstractQueuedSynchronizer$ConditionObject.await(AbstractQueuedSynchronizer.java:2081)
  java.base@11.0.29/java.util.concurrent.LinkedBlockingQueue.take(LinkedBlockingQueue.java:433)
  java.base@11.0.29/java.util.concurrent.ThreadPoolExecutor.getTask(ThreadPoolExecutor.java:1054)
  java.base@11.0.29/java.util.concurrent.ThreadPoolExecutor.runWorker(ThreadPoolExecutor.java:1114)
  java.base@11.0.29/java.util.concurrent.ThreadPoolExecutor$Worker.run(ThreadPoolExecutor.java:628)
  java.base@11.0.29/java.lang.Thread.run(Thread.java:829)
Thread 59 'ClassGraph-worker-18':
  java.base@11.0.29/jdk.internal.misc.Unsafe.park(Native Method)
  java.base@11.0.29/java.util.concurrent.locks.LockSupport.park(LockSupport.java:194)
  java.base@11.0.29/java.util.concurrent.locks.AbstractQueuedSynchronizer$ConditionObject.await(AbstractQueuedSynchronizer.java:2081)
  java.base@11.0.29/java.util.concurrent.LinkedBlockingQueue.take(LinkedBlockingQueue.java:433)
  java.base@11.0.29/java.util.concurrent.ThreadPoolExecutor.getTask(ThreadPoolExecutor.java:1054)
  java.base@11.0.29/java.util.concurrent.ThreadPoolExecutor.runWorker(ThreadPoolExecutor.java:1114)
  java.base@11.0.29/java.util.concurrent.ThreadPoolExecutor$Worker.run(ThreadPoolExecutor.java:628)
  java.base@11.0.29/java.lang.Thread.run(Thread.java:829)
Thread 96 'ClassGraph-worker-55':
  java.base@11.0.29/jdk.internal.misc.Unsafe.park(Native Method)
  java.base@11.0.29/java.util.concurrent.locks.LockSupport.park(LockSupport.java:194)
  java.base@11.0.29/java.util.concurrent.locks.AbstractQueuedSynchronizer$ConditionObject.await(AbstractQueuedSynchronizer.java:2081)
  java.base@11.0.29/java.util.concurrent.LinkedBlockingQueue.take(LinkedBlockingQueue.java:433)
  java.base@11.0.29/java.util.concurrent.ThreadPoolExecutor.getTask(ThreadPoolExecutor.java:1054)
  java.base@11.0.29/java.util.concurrent.ThreadPoolExecutor.runWorker(ThreadPoolExecutor.java:1114)
  java.base@11.0.29/java.util.concurrent.ThreadPoolExecutor$Worker.run(ThreadPoolExecutor.java:628)
  java.base@11.0.29/java.lang.Thread.run(Thread.java:829)
Thread 66 'ClassGraph-worker-25':
  java.base@11.0.29/jdk.internal.misc.Unsafe.park(Native Method)
  java.base@11.0.29/java.util.concurrent.locks.LockSupport.park(LockSupport.java:194)
  java.base@11.0.29/java.util.concurrent.locks.AbstractQueuedSynchronizer$ConditionObject.await(AbstractQueuedSynchronizer.java:2081)
  java.base@11.0.29/java.util.concurrent.LinkedBlockingQueue.take(LinkedBlockingQueue.java:433)
  java.base@11.0.29/java.util.concurrent.ThreadPoolExecutor.getTask(ThreadPoolExecutor.java:1054)
  java.base@11.0.29/java.util.concurrent.ThreadPoolExecutor.runWorker(ThreadPoolExecutor.java:1114)
  java.base@11.0.29/java.util.concurrent.ThreadPoolExecutor$Worker.run(ThreadPoolExecutor.java:628)
  java.base@11.0.29/java.lang.Thread.run(Thread.java:829)
Thread 55 'ClassGraph-worker-14':
  java.base@11.0.29/jdk.internal.misc.Unsafe.park(Native Method)
  java.base@11.0.29/java.util.concurrent.locks.LockSupport.park(LockSupport.java:194)
  java.base@11.0.29/java.util.concurrent.locks.AbstractQueuedSynchronizer$ConditionObject.await(AbstractQueuedSynchronizer.java:2081)
  java.base@11.0.29/java.util.concurrent.LinkedBlockingQueue.take(LinkedBlockingQueue.java:433)
  java.base@11.0.29/java.util.concurrent.ThreadPoolExecutor.getTask(ThreadPoolExecutor.java:1054)
  java.base@11.0.29/java.util.concurrent.ThreadPoolExecutor.runWorker(ThreadPoolExecutor.java:1114)
  java.base@11.0.29/java.util.concurrent.ThreadPoolExecutor$Worker.run(ThreadPoolExecutor.java:628)
  java.base@11.0.29/java.lang.Thread.run(Thread.java:829)
Thread 73 'ClassGraph-worker-32':
  java.base@11.0.29/jdk.internal.misc.Unsafe.park(Native Method)
  java.base@11.0.29/java.util.concurrent.locks.LockSupport.park(LockSupport.java:194)
  java.base@11.0.29/java.util.concurrent.locks.AbstractQueuedSynchronizer$ConditionObject.await(AbstractQueuedSynchronizer.java:2081)
  java.base@11.0.29/java.util.concurrent.LinkedBlockingQueue.take(LinkedBlockingQueue.java:433)
  java.base@11.0.29/java.util.concurrent.ThreadPoolExecutor.getTask(ThreadPoolExecutor.java:1054)
  java.base@11.0.29/java.util.concurrent.ThreadPoolExecutor.runWorker(ThreadPoolExecutor.java:1114)
  java.base@11.0.29/java.util.concurrent.ThreadPoolExecutor$Worker.run(ThreadPoolExecutor.java:628)
  java.base@11.0.29/java.lang.Thread.run(Thread.java:829)
Thread 24 'JFR Recording Scheduler':
  java.base@11.0.29/java.lang.Object.wait(Native Method)
  java.base@11.0.29/java.util.TimerThread.mainLoop(Unknown Source)
  java.base@11.0.29/java.util.TimerThread.run(Unknown Source)
Thread 119 'ClassGraph-worker-78':
  java.base@11.0.29/jdk.internal.misc.Unsafe.park(Native Method)
  java.base@11.0.29/java.util.concurrent.locks.LockSupport.park(LockSupport.java:194)
  java.base@11.0.29/java.util.concurrent.locks.AbstractQueuedSynchronizer$ConditionObject.await(AbstractQueuedSynchronizer.java:2081)
  java.base@11.0.29/java.util.concurrent.LinkedBlockingQueue.take(LinkedBlockingQueue.java:433)
  java.base@11.0.29/java.util.concurrent.ThreadPoolExecutor.getTask(ThreadPoolExecutor.java:1054)
  java.base@11.0.29/java.util.concurrent.ThreadPoolExecutor.runWorker(ThreadPoolExecutor.java:1114)
  java.base@11.0.29/java.util.concurrent.ThreadPoolExecutor$Worker.run(ThreadPoolExecutor.java:628)
  java.base@11.0.29/java.lang.Thread.run(Thread.java:829)
Thread 3 'Finalizer':
  java.base@11.0.29/java.lang.Object.wait(Native Method)
  java.base@11.0.29/java.lang.ref.ReferenceQueue.remove(ReferenceQueue.java:155)
  java.base@11.0.29/java.lang.ref.ReferenceQueue.remove(ReferenceQueue.java:176)
  java.base@11.0.29/java.lang.ref.Finalizer$FinalizerThread.run(Finalizer.java:170)
Thread 81 'ClassGraph-worker-40':
  java.base@11.0.29/jdk.internal.misc.Unsafe.park(Native Method)
  java.base@11.0.29/java.util.concurrent.locks.LockSupport.park(LockSupport.java:194)
  java.base@11.0.29/java.util.concurrent.locks.AbstractQueuedSynchronizer$ConditionObject.await(AbstractQueuedSynchronizer.java:2081)
  java.base@11.0.29/java.util.concurrent.LinkedBlockingQueue.take(LinkedBlockingQueue.java:433)
  java.base@11.0.29/java.util.concurrent.ThreadPoolExecutor.getTask(ThreadPoolExecutor.java:1054)
  java.base@11.0.29/java.util.concurrent.ThreadPoolExecutor.runWorker(ThreadPoolExecutor.java:1114)
  java.base@11.0.29/java.util.concurrent.ThreadPoolExecutor$Worker.run(ThreadPoolExecutor.java:628)
  java.base@11.0.29/java.lang.Thread.run(Thread.java:829)
Thread 95 'ClassGraph-worker-54':
  java.base@11.0.29/jdk.internal.misc.Unsafe.park(Native Method)
  java.base@11.0.29/java.util.concurrent.locks.LockSupport.park(LockSupport.java:194)
  java.base@11.0.29/java.util.concurrent.locks.AbstractQueuedSynchronizer$ConditionObject.await(AbstractQueuedSynchronizer.java:2081)
  java.base@11.0.29/java.util.concurrent.LinkedBlockingQueue.take(LinkedBlockingQueue.java:433)
  java.base@11.0.29/java.util.concurrent.ThreadPoolExecutor.getTask(ThreadPoolExecutor.java:1054)
  java.base@11.0.29/java.util.concurrent.ThreadPoolExecutor.runWorker(ThreadPoolExecutor.java:1114)
  java.base@11.0.29/java.util.concurrent.ThreadPoolExecutor$Worker.run(ThreadPoolExecutor.java:628)
  java.base@11.0.29/java.lang.Thread.run(Thread.java:829)
Thread 116 'ClassGraph-worker-75':
  java.base@11.0.29/jdk.internal.misc.Unsafe.park(Native Method)
  java.base@11.0.29/java.util.concurrent.locks.LockSupport.park(LockSupport.java:194)
  java.base@11.0.29/java.util.concurrent.locks.AbstractQueuedSynchronizer$ConditionObject.await(AbstractQueuedSynchronizer.java:2081)
  java.base@11.0.29/java.util.concurrent.LinkedBlockingQueue.take(LinkedBlockingQueue.java:433)
  java.base@11.0.29/java.util.concurrent.ThreadPoolExecutor.getTask(ThreadPoolExecutor.java:1054)
  java.base@11.0.29/java.util.concurrent.ThreadPoolExecutor.runWorker(ThreadPoolExecutor.java:1114)
  java.base@11.0.29/java.util.concurrent.ThreadPoolExecutor$Worker.run(ThreadPoolExecutor.java:628)
  java.base@11.0.29/java.lang.Thread.run(Thread.java:829)
Thread 21 'JFR Periodic Tasks':
  java.base@11.0.29/java.lang.Object.wait(Native Method)
  jdk.jfr@11.0.29/jdk.jfr.internal.PlatformRecorder.takeNap(PlatformRecorder.java:448)
  jdk.jfr@11.0.29/jdk.jfr.internal.PlatformRecorder.periodicTask(PlatformRecorder.java:441)
  jdk.jfr@11.0.29/jdk.jfr.internal.PlatformRecorder.lambda$startDiskMonitor$1(PlatformRecorder.java:386)
  jdk.jfr@11.0.29/jdk.jfr.internal.PlatformRecorder$$Lambda$64/0x00000008000f8040.run(Unknown Source)
  java.base@11.0.29/java.lang.Thread.run(Unknown Source)
Thread 41 'ClassGraph-worker-0':
  java.base@11.0.29/jdk.internal.misc.Unsafe.park(Native Method)
  java.base@11.0.29/java.util.concurrent.locks.LockSupport.park(LockSupport.java:194)
  java.base@11.0.29/java.util.concurrent.locks.AbstractQueuedSynchronizer$ConditionObject.await(AbstractQueuedSynchronizer.java:2081)
  java.base@11.0.29/java.util.concurrent.LinkedBlockingQueue.take(LinkedBlockingQueue.java:433)
  java.base@11.0.29/java.util.concurrent.ThreadPoolExecutor.getTask(ThreadPoolExecutor.java:1054)
  java.base@11.0.29/java.util.concurrent.ThreadPoolExecutor.runWorker(ThreadPoolExecutor.java:1114)
  java.base@11.0.29/java.util.concurrent.ThreadPoolExecutor$Worker.run(ThreadPoolExecutor.java:628)
  java.base@11.0.29/java.lang.Thread.run(Thread.java:829)
Thread 114 'ClassGraph-worker-73':
  java.base@11.0.29/jdk.internal.misc.Unsafe.park(Native Method)
  java.base@11.0.29/java.util.concurrent.locks.LockSupport.park(LockSupport.java:194)
  java.base@11.0.29/java.util.concurrent.locks.AbstractQueuedSynchronizer$ConditionObject.await(AbstractQueuedSynchronizer.java:2081)
  java.base@11.0.29/java.util.concurrent.LinkedBlockingQueue.take(LinkedBlockingQueue.java:433)
  java.base@11.0.29/java.util.concurrent.ThreadPoolExecutor.getTask(ThreadPoolExecutor.java:1054)
  java.base@11.0.29/java.util.concurrent.ThreadPoolExecutor.runWorker(ThreadPoolExecutor.java:1114)
  java.base@11.0.29/java.util.concurrent.ThreadPoolExecutor$Worker.run(ThreadPoolExecutor.java:628)
  java.base@11.0.29/java.lang.Thread.run(Thread.java:829)
Thread 45 'ClassGraph-worker-4':
  java.base@11.0.29/jdk.internal.misc.Unsafe.park(Native Method)
  java.base@11.0.29/java.util.concurrent.locks.LockSupport.park(LockSupport.java:194)
  java.base@11.0.29/java.util.concurrent.locks.AbstractQueuedSynchronizer$ConditionObject.await(AbstractQueuedSynchronizer.java:2081)
  java.base@11.0.29/java.util.concurrent.LinkedBlockingQueue.take(LinkedBlockingQueue.java:433)
  java.base@11.0.29/java.util.concurrent.ThreadPoolExecutor.getTask(ThreadPoolExecutor.java:1054)
  java.base@11.0.29/java.util.concurrent.ThreadPoolExecutor.runWorker(ThreadPoolExecutor.java:1114)
  java.base@11.0.29/java.util.concurrent.ThreadPoolExecutor$Worker.run(ThreadPoolExecutor.java:628)
  java.base@11.0.29/java.lang.Thread.run(Thread.java:829)
Thread 120 'ClassGraph-worker-79':
  java.base@11.0.29/jdk.internal.misc.Unsafe.park(Native Method)
  java.base@11.0.29/java.util.concurrent.locks.LockSupport.park(LockSupport.java:194)
  java.base@11.0.29/java.util.concurrent.locks.AbstractQueuedSynchronizer$ConditionObject.await(AbstractQueuedSynchronizer.java:2081)
  java.base@11.0.29/java.util.concurrent.LinkedBlockingQueue.take(LinkedBlockingQueue.java:433)
  java.base@11.0.29/java.util.concurrent.ThreadPoolExecutor.getTask(ThreadPoolExecutor.java:1054)
  java.base@11.0.29/java.util.concurrent.ThreadPoolExecutor.runWorker(ThreadPoolExecutor.java:1114)
  java.base@11.0.29/java.util.concurrent.ThreadPoolExecutor$Worker.run(ThreadPoolExecutor.java:628)
  java.base@11.0.29/java.lang.Thread.run(Thread.java:829)
Thread 104 'ClassGraph-worker-63':
  java.base@11.0.29/jdk.internal.misc.Unsafe.park(Native Method)
  java.base@11.0.29/java.util.concurrent.locks.LockSupport.park(LockSupport.java:194)
  java.base@11.0.29/java.util.concurrent.locks.AbstractQueuedSynchronizer$ConditionObject.await(AbstractQueuedSynchronizer.java:2081)
  java.base@11.0.29/java.util.concurrent.LinkedBlockingQueue.take(LinkedBlockingQueue.java:433)
  java.base@11.0.29/java.util.concurrent.ThreadPoolExecutor.getTask(ThreadPoolExecutor.java:1054)
  java.base@11.0.29/java.util.concurrent.ThreadPoolExecutor.runWorker(ThreadPoolExecutor.java:1114)
  java.base@11.0.29/java.util.concurrent.ThreadPoolExecutor$Worker.run(ThreadPoolExecutor.java:628)
  java.base@11.0.29/java.lang.Thread.run(Thread.java:829)
Thread 34 'PeriodicWatchdogResetTimer':
  java.base@11.0.29/java.lang.Object.wait(Native Method)
  java.base@11.0.29/java.lang.Object.wait(Object.java:328)
  java.base@11.0.29/java.util.TimerThread.mainLoop(Timer.java:527)
  java.base@11.0.29/java.util.TimerThread.run(Timer.java:506)
Thread 60 'ClassGraph-worker-19':
  java.base@11.0.29/jdk.internal.misc.Unsafe.park(Native Method)
  java.base@11.0.29/java.util.concurrent.locks.LockSupport.park(LockSupport.java:194)
  java.base@11.0.29/java.util.concurrent.locks.AbstractQueuedSynchronizer$ConditionObject.await(AbstractQueuedSynchronizer.java:2081)
  java.base@11.0.29/java.util.concurrent.LinkedBlockingQueue.take(LinkedBlockingQueue.java:433)
  java.base@11.0.29/java.util.concurrent.ThreadPoolExecutor.getTask(ThreadPoolExecutor.java:1054)
  java.base@11.0.29/java.util.concurrent.ThreadPoolExecutor.runWorker(ThreadPoolExecutor.java:1114)
  java.base@11.0.29/java.util.concurrent.ThreadPoolExecutor$Worker.run(ThreadPoolExecutor.java:628)
  java.base@11.0.29/java.lang.Thread.run(Thread.java:829)
Thread 110 'ClassGraph-worker-69':
  java.base@11.0.29/jdk.internal.misc.Unsafe.park(Native Method)
  java.base@11.0.29/java.util.concurrent.locks.LockSupport.park(LockSupport.java:194)
  java.base@11.0.29/java.util.concurrent.locks.AbstractQueuedSynchronizer$ConditionObject.await(AbstractQueuedSynchronizer.java:2081)
  java.base@11.0.29/java.util.concurrent.LinkedBlockingQueue.take(LinkedBlockingQueue.java:433)
  java.base@11.0.29/java.util.concurrent.ThreadPoolExecutor.getTask(ThreadPoolExecutor.java:1054)
  java.base@11.0.29/java.util.concurrent.ThreadPoolExecutor.runWorker(ThreadPoolExecutor.java:1114)
  java.base@11.0.29/java.util.concurrent.ThreadPoolExecutor$Worker.run(ThreadPoolExecutor.java:628)
  java.base@11.0.29/java.lang.Thread.run(Thread.java:829)
Thread 85 'ClassGraph-worker-44':
  java.base@11.0.29/jdk.internal.misc.Unsafe.park(Native Method)
  java.base@11.0.29/java.util.concurrent.locks.LockSupport.park(LockSupport.java:194)
  java.base@11.0.29/java.util.concurrent.locks.AbstractQueuedSynchronizer$ConditionObject.await(AbstractQueuedSynchronizer.java:2081)
  java.base@11.0.29/java.util.concurrent.LinkedBlockingQueue.take(LinkedBlockingQueue.java:433)
  java.base@11.0.29/java.util.concurrent.ThreadPoolExecutor.getTask(ThreadPoolExecutor.java:1054)
  java.base@11.0.29/java.util.concurrent.ThreadPoolExecutor.runWorker(ThreadPoolExecutor.java:1114)
  java.base@11.0.29/java.util.concurrent.ThreadPoolExecutor$Worker.run(ThreadPoolExecutor.java:628)
  java.base@11.0.29/java.lang.Thread.run(Thread.java:829)
Thread 127 'ClassGraph-worker-86':
  java.base@11.0.29/jdk.internal.misc.Unsafe.park(Native Method)
  java.base@11.0.29/java.util.concurrent.locks.LockSupport.park(LockSupport.java:194)
  java.base@11.0.29/java.util.concurrent.locks.AbstractQueuedSynchronizer$ConditionObject.await(AbstractQueuedSynchronizer.java:2081)
  java.base@11.0.29/java.util.concurrent.LinkedBlockingQueue.take(LinkedBlockingQueue.java:433)
  java.base@11.0.29/java.util.concurrent.ThreadPoolExecutor.getTask(ThreadPoolExecutor.java:1054)
  java.base@11.0.29/java.util.concurrent.ThreadPoolExecutor.runWorker(ThreadPoolExecutor.java:1114)
  java.base@11.0.29/java.util.concurrent.ThreadPoolExecutor$Worker.run(ThreadPoolExecutor.java:628)
  java.base@11.0.29/java.lang.Thread.run(Thread.java:829)
Thread 76 'ClassGraph-worker-35':
  java.base@11.0.29/jdk.internal.misc.Unsafe.park(Native Method)
  java.base@11.0.29/java.util.concurrent.locks.LockSupport.park(LockSupport.java:194)
  java.base@11.0.29/java.util.concurrent.locks.AbstractQueuedSynchronizer$ConditionObject.await(AbstractQueuedSynchronizer.java:2081)
  java.base@11.0.29/java.util.concurrent.LinkedBlockingQueue.take(LinkedBlockingQueue.java:433)
  java.base@11.0.29/java.util.concurrent.ThreadPoolExecutor.getTask(ThreadPoolExecutor.java:1054)
  java.base@11.0.29/java.util.concurrent.ThreadPoolExecutor.runWorker(ThreadPoolExecutor.java:1114)
  java.base@11.0.29/java.util.concurrent.ThreadPoolExecutor$Worker.run(ThreadPoolExecutor.java:628)
  java.base@11.0.29/java.lang.Thread.run(Thread.java:829)
Thread 122 'ClassGraph-worker-81':
  java.base@11.0.29/jdk.internal.misc.Unsafe.park(Native Method)
  java.base@11.0.29/java.util.concurrent.locks.LockSupport.park(LockSupport.java:194)
  java.base@11.0.29/java.util.concurrent.locks.AbstractQueuedSynchronizer$ConditionObject.await(AbstractQueuedSynchronizer.java:2081)
  java.base@11.0.29/java.util.concurrent.LinkedBlockingQueue.take(LinkedBlockingQueue.java:433)
  java.base@11.0.29/java.util.concurrent.ThreadPoolExecutor.getTask(ThreadPoolExecutor.java:1054)
  java.base@11.0.29/java.util.concurrent.ThreadPoolExecutor.runWorker(ThreadPoolExecutor.java:1114)
  java.base@11.0.29/java.util.concurrent.ThreadPoolExecutor$Worker.run(ThreadPoolExecutor.java:628)
  java.base@11.0.29/java.lang.Thread.run(Thread.java:829)
Thread 56 'ClassGraph-worker-15':
  java.base@11.0.29/jdk.internal.misc.Unsafe.park(Native Method)
  java.base@11.0.29/java.util.concurrent.locks.LockSupport.park(LockSupport.java:194)
  java.base@11.0.29/java.util.concurrent.locks.AbstractQueuedSynchronizer$ConditionObject.await(AbstractQueuedSynchronizer.java:2081)
  java.base@11.0.29/java.util.concurrent.LinkedBlockingQueue.take(LinkedBlockingQueue.java:433)
  java.base@11.0.29/java.util.concurrent.ThreadPoolExecutor.getTask(ThreadPoolExecutor.java:1054)
  java.base@11.0.29/java.util.concurrent.ThreadPoolExecutor.runWorker(ThreadPoolExecutor.java:1114)
  java.base@11.0.29/java.util.concurrent.ThreadPoolExecutor$Worker.run(ThreadPoolExecutor.java:628)
  java.base@11.0.29/java.lang.Thread.run(Thread.java:829)
Thread 82 'ClassGraph-worker-41':
  java.base@11.0.29/jdk.internal.misc.Unsafe.park(Native Method)
  java.base@11.0.29/java.util.concurrent.locks.LockSupport.park(LockSupport.java:194)
  java.base@11.0.29/java.util.concurrent.locks.AbstractQueuedSynchronizer$ConditionObject.await(AbstractQueuedSynchronizer.java:2081)
  java.base@11.0.29/java.util.concurrent.LinkedBlockingQueue.take(LinkedBlockingQueue.java:433)
  java.base@11.0.29/java.util.concurrent.ThreadPoolExecutor.getTask(ThreadPoolExecutor.java:1054)
  java.base@11.0.29/java.util.concurrent.ThreadPoolExecutor.runWorker(ThreadPoolExecutor.java:1114)
  java.base@11.0.29/java.util.concurrent.ThreadPoolExecutor$Worker.run(ThreadPoolExecutor.java:628)
  java.base@11.0.29/java.lang.Thread.run(Thread.java:829)
Thread 97 'ClassGraph-worker-56':
  java.base@11.0.29/jdk.internal.misc.Unsafe.park(Native Method)
  java.base@11.0.29/java.util.concurrent.locks.LockSupport.park(LockSupport.java:194)
  java.base@11.0.29/java.util.concurrent.locks.AbstractQueuedSynchronizer$ConditionObject.await(AbstractQueuedSynchronizer.java:2081)
  java.base@11.0.29/java.util.concurrent.LinkedBlockingQueue.take(LinkedBlockingQueue.java:433)
  java.base@11.0.29/java.util.concurrent.ThreadPoolExecutor.getTask(ThreadPoolExecutor.java:1054)
  java.base@11.0.29/java.util.concurrent.ThreadPoolExecutor.runWorker(ThreadPoolExecutor.java:1114)
  java.base@11.0.29/java.util.concurrent.ThreadPoolExecutor$Worker.run(ThreadPoolExecutor.java:628)
  java.base@11.0.29/java.lang.Thread.run(Thread.java:829)
Thread 88 'ClassGraph-worker-47':
  java.base@11.0.29/jdk.internal.misc.Unsafe.park(Native Method)
  java.base@11.0.29/java.util.concurrent.locks.LockSupport.park(LockSupport.java:194)
  java.base@11.0.29/java.util.concurrent.locks.AbstractQueuedSynchronizer$ConditionObject.await(AbstractQueuedSynchronizer.java:2081)
  java.base@11.0.29/java.util.concurrent.LinkedBlockingQueue.take(LinkedBlockingQueue.java:433)
  java.base@11.0.29/java.util.concurrent.ThreadPoolExecutor.getTask(ThreadPoolExecutor.java:1054)
  java.base@11.0.29/java.util.concurrent.ThreadPoolExecutor.runWorker(ThreadPoolExecutor.java:1114)
  java.base@11.0.29/java.util.concurrent.ThreadPoolExecutor$Worker.run(ThreadPoolExecutor.java:628)
  java.base@11.0.29/java.lang.Thread.run(Thread.java:829)
Thread 30 'grpc-default-boss-ELG-3-1':
  io.grpc.netty.shaded.io.netty.channel.epoll.Native.epollWait(Native Method)
  io.grpc.netty.shaded.io.netty.channel.epoll.Native.epollWait(SourceFile:209)
  io.grpc.netty.shaded.io.netty.channel.epoll.Native.epollWait(SourceFile:202)
  io.grpc.netty.shaded.io.netty.channel.epoll.EpollEventLoop.epollWaitNoTimerChange(SourceFile:294)
  io.grpc.netty.shaded.io.netty.channel.epoll.EpollEventLoop.run(SourceFile:351)
  io.grpc.netty.shaded.io.netty.util.concurrent.SingleThreadEventExecutor$4.run(SourceFile:997)
  io.grpc.netty.shaded.io.netty.util.internal.ThreadExecutorMap$2.run(SourceFile:74)
  io.grpc.netty.shaded.io.netty.util.concurrent.FastThreadLocalRunnable.run(SourceFile:30)
  java.base@11.0.29/java.lang.Thread.run(Unknown Source)
Thread 31 'Thread-2':
  java.base@11.0.29/java.lang.Thread.sleep(Native Method)
  com.diffblue.cover.service.a.a.a$a.run(SourceFile:248)
Thread 111 'ClassGraph-worker-70':
  java.base@11.0.29/jdk.internal.misc.Unsafe.park(Native Method)
  java.base@11.0.29/java.util.concurrent.locks.LockSupport.park(LockSupport.java:194)
  java.base@11.0.29/java.util.concurrent.locks.AbstractQueuedSynchronizer$ConditionObject.await(AbstractQueuedSynchronizer.java:2081)
  java.base@11.0.29/java.util.concurrent.LinkedBlockingQueue.take(LinkedBlockingQueue.java:433)
  java.base@11.0.29/java.util.concurrent.ThreadPoolExecutor.getTask(ThreadPoolExecutor.java:1054)
  java.base@11.0.29/java.util.concurrent.ThreadPoolExecutor.runWorker(ThreadPoolExecutor.java:1114)
  java.base@11.0.29/java.util.concurrent.ThreadPoolExecutor$Worker.run(ThreadPoolExecutor.java:628)
  java.base@11.0.29/java.lang.Thread.run(Thread.java:829)
Thread 40 'TimedExecutor-5':
  java.base@11.0.29/jdk.internal.misc.Unsafe.park(Native Method)
  java.base@11.0.29/java.util.concurrent.locks.LockSupport.park(LockSupport.java:194)
  java.base@11.0.29/java.util.concurrent.locks.AbstractQueuedSynchronizer$ConditionObject.await(AbstractQueuedSynchronizer.java:2081)
  java.base@11.0.29/java.util.concurrent.ArrayBlockingQueue.take(ArrayBlockingQueue.java:417)
  com.diffblue.cover.sandbox.execution.TaskQueueRunner.run(SourceFile:39)
  com.diffblue.cover.sandbox.execution.WorkerThread.run(SourceFile:265)
Thread 64 'ClassGraph-worker-23':
  java.base@11.0.29/jdk.internal.misc.Unsafe.park(Native Method)
  java.base@11.0.29/java.util.concurrent.locks.LockSupport.park(LockSupport.java:194)
  java.base@11.0.29/java.util.concurrent.locks.AbstractQueuedSynchronizer$ConditionObject.await(AbstractQueuedSynchronizer.java:2081)
  java.base@11.0.29/java.util.concurrent.LinkedBlockingQueue.take(LinkedBlockingQueue.java:433)
  java.base@11.0.29/java.util.concurrent.ThreadPoolExecutor.getTask(ThreadPoolExecutor.java:1054)
  java.base@11.0.29/java.util.concurrent.ThreadPoolExecutor.runWorker(ThreadPoolExecutor.java:1114)
  java.base@11.0.29/java.util.concurrent.ThreadPoolExecutor$Worker.run(ThreadPoolExecutor.java:628)
  java.base@11.0.29/java.lang.Thread.run(Thread.java:829)
Thread 65 'ClassGraph-worker-24':
  java.base@11.0.29/jdk.internal.misc.Unsafe.park(Native Method)
  java.base@11.0.29/java.util.concurrent.locks.LockSupport.park(LockSupport.java:194)
  java.base@11.0.29/java.util.concurrent.locks.AbstractQueuedSynchronizer$ConditionObject.await(AbstractQueuedSynchronizer.java:2081)
  java.base@11.0.29/java.util.concurrent.LinkedBlockingQueue.take(LinkedBlockingQueue.java:433)
  java.base@11.0.29/java.util.concurrent.ThreadPoolExecutor.getTask(ThreadPoolExecutor.java:1054)
  java.base@11.0.29/java.util.concurrent.ThreadPoolExecutor.runWorker(ThreadPoolExecutor.java:1114)
  java.base@11.0.29/java.util.concurrent.ThreadPoolExecutor$Worker.run(ThreadPoolExecutor.java:628)
  java.base@11.0.29/java.lang.Thread.run(Thread.java:829)
Thread 93 'ClassGraph-worker-52':
  java.base@11.0.29/jdk.internal.misc.Unsafe.park(Native Method)
  java.base@11.0.29/java.util.concurrent.locks.LockSupport.park(LockSupport.java:194)
  java.base@11.0.29/java.util.concurrent.locks.AbstractQueuedSynchronizer$ConditionObject.await(AbstractQueuedSynchronizer.java:2081)
  java.base@11.0.29/java.util.concurrent.LinkedBlockingQueue.take(LinkedBlockingQueue.java:433)
  java.base@11.0.29/java.util.concurrent.ThreadPoolExecutor.getTask(ThreadPoolExecutor.java:1054)
  java.base@11.0.29/java.util.concurrent.ThreadPoolExecutor.runWorker(ThreadPoolExecutor.java:1114)
  java.base@11.0.29/java.util.concurrent.ThreadPoolExecutor$Worker.run(ThreadPoolExecutor.java:628)
  java.base@11.0.29/java.lang.Thread.run(Thread.java:829)
Thread 87 'ClassGraph-worker-46':
  java.base@11.0.29/jdk.internal.misc.Unsafe.park(Native Method)
  java.base@11.0.29/java.util.concurrent.locks.LockSupport.park(LockSupport.java:194)
  java.base@11.0.29/java.util.concurrent.locks.AbstractQueuedSynchronizer$ConditionObject.await(AbstractQueuedSynchronizer.java:2081)
  java.base@11.0.29/java.util.concurrent.LinkedBlockingQueue.take(LinkedBlockingQueue.java:433)
  java.base@11.0.29/java.util.concurrent.ThreadPoolExecutor.getTask(ThreadPoolExecutor.java:1054)
  java.base@11.0.29/java.util.concurrent.ThreadPoolExecutor.runWorker(ThreadPoolExecutor.java:1114)
  java.base@11.0.29/java.util.concurrent.ThreadPoolExecutor$Worker.run(ThreadPoolExecutor.java:628)
  java.base@11.0.29/java.lang.Thread.run(Thread.java:829)
Thread 112 'ClassGraph-worker-71':
  java.base@11.0.29/jdk.internal.misc.Unsafe.park(Native Method)
  java.base@11.0.29/java.util.concurrent.locks.LockSupport.park(LockSupport.java:194)
  java.base@11.0.29/java.util.concurrent.locks.AbstractQueuedSynchronizer$ConditionObject.await(AbstractQueuedSynchronizer.java:2081)
  java.base@11.0.29/java.util.concurrent.LinkedBlockingQueue.take(LinkedBlockingQueue.java:433)
  java.base@11.0.29/java.util.concurrent.ThreadPoolExecutor.getTask(ThreadPoolExecutor.java:1054)
  java.base@11.0.29/java.util.concurrent.ThreadPoolExecutor.runWorker(ThreadPoolExecutor.java:1114)
  java.base@11.0.29/java.util.concurrent.ThreadPoolExecutor$Worker.run(ThreadPoolExecutor.java:628)
  java.base@11.0.29/java.lang.Thread.run(Thread.java:829)
Thread 49 'ClassGraph-worker-8':
  java.base@11.0.29/jdk.internal.misc.Unsafe.park(Native Method)
  java.base@11.0.29/java.util.concurrent.locks.LockSupport.park(LockSupport.java:194)
  java.base@11.0.29/java.util.concurrent.locks.AbstractQueuedSynchronizer$ConditionObject.await(AbstractQueuedSynchronizer.java:2081)
  java.base@11.0.29/java.util.concurrent.LinkedBlockingQueue.take(LinkedBlockingQueue.java:433)
  java.base@11.0.29/java.util.concurrent.ThreadPoolExecutor.getTask(ThreadPoolExecutor.java:1054)
  java.base@11.0.29/java.util.concurrent.ThreadPoolExecutor.runWorker(ThreadPoolExecutor.java:1114)
  java.base@11.0.29/java.util.concurrent.ThreadPoolExecutor$Worker.run(ThreadPoolExecutor.java:628)
  java.base@11.0.29/java.lang.Thread.run(Thread.java:829)
Thread 51 'ClassGraph-worker-10':
  java.base@11.0.29/jdk.internal.misc.Unsafe.park(Native Method)
  java.base@11.0.29/java.util.concurrent.locks.LockSupport.park(LockSupport.java:194)
  java.base@11.0.29/java.util.concurrent.locks.AbstractQueuedSynchronizer$ConditionObject.await(AbstractQueuedSynchronizer.java:2081)
  java.base@11.0.29/java.util.concurrent.LinkedBlockingQueue.take(LinkedBlockingQueue.java:433)
  java.base@11.0.29/java.util.concurrent.ThreadPoolExecutor.getTask(ThreadPoolExecutor.java:1054)
  java.base@11.0.29/java.util.concurrent.ThreadPoolExecutor.runWorker(ThreadPoolExecutor.java:1114)
  java.base@11.0.29/java.util.concurrent.ThreadPoolExecutor$Worker.run(ThreadPoolExecutor.java:628)
  java.base@11.0.29/java.lang.Thread.run(Thread.java:829)
Thread 54 'ClassGraph-worker-13':
  java.base@11.0.29/jdk.internal.misc.Unsafe.park(Native Method)
  java.base@11.0.29/java.util.concurrent.locks.LockSupport.park(LockSupport.java:194)
  java.base@11.0.29/java.util.concurrent.locks.AbstractQueuedSynchronizer$ConditionObject.await(AbstractQueuedSynchronizer.java:2081)
  java.base@11.0.29/java.util.concurrent.LinkedBlockingQueue.take(LinkedBlockingQueue.java:433)
  java.base@11.0.29/java.util.concurrent.ThreadPoolExecutor.getTask(ThreadPoolExecutor.java:1054)
  java.base@11.0.29/java.util.concurrent.ThreadPoolExecutor.runWorker(ThreadPoolExecutor.java:1114)
  java.base@11.0.29/java.util.concurrent.ThreadPoolExecutor$Worker.run(ThreadPoolExecutor.java:628)
  java.base@11.0.29/java.lang.Thread.run(Thread.java:829)
Thread 29 'grpc-default-executor-0':
  java.base@11.0.29/java.lang.Object.wait(Native Method)
  java.base@11.0.29/java.lang.Thread.join(Thread.java:1300)
  java.base@11.0.29/java.lang.Thread.join(Thread.java:1375)
  com.diffblue.cover.sandbox.execution.WorkerThread.callWorkerThread(SourceFile:183)
  com.diffblue.cover.sandbox.a.a.a(SourceFile:63)
  com.diffblue.fuzztest.g.e.u(SourceFile:786)
  com.diffblue.fuzztest.g.e$$Lambda$774/0x00000008007f2440.call(Unknown Source)
  com.diffblue.cover.sandbox.execution.WrapExceptionsInBaseException.handleException(SourceFile:64)
  com.diffblue.cover.sandbox.execution.WrapThrowableInBaseException.lambda$run$0(SourceFile:26)
  com.diffblue.cover.sandbox.execution.WrapThrowableInBaseException$$Lambda$365/0x0000000800521c40.call(Unknown Source)
  com.diffblue.cover.sandbox.execution.WrapThrowableInBaseException.handleThrowable(SourceFile:37)
  com.diffblue.cover.sandbox.execution.WrapThrowableInBaseException.run(SourceFile:26)
  com.diffblue.fuzztest.g.e.a(SourceFile:785)
  com.diffblue.fuzztest.g.o.a(SourceFile:198)
  com.diffblue.cover.analysis.a.c$a.a(SourceFile:290)
  com.diffblue.cover.analysis.a.c$a$$Lambda$771/0x00000008007f1840.get(Unknown Source)
  com.diffblue.cover.analysis.a.c$a.a(SourceFile:124)
  com.diffblue.cover.analysis.a.c$a.tryAdvance(SourceFile:290)
  com.diffblue.cover.service.analyzer.a.c$a.a(SourceFile:2049)
  com.diffblue.cover.service.analyzer.a.a.m$h.invoke(SourceFile:719)
  io.grpc.stub.ServerCalls$UnaryServerCallHandler$UnaryServerCallListener.onHalfClose(SourceFile:182)
  io.grpc.internal.ServerCallImpl$ServerStreamListenerImpl.halfClosed(SourceFile:355)
  io.grpc.internal.ServerImpl$JumpToApplicationThreadServerStreamListener$1HalfClosed.runInContext(SourceFile:867)
  io.grpc.internal.ContextRunnable.run(SourceFile:37)
  io.grpc.internal.SerializingExecutor.run(SourceFile:133)
  java.base@11.0.29/java.util.concurrent.ThreadPoolExecutor.runWorker(ThreadPoolExecutor.java:1128)
  java.base@11.0.29/java.util.concurrent.ThreadPoolExecutor$Worker.run(ThreadPoolExecutor.java:628)
  java.base@11.0.29/java.lang.Thread.run(Unknown Source)
Thread 77 'ClassGraph-worker-36':
  java.base@11.0.29/jdk.internal.misc.Unsafe.park(Native Method)
  java.base@11.0.29/java.util.concurrent.locks.LockSupport.park(LockSupport.java:194)
  java.base@11.0.29/java.util.concurrent.locks.AbstractQueuedSynchronizer$ConditionObject.await(AbstractQueuedSynchronizer.java:2081)
  java.base@11.0.29/java.util.concurrent.LinkedBlockingQueue.take(LinkedBlockingQueue.java:433)
  java.base@11.0.29/java.util.concurrent.ThreadPoolExecutor.getTask(ThreadPoolExecutor.java:1054)
  java.base@11.0.29/java.util.concurrent.ThreadPoolExecutor.runWorker(ThreadPoolExecutor.java:1114)
  java.base@11.0.29/java.util.concurrent.ThreadPoolExecutor$Worker.run(ThreadPoolExecutor.java:628)
  java.base@11.0.29/java.lang.Thread.run(Thread.java:829)
Thread 68 'ClassGraph-worker-27':
  java.base@11.0.29/jdk.internal.misc.Unsafe.park(Native Method)
  java.base@11.0.29/java.util.concurrent.locks.LockSupport.park(LockSupport.java:194)
  java.base@11.0.29/java.util.concurrent.locks.AbstractQueuedSynchronizer$ConditionObject.await(AbstractQueuedSynchronizer.java:2081)
  java.base@11.0.29/java.util.concurrent.LinkedBlockingQueue.take(LinkedBlockingQueue.java:433)
  java.base@11.0.29/java.util.concurrent.ThreadPoolExecutor.getTask(ThreadPoolExecutor.java:1054)
  java.base@11.0.29/java.util.concurrent.ThreadPoolExecutor.runWorker(ThreadPoolExecutor.java:1114)
  java.base@11.0.29/java.util.concurrent.ThreadPoolExecutor$Worker.run(ThreadPoolExecutor.java:628)
  java.base@11.0.29/java.lang.Thread.run(Thread.java:829)
Thread 57 'ClassGraph-worker-16':
  java.base@11.0.29/jdk.internal.misc.Unsafe.park(Native Method)
  java.base@11.0.29/java.util.concurrent.locks.LockSupport.park(LockSupport.java:194)
  java.base@11.0.29/java.util.concurrent.locks.AbstractQueuedSynchronizer$ConditionObject.await(AbstractQueuedSynchronizer.java:2081)
  java.base@11.0.29/java.util.concurrent.LinkedBlockingQueue.take(LinkedBlockingQueue.java:433)
  java.base@11.0.29/java.util.concurrent.ThreadPoolExecutor.getTask(ThreadPoolExecutor.java:1054)
  java.base@11.0.29/java.util.concurrent.ThreadPoolExecutor.runWorker(ThreadPoolExecutor.java:1114)
  java.base@11.0.29/java.util.concurrent.ThreadPoolExecutor$Worker.run(ThreadPoolExecutor.java:628)
  java.base@11.0.29/java.lang.Thread.run(Thread.java:829)
Thread 113 'ClassGraph-worker-72':
  java.base@11.0.29/jdk.internal.misc.Unsafe.park(Native Method)
  java.base@11.0.29/java.util.concurrent.locks.LockSupport.park(LockSupport.java:194)
  java.base@11.0.29/java.util.concurrent.locks.AbstractQueuedSynchronizer$ConditionObject.await(AbstractQueuedSynchronizer.java:2081)
  java.base@11.0.29/java.util.concurrent.LinkedBlockingQueue.take(LinkedBlockingQueue.java:433)
  java.base@11.0.29/java.util.concurrent.ThreadPoolExecutor.getTask(ThreadPoolExecutor.java:1054)
  java.base@11.0.29/java.util.concurrent.ThreadPoolExecutor.runWorker(ThreadPoolExecutor.java:1114)
  java.base@11.0.29/java.util.concurrent.ThreadPoolExecutor$Worker.run(ThreadPoolExecutor.java:628)
  java.base@11.0.29/java.lang.Thread.run(Thread.java:829)
Thread 2 'Reference Handler':
  java.base@11.0.29/java.lang.ref.Reference.waitForReferencePendingList(Native Method)
  java.base@11.0.29/java.lang.ref.Reference.processPendingReferences(Reference.java:241)
  java.base@11.0.29/java.lang.ref.Reference$ReferenceHandler.run(Reference.java:213)
Thread 43 'ClassGraph-worker-2':
  java.base@11.0.29/jdk.internal.misc.Unsafe.park(Native Method)
  java.base@11.0.29/java.util.concurrent.locks.LockSupport.park(LockSupport.java:194)
  java.base@11.0.29/java.util.concurrent.locks.AbstractQueuedSynchronizer$ConditionObject.await(AbstractQueuedSynchronizer.java:2081)
  java.base@11.0.29/java.util.concurrent.LinkedBlockingQueue.take(LinkedBlockingQueue.java:433)
  java.base@11.0.29/java.util.concurrent.ThreadPoolExecutor.getTask(ThreadPoolExecutor.java:1054)
  java.base@11.0.29/java.util.concurrent.ThreadPoolExecutor.runWorker(ThreadPoolExecutor.java:1114)
  java.base@11.0.29/java.util.concurrent.ThreadPoolExecutor$Worker.run(ThreadPoolExecutor.java:628)
  java.base@11.0.29/java.lang.Thread.run(Thread.java:829)
Thread 47 'ClassGraph-worker-6':
  java.base@11.0.29/jdk.internal.misc.Unsafe.park(Native Method)
  java.base@11.0.29/java.util.concurrent.locks.LockSupport.park(LockSupport.java:194)
  java.base@11.0.29/java.util.concurrent.locks.AbstractQueuedSynchronizer$ConditionObject.await(AbstractQueuedSynchronizer.java:2081)
  java.base@11.0.29/java.util.concurrent.LinkedBlockingQueue.take(LinkedBlockingQueue.java:433)
  java.base@11.0.29/java.util.concurrent.ThreadPoolExecutor.getTask(ThreadPoolExecutor.java:1054)
  java.base@11.0.29/java.util.concurrent.ThreadPoolExecutor.runWorker(ThreadPoolExecutor.java:1114)
  java.base@11.0.29/java.util.concurrent.ThreadPoolExecutor$Worker.run(ThreadPoolExecutor.java:628)
  java.base@11.0.29/java.lang.Thread.run(Thread.java:829)
Thread 99 'ClassGraph-worker-58':
  java.base@11.0.29/jdk.internal.misc.Unsafe.park(Native Method)
  java.base@11.0.29/java.util.concurrent.locks.LockSupport.park(LockSupport.java:194)
  java.base@11.0.29/java.util.concurrent.locks.AbstractQueuedSynchronizer$ConditionObject.await(AbstractQueuedSynchronizer.java:2081)
  java.base@11.0.29/java.util.concurrent.LinkedBlockingQueue.take(LinkedBlockingQueue.java:433)
  java.base@11.0.29/java.util.concurrent.ThreadPoolExecutor.getTask(ThreadPoolExecutor.java:1054)
  java.base@11.0.29/java.util.concurrent.ThreadPoolExecutor.runWorker(ThreadPoolExecutor.java:1114)
  java.base@11.0.29/java.util.concurrent.ThreadPoolExecutor$Worker.run(ThreadPoolExecutor.java:628)
  java.base@11.0.29/java.lang.Thread.run(Thread.java:829)
Thread 98 'ClassGraph-worker-57':
  java.base@11.0.29/jdk.internal.misc.Unsafe.park(Native Method)
  java.base@11.0.29/java.util.concurrent.locks.LockSupport.park(LockSupport.java:194)
  java.base@11.0.29/java.util.concurrent.locks.AbstractQueuedSynchronizer$ConditionObject.await(AbstractQueuedSynchronizer.java:2081)
  java.base@11.0.29/java.util.concurrent.LinkedBlockingQueue.take(LinkedBlockingQueue.java:433)
  java.base@11.0.29/java.util.concurrent.ThreadPoolExecutor.getTask(ThreadPoolExecutor.java:1054)
  java.base@11.0.29/java.util.concurrent.ThreadPoolExecutor.runWorker(ThreadPoolExecutor.java:1114)
  java.base@11.0.29/java.util.concurrent.ThreadPoolExecutor$Worker.run(ThreadPoolExecutor.java:628)
  java.base@11.0.29/java.lang.Thread.run(Thread.java:829)
Thread 19 'Common-Cleaner':
  java.base@11.0.29/java.lang.Object.wait(Native Method)
  java.base@11.0.29/java.lang.ref.ReferenceQueue.remove(ReferenceQueue.java:155)
  java.base@11.0.29/jdk.internal.ref.CleanerImpl.run(CleanerImpl.java:148)
  java.base@11.0.29/java.lang.Thread.run(Unknown Source)
  java.base@11.0.29/jdk.internal.misc.InnocuousThread.run(InnocuousThread.java:161)
Thread 86 'ClassGraph-worker-45':
  java.base@11.0.29/jdk.internal.misc.Unsafe.park(Native Method)
  java.base@11.0.29/java.util.concurrent.locks.LockSupport.park(LockSupport.java:194)
  java.base@11.0.29/java.util.concurrent.locks.AbstractQueuedSynchronizer$ConditionObject.await(AbstractQueuedSynchronizer.java:2081)
  java.base@11.0.29/java.util.concurrent.LinkedBlockingQueue.take(LinkedBlockingQueue.java:433)
  java.base@11.0.29/java.util.concurrent.ThreadPoolExecutor.getTask(ThreadPoolExecutor.java:1054)
  java.base@11.0.29/java.util.concurrent.ThreadPoolExecutor.runWorker(ThreadPoolExecutor.java:1114)
  java.base@11.0.29/java.util.concurrent.ThreadPoolExecutor$Worker.run(ThreadPoolExecutor.java:628)
  java.base@11.0.29/java.lang.Thread.run(Thread.java:829)
Thread 121 'ClassGraph-worker-80':
  java.base@11.0.29/jdk.internal.misc.Unsafe.park(Native Method)
  java.base@11.0.29/java.util.concurrent.locks.LockSupport.park(LockSupport.java:194)
  java.base@11.0.29/java.util.concurrent.locks.AbstractQueuedSynchronizer$ConditionObject.await(AbstractQueuedSynchronizer.java:2081)
  java.base@11.0.29/java.util.concurrent.LinkedBlockingQueue.take(LinkedBlockingQueue.java:433)
  java.base@11.0.29/java.util.concurrent.ThreadPoolExecutor.getTask(ThreadPoolExecutor.java:1054)
  java.base@11.0.29/java.util.concurrent.ThreadPoolExecutor.runWorker(ThreadPoolExecutor.java:1114)
  java.base@11.0.29/java.util.concurrent.ThreadPoolExecutor$Worker.run(ThreadPoolExecutor.java:628)
  java.base@11.0.29/java.lang.Thread.run(Thread.java:829)
Thread 52 'ClassGraph-worker-11':
  java.base@11.0.29/jdk.internal.misc.Unsafe.park(Native Method)
  java.base@11.0.29/java.util.concurrent.locks.LockSupport.park(LockSupport.java:194)
  java.base@11.0.29/java.util.concurrent.locks.AbstractQueuedSynchronizer$ConditionObject.await(AbstractQueuedSynchronizer.java:2081)
  java.base@11.0.29/java.util.concurrent.LinkedBlockingQueue.take(LinkedBlockingQueue.java:433)
  java.base@11.0.29/java.util.concurrent.ThreadPoolExecutor.getTask(ThreadPoolExecutor.java:1054)
  java.base@11.0.29/java.util.concurrent.ThreadPoolExecutor.runWorker(ThreadPoolExecutor.java:1114)
  java.base@11.0.29/java.util.concurrent.ThreadPoolExecutor$Worker.run(ThreadPoolExecutor.java:628)
  java.base@11.0.29/java.lang.Thread.run(Thread.java:829)
Thread 79 'ClassGraph-worker-38':
  java.base@11.0.29/jdk.internal.misc.Unsafe.park(Native Method)
  java.base@11.0.29/java.util.concurrent.locks.LockSupport.park(LockSupport.java:194)
  java.base@11.0.29/java.util.concurrent.locks.AbstractQueuedSynchronizer$ConditionObject.await(AbstractQueuedSynchronizer.java:2081)
  java.base@11.0.29/java.util.concurrent.LinkedBlockingQueue.take(LinkedBlockingQueue.java:433)
  java.base@11.0.29/java.util.concurrent.ThreadPoolExecutor.getTask(ThreadPoolExecutor.java:1054)
  java.base@11.0.29/java.util.concurrent.ThreadPoolExecutor.runWorker(ThreadPoolExecutor.java:1114)
  java.base@11.0.29/java.util.concurrent.ThreadPoolExecutor$Worker.run(ThreadPoolExecutor.java:628)
  java.base@11.0.29/java.lang.Thread.run(Thread.java:829)
Thread 1 'main':
  java.base@11.0.29/java.lang.Thread.dumpThreads(Native Method)
  java.base@11.0.29/java.lang.Thread.getAllStackTraces(Thread.java:1653)
  com.diffblue.cover.service.a.a.a.d(SourceFile:3190)
  com.diffblue.cover.service.a.a.b.a(SourceFile:180)
  com.diffblue.cover.service.analyzer.Main.main(SourceFile:46)
  java.base@11.0.29/jdk.internal.reflect.NativeMethodAccessorImpl.invoke0(Native Method)
  java.base@11.0.29/jdk.internal.reflect.NativeMethodAccessorImpl.invoke(NativeMethodAccessorImpl.java:62)
  java.base@11.0.29/jdk.internal.reflect.DelegatingMethodAccessorImpl.invoke(DelegatingMethodAccessorImpl.java:43)
  java.base@11.0.29/java.lang.reflect.Method.invoke(Method.java:566)
  com.diffblue.cover.launcher.Launcher.invokeMainMethod(Launcher.java:118)
  com.diffblue.cover.launcher.Launcher.main(Launcher.java:74)
Thread 103 'ClassGraph-worker-62':
  java.base@11.0.29/jdk.internal.misc.Unsafe.park(Native Method)
  java.base@11.0.29/java.util.concurrent.locks.LockSupport.park(LockSupport.java:194)
  java.base@11.0.29/java.util.concurrent.locks.AbstractQueuedSynchronizer$ConditionObject.await(AbstractQueuedSynchronizer.java:2081)
  java.base@11.0.29/java.util.concurrent.LinkedBlockingQueue.take(LinkedBlockingQueue.java:433)
  java.base@11.0.29/java.util.concurrent.ThreadPoolExecutor.getTask(ThreadPoolExecutor.java:1054)
  java.base@11.0.29/java.util.concurrent.ThreadPoolExecutor.runWorker(ThreadPoolExecutor.java:1114)
  java.base@11.0.29/java.util.concurrent.ThreadPoolExecutor$Worker.run(ThreadPoolExecutor.java:628)
  java.base@11.0.29/java.lang.Thread.run(Thread.java:829)
Thread 123 'ClassGraph-worker-82':
  java.base@11.0.29/jdk.internal.misc.Unsafe.park(Native Method)
  java.base@11.0.29/java.util.concurrent.locks.LockSupport.park(LockSupport.java:194)
  java.base@11.0.29/java.util.concurrent.locks.AbstractQueuedSynchronizer$ConditionObject.await(AbstractQueuedSynchronizer.java:2081)
  java.base@11.0.29/java.util.concurrent.LinkedBlockingQueue.take(LinkedBlockingQueue.java:433)
  java.base@11.0.29/java.util.concurrent.ThreadPoolExecutor.getTask(ThreadPoolExecutor.java:1054)
  java.base@11.0.29/java.util.concurrent.ThreadPoolExecutor.runWorker(ThreadPoolExecutor.java:1114)
  java.base@11.0.29/java.util.concurrent.ThreadPoolExecutor$Worker.run(ThreadPoolExecutor.java:628)
  java.base@11.0.29/java.lang.Thread.run(Thread.java:829)
Thread 108 'ClassGraph-worker-67':
  java.base@11.0.29/jdk.internal.misc.Unsafe.park(Native Method)
  java.base@11.0.29/java.util.concurrent.locks.LockSupport.park(LockSupport.java:194)
  java.base@11.0.29/java.util.concurrent.locks.AbstractQueuedSynchronizer$ConditionObject.await(AbstractQueuedSynchronizer.java:2081)
  java.base@11.0.29/java.util.concurrent.LinkedBlockingQueue.take(LinkedBlockingQueue.java:433)
  java.base@11.0.29/java.util.concurrent.ThreadPoolExecutor.getTask(ThreadPoolExecutor.java:1054)
  java.base@11.0.29/java.util.concurrent.ThreadPoolExecutor.runWorker(ThreadPoolExecutor.java:1114)
  java.base@11.0.29/java.util.concurrent.ThreadPoolExecutor$Worker.run(ThreadPoolExecutor.java:628)
  java.base@11.0.29/java.lang.Thread.run(Thread.java:829)
Thread 91 'ClassGraph-worker-50':
  java.base@11.0.29/jdk.internal.misc.Unsafe.park(Native Method)
  java.base@11.0.29/java.util.concurrent.locks.LockSupport.park(LockSupport.java:194)
  java.base@11.0.29/java.util.concurrent.locks.AbstractQueuedSynchronizer$ConditionObject.await(AbstractQueuedSynchronizer.java:2081)
  java.base@11.0.29/java.util.concurrent.LinkedBlockingQueue.take(LinkedBlockingQueue.java:433)
  java.base@11.0.29/java.util.concurrent.ThreadPoolExecutor.getTask(ThreadPoolExecutor.java:1054)
  java.base@11.0.29/java.util.concurrent.ThreadPoolExecutor.runWorker(ThreadPoolExecutor.java:1114)
  java.base@11.0.29/java.util.concurrent.ThreadPoolExecutor$Worker.run(ThreadPoolExecutor.java:628)
  java.base@11.0.29/java.lang.Thread.run(Thread.java:829)
Thread 80 'ClassGraph-worker-39':
  java.base@11.0.29/jdk.internal.misc.Unsafe.park(Native Method)
  java.base@11.0.29/java.util.concurrent.locks.LockSupport.park(LockSupport.java:194)
  java.base@11.0.29/java.util.concurrent.locks.AbstractQueuedSynchronizer$ConditionObject.await(AbstractQueuedSynchronizer.java:2081)
  java.base@11.0.29/java.util.concurrent.LinkedBlockingQueue.take(LinkedBlockingQueue.java:433)
  java.base@11.0.29/java.util.concurrent.ThreadPoolExecutor.getTask(ThreadPoolExecutor.java:1054)
  java.base@11.0.29/java.util.concurrent.ThreadPoolExecutor.runWorker(ThreadPoolExecutor.java:1114)
  java.base@11.0.29/java.util.concurrent.ThreadPoolExecutor$Worker.run(ThreadPoolExecutor.java:628)
  java.base@11.0.29/java.lang.Thread.run(Thread.java:829)
Thread 70 'ClassGraph-worker-29':
  java.base@11.0.29/jdk.internal.misc.Unsafe.park(Native Method)
  java.base@11.0.29/java.util.concurrent.locks.LockSupport.park(LockSupport.java:194)
  java.base@11.0.29/java.util.concurrent.locks.AbstractQueuedSynchronizer$ConditionObject.await(AbstractQueuedSynchronizer.java:2081)
  java.base@11.0.29/java.util.concurrent.LinkedBlockingQueue.take(LinkedBlockingQueue.java:433)
  java.base@11.0.29/java.util.concurrent.ThreadPoolExecutor.getTask(ThreadPoolExecutor.java:1054)
  java.base@11.0.29/java.util.concurrent.ThreadPoolExecutor.runWorker(ThreadPoolExecutor.java:1114)
  java.base@11.0.29/java.util.concurrent.ThreadPoolExecutor$Worker.run(ThreadPoolExecutor.java:628)
  java.base@11.0.29/java.lang.Thread.run(Thread.java:829)
Thread 25 'Service log dispatcher':
  java.base@11.0.29/jdk.internal.misc.Unsafe.park(Native Method)
  java.base@11.0.29/java.util.concurrent.locks.LockSupport.park(LockSupport.java:194)
  java.base@11.0.29/java.util.concurrent.locks.AbstractQueuedSynchronizer$ConditionObject.await(AbstractQueuedSynchronizer.java:2081)
  java.base@11.0.29/java.util.concurrent.LinkedBlockingQueue.take(LinkedBlockingQueue.java:433)
  com.diffblue.cover.logging.RemoteLogAppender$a.run(SourceFile:203)
Thread 63 'ClassGraph-worker-22':
  java.base@11.0.29/jdk.internal.misc.Unsafe.park(Native Method)
  java.base@11.0.29/java.util.concurrent.locks.LockSupport.park(LockSupport.java:194)
  java.base@11.0.29/java.util.concurrent.locks.AbstractQueuedSynchronizer$ConditionObject.await(AbstractQueuedSynchronizer.java:2081)
  java.base@11.0.29/java.util.concurrent.LinkedBlockingQueue.take(LinkedBlockingQueue.java:433)
  java.base@11.0.29/java.util.concurrent.ThreadPoolExecutor.getTask(ThreadPoolExecutor.java:1054)
  java.base@11.0.29/java.util.concurrent.ThreadPoolExecutor.runWorker(ThreadPoolExecutor.java:1114)
  java.base@11.0.29/java.util.concurrent.ThreadPoolExecutor$Worker.run(ThreadPoolExecutor.java:628)
  java.base@11.0.29/java.lang.Thread.run(Thread.java:829)
Thread 130 'ForkJoinPool.commonPool-worker-51':
  java.base@11.0.29/jdk.internal.misc.Unsafe.park(Native Method)
  java.base@11.0.29/java.util.concurrent.locks.LockSupport.park(LockSupport.java:194)
  java.base@11.0.29/java.util.concurrent.ForkJoinPool.runWorker(ForkJoinPool.java:1628)
  java.base@11.0.29/java.util.concurrent.ForkJoinWorkerThread.run(ForkJoinWorkerThread.java:183)
Thread 101 'ClassGraph-worker-60':
  java.base@11.0.29/jdk.internal.misc.Unsafe.park(Native Method)
  java.base@11.0.29/java.util.concurrent.locks.LockSupport.park(LockSupport.java:194)
  java.base@11.0.29/java.util.concurrent.locks.AbstractQueuedSynchronizer$ConditionObject.await(AbstractQueuedSynchronizer.java:2081)
  java.base@11.0.29/java.util.concurrent.LinkedBlockingQueue.take(LinkedBlockingQueue.java:433)
  java.base@11.0.29/java.util.concurrent.ThreadPoolExecutor.getTask(ThreadPoolExecutor.java:1054)
  java.base@11.0.29/java.util.concurrent.ThreadPoolExecutor.runWorker(ThreadPoolExecutor.java:1114)
  java.base@11.0.29/java.util.concurrent.ThreadPoolExecutor$Worker.run(ThreadPoolExecutor.java:628)
  java.base@11.0.29/java.lang.Thread.run(Thread.java:829)
Thread 27 'grpc-default-worker-ELG-1-1':
  io.grpc.netty.shaded.io.netty.channel.epoll.Native.epollWait0(Native Method)
  io.grpc.netty.shaded.io.netty.channel.epoll.Native.epollWait(SourceFile:182)
  io.grpc.netty.shaded.io.netty.channel.epoll.EpollEventLoop.epollWait(SourceFile:290)
  io.grpc.netty.shaded.io.netty.channel.epoll.EpollEventLoop.run(SourceFile:354)
  io.grpc.netty.shaded.io.netty.util.concurrent.SingleThreadEventExecutor$4.run(SourceFile:997)
  io.grpc.netty.shaded.io.netty.util.internal.ThreadExecutorMap$2.run(SourceFile:74)
  io.grpc.netty.shaded.io.netty.util.concurrent.FastThreadLocalRunnable.run(SourceFile:30)
  java.base@11.0.29/java.lang.Thread.run(Unknown Source)
Thread 48 'ClassGraph-worker-7':
  java.base@11.0.29/jdk.internal.misc.Unsafe.park(Native Method)
  java.base@11.0.29/java.util.concurrent.locks.LockSupport.park(LockSupport.java:194)
  java.base@11.0.29/java.util.concurrent.locks.AbstractQueuedSynchronizer$ConditionObject.await(AbstractQueuedSynchronizer.java:2081)
  java.base@11.0.29/java.util.concurrent.LinkedBlockingQueue.take(LinkedBlockingQueue.java:433)
  java.base@11.0.29/java.util.concurrent.ThreadPoolExecutor.getTask(ThreadPoolExecutor.java:1054)
  java.base@11.0.29/java.util.concurrent.ThreadPoolExecutor.runWorker(ThreadPoolExecutor.java:1114)
  java.base@11.0.29/java.util.concurrent.ThreadPoolExecutor$Worker.run(ThreadPoolExecutor.java:628)
  java.base@11.0.29/java.lang.Thread.run(Thread.java:829)
Thread 172 'TimedExecutor-19':
  java.base@11.0.29/java.util.Arrays.hashCode(Arrays.java:4685)
  java.base@11.0.29/java.util.Objects.hash(Objects.java:146)
  com.diffblue.cover.commons.reflect.h.hashCode(SourceFile:389)
  java.base@11.0.29/java.util.Arrays.hashCode(Arrays.java:4685)
  java.base@11.0.29/java.util.Objects.hash(Objects.java:146)
  com.diffblue.a.a.c.e.i.hashCode(SourceFile:45)
  java.base@11.0.29/java.util.ArrayList.hashCodeRange(ArrayList.java:627)
  java.base@11.0.29/java.util.ArrayList.hashCode(ArrayList.java:614)
  java.base@11.0.29/java.util.Collections$UnmodifiableList.hashCode(Collections.java:1308)
  java.base@11.0.29/java.util.Arrays.hashCode(Arrays.java:4685)
  java.base@11.0.29/java.util.Objects.hash(Objects.java:146)
  com.diffblue.a.a.c.e.h.hashCode(SourceFile:44)
  java.base@11.0.29/java.util.ArrayList.hashCodeRange(ArrayList.java:627)
  java.base@11.0.29/java.util.ArrayList.hashCode(ArrayList.java:614)
  java.base@11.0.29/java.util.Arrays.hashCode(Arrays.java:4685)
  java.base@11.0.29/java.util.Objects.hash(Objects.java:146)
  com.diffblue.a.a.c.c.b.hashCode(SourceFile:108)
  java.base@11.0.29/java.util.HashMap.hash(HashMap.java:340)
  java.base@11.0.29/java.util.HashMap.computeIfAbsent(HashMap.java:1105)
  com.diffblue.a.a.c.c.a.a(SourceFile:133)
  com.diffblue.a.a.c.c.a$$Lambda$1611/0x00000008009ff040.apply(Unknown Source)
  com.diffblue.cover.commons.f.c$a.a(SourceFile:76)
  com.diffblue.cover.commons.f.c$a$$Lambda$1630/0x0000000800a0b040.get(Unknown Source)
  com.diffblue.cover.commons.f.c$a.a(SourceFile:74)
  com.diffblue.cover.commons.f.c.a(SourceFile:102)
  com.diffblue.a.a.c.c.a.a(SourceFile:140)
  com.diffblue.a.a.c.a.h.a(SourceFile:1258)
  com.diffblue.a.a.c.a.h.b(SourceFile:137)
  com.diffblue.a.a.c.a.h$$Lambda$1608/0x00000008009fa840.apply(Unknown Source)
  java.base@11.0.29/java.util.Optional.map(Optional.java:265)
  com.diffblue.a.a.c.a.h.c(SourceFile:135)
  com.diffblue.a.a.c.a.h$$Lambda$1591/0x00000008009de040.call(Unknown Source)
  com.diffblue.cover.sandbox.execution.AbsorbLinkageErrors.run(SourceFile:24)
  com.diffblue.cover.sandbox.execution.SafeExecutor.run(SourceFile:27)
  com.diffblue.a.a.c.a.h.a(SourceFile:130)
  com.diffblue.a.m.a(SourceFile:1481)
  jdk.internal.reflect.GeneratedMethodAccessor191.invoke(Unknown Source)
  java.base@11.0.29/jdk.internal.reflect.DelegatingMethodAccessorImpl.invoke(DelegatingMethodAccessorImpl.java:43)
  java.base@11.0.29/java.lang.reflect.Method.invoke(Method.java:566)
  com.diffblue.a.ad$a.a(SourceFile:96)
  com.diffblue.a.ad$a.invoke(SourceFile:76)
  com.sun.proxy.$Proxy40.a(Unknown Source)
  com.diffblue.fuzztest.d.c.d.a(SourceFile:94)
  com.diffblue.fuzztest.d.c.d$$Lambda$1315/0x0000000800972040.apply(Unknown Source)
  com.diffblue.fuzztest.d.c.d.c(SourceFile:191)
  com.diffblue.fuzztest.d.a.a(SourceFile:55)
  com.diffblue.fuzztest.g.y.a(SourceFile:52)
  com.diffblue.fuzztest.g.i.a(SourceFile:104)
  com.diffblue.fuzztest.g.a.a(SourceFile:46)
  com.diffblue.fuzztest.g.p.a(SourceFile:128)
  com.diffblue.fuzztest.g.a.a(SourceFile:46)
  com.diffblue.fuzztest.g.ae.a(SourceFile:94)
  com.diffblue.fuzztest.g.af.a(SourceFile:162)
  com.diffblue.fuzztest.g.ae.a(SourceFile:193)
  com.diffblue.fuzztest.g.e.r(SourceFile:499)
  com.diffblue.fuzztest.g.e$$Lambda$775/0x00000008007f2840.call(Unknown Source)
  com.diffblue.cover.sandbox.a.a$$Lambda$776/0x00000008007f2c40.call(Unknown Source)
  com.diffblue.cover.sandbox.execution.WorkerThread.lambda$callWorkerThread$3(SourceFile:164)
  com.diffblue.cover.sandbox.execution.WorkerThread$$Lambda$372/0x0000000800525840.run(Unknown Source)
  com.diffblue.cover.sandbox.execution.WorkerThread.run(SourceFile:265)
Thread 107 'ClassGraph-worker-66':
  java.base@11.0.29/jdk.internal.misc.Unsafe.park(Native Method)
  java.base@11.0.29/java.util.concurrent.locks.LockSupport.park(LockSupport.java:194)
  java.base@11.0.29/java.util.concurrent.locks.AbstractQueuedSynchronizer$ConditionObject.await(AbstractQueuedSynchronizer.java:2081)
  java.base@11.0.29/java.util.concurrent.LinkedBlockingQueue.take(LinkedBlockingQueue.java:433)
  java.base@11.0.29/java.util.concurrent.ThreadPoolExecutor.getTask(ThreadPoolExecutor.java:1054)
  java.base@11.0.29/java.util.concurrent.ThreadPoolExecutor.runWorker(ThreadPoolExecutor.java:1114)
  java.base@11.0.29/java.util.concurrent.ThreadPoolExecutor$Worker.run(ThreadPoolExecutor.java:628)
  java.base@11.0.29/java.lang.Thread.run(Thread.java:829)
Thread 90 'ClassGraph-worker-49':
  java.base@11.0.29/jdk.internal.misc.Unsafe.park(Native Method)
  java.base@11.0.29/java.util.concurrent.locks.LockSupport.park(LockSupport.java:194)
  java.base@11.0.29/java.util.concurrent.locks.AbstractQueuedSynchronizer$ConditionObject.await(AbstractQueuedSynchronizer.java:2081)
  java.base@11.0.29/java.util.concurrent.LinkedBlockingQueue.take(LinkedBlockingQueue.java:433)
  java.base@11.0.29/java.util.concurrent.ThreadPoolExecutor.getTask(ThreadPoolExecutor.java:1054)
  java.base@11.0.29/java.util.concurrent.ThreadPoolExecutor.runWorker(ThreadPoolExecutor.java:1114)
  java.base@11.0.29/java.util.concurrent.ThreadPoolExecutor$Worker.run(ThreadPoolExecutor.java:628)
  java.base@11.0.29/java.lang.Thread.run(Thread.java:829)
Thread 69 'ClassGraph-worker-28':
  java.base@11.0.29/jdk.internal.misc.Unsafe.park(Native Method)
  java.base@11.0.29/java.util.concurrent.locks.LockSupport.park(LockSupport.java:194)
  java.base@11.0.29/java.util.concurrent.locks.AbstractQueuedSynchronizer$ConditionObject.await(AbstractQueuedSynchronizer.java:2081)
  java.base@11.0.29/java.util.concurrent.LinkedBlockingQueue.take(LinkedBlockingQueue.java:433)
  java.base@11.0.29/java.util.concurrent.ThreadPoolExecutor.getTask(ThreadPoolExecutor.java:1054)
  java.base@11.0.29/java.util.concurrent.ThreadPoolExecutor.runWorker(ThreadPoolExecutor.java:1114)
  java.base@11.0.29/java.util.concurrent.ThreadPoolExecutor$Worker.run(ThreadPoolExecutor.java:628)
  java.base@11.0.29/java.lang.Thread.run(Thread.java:829)
Thread 100 'ClassGraph-worker-59':
  java.base@11.0.29/jdk.internal.misc.Unsafe.park(Native Method)
  java.base@11.0.29/java.util.concurrent.locks.LockSupport.park(LockSupport.java:194)
  java.base@11.0.29/java.util.concurrent.locks.AbstractQueuedSynchronizer$ConditionObject.await(AbstractQueuedSynchronizer.java:2081)
  java.base@11.0.29/java.util.concurrent.LinkedBlockingQueue.take(LinkedBlockingQueue.java:433)
  java.base@11.0.29/java.util.concurrent.ThreadPoolExecutor.getTask(ThreadPoolExecutor.java:1054)
  java.base@11.0.29/java.util.concurrent.ThreadPoolExecutor.runWorker(ThreadPoolExecutor.java:1114)
  java.base@11.0.29/java.util.concurrent.ThreadPoolExecutor$Worker.run(ThreadPoolExecutor.java:628)
  java.base@11.0.29/java.lang.Thread.run(Thread.java:829)
Thread 102 'ClassGraph-worker-61':
  java.base@11.0.29/jdk.internal.misc.Unsafe.park(Native Method)
  java.base@11.0.29/java.util.concurrent.locks.LockSupport.park(LockSupport.java:194)
  java.base@11.0.29/java.util.concurrent.locks.AbstractQueuedSynchronizer$ConditionObject.await(AbstractQueuedSynchronizer.java:2081)
  java.base@11.0.29/java.util.concurrent.LinkedBlockingQueue.take(LinkedBlockingQueue.java:433)
  java.base@11.0.29/java.util.concurrent.ThreadPoolExecutor.getTask(ThreadPoolExecutor.java:1054)
  java.base@11.0.29/java.util.concurrent.ThreadPoolExecutor.runWorker(ThreadPoolExecutor.java:1114)
  java.base@11.0.29/java.util.concurrent.ThreadPoolExecutor$Worker.run(ThreadPoolExecutor.java:628)
  java.base@11.0.29/java.lang.Thread.run(Thread.java:829)
Thread 75 'ClassGraph-worker-34':
  java.base@11.0.29/jdk.internal.misc.Unsafe.park(Native Method)
  java.base@11.0.29/java.util.concurrent.locks.LockSupport.park(LockSupport.java:194)
  java.base@11.0.29/java.util.concurrent.locks.AbstractQueuedSynchronizer$ConditionObject.await(AbstractQueuedSynchronizer.java:2081)
  java.base@11.0.29/java.util.concurrent.LinkedBlockingQueue.take(LinkedBlockingQueue.java:433)
  java.base@11.0.29/java.util.concurrent.ThreadPoolExecutor.getTask(ThreadPoolExecutor.java:1054)
  java.base@11.0.29/java.util.concurrent.ThreadPoolExecutor.runWorker(ThreadPoolExecutor.java:1114)
  java.base@11.0.29/java.util.concurrent.ThreadPoolExecutor$Worker.run(ThreadPoolExecutor.java:628)
  java.base@11.0.29/java.lang.Thread.run(Thread.java:829)
Thread 4 'Signal Dispatcher':
Thread 125 'ClassGraph-worker-84':
  java.base@11.0.29/jdk.internal.misc.Unsafe.park(Native Method)
  java.base@11.0.29/java.util.concurrent.locks.LockSupport.park(LockSupport.java:194)
  java.base@11.0.29/java.util.concurrent.locks.AbstractQueuedSynchronizer$ConditionObject.await(AbstractQueuedSynchronizer.java:2081)
  java.base@11.0.29/java.util.concurrent.LinkedBlockingQueue.take(LinkedBlockingQueue.java:433)
  java.base@11.0.29/java.util.concurrent.ThreadPoolExecutor.getTask(ThreadPoolExecutor.java:1054)
  java.base@11.0.29/java.util.concurrent.ThreadPoolExecutor.runWorker(ThreadPoolExecutor.java:1114)
  java.base@11.0.29/java.util.concurrent.ThreadPoolExecutor$Worker.run(ThreadPoolExecutor.java:628)
  java.base@11.0.29/java.lang.Thread.run(Thread.java:829)
== end thread dump ==

16:02:06.659 [INFO]   [Creating]    Exiting service.
16:02:06.676 [INFO]   [Creating]        [238/912] org.symphonyoss.symphony.messageml.elements.Element.assertAttributeValue
16:02:06.676 [INFO]   [Creating]        [238/912]   R013: No inputs found that don't throw a trivial exception
16:02:06.676 [INFO]   [Creating]        [238/912]     Diffblue Cover tried to run the arrange/act section, but the test threw
16:02:06.676 [INFO]   [Creating]        [238/912]     java.lang.NullPointerException
16:02:06.676 [INFO]   [Creating]        [238/912]         at org.symphonyoss.symphony.messageml.elements.Element.assertAttributeValue(Element.java:551)
16:02:06.676 [INFO]   [Creating]        [238/912]     In order to prevent assertAttributeValue(String, Collection)
16:02:06.676 [INFO]   [Creating]        [238/912]     from throwing NullPointerException, add constructors or factory
16:02:06.676 [INFO]   [Creating]        [238/912]     methods that make it easier to construct fully initialized objects used in
16:02:06.676 [INFO]   [Creating]        [238/912]     assertAttributeValue(String, Collection).
16:02:06.676 [INFO]   [Creating]        [238/912]     See https://diff.blue/R013 to resolve this issue.
16:02:07.795 [INFO]   [Creating]     [39/141] org.symphonyoss.symphony.messageml.elements.Element
16:02:07.795 [INFO]   [Creating]     [39/141]   Tests created: 66
16:02:07.796 [INFO]   [Creating]    
================================================================================
= Starting analysis for class 'org.symphonyoss.symphony.messageml.elements.Emoji'
================================================================================
16:02:07.796 [INFO]   [Creating]    Filtering out non-testable methods...
16:02:07.803 [INFO]   [Creating]    Filtering of methods complete. Creating analysis request
16:02:07.803 [INFO]   [Creating]    Attempting to get service client, retry 1.
16:02:07.804 [INFO]   [Creating]    Starting monitoring server.
16:02:07.805 [INFO]   [Creating]    Monitoring server listening on localhost/127.0.0.1:38487
16:02:07.805 [INFO]   [Creating]    Starting analyzer server process...
16:02:07.805 [INFO]   [Creating]    Server command-line: /home/jbergqvist/.sdkman/candidates/java/11.0.29-amzn/bin/java -XX:+IgnoreUnrecognizedVMOptions -XX:StartFlightRecording=duration=300s,filename=.diffblue/cover-flight.jfr -Djdk.attach.allowAttachSelf=true -Djdk.jar.maxSignatureFileSize=100000000 -ea -javaagent:/opt/cover/launcher-shared-jar.jar -Dlogback.configurationFile=/tmp/diffblue/config/logback-remote-service.xml -Dcom.diffblue.springIsolationJar=/opt/cover/cover-isolation-layer.jar -Dcover.jar.path=/opt/cover/cover-service-analyzer.jar -Dcom.diffblue.assertionSuggestionJar=/opt/cover/cover-service-analyzer.jar -Dcover.main.class=com.diffblue.cover.service.analyzer.Main -jar /opt/cover/launcher-shared-jar.jar --service-lifespan 120 --monitoring-service-port 38487 --index-service-port 38487 --debug-log
16:02:07.805 [INFO]   [Creating]    Server started. Waiting up to 300 seconds for a connection to be established...
16:02:08.840 [INFO]   [Creating]    Starting new remote monitor client
16:02:09.501 [INFO]   [Creating]    Attempting to start remote server.
16:02:09.642 [INFO]   [Creating]    Server started, listening on localhost/127.0.0.1:39703
16:02:09.645 [INFO]   [Creating]    Expect analyzer service to be listening on port 39703.
16:02:09.706 [INFO]   [Creating]    Started analyzer service and client retrieved.
16:02:22.215 [INFO]   [Creating]        [239/912] org.symphonyoss.symphony.messageml.elements.Emoji.getAnnotation
16:02:22.215 [INFO]   [Creating]        [240/912] org.symphonyoss.symphony.messageml.elements.Emoji.getEntityIdPrefix
16:02:22.215 [INFO]   [Creating]        [241/912] org.symphonyoss.symphony.messageml.elements.Emoji.getEntitySubType
16:02:22.215 [INFO]   [Creating]        [242/912] org.symphonyoss.symphony.messageml.elements.Emoji.getEntityType
16:02:22.215 [INFO]   [Creating]        [243/912] org.symphonyoss.symphony.messageml.elements.Emoji.getEntityValue
16:02:22.215 [INFO]   [Creating]        [244/912] org.symphonyoss.symphony.messageml.elements.Emoji.getEntityVersion
16:02:22.215 [INFO]   [Creating]        [245/912] org.symphonyoss.symphony.messageml.elements.Emoji.getFamily
16:02:22.215 [INFO]   [Creating]        [246/912] org.symphonyoss.symphony.messageml.elements.Emoji.getShortCode
16:02:22.215 [INFO]   [Creating]        [247/912] org.symphonyoss.symphony.messageml.elements.Emoji.getSize
16:02:22.215 [INFO]   [Creating]        [248/912] org.symphonyoss.symphony.messageml.elements.Emoji.toString
16:02:22.215 [INFO]   [Creating]        [248/912]   Tests created: 1
16:02:23.318 [INFO]   [Creating]        [249/912] org.symphonyoss.symphony.messageml.elements.Emoji.<init>
16:02:23.318 [INFO]   [Creating]        [249/912]   Tests created: 1
16:02:30.074 [INFO]   [Creating]        [250/912] org.symphonyoss.symphony.messageml.elements.Emoji.<init>
16:02:30.074 [INFO]   [Creating]        [250/912]   Tests created: 1
16:02:31.155 [INFO]   [Creating]        [251/912] org.symphonyoss.symphony.messageml.elements.Emoji.asEntityJson
16:02:31.155 [INFO]   [Creating]        [251/912]   Tests created: 1
16:02:38.204 [INFO]   [Creating]        [252/912] org.symphonyoss.symphony.messageml.elements.Emoji.asMarkdown
16:02:38.204 [INFO]   [Creating]        [252/912]   Tests created: 1
16:02:41.738 [INFO]   [Creating]        [253/912] org.symphonyoss.symphony.messageml.elements.Emoji.asPresentationML
16:02:41.738 [INFO]   [Creating]        [253/912]   Tests created: 15
16:02:43.422 [INFO]   [Creating]        [254/912] org.symphonyoss.symphony.messageml.elements.Emoji.asText
16:02:43.422 [INFO]   [Creating]        [254/912]   Tests created: 4
16:02:45.469 [INFO]   [Creating]        [255/912] org.symphonyoss.symphony.messageml.elements.Emoji.buildAttribute
16:02:45.469 [INFO]   [Creating]        [255/912]   Tests created: 1
16:02:50.523 [INFO]   [Creating]        [256/912] org.symphonyoss.symphony.messageml.elements.Emoji.updateBiContext
16:02:50.524 [INFO]   [Creating]        [256/912]   Tests created: 7
16:02:51.409 [INFO]   [Creating]        [257/912] org.symphonyoss.symphony.messageml.elements.Emoji.validate
16:02:51.409 [INFO]   [Creating]        [257/912]   Tests created: 10
16:02:51.410 [INFO]   [Creating]     [40/141] org.symphonyoss.symphony.messageml.elements.Emoji
16:02:51.410 [INFO]   [Creating]     [40/141]   Tests created: 42
16:02:51.411 [INFO]   [Creating]    
================================================================================
= Starting analysis for class 'org.symphonyoss.symphony.messageml.elements.Entity'
================================================================================
16:02:51.411 [INFO]   [Creating]    Filtering out non-testable methods...
16:02:51.418 [INFO]   [Creating]    Filtering of methods complete. Creating analysis request
16:02:51.418 [INFO]   [Creating]    Attempting to get service client, retry 1.
16:02:55.165 [INFO]   [Creating]        [258/912] org.symphonyoss.symphony.messageml.elements.Entity.buildAttribute
16:02:55.165 [INFO]   [Creating]        [258/912]   Tests created: 1
16:02:58.812 [INFO]   [Creating]        [259/912] org.symphonyoss.symphony.messageml.elements.Entity.validate
16:02:58.812 [INFO]   [Creating]        [259/912]   Tests created: 2
16:02:59.642 [INFO]   [Creating]        [260/912] org.symphonyoss.symphony.messageml.elements.Entity.asEntityJson
16:02:59.642 [INFO]   [Creating]        [260/912]   Tests created: 1
16:03:00.595 [INFO]   [Creating]        [261/912] org.symphonyoss.symphony.messageml.elements.Entity.getEntityId
16:03:00.595 [INFO]   [Creating]        [261/912]   Tests created: 1
16:03:00.637 [INFO]   [Creating]        [262/912] org.symphonyoss.symphony.messageml.elements.Entity.getPresentationMLTag
16:03:00.637 [INFO]   [Creating]        [262/912]   Tests created: 1
16:03:00.638 [INFO]   [Creating]     [41/141] org.symphonyoss.symphony.messageml.elements.Entity
16:03:00.638 [INFO]   [Creating]     [41/141]   Tests created: 6
16:03:00.639 [INFO]   [Creating]    
================================================================================
= Starting analysis for class 'org.symphonyoss.symphony.messageml.elements.ExpandableCard'
================================================================================
16:03:00.639 [INFO]   [Creating]    Filtering out non-testable methods...
16:03:00.641 [INFO]   [Creating]    Filtering of methods complete. Creating analysis request
16:03:00.641 [INFO]   [Creating]    Attempting to get service client, retry 1.
16:03:05.587 [INFO]   [Creating]        [263/912] org.symphonyoss.symphony.messageml.elements.ExpandableCard.<init>
16:03:05.587 [INFO]   [Creating]        [264/912] org.symphonyoss.symphony.messageml.elements.ExpandableCard.getPresentationMLTag
16:03:05.587 [INFO]   [Creating]        [264/912]   Tests created: 1
16:03:07.811 [INFO]   [Creating]        [265/912] org.symphonyoss.symphony.messageml.elements.ExpandableCard.asPresentationML
16:03:07.811 [INFO]   [Creating]        [265/912]   Tests created: 15
16:03:10.971 [INFO]   [Creating]        [266/912] org.symphonyoss.symphony.messageml.elements.ExpandableCard.buildAttribute
16:03:10.971 [INFO]   [Creating]        [266/912]   Tests created: 2
16:03:12.611 [INFO]   [Creating]        [267/912] org.symphonyoss.symphony.messageml.elements.ExpandableCard.updateBiContext
16:03:12.611 [INFO]   [Creating]        [267/912]   Diffblue AI was unable to find a test
16:03:12.671 [INFO]   [Creating]        [268/912] org.symphonyoss.symphony.messageml.elements.ExpandableCard.validate
16:03:12.671 [INFO]   [Creating]        [268/912]   Tests created: 1
16:03:12.672 [INFO]   [Creating]     [42/141] org.symphonyoss.symphony.messageml.elements.ExpandableCard
16:03:12.672 [INFO]   [Creating]     [42/141]   Tests created: 19
16:03:12.672 [INFO]   [Creating]    
================================================================================
= Starting analysis for class 'org.symphonyoss.symphony.messageml.elements.ExpandableCardBody'
================================================================================
16:03:12.672 [INFO]   [Creating]    Filtering out non-testable methods...
16:03:12.674 [INFO]   [Creating]    Filtering of methods complete. Creating analysis request
16:03:12.674 [INFO]   [Creating]    Attempting to get service client, retry 1.
16:03:13.643 [INFO]   [Creating]        [269/912] org.symphonyoss.symphony.messageml.elements.ExpandableCardBody.<init>
16:03:13.643 [INFO]   [Creating]        [270/912] org.symphonyoss.symphony.messageml.elements.ExpandableCardBody.getPresentationMLTag
16:03:13.643 [INFO]   [Creating]        [270/912]   Tests created: 1
16:03:18.359 [INFO]   [Creating]        [271/912] org.symphonyoss.symphony.messageml.elements.ExpandableCardBody.asMarkdown
16:03:18.359 [INFO]   [Creating]        [271/912]   Tests created: 1
16:03:20.265 [INFO]   [Creating]        [272/912] org.symphonyoss.symphony.messageml.elements.ExpandableCardBody.asPresentationML
16:03:20.265 [INFO]   [Creating]        [272/912]   Tests created: 15
16:03:21.743 [INFO]   [Creating]        [273/912] org.symphonyoss.symphony.messageml.elements.ExpandableCardBody.buildAttribute
16:03:21.743 [INFO]   [Creating]        [273/912]   Tests created: 1
16:03:21.805 [INFO]   [Creating]        [274/912] org.symphonyoss.symphony.messageml.elements.ExpandableCardBody.validate
16:03:21.805 [INFO]   [Creating]        [274/912]   Tests created: 1
16:03:21.806 [INFO]   [Creating]     [43/141] org.symphonyoss.symphony.messageml.elements.ExpandableCardBody
16:03:21.806 [INFO]   [Creating]     [43/141]   Tests created: 19
16:03:21.807 [INFO]   [Creating]    
================================================================================
= Starting analysis for class 'org.symphonyoss.symphony.messageml.elements.ExpandableCardHeader'
================================================================================
16:03:21.807 [INFO]   [Creating]    Filtering out non-testable methods...
16:03:21.808 [INFO]   [Creating]    Filtering of methods complete. Creating analysis request
16:03:21.808 [INFO]   [Creating]    Attempting to get service client, retry 1.
16:03:22.743 [INFO]   [Creating]        [275/912] org.symphonyoss.symphony.messageml.elements.ExpandableCardHeader.<init>
16:03:22.743 [INFO]   [Creating]        [276/912] org.symphonyoss.symphony.messageml.elements.ExpandableCardHeader.getPresentationMLTag
16:03:22.743 [INFO]   [Creating]        [276/912]   Tests created: 1
16:03:27.376 [INFO]   [Creating]        [277/912] org.symphonyoss.symphony.messageml.elements.ExpandableCardHeader.asMarkdown
16:03:27.376 [INFO]   [Creating]        [277/912]   Tests created: 1
16:03:29.253 [INFO]   [Creating]        [278/912] org.symphonyoss.symphony.messageml.elements.ExpandableCardHeader.asPresentationML
16:03:29.253 [INFO]   [Creating]        [278/912]   Tests created: 15
16:03:30.807 [INFO]   [Creating]        [279/912] org.symphonyoss.symphony.messageml.elements.ExpandableCardHeader.buildAttribute
16:03:30.807 [INFO]   [Creating]        [279/912]   Tests created: 1
16:03:30.869 [INFO]   [Creating]        [280/912] org.symphonyoss.symphony.messageml.elements.ExpandableCardHeader.validate
16:03:30.869 [INFO]   [Creating]        [280/912]   Tests created: 1
16:03:30.870 [INFO]   [Creating]     [44/141] org.symphonyoss.symphony.messageml.elements.ExpandableCardHeader
16:03:30.870 [INFO]   [Creating]     [44/141]   Tests created: 19
16:03:30.871 [INFO]   [Creating]    
================================================================================
= Starting analysis for class 'org.symphonyoss.symphony.messageml.elements.Form'
================================================================================
16:03:30.871 [INFO]   [Creating]    Filtering out non-testable methods...
16:03:30.873 [INFO]   [Creating]    Filtering of methods complete. Creating analysis request
16:03:30.873 [INFO]   [Creating]    Attempting to get service client, retry 1.
16:03:31.845 [INFO]   [Creating]        [281/912] org.symphonyoss.symphony.messageml.elements.Form.<init>
16:03:31.845 [INFO]   [Creating]        [281/912]   Tests created: 1
16:03:36.461 [INFO]   [Creating]        [282/912] org.symphonyoss.symphony.messageml.elements.Form.asMarkdown
16:03:36.461 [INFO]   [Creating]        [282/912]   Tests created: 1
16:03:38.382 [INFO]   [Creating]        [283/912] org.symphonyoss.symphony.messageml.elements.Form.asPresentationML
16:03:38.382 [INFO]   [Creating]        [283/912]   Tests created: 15
16:03:39.217 [INFO]   [Creating]        [284/912] org.symphonyoss.symphony.messageml.elements.Form.buildAttribute
16:03:39.217 [INFO]   [Creating]        [284/912]   Tests created: 1
16:03:40.320 [INFO]   [Creating]        [285/912] org.symphonyoss.symphony.messageml.elements.Form.hasIdAttribute
16:03:40.320 [INFO]   [Creating]        [285/912]   Tests created: 1
16:03:42.327 [INFO]   [Creating]        [286/912] org.symphonyoss.symphony.messageml.elements.Form.updateBiContext
16:03:42.327 [INFO]   [Creating]        [286/912]   Tests created: 1
16:03:42.679 [INFO]   [Creating]        [287/912] org.symphonyoss.symphony.messageml.elements.Form.validate
16:03:42.679 [INFO]   [Creating]        [287/912]   Tests created: 5
16:03:42.680 [INFO]   [Creating]     [45/141] org.symphonyoss.symphony.messageml.elements.Form
16:03:42.680 [INFO]   [Creating]     [45/141]   Tests created: 25
16:03:42.681 [INFO]   [Creating]    
================================================================================
= Starting analysis for class 'org.symphonyoss.symphony.messageml.elements.FormElement'
================================================================================
16:03:42.681 [INFO]   [Creating]    Filtering out non-testable methods...
16:03:42.682 [INFO]   [Creating]    Filtering of methods complete. Creating analysis request
16:03:42.682 [INFO]   [Creating]    Attempting to get service client, retry 1.
16:03:43.558 [INFO]   [Creating]        [288/912] org.symphonyoss.symphony.messageml.elements.FormElement.<init>
16:03:43.558 [INFO]   [Creating]        [288/912]   Tests created: 1
16:03:47.184 [INFO]   [Creating]        [289/912] org.symphonyoss.symphony.messageml.elements.FormElement.<init>
16:03:47.184 [INFO]   [Creating]        [289/912]   Tests created: 1
16:03:47.336 [INFO]   [Creating]        [290/912] org.symphonyoss.symphony.messageml.elements.FormElement.validate
16:03:47.336 [INFO]   [Creating]        [290/912]   Tests created: 4
16:03:47.337 [INFO]   [Creating]     [46/141] org.symphonyoss.symphony.messageml.elements.FormElement
16:03:47.337 [INFO]   [Creating]     [46/141]   Tests created: 6
16:03:47.338 [INFO]   [Creating]    
================================================================================
= Starting analysis for class 'org.symphonyoss.symphony.messageml.elements.FormatEnum'
================================================================================
16:03:47.338 [INFO]   [Creating]    Filtering out non-testable methods...
16:03:47.339 [INFO]   [Creating]        [291/912] org.symphonyoss.symphony.messageml.elements.FormatEnum.valueOf
16:03:47.339 [INFO]   [Creating]        [291/912]   T012: Synthetic method
16:03:47.340 [INFO]   [Creating]        [291/912]     Indicates that the method is synthetic. Currently, this includes methods:
16:03:47.340 [INFO]   [Creating]        [291/912]     - that are marked as synthetic by the compiler
16:03:47.340 [INFO]   [Creating]        [291/912]     - that are not directly callable
16:03:47.340 [INFO]   [Creating]        [291/912]     - that exist on the JDK class but do not appear in the source code
16:03:47.340 [INFO]   [Creating]        [291/912]     Diffblue Cover considers these methods as not directly callable.
16:03:47.340 [INFO]   [Creating]        [292/912] org.symphonyoss.symphony.messageml.elements.FormatEnum.values
16:03:47.340 [INFO]   [Creating]        [292/912]   T012: Synthetic method
16:03:47.340 [INFO]   [Creating]        [292/912]     Indicates that the method is synthetic. Currently, this includes methods:
16:03:47.340 [INFO]   [Creating]        [292/912]     - that are marked as synthetic by the compiler
16:03:47.340 [INFO]   [Creating]        [292/912]     - that are not directly callable
16:03:47.340 [INFO]   [Creating]        [292/912]     - that exist on the JDK class but do not appear in the source code
16:03:47.340 [INFO]   [Creating]        [292/912]     Diffblue Cover considers these methods as not directly callable.
16:03:47.340 [INFO]   [Creating]     [47/141] org.symphonyoss.symphony.messageml.elements.FormatEnum
16:03:47.341 [INFO]   [Creating]     [47/141]   Tests created: 0
16:03:47.341 [INFO]   [Creating]    No testable methods
16:03:47.341 [INFO]   [Creating]    
================================================================================
= Starting analysis for class 'org.symphonyoss.symphony.messageml.elements.GroupedElement'
================================================================================
16:03:47.341 [INFO]   [Creating]    Filtering out non-testable methods...
16:03:47.345 [INFO]   [Creating]    Filtering of methods complete. Creating analysis request
16:03:47.345 [INFO]   [Creating]    Attempting to get service client, retry 1.
16:03:55.962 [INFO]   [Creating]        [293/912] org.symphonyoss.symphony.messageml.elements.GroupedElement.asPresentationML
16:03:55.962 [INFO]   [Creating]        [293/912]   Tests created: 4
16:03:58.486 [INFO]   [Creating]        [294/912] org.symphonyoss.symphony.messageml.elements.GroupedElement.buildAll
16:03:58.486 [INFO]   [Creating]        [294/912]   Tests created: 8
16:04:00.032 [INFO]   [Creating]        [295/912] org.symphonyoss.symphony.messageml.elements.GroupedElement.buildElementAttrFromInputTag
16:04:00.032 [INFO]   [Creating]        [295/912]   R013: No inputs found that don't throw a trivial exception
16:04:00.032 [INFO]   [Creating]        [295/912]     Diffblue Cover tried to run the arrange/act section, but the test threw
16:04:00.032 [INFO]   [Creating]        [295/912]     org.w3c.dom.DOMException: This NamedNodeMap is read-only!
16:04:00.032 [INFO]   [Creating]        [295/912]         at javax.imageio.metadata.IIONamedNodeMap.removeNamedItem(IIOMetadataNode.java:81)
16:04:00.032 [INFO]   [Creating]        [295/912]         at org.symphonyoss.symphony.messageml.elements.GroupedElement.buildElementAttrFromInputTag(GroupedElement.java:132)
16:04:00.032 [INFO]   [Creating]        [295/912]     In order to prevent buildElementAttrFromInputTag(MessageMLParser, Node)
16:04:00.032 [INFO]   [Creating]        [295/912]     from throwing DOMException, add constructors or factory
16:04:00.032 [INFO]   [Creating]        [295/912]     methods that make it easier to construct fully initialized objects used in
16:04:00.032 [INFO]   [Creating]        [295/912]     buildElementAttrFromInputTag(MessageMLParser, Node).
16:04:00.032 [INFO]   [Creating]        [295/912]     See https://diff.blue/R013 to resolve this issue.
16:04:01.057 [INFO]   [Creating]        [296/912] org.symphonyoss.symphony.messageml.elements.GroupedElement.buildElementFromGroupDiv
16:04:01.057 [INFO]   [Creating]        [296/912]   Tests created: 1
16:04:01.121 [INFO]   [Creating]        [297/912] org.symphonyoss.symphony.messageml.elements.GroupedElement.buildGroupedElementInputAttributes
16:04:01.121 [INFO]   [Creating]        [297/912]   Tests created: 1
16:04:01.122 [INFO]   [Creating]     [48/141] org.symphonyoss.symphony.messageml.elements.GroupedElement
16:04:01.122 [INFO]   [Creating]     [48/141]   Tests created: 14
16:04:01.123 [INFO]   [Creating]    
================================================================================
= Starting analysis for class 'org.symphonyoss.symphony.messageml.elements.HashTag'
================================================================================
16:04:01.123 [INFO]   [Creating]    Filtering out non-testable methods...
16:04:01.126 [INFO]   [Creating]    Filtering of methods complete. Creating analysis request
16:04:01.126 [INFO]   [Creating]    Attempting to get service client, retry 1.
16:04:02.014 [INFO]   [Creating]        [298/912] org.symphonyoss.symphony.messageml.elements.HashTag.getEntitySubType
16:04:02.014 [INFO]   [Creating]        [299/912] org.symphonyoss.symphony.messageml.elements.HashTag.getEntityType
16:04:02.014 [INFO]   [Creating]        [300/912] org.symphonyoss.symphony.messageml.elements.HashTag.getEntityVersion
16:04:02.014 [INFO]   [Creating]        [301/912] org.symphonyoss.symphony.messageml.elements.HashTag.getTagPattern
16:04:02.014 [INFO]   [Creating]        [302/912] org.symphonyoss.symphony.messageml.elements.HashTag.toString
16:04:02.014 [INFO]   [Creating]        [302/912]   Tests created: 1
16:04:02.793 [INFO]   [Creating]        [303/912] org.symphonyoss.symphony.messageml.elements.HashTag.<init>
16:04:02.793 [INFO]   [Creating]        [303/912]   Tests created: 1
16:04:03.559 [INFO]   [Creating]        [304/912] org.symphonyoss.symphony.messageml.elements.HashTag.<init>
16:04:03.559 [INFO]   [Creating]        [304/912]   Tests created: 1
16:04:04.564 [INFO]   [Creating]        [305/912] org.symphonyoss.symphony.messageml.elements.HashTag.<init>
16:04:04.564 [INFO]   [Creating]        [305/912]   Tests created: 1
16:04:05.579 [INFO]   [Creating]        [306/912] org.symphonyoss.symphony.messageml.elements.HashTag.asMarkdown
16:04:05.579 [INFO]   [Creating]        [306/912]   Tests created: 1
16:04:07.224 [INFO]   [Creating]        [307/912] org.symphonyoss.symphony.messageml.elements.HashTag.asText
16:04:07.225 [INFO]   [Creating]        [307/912]   Tests created: 1
16:04:11.661 [INFO]   [Creating]        [308/912] org.symphonyoss.symphony.messageml.elements.HashTag.updateBiContext
16:04:11.661 [INFO]   [Creating]        [308/912]   Tests created: 6
16:04:12.105 [INFO]   [Creating]        [309/912] org.symphonyoss.symphony.messageml.elements.HashTag.validate
16:04:12.105 [INFO]   [Creating]        [309/912]   Tests created: 8
16:04:12.105 [INFO]   [Creating]     [49/141] org.symphonyoss.symphony.messageml.elements.HashTag
16:04:12.105 [INFO]   [Creating]     [49/141]   Tests created: 20
16:04:12.106 [INFO]   [Creating]    
================================================================================
= Starting analysis for class 'org.symphonyoss.symphony.messageml.elements.Header'
================================================================================
16:04:12.106 [INFO]   [Creating]    Filtering out non-testable methods...
16:04:12.107 [INFO]   [Creating]    Filtering of methods complete. Creating analysis request
16:04:12.107 [INFO]   [Creating]    Attempting to get service client, retry 1.
16:04:13.624 [INFO]   [Creating]        [310/912] org.symphonyoss.symphony.messageml.elements.Header.<init>
16:04:13.624 [INFO]   [Creating]        [310/912]   Tests created: 1
16:04:13.755 [INFO]   [Creating]        [311/912] org.symphonyoss.symphony.messageml.elements.Header.asMarkdown
16:04:13.755 [INFO]   [Creating]        [311/912]   Tests created: 1
16:04:15.388 [INFO]   [Creating]        [312/912] org.symphonyoss.symphony.messageml.elements.Header.isHeaderElement
16:04:15.388 [INFO]   [Creating]        [312/912]   Tests created: 2
16:04:17.202 [INFO]   [Creating]        [313/912] org.symphonyoss.symphony.messageml.elements.Header.updateBiContext
16:04:17.202 [INFO]   [Creating]        [313/912]   Tests created: 6
16:04:17.345 [INFO]   [Creating]        [314/912] org.symphonyoss.symphony.messageml.elements.Header.validate
16:04:17.346 [INFO]   [Creating]        [314/912]   Tests created: 3
16:04:17.346 [INFO]   [Creating]     [50/141] org.symphonyoss.symphony.messageml.elements.Header
16:04:17.346 [INFO]   [Creating]     [50/141]   Tests created: 13
16:04:17.514 [INFO]   [Creating]    
================================================================================
= Starting analysis for class 'org.symphonyoss.symphony.messageml.elements.HorizontalRule'
================================================================================
16:04:17.514 [INFO]   [Creating]    Filtering out non-testable methods...
16:04:17.516 [INFO]   [Creating]    Filtering of methods complete. Creating analysis request
16:04:17.516 [INFO]   [Creating]    Attempting to get service client, retry 1.
16:04:17.516 [INFO]   [Creating]    Starting monitoring server.
16:04:17.517 [INFO]   [Creating]    Monitoring server listening on localhost/127.0.0.1:46521
16:04:17.571 [INFO]   [Creating]    Starting analyzer server process...
16:04:17.571 [INFO]   [Creating]    Server command-line: /home/jbergqvist/.sdkman/candidates/java/11.0.29-amzn/bin/java -XX:+IgnoreUnrecognizedVMOptions -Djdk.attach.allowAttachSelf=true -Djdk.jar.maxSignatureFileSize=100000000 -ea -javaagent:/opt/cover/launcher-shared-jar.jar -Dlogback.configurationFile=/tmp/diffblue/config/logback-remote-service.xml -Dcom.diffblue.springIsolationJar=/opt/cover/cover-isolation-layer.jar -Dcover.jar.path=/opt/cover/cover-service-analyzer.jar -Dcom.diffblue.assertionSuggestionJar=/opt/cover/cover-service-analyzer.jar -Dcover.main.class=com.diffblue.cover.service.analyzer.Main -jar /opt/cover/launcher-shared-jar.jar --service-lifespan 120 --monitoring-service-port 46521 --index-service-port 46521 --debug-log
16:04:17.572 [INFO]   [Creating]    Server started. Waiting up to 300 seconds for a connection to be established...
16:04:18.436 [INFO]   [Creating]    Starting new remote monitor client
16:04:19.074 [INFO]   [Creating]    Attempting to start remote server.
16:04:19.220 [INFO]   [Creating]    Server started, listening on localhost/127.0.0.1:38557
16:04:19.223 [INFO]   [Creating]    Expect analyzer service to be listening on port 38557.
16:04:19.284 [INFO]   [Creating]    Started analyzer service and client retrieved.
16:04:31.035 [INFO]   [Creating]        [315/912] org.symphonyoss.symphony.messageml.elements.HorizontalRule.toString
16:04:31.035 [INFO]   [Creating]        [315/912]   Tests created: 1
16:04:32.358 [INFO]   [Creating]        [316/912] org.symphonyoss.symphony.messageml.elements.HorizontalRule.<init>
16:04:32.358 [INFO]   [Creating]        [316/912]   Tests created: 1
16:04:33.350 [INFO]   [Creating]        [317/912] org.symphonyoss.symphony.messageml.elements.HorizontalRule.areNestedElementsAllowed
16:04:33.350 [INFO]   [Creating]        [317/912]   Tests created: 1
16:04:34.330 [INFO]   [Creating]        [318/912] org.symphonyoss.symphony.messageml.elements.HorizontalRule.asMarkdown
16:04:34.330 [INFO]   [Creating]        [318/912]   Tests created: 1
16:04:36.011 [INFO]   [Creating]        [319/912] org.symphonyoss.symphony.messageml.elements.HorizontalRule.asText
16:04:36.011 [INFO]   [Creating]        [319/912]   Tests created: 1
16:04:37.969 [INFO]   [Creating]        [320/912] org.symphonyoss.symphony.messageml.elements.HorizontalRule.buildAttribute
16:04:37.970 [INFO]   [Creating]        [320/912]   Tests created: 1
16:04:38.046 [INFO]   [Creating]        [321/912] org.symphonyoss.symphony.messageml.elements.HorizontalRule.validate
16:04:38.046 [INFO]   [Creating]        [321/912]   Tests created: 2
16:04:38.047 [INFO]   [Creating]     [51/141] org.symphonyoss.symphony.messageml.elements.HorizontalRule
16:04:38.047 [INFO]   [Creating]     [51/141]   Tests created: 8
16:04:38.048 [INFO]   [Creating]    
================================================================================
= Starting analysis for class 'org.symphonyoss.symphony.messageml.elements.Image'
================================================================================
16:04:38.048 [INFO]   [Creating]    Filtering out non-testable methods...
16:04:38.050 [INFO]   [Creating]    Filtering of methods complete. Creating analysis request
16:04:38.050 [INFO]   [Creating]    Attempting to get service client, retry 1.
16:04:39.735 [INFO]   [Creating]        [322/912] org.symphonyoss.symphony.messageml.elements.Image.<init>
16:04:39.735 [INFO]   [Creating]        [322/912]   Tests created: 1
16:04:42.098 [INFO]   [Creating]        [323/912] org.symphonyoss.symphony.messageml.elements.Image.areNestedElementsAllowed
16:04:42.098 [INFO]   [Creating]        [323/912]   Tests created: 1
16:04:44.227 [INFO]   [Creating]        [324/912] org.symphonyoss.symphony.messageml.elements.Image.buildAttribute
16:04:44.227 [INFO]   [Creating]        [324/912]   Tests created: 1
16:04:46.166 [INFO]   [Creating]        [325/912] org.symphonyoss.symphony.messageml.elements.Image.updateBiContext
16:04:46.166 [INFO]   [Creating]        [325/912]   Tests created: 7
16:04:46.288 [INFO]   [Creating]        [326/912] org.symphonyoss.symphony.messageml.elements.Image.validate
16:04:46.288 [INFO]   [Creating]        [326/912]   Tests created: 2
16:04:46.289 [INFO]   [Creating]     [52/141] org.symphonyoss.symphony.messageml.elements.Image
16:04:46.289 [INFO]   [Creating]     [52/141]   Tests created: 12
16:04:46.290 [INFO]   [Creating]    
================================================================================
= Starting analysis for class 'org.symphonyoss.symphony.messageml.elements.Italic'
================================================================================
16:04:46.290 [INFO]   [Creating]    Filtering out non-testable methods...
16:04:46.291 [INFO]   [Creating]    Filtering of methods complete. Creating analysis request
16:04:46.291 [INFO]   [Creating]    Attempting to get service client, retry 1.
16:04:47.878 [INFO]   [Creating]        [327/912] org.symphonyoss.symphony.messageml.elements.Italic.<init>
16:04:47.884 [INFO]   [Creating]        [327/912]   Tests created: 1
16:04:49.503 [INFO]   [Creating]        [328/912] org.symphonyoss.symphony.messageml.elements.Italic.asMarkdown
16:04:49.503 [INFO]   [Creating]        [328/912]   Tests created: 1
16:04:49.611 [INFO]   [Creating]        [329/912] org.symphonyoss.symphony.messageml.elements.Italic.validate
16:04:49.611 [INFO]   [Creating]        [329/912]   Tests created: 3
16:04:49.612 [INFO]   [Creating]     [53/141] org.symphonyoss.symphony.messageml.elements.Italic
16:04:49.612 [INFO]   [Creating]     [53/141]   Tests created: 5
16:04:49.613 [INFO]   [Creating]    
================================================================================
= Starting analysis for class 'org.symphonyoss.symphony.messageml.elements.Keyword'
================================================================================
16:04:49.613 [INFO]   [Creating]    Filtering out non-testable methods...
16:04:49.616 [INFO]   [Creating]    Filtering of methods complete. Creating analysis request
16:04:49.616 [INFO]   [Creating]    Attempting to get service client, retry 1.
16:04:53.177 [INFO]   [Creating]        [330/912] org.symphonyoss.symphony.messageml.elements.Keyword.asPresentationML
16:04:53.177 [INFO]   [Creating]        [330/912]   Tests created: 8
16:04:55.122 [INFO]   [Creating]        [331/912] org.symphonyoss.symphony.messageml.elements.Keyword.getTag
16:04:55.122 [INFO]   [Creating]        [331/912]   Tests created: 1
16:04:55.123 [INFO]   [Creating]        [332/912] org.symphonyoss.symphony.messageml.elements.Keyword.toString
16:04:55.123 [INFO]   [Creating]        [332/912]   R003: Test did not increase coverage
16:04:55.123 [INFO]   [Creating]        [332/912]     Diffblue Cover could not find a test that improves the coverage already
16:04:55.123 [INFO]   [Creating]        [332/912]     provided by existing tests.
16:04:58.936 [INFO]   [Creating]        [333/912] org.symphonyoss.symphony.messageml.elements.Keyword.validate
16:04:58.936 [INFO]   [Creating]        [333/912]   Tests created: 3
16:04:59.788 [INFO]   [Creating]        [334/912] org.symphonyoss.symphony.messageml.elements.Keyword.buildAttribute
16:04:59.788 [INFO]   [Creating]        [334/912]   Tests created: 1
16:05:00.748 [INFO]   [Creating]        [335/912] org.symphonyoss.symphony.messageml.elements.Keyword.getEntityIdPrefix
16:05:00.748 [INFO]   [Creating]        [335/912]   Tests created: 1
16:05:00.806 [INFO]   [Creating]        [336/912] org.symphonyoss.symphony.messageml.elements.Keyword.getEntityValue
16:05:00.806 [INFO]   [Creating]        [336/912]   Tests created: 1
16:05:00.807 [INFO]   [Creating]     [54/141] org.symphonyoss.symphony.messageml.elements.Keyword
16:05:00.807 [INFO]   [Creating]     [54/141]   Tests created: 15
16:05:00.807 [INFO]   [Creating]    
================================================================================
= Starting analysis for class 'org.symphonyoss.symphony.messageml.elements.LabelableElement'
================================================================================
16:05:00.808 [INFO]   [Creating]    Filtering out non-testable methods...
16:05:00.816 [INFO]   [Creating]    Filtering of methods complete. Creating analysis request
16:05:00.816 [INFO]   [Creating]    Attempting to get service client, retry 1.
16:05:02.431 [INFO]   [Creating]        [337/912] org.symphonyoss.symphony.messageml.elements.LabelableElement.getLabelAttribute
16:05:02.431 [INFO]   [Creating]        [337/912]   Tests created: 1
16:05:03.309 [INFO]   [Creating]        [338/912] org.symphonyoss.symphony.messageml.elements.LabelableElement.getPresentationMLLabelTag
16:05:03.309 [INFO]   [Creating]        [338/912]   Tests created: 1
16:05:04.480 [INFO]   [Creating]        [339/912] org.symphonyoss.symphony.messageml.elements.LabelableElement.isLabel
16:05:04.480 [INFO]   [Creating]        [339/912]   Tests created: 1
16:05:06.335 [INFO]   [Creating]        [340/912] org.symphonyoss.symphony.messageml.elements.LabelableElement.isLabelNode
16:05:06.335 [INFO]   [Creating]        [340/912]   Tests created: 2
16:05:06.378 [INFO]   [Creating]        [341/912] org.symphonyoss.symphony.messageml.elements.LabelableElement.validateLabel
16:05:06.378 [INFO]   [Creating]        [341/912]   Tests created: 1
16:05:06.379 [INFO]   [Creating]     [55/141] org.symphonyoss.symphony.messageml.elements.LabelableElement
16:05:06.379 [INFO]   [Creating]     [55/141]   Tests created: 6
16:05:06.380 [INFO]   [Creating]    
================================================================================
= Starting analysis for class 'org.symphonyoss.symphony.messageml.elements.LineBreak'
================================================================================
16:05:06.380 [INFO]   [Creating]    Filtering out non-testable methods...
16:05:06.382 [INFO]   [Creating]    Filtering of methods complete. Creating analysis request
16:05:06.382 [INFO]   [Creating]    Attempting to get service client, retry 1.
16:05:07.183 [INFO]   [Creating]        [342/912] org.symphonyoss.symphony.messageml.elements.LineBreak.toString
16:05:07.183 [INFO]   [Creating]        [342/912]   Tests created: 1
16:05:07.933 [INFO]   [Creating]        [343/912] org.symphonyoss.symphony.messageml.elements.LineBreak.<init>
16:05:07.933 [INFO]   [Creating]        [343/912]   Tests created: 1
16:05:08.680 [INFO]   [Creating]        [344/912] org.symphonyoss.symphony.messageml.elements.LineBreak.areNestedElementsAllowed
16:05:08.680 [INFO]   [Creating]        [344/912]   Tests created: 1
16:05:09.437 [INFO]   [Creating]        [345/912] org.symphonyoss.symphony.messageml.elements.LineBreak.asMarkdown
16:05:09.437 [INFO]   [Creating]        [345/912]   Tests created: 1
16:05:10.493 [INFO]   [Creating]        [346/912] org.symphonyoss.symphony.messageml.elements.LineBreak.asText
16:05:10.493 [INFO]   [Creating]        [346/912]   Tests created: 1
16:05:12.036 [INFO]   [Creating]        [347/912] org.symphonyoss.symphony.messageml.elements.LineBreak.buildAttribute
16:05:12.036 [INFO]   [Creating]        [347/912]   Tests created: 1
16:05:13.714 [INFO]   [Creating]        [348/912] org.symphonyoss.symphony.messageml.elements.LineBreak.updateBiContext
16:05:13.714 [INFO]   [Creating]        [348/912]   Tests created: 6
16:05:13.812 [INFO]   [Creating]        [349/912] org.symphonyoss.symphony.messageml.elements.LineBreak.validate
16:05:13.812 [INFO]   [Creating]        [349/912]   Tests created: 2
16:05:13.813 [INFO]   [Creating]     [56/141] org.symphonyoss.symphony.messageml.elements.LineBreak
16:05:13.813 [INFO]   [Creating]     [56/141]   Tests created: 14
16:05:13.814 [INFO]   [Creating]    
================================================================================
= Starting analysis for class 'org.symphonyoss.symphony.messageml.elements.Link'
================================================================================
16:05:13.814 [INFO]   [Creating]    Filtering out non-testable methods...
16:05:13.817 [INFO]   [Creating]    Filtering of methods complete. Creating analysis request
16:05:13.817 [INFO]   [Creating]    Attempting to get service client, retry 1.
16:05:15.015 [INFO]   [Creating]        [350/912] org.symphonyoss.symphony.messageml.elements.Link.getUri
16:05:15.015 [INFO]   [Creating]        [351/912] org.symphonyoss.symphony.messageml.elements.Link.setUri
16:05:15.015 [INFO]   [Creating]        [351/912]   Tests created: 1
16:05:15.835 [INFO]   [Creating]        [352/912] org.symphonyoss.symphony.messageml.elements.Link.<init>
16:05:15.835 [INFO]   [Creating]        [352/912]   Tests created: 2
16:05:17.454 [INFO]   [Creating]        [353/912] org.symphonyoss.symphony.messageml.elements.Link.<init>
16:05:17.454 [INFO]   [Creating]        [353/912]   Tests created: 1
16:05:22.533 [INFO]   [Creating]        [354/912] org.symphonyoss.symphony.messageml.elements.Link.asMarkdown
16:05:22.533 [INFO]   [Creating]        [354/912]   Tests created: 3
16:05:24.757 [INFO]   [Creating]        [355/912] org.symphonyoss.symphony.messageml.elements.Link.asPresentationML
16:05:24.757 [INFO]   [Creating]        [355/912]   Tests created: 15
16:05:26.686 [INFO]   [Creating]        [356/912] org.symphonyoss.symphony.messageml.elements.Link.buildAttribute
16:05:26.686 [INFO]   [Creating]        [356/912]   Tests created: 1
16:05:31.247 [INFO]   [Creating]        [357/912] org.symphonyoss.symphony.messageml.elements.Link.updateBiContext
16:05:31.247 [INFO]   [Creating]        [357/912]   Tests created: 6
16:05:31.529 [INFO]   [Creating]        [358/912] org.symphonyoss.symphony.messageml.elements.Link.validate
16:05:31.530 [INFO]   [Creating]        [358/912]   Tests created: 3
16:05:31.530 [INFO]   [Creating]     [57/141] org.symphonyoss.symphony.messageml.elements.Link
16:05:31.530 [INFO]   [Creating]     [57/141]   Tests created: 32
16:05:31.531 [INFO]   [Creating]    
================================================================================
= Starting analysis for class 'org.symphonyoss.symphony.messageml.elements.ListItem'
================================================================================
16:05:31.531 [INFO]   [Creating]    Filtering out non-testable methods...
16:05:31.532 [INFO]   [Creating]    Filtering of methods complete. Creating analysis request
16:05:31.532 [INFO]   [Creating]    Attempting to get service client, retry 1.
16:05:32.956 [INFO]   [Creating]        [359/912] org.symphonyoss.symphony.messageml.elements.ListItem.<init>
16:05:32.956 [INFO]   [Creating]        [359/912]   Tests created: 1
16:05:34.382 [INFO]   [Creating]        [360/912] org.symphonyoss.symphony.messageml.elements.ListItem.asMarkdown
16:05:34.382 [INFO]   [Creating]        [360/912]   Tests created: 1
16:05:34.452 [INFO]   [Creating]        [361/912] org.symphonyoss.symphony.messageml.elements.ListItem.validate
16:05:34.452 [INFO]   [Creating]        [361/912]   Tests created: 2
16:05:34.452 [INFO]   [Creating]     [58/141] org.symphonyoss.symphony.messageml.elements.ListItem
16:05:34.452 [INFO]   [Creating]     [58/141]   Tests created: 4
16:05:34.453 [INFO]   [Creating]    
================================================================================
= Starting analysis for class 'org.symphonyoss.symphony.messageml.elements.Mention'
================================================================================
16:05:34.453 [INFO]   [Creating]    Filtering out non-testable methods...
16:05:34.459 [INFO]   [Creating]    Filtering of methods complete. Creating analysis request
16:05:34.459 [INFO]   [Creating]    Attempting to get service client, retry 1.
16:05:35.498 [INFO]   [Creating]        [362/912] org.symphonyoss.symphony.messageml.elements.Mention.getEntityIdPrefix
16:05:35.498 [INFO]   [Creating]        [363/912] org.symphonyoss.symphony.messageml.elements.Mention.getEntitySubType
16:05:35.498 [INFO]   [Creating]        [364/912] org.symphonyoss.symphony.messageml.elements.Mention.getEntityType
16:05:35.498 [INFO]   [Creating]        [365/912] org.symphonyoss.symphony.messageml.elements.Mention.getEntityVersion
16:05:35.498 [INFO]   [Creating]        [366/912] org.symphonyoss.symphony.messageml.elements.Mention.getUserPresentation
16:05:35.498 [INFO]   [Creating]        [366/912]   Tests created: 1
16:05:36.335 [INFO]   [Creating]        [367/912] org.symphonyoss.symphony.messageml.elements.Mention.<init>
16:05:36.335 [INFO]   [Creating]        [367/912]   Tests created: 1
16:05:37.153 [INFO]   [Creating]        [368/912] org.symphonyoss.symphony.messageml.elements.Mention.<init>
16:05:37.153 [INFO]   [Creating]        [368/912]   Tests created: 1
16:05:39.247 [INFO]   [Creating]        [369/912] org.symphonyoss.symphony.messageml.elements.Mention.<init>
16:05:39.248 [INFO]   [Creating]        [369/912]   Tests created: 1
16:05:41.649 [INFO]   [Creating]        [370/912] org.symphonyoss.symphony.messageml.elements.Mention.asEntityJson
16:05:41.649 [INFO]   [Creating]        [370/912]   Tests created: 1
16:05:45.574 [INFO]   [Creating]        [371/912] org.symphonyoss.symphony.messageml.elements.Mention.asMarkdown
16:05:45.574 [INFO]   [Creating]        [371/912]   Tests created: 2
16:05:49.869 [INFO]   [Creating]        [372/912] org.symphonyoss.symphony.messageml.elements.Mention.asPresentationML
16:05:49.869 [INFO]   [Creating]        [372/912]   Tests created: 5
16:05:52.030 [INFO]   [Creating]        [373/912] org.symphonyoss.symphony.messageml.elements.Mention.asText
16:05:52.030 [INFO]   [Creating]        [373/912]   R013: No inputs found that don't throw a trivial exception
16:05:52.030 [INFO]   [Creating]        [373/912]     Diffblue Cover tried to run the arrange/act section, but the test threw
16:05:52.030 [INFO]   [Creating]        [373/912]     java.lang.NullPointerException
16:05:52.030 [INFO]   [Creating]        [373/912]         at org.symphonyoss.symphony.messageml.elements.Mention.asText(Mention.java:168)
16:05:52.030 [INFO]   [Creating]        [373/912]     In order to prevent asText()
16:05:52.030 [INFO]   [Creating]        [373/912]     from throwing NullPointerException, add constructors or factory
16:05:52.030 [INFO]   [Creating]        [373/912]     methods that make it easier to construct fully initialized objects used in
16:05:52.030 [INFO]   [Creating]        [373/912]     asText().
16:05:52.030 [INFO]   [Creating]        [373/912]     See https://diff.blue/R013 to resolve this issue.
16:05:53.436 [INFO]   [Creating]        [374/912] org.symphonyoss.symphony.messageml.elements.Mention.buildAttribute
16:05:53.436 [INFO]   [Creating]        [374/912]   Tests created: 1
16:05:55.005 [INFO]   [Creating]        [375/912] org.symphonyoss.symphony.messageml.elements.Mention.getEntityValue
16:05:55.005 [INFO]   [Creating]        [375/912]   Tests created: 2
16:05:56.807 [INFO]   [Creating]        [376/912] org.symphonyoss.symphony.messageml.elements.Mention.toString
16:05:56.807 [INFO]   [Creating]        [376/912]   Tests created: 2
16:06:02.525 [INFO]   [Creating]        [377/912] org.symphonyoss.symphony.messageml.elements.Mention.updateBiContext
16:06:02.525 [INFO]   [Creating]        [377/912]   Tests created: 6
16:06:02.732 [INFO]   [Creating]        [378/912] org.symphonyoss.symphony.messageml.elements.Mention.validate
16:06:02.732 [INFO]   [Creating]        [378/912]   Tests created: 3
16:06:02.733 [INFO]   [Creating]     [59/141] org.symphonyoss.symphony.messageml.elements.Mention
16:06:02.733 [INFO]   [Creating]     [59/141]   Tests created: 26
16:06:02.733 [INFO]   [Creating]    
================================================================================
= Starting analysis for class 'org.symphonyoss.symphony.messageml.elements.MessageML'
================================================================================
16:06:02.734 [INFO]   [Creating]    Filtering out non-testable methods...
16:06:02.737 [INFO]   [Creating]    Filtering of methods complete. Creating analysis request
16:06:02.737 [INFO]   [Creating]    Attempting to get service client, retry 1.
16:06:04.775 [INFO]   [Creating]        [379/912] org.symphonyoss.symphony.messageml.elements.MessageML.<init>
16:06:04.775 [INFO]   [Creating]        [380/912] org.symphonyoss.symphony.messageml.elements.MessageML.getPresentationMLTag
16:06:04.775 [INFO]   [Creating]        [381/912] org.symphonyoss.symphony.messageml.elements.MessageML.isChime
16:06:04.775 [INFO]   [Creating]        [382/912] org.symphonyoss.symphony.messageml.elements.MessageML.setChime
16:06:04.775 [INFO]   [Creating]        [382/912]   Tests created: 1
16:06:07.376 [INFO]   [Creating]        [383/912] org.symphonyoss.symphony.messageml.elements.MessageML.asEntityJson
16:06:07.376 [INFO]   [Creating]        [383/912]   Tests created: 3
16:06:12.095 [INFO]   [Creating]        [384/912] org.symphonyoss.symphony.messageml.elements.MessageML.asMarkdown
16:06:12.095 [INFO]   [Creating]        [384/912]   Tests created: 9
16:06:15.566 [INFO]   [Creating]        [385/912] org.symphonyoss.symphony.messageml.elements.MessageML.asPresentationML
16:06:15.566 [INFO]   [Creating]        [385/912]   Tests created: 18
16:06:19.032 [INFO]   [Creating]        [386/912] org.symphonyoss.symphony.messageml.elements.MessageML.buildAttribute
16:06:19.032 [INFO]   [Creating]        [386/912]   Tests created: 2
16:06:23.419 [INFO]   [Creating]        [387/912] org.symphonyoss.symphony.messageml.elements.MessageML.enhanceFinancialTags
16:06:23.419 [INFO]   [Creating]        [387/912]   Tests created: 4
16:06:23.853 [INFO]   [Creating]        [388/912] org.symphonyoss.symphony.messageml.elements.MessageML.validate
16:06:23.853 [INFO]   [Creating]        [388/912]   Tests created: 6
16:06:23.854 [INFO]   [Creating]     [60/141] org.symphonyoss.symphony.messageml.elements.MessageML
16:06:23.854 [INFO]   [Creating]     [60/141]   Tests created: 43
16:06:23.855 [INFO]   [Creating]    
================================================================================
= Starting analysis for class 'org.symphonyoss.symphony.messageml.elements.MinMaxLengthElement'
================================================================================
16:06:23.855 [INFO]   [Creating]    Filtering out non-testable methods...
16:06:23.859 [INFO]   [Creating]    Filtering of methods complete. Creating analysis request
16:06:23.859 [INFO]   [Creating]    Attempting to get service client, retry 1.
16:06:26.195 [INFO]   [Creating]        [389/912] org.symphonyoss.symphony.messageml.elements.MinMaxLengthElement.getAttributeAsInteger
16:06:26.195 [INFO]   [Creating]        [389/912]   Tests created: 1
16:06:27.309 [INFO]   [Creating]        [390/912] org.symphonyoss.symphony.messageml.elements.MinMaxLengthElement.getDefaultValueIfCurrentIsNull
16:06:27.309 [INFO]   [Creating]        [390/912]   Tests created: 5
16:06:28.793 [INFO]   [Creating]        [391/912] org.symphonyoss.symphony.messageml.elements.MinMaxLengthElement.getLengthErrorMessage
16:06:28.793 [INFO]   [Creating]        [391/912]   Tests created: 1
16:06:30.112 [INFO]   [Creating]        [392/912] org.symphonyoss.symphony.messageml.elements.MinMaxLengthElement.isLengthOutOfRange
16:06:30.112 [INFO]   [Creating]        [392/912]   Tests created: 3
16:06:31.514 [INFO]   [Creating]        [393/912] org.symphonyoss.symphony.messageml.elements.MinMaxLengthElement.isMinAndMaxLengthCombinationValid
16:06:31.514 [INFO]   [Creating]        [393/912]   Tests created: 4
16:06:32.885 [INFO]   [Creating]        [394/912] org.symphonyoss.symphony.messageml.elements.MinMaxLengthElement.isTextBiggerThanMaxLength
16:06:32.885 [INFO]   [Creating]        [394/912]   Tests created: 4
16:06:34.049 [INFO]   [Creating]        [395/912] org.symphonyoss.symphony.messageml.elements.MinMaxLengthElement.isTextSmallerThanMinLength
16:06:34.049 [INFO]   [Creating]        [395/912]   Tests created: 4
16:06:35.767 [INFO]   [Creating]        [396/912] org.symphonyoss.symphony.messageml.elements.MinMaxLengthElement.validateInitialValueIfFound
16:06:35.767 [INFO]   [Creating]        [396/912]   Tests created: 1
16:06:35.814 [INFO]   [Creating]        [397/912] org.symphonyoss.symphony.messageml.elements.MinMaxLengthElement.validateMinAndMaxLengths
16:06:35.814 [INFO]   [Creating]        [397/912]   Tests created: 1
16:06:35.815 [INFO]   [Creating]     [61/141] org.symphonyoss.symphony.messageml.elements.MinMaxLengthElement
16:06:35.815 [INFO]   [Creating]     [61/141]   Tests created: 24
16:06:35.816 [INFO]   [Creating]    
================================================================================
= Starting analysis for class 'org.symphonyoss.symphony.messageml.elements.Option'
================================================================================
16:06:35.816 [INFO]   [Creating]    Filtering out non-testable methods...
16:06:35.817 [INFO]   [Creating]    Filtering of methods complete. Creating analysis request
16:06:35.817 [INFO]   [Creating]    Attempting to get service client, retry 1.
16:06:37.244 [INFO]   [Creating]        [398/912] org.symphonyoss.symphony.messageml.elements.Option.<init>
16:06:37.244 [INFO]   [Creating]        [398/912]   Tests created: 1
16:06:38.307 [INFO]   [Creating]        [399/912] org.symphonyoss.symphony.messageml.elements.Option.asMarkdown
16:06:38.307 [INFO]   [Creating]        [399/912]   Tests created: 1
16:06:39.820 [INFO]   [Creating]        [400/912] org.symphonyoss.symphony.messageml.elements.Option.buildAttribute
16:06:39.820 [INFO]   [Creating]        [400/912]   Tests created: 1
16:06:39.860 [INFO]   [Creating]        [401/912] org.symphonyoss.symphony.messageml.elements.Option.validate
16:06:39.860 [INFO]   [Creating]        [401/912]   Tests created: 1
16:06:39.861 [INFO]   [Creating]     [62/141] org.symphonyoss.symphony.messageml.elements.Option
16:06:39.861 [INFO]   [Creating]     [62/141]   Tests created: 4
16:06:39.861 [INFO]   [Creating]    
================================================================================
= Starting analysis for class 'org.symphonyoss.symphony.messageml.elements.OrderedList'
================================================================================
16:06:39.861 [INFO]   [Creating]    Filtering out non-testable methods...
16:06:39.862 [INFO]   [Creating]    Filtering of methods complete. Creating analysis request
16:06:39.862 [INFO]   [Creating]    Attempting to get service client, retry 1.
16:06:41.315 [INFO]   [Creating]        [402/912] org.symphonyoss.symphony.messageml.elements.OrderedList.<init>
16:06:41.315 [INFO]   [Creating]        [402/912]   Tests created: 1
16:06:42.799 [INFO]   [Creating]        [403/912] org.symphonyoss.symphony.messageml.elements.OrderedList.asMarkdown
16:06:42.799 [INFO]   [Creating]        [403/912]   Tests created: 1
16:06:44.592 [INFO]   [Creating]        [404/912] org.symphonyoss.symphony.messageml.elements.OrderedList.updateBiContext
16:06:44.592 [INFO]   [Creating]        [404/912]   Tests created: 6
16:06:44.688 [INFO]   [Creating]        [405/912] org.symphonyoss.symphony.messageml.elements.OrderedList.validate
16:06:44.688 [INFO]   [Creating]        [405/912]   Tests created: 2
16:06:44.689 [INFO]   [Creating]     [63/141] org.symphonyoss.symphony.messageml.elements.OrderedList
16:06:44.689 [INFO]   [Creating]     [63/141]   Tests created: 10
16:06:44.689 [INFO]   [Creating]    
================================================================================
= Starting analysis for class 'org.symphonyoss.symphony.messageml.elements.Paragraph'
================================================================================
16:06:44.689 [INFO]   [Creating]    Filtering out non-testable methods...
16:06:44.691 [INFO]   [Creating]    Filtering of methods complete. Creating analysis request
16:06:44.691 [INFO]   [Creating]    Attempting to get service client, retry 1.
16:06:45.457 [INFO]   [Creating]        [406/912] org.symphonyoss.symphony.messageml.elements.Paragraph.toString
16:06:45.457 [INFO]   [Creating]        [406/912]   Tests created: 1
16:06:46.206 [INFO]   [Creating]        [407/912] org.symphonyoss.symphony.messageml.elements.Paragraph.<init>
16:06:46.206 [INFO]   [Creating]        [407/912]   Tests created: 1
16:06:46.966 [INFO]   [Creating]        [408/912] org.symphonyoss.symphony.messageml.elements.Paragraph.asMarkdown
16:06:46.966 [INFO]   [Creating]        [408/912]   Tests created: 1
16:06:48.466 [INFO]   [Creating]        [409/912] org.symphonyoss.symphony.messageml.elements.Paragraph.asText
16:06:48.466 [INFO]   [Creating]        [409/912]   Tests created: 1
16:06:48.785 [INFO]   [Creating]        [410/912] org.symphonyoss.symphony.messageml.elements.Paragraph.updateBiContext
16:06:48.785 [INFO]   [Creating]        [410/912]   Tests created: 6
16:06:48.786 [INFO]   [Creating]     [64/141] org.symphonyoss.symphony.messageml.elements.Paragraph
16:06:48.786 [INFO]   [Creating]     [64/141]   Tests created: 10
16:06:48.787 [INFO]   [Creating]    
================================================================================
= Starting analysis for class 'org.symphonyoss.symphony.messageml.elements.PersonSelector'
================================================================================
16:06:48.787 [INFO]   [Creating]    Filtering out non-testable methods...
16:06:48.790 [INFO]   [Creating]    Filtering of methods complete. Creating analysis request
16:06:48.790 [INFO]   [Creating]    Attempting to get service client, retry 1.
16:06:49.986 [INFO]   [Creating]        [411/912] org.symphonyoss.symphony.messageml.elements.PersonSelector.<init>
16:06:49.986 [INFO]   [Creating]        [412/912] org.symphonyoss.symphony.messageml.elements.PersonSelector.getElementId
16:06:49.986 [INFO]   [Creating]        [413/912] org.symphonyoss.symphony.messageml.elements.PersonSelector.getPresentationMLTag
16:06:49.986 [INFO]   [Creating]        [413/912]   Tests created: 1
16:06:51.953 [INFO]   [Creating]        [414/912] org.symphonyoss.symphony.messageml.elements.PersonSelector.asMarkdown
16:06:51.953 [INFO]   [Creating]        [414/912]   Tests created: 1
16:06:54.309 [INFO]   [Creating]        [415/912] org.symphonyoss.symphony.messageml.elements.PersonSelector.asPresentationML
16:06:54.309 [INFO]   [Creating]        [415/912]   Tests created: 4
16:06:55.986 [INFO]   [Creating]        [416/912] org.symphonyoss.symphony.messageml.elements.PersonSelector.buildAll
16:06:55.986 [INFO]   [Creating]        [416/912]   Tests created: 4
16:06:57.099 [INFO]   [Creating]        [417/912] org.symphonyoss.symphony.messageml.elements.PersonSelector.buildAttribute
16:06:57.099 [INFO]   [Creating]        [417/912]   Tests created: 2
16:06:58.734 [INFO]   [Creating]        [418/912] org.symphonyoss.symphony.messageml.elements.PersonSelector.updateBiContext
16:06:58.734 [INFO]   [Creating]        [418/912]   Tests created: 1
16:06:58.841 [INFO]   [Creating]        [419/912] org.symphonyoss.symphony.messageml.elements.PersonSelector.validate
16:06:58.841 [INFO]   [Creating]        [419/912]   Tests created: 2
16:06:58.842 [INFO]   [Creating]     [65/141] org.symphonyoss.symphony.messageml.elements.PersonSelector
16:06:58.842 [INFO]   [Creating]     [65/141]   Tests created: 15
16:06:58.843 [INFO]   [Creating]    
================================================================================
= Starting analysis for class 'org.symphonyoss.symphony.messageml.elements.Preformatted'
================================================================================
16:06:58.843 [INFO]   [Creating]    Filtering out non-testable methods...
16:06:58.844 [INFO]   [Creating]    Filtering of methods complete. Creating analysis request
16:06:58.844 [INFO]   [Creating]    Attempting to get service client, retry 1.
16:07:00.410 [INFO]   [Creating]        [420/912] org.symphonyoss.symphony.messageml.elements.Preformatted.<init>
16:07:00.410 [INFO]   [Creating]        [420/912]   Tests created: 1
16:07:03.855 [INFO]   [Creating]        [421/912] org.symphonyoss.symphony.messageml.elements.Preformatted.asMarkdown
16:07:03.855 [INFO]   [Creating]        [421/912]   Tests created: 1
16:07:05.641 [INFO]   [Creating]        [422/912] org.symphonyoss.symphony.messageml.elements.Preformatted.asPresentationML
16:07:05.641 [INFO]   [Creating]        [422/912]   Tests created: 7
16:07:07.448 [INFO]   [Creating]        [423/912] org.symphonyoss.symphony.messageml.elements.Preformatted.updateBiContext
16:07:07.448 [INFO]   [Creating]        [423/912]   Tests created: 6
16:07:07.613 [INFO]   [Creating]        [424/912] org.symphonyoss.symphony.messageml.elements.Preformatted.validate
16:07:07.613 [INFO]   [Creating]        [424/912]   Tests created: 3
16:07:07.613 [INFO]   [Creating]     [66/141] org.symphonyoss.symphony.messageml.elements.Preformatted
16:07:07.614 [INFO]   [Creating]     [66/141]   Tests created: 18
16:07:07.614 [INFO]   [Creating]    
================================================================================
= Starting analysis for class 'org.symphonyoss.symphony.messageml.elements.Radio'
================================================================================
16:07:07.614 [INFO]   [Creating]    Filtering out non-testable methods...
16:07:07.616 [INFO]   [Creating]    Filtering of methods complete. Creating analysis request
16:07:07.616 [INFO]   [Creating]    Attempting to get service client, retry 1.
16:07:10.278 [INFO]   [Creating]        [425/912] org.symphonyoss.symphony.messageml.elements.Radio.<init>
16:07:10.278 [INFO]   [Creating]        [426/912] org.symphonyoss.symphony.messageml.elements.Radio.getElementId
16:07:10.278 [INFO]   [Creating]        [427/912] org.symphonyoss.symphony.messageml.elements.Radio.getPresentationMLDivClass
16:07:10.278 [INFO]   [Creating]        [428/912] org.symphonyoss.symphony.messageml.elements.Radio.getPresentationMLInputType
16:07:10.278 [INFO]   [Creating]        [428/912]   Tests created: 1
16:07:11.971 [INFO]   [Creating]        [429/912] org.symphonyoss.symphony.messageml.elements.Radio.asMarkdown
16:07:11.971 [INFO]   [Creating]        [429/912]   Tests created: 4
16:07:13.252 [INFO]   [Creating]        [430/912] org.symphonyoss.symphony.messageml.elements.Radio.buildAttribute
16:07:13.252 [INFO]   [Creating]        [430/912]   Tests created: 2
16:07:14.959 [INFO]   [Creating]        [431/912] org.symphonyoss.symphony.messageml.elements.Radio.updateBiContext
16:07:14.959 [INFO]   [Creating]        [431/912]   Tests created: 4
16:07:15.076 [INFO]   [Creating]        [432/912] org.symphonyoss.symphony.messageml.elements.Radio.validate
16:07:15.076 [INFO]   [Creating]        [432/912]   Tests created: 2
16:07:15.077 [INFO]   [Creating]     [67/141] org.symphonyoss.symphony.messageml.elements.Radio
16:07:15.077 [INFO]   [Creating]     [67/141]   Tests created: 13
16:07:15.078 [INFO]   [Creating]    
================================================================================
= Starting analysis for class 'org.symphonyoss.symphony.messageml.elements.RegexElement'
================================================================================
16:07:15.078 [INFO]   [Creating]    Filtering out non-testable methods...
16:07:15.081 [INFO]   [Creating]    Filtering of methods complete. Creating analysis request
16:07:15.081 [INFO]   [Creating]    Attempting to get service client, retry 1.
16:07:16.923 [INFO]   [Creating]        [433/912] org.symphonyoss.symphony.messageml.elements.RegexElement.getOtherAttributes
16:07:16.923 [INFO]   [Creating]        [433/912]   Tests created: 1
16:07:18.091 [INFO]   [Creating]        [434/912] org.symphonyoss.symphony.messageml.elements.RegexElement.getRegexAttrForPresentationML
16:07:18.091 [INFO]   [Creating]        [434/912]   Tests created: 1
16:07:18.125 [INFO]   [Creating]        [435/912] org.symphonyoss.symphony.messageml.elements.RegexElement.validateRegex
16:07:18.125 [INFO]   [Creating]        [435/912]   Tests created: 1
16:07:18.126 [INFO]   [Creating]     [68/141] org.symphonyoss.symphony.messageml.elements.RegexElement
16:07:18.126 [INFO]   [Creating]     [68/141]   Tests created: 3
16:07:18.127 [INFO]   [Creating]    
================================================================================
= Starting analysis for class 'org.symphonyoss.symphony.messageml.elements.RoomSelector'
================================================================================
16:07:18.127 [INFO]   [Creating]    Filtering out non-testable methods...
16:07:18.129 [INFO]   [Creating]    Filtering of methods complete. Creating analysis request
16:07:18.129 [INFO]   [Creating]    Attempting to get service client, retry 1.
16:07:19.153 [INFO]   [Creating]        [436/912] org.symphonyoss.symphony.messageml.elements.RoomSelector.<init>
16:07:19.153 [INFO]   [Creating]        [437/912] org.symphonyoss.symphony.messageml.elements.RoomSelector.getElementId
16:07:19.153 [INFO]   [Creating]        [438/912] org.symphonyoss.symphony.messageml.elements.RoomSelector.getPresentationMLTag
16:07:19.153 [INFO]   [Creating]        [438/912]   Tests created: 1
16:07:21.179 [INFO]   [Creating]        [439/912] org.symphonyoss.symphony.messageml.elements.RoomSelector.asMarkdown
16:07:21.179 [INFO]   [Creating]        [439/912]   Tests created: 1
16:07:23.360 [INFO]   [Creating]        [440/912] org.symphonyoss.symphony.messageml.elements.RoomSelector.asPresentationML
16:07:23.360 [INFO]   [Creating]        [440/912]   Tests created: 4
16:07:25.030 [INFO]   [Creating]        [441/912] org.symphonyoss.symphony.messageml.elements.RoomSelector.buildAll
16:07:25.030 [INFO]   [Creating]        [441/912]   Tests created: 4
16:07:26.167 [INFO]   [Creating]        [442/912] org.symphonyoss.symphony.messageml.elements.RoomSelector.buildAttribute
16:07:26.167 [INFO]   [Creating]        [442/912]   Tests created: 2
16:07:27.722 [INFO]   [Creating]        [443/912] org.symphonyoss.symphony.messageml.elements.RoomSelector.updateBiContext
16:07:27.722 [INFO]   [Creating]        [443/912]   Tests created: 1
16:07:27.834 [INFO]   [Creating]        [444/912] org.symphonyoss.symphony.messageml.elements.RoomSelector.validate
16:07:27.834 [INFO]   [Creating]        [444/912]   Tests created: 2
16:07:27.835 [INFO]   [Creating]     [69/141] org.symphonyoss.symphony.messageml.elements.RoomSelector
16:07:27.835 [INFO]   [Creating]     [69/141]   Tests created: 15
16:07:27.836 [INFO]   [Creating]    
================================================================================
= Starting analysis for class 'org.symphonyoss.symphony.messageml.elements.Select'
================================================================================
16:07:27.836 [INFO]   [Creating]    Filtering out non-testable methods...
16:07:27.838 [INFO]   [Creating]    Filtering of methods complete. Creating analysis request
16:07:27.838 [INFO]   [Creating]    Attempting to get service client, retry 1.
16:07:28.626 [INFO]   [Creating]        [445/912] org.symphonyoss.symphony.messageml.elements.Select.getElementId
16:07:28.626 [INFO]   [Creating]        [445/912]   Tests created: 1
16:07:29.505 [INFO]   [Creating]        [446/912] org.symphonyoss.symphony.messageml.elements.Select.<init>
16:07:29.505 [INFO]   [Creating]        [446/912]   Tests created: 1
16:07:30.849 [INFO]   [Creating]        [447/912] org.symphonyoss.symphony.messageml.elements.Select.asMarkdown
16:07:30.849 [INFO]   [Creating]        [447/912]   Tests created: 1
16:07:32.329 [INFO]   [Creating]        [448/912] org.symphonyoss.symphony.messageml.elements.Select.buildAttribute
16:07:32.329 [INFO]   [Creating]        [448/912]   Tests created: 1
16:09:11.354 [INFO]   [Creating]        [449/912] org.symphonyoss.symphony.messageml.elements.Select.updateBiContext
16:09:11.355 [INFO]   [Creating]        [449/912]   Tests created: 3
16:09:11.450 [INFO]   [Creating]        [450/912] org.symphonyoss.symphony.messageml.elements.Select.validate
16:09:11.450 [INFO]   [Creating]        [450/912]   Tests created: 2
16:09:11.451 [INFO]   [Creating]     [70/141] org.symphonyoss.symphony.messageml.elements.Select
16:09:11.451 [INFO]   [Creating]     [70/141]   Tests created: 9
16:09:11.451 [INFO]   [Creating]    
================================================================================
= Starting analysis for class 'org.symphonyoss.symphony.messageml.elements.Span'
================================================================================
16:09:11.451 [INFO]   [Creating]    Filtering out non-testable methods...
16:09:11.452 [INFO]   [Creating]    Filtering of methods complete. Creating analysis request
16:09:11.452 [INFO]   [Creating]    Attempting to get service client, retry 1.
16:09:13.249 [INFO]   [Creating]        [451/912] org.symphonyoss.symphony.messageml.elements.Span.<init>
16:09:13.249 [INFO]   [Creating]        [451/912]   Tests created: 1
16:09:14.506 [INFO]   [Creating]        [452/912] org.symphonyoss.symphony.messageml.elements.Span.asEntityJson
16:09:14.506 [INFO]   [Creating]        [452/912]   Tests created: 1
16:09:16.052 [INFO]   [Creating]        [453/912] org.symphonyoss.symphony.messageml.elements.Span.buildAttribute
16:09:16.052 [INFO]   [Creating]        [453/912]   Tests created: 1
16:09:17.748 [INFO]   [Creating]        [454/912] org.symphonyoss.symphony.messageml.elements.Span.updateBiContext
16:09:17.748 [INFO]   [Creating]        [454/912]   Tests created: 6
16:09:17.797 [INFO]   [Creating]        [455/912] org.symphonyoss.symphony.messageml.elements.Span.validate
16:09:17.797 [INFO]   [Creating]        [455/912]   Tests created: 1
16:09:17.798 [INFO]   [Creating]     [71/141] org.symphonyoss.symphony.messageml.elements.Span
16:09:17.798 [INFO]   [Creating]     [71/141]   Tests created: 10
16:09:17.799 [INFO]   [Creating]    
================================================================================
= Starting analysis for class 'org.symphonyoss.symphony.messageml.elements.SplittableElement'
================================================================================
16:09:17.799 [INFO]   [Creating]    Filtering out non-testable methods...
16:09:17.808 [INFO]   [Creating]    Filtering of methods complete. Creating analysis request
16:09:17.808 [INFO]   [Creating]    Attempting to get service client, retry 1.
16:09:21.082 [INFO]   [Creating]        [456/912] org.symphonyoss.symphony.messageml.elements.SplittableElement.getElementId
16:09:21.082 [INFO]   [Creating]        [456/912]   Tests created: 1
16:09:22.613 [INFO]   [Creating]        [457/912] org.symphonyoss.symphony.messageml.elements.SplittableElement.fillAttributes
16:09:22.613 [INFO]   [Creating]        [457/912]   R013: No inputs found that don't throw a trivial exception
16:09:22.613 [INFO]   [Creating]        [457/912]     Diffblue Cover tried to run the arrange/act section, but the test threw
16:09:22.613 [INFO]   [Creating]        [457/912]     org.w3c.dom.DOMException: Method not supported
16:09:22.613 [INFO]   [Creating]        [457/912]         at javax.imageio.metadata.IIOMetadataNode.getTextContent(IIOMetadataNode.java:1097)
16:09:22.613 [INFO]   [Creating]        [457/912]         at org.symphonyoss.symphony.messageml.elements.Element.getStringAttribute(Element.java:484)
16:09:22.613 [INFO]   [Creating]        [457/912]         at org.symphonyoss.symphony.messageml.elements.SplittableElement.fillAttributes(SplittableElement.java:159)
16:09:22.613 [INFO]   [Creating]        [457/912]         at org.symphonyoss.symphony.messageml.elements.SplittableElement.fillAttributes(SplittableElement.java:182)
16:09:22.613 [INFO]   [Creating]        [457/912]     In order to prevent fillAttributes(MessageMLParser, Node)
16:09:22.613 [INFO]   [Creating]        [457/912]     from throwing DOMException, add constructors or factory
16:09:22.613 [INFO]   [Creating]        [457/912]     methods that make it easier to construct fully initialized objects used in
16:09:22.613 [INFO]   [Creating]        [457/912]     fillAttributes(MessageMLParser, Node).
16:09:22.613 [INFO]   [Creating]        [457/912]     See https://diff.blue/R013 to resolve this issue.
16:09:23.442 [INFO]   [Creating]        [458/912] org.symphonyoss.symphony.messageml.elements.SplittableElement.fillAttributes
16:09:23.442 [INFO]   [Creating]        [458/912]   R013: No inputs found that don't throw a trivial exception
16:09:23.442 [INFO]   [Creating]        [458/912]     Diffblue Cover tried to run the arrange/act section, but the test threw
16:09:23.442 [INFO]   [Creating]        [458/912]     org.w3c.dom.DOMException: Method not supported
16:09:23.443 [INFO]   [Creating]        [458/912]         at javax.imageio.metadata.IIOMetadataNode.getTextContent(IIOMetadataNode.java:1097)
16:09:23.443 [INFO]   [Creating]        [458/912]         at org.symphonyoss.symphony.messageml.elements.Element.getStringAttribute(Element.java:484)
16:09:23.443 [INFO]   [Creating]        [458/912]         at org.symphonyoss.symphony.messageml.elements.SplittableElement.fillAttributes(SplittableElement.java:159)
16:09:23.443 [INFO]   [Creating]        [458/912]     In order to prevent fillAttributes(MessageMLParser, Node, Map)
16:09:23.443 [INFO]   [Creating]        [458/912]     from throwing DOMException, add constructors or factory
16:09:23.443 [INFO]   [Creating]        [458/912]     methods that make it easier to construct fully initialized objects used in
16:09:23.443 [INFO]   [Creating]        [458/912]     fillAttributes(MessageMLParser, Node, Map).
16:09:23.443 [INFO]   [Creating]        [458/912]     See https://diff.blue/R013 to resolve this issue.
16:09:24.804 [INFO]   [Creating]        [459/912] org.symphonyoss.symphony.messageml.elements.SplittableElement.isSplittable
16:09:24.804 [INFO]   [Creating]        [459/912]   Tests created: 1
16:09:27.021 [INFO]   [Creating]        [460/912] org.symphonyoss.symphony.messageml.elements.SplittableElement.isSplittableNodeComponent
16:09:27.021 [INFO]   [Creating]        [460/912]   Tests created: 3
16:09:27.958 [INFO]   [Creating]        [461/912] org.symphonyoss.symphony.messageml.elements.SplittableElement.splittableAsPresentationML
16:09:27.958 [INFO]   [Creating]        [461/912]   Tests created: 4
16:09:29.636 [INFO]   [Creating]        [462/912] org.symphonyoss.symphony.messageml.elements.SplittableElement.splittableRemove
16:09:29.636 [INFO]   [Creating]        [462/912]   Tests created: 1
16:09:29.677 [INFO]   [Creating]        [463/912] org.symphonyoss.symphony.messageml.elements.SplittableElement.validateSplittable
16:09:29.677 [INFO]   [Creating]        [463/912]   Tests created: 1
16:09:29.678 [INFO]   [Creating]     [72/141] org.symphonyoss.symphony.messageml.elements.SplittableElement
16:09:29.678 [INFO]   [Creating]     [72/141]   Tests created: 11
16:09:29.679 [INFO]   [Creating]    
================================================================================
= Starting analysis for class 'org.symphonyoss.symphony.messageml.elements.Styles'
================================================================================
16:09:29.679 [INFO]   [Creating]    Filtering out non-testable methods...
16:09:29.680 [INFO]   [Creating]    Filtering of methods complete. Creating analysis request
16:09:29.680 [INFO]   [Creating]    Attempting to get service client, retry 1.
16:09:29.713 [INFO]   [Creating]        [464/912] org.symphonyoss.symphony.messageml.elements.Styles.<init>
16:09:29.713 [INFO]   [Creating]        [464/912]   T005: Trivial constructor
16:09:29.713 [INFO]   [Creating]        [464/912]     See https://diff.blue/T005
16:09:32.220 [INFO]   [Creating]        [465/912] org.symphonyoss.symphony.messageml.elements.Styles.validate
16:09:32.220 [INFO]   [Creating]        [465/912]   Tests created: 4
16:09:32.221 [INFO]   [Creating]     [73/141] org.symphonyoss.symphony.messageml.elements.Styles
16:09:32.221 [INFO]   [Creating]     [73/141]   Tests created: 4
16:09:32.222 [INFO]   [Creating]    
================================================================================
= Starting analysis for class 'org.symphonyoss.symphony.messageml.elements.Subscript'
================================================================================
16:09:32.222 [INFO]   [Creating]    Filtering out non-testable methods...
16:09:32.223 [INFO]   [Creating]    Filtering of methods complete. Creating analysis request
16:09:32.223 [INFO]   [Creating]    Attempting to get service client, retry 1.
16:09:33.688 [INFO]   [Creating]        [466/912] org.symphonyoss.symphony.messageml.elements.Subscript.<init>
16:09:33.688 [INFO]   [Creating]        [466/912]   Tests created: 1
16:09:33.729 [INFO]   [Creating]        [467/912] org.symphonyoss.symphony.messageml.elements.Subscript.asMarkdown
16:09:33.729 [INFO]   [Creating]        [467/912]   Tests created: 1
16:09:33.730 [INFO]   [Creating]     [74/141] org.symphonyoss.symphony.messageml.elements.Subscript
16:09:33.730 [INFO]   [Creating]     [74/141]   Tests created: 2
16:09:33.731 [INFO]   [Creating]    
================================================================================
= Starting analysis for class 'org.symphonyoss.symphony.messageml.elements.Superscript'
================================================================================
16:09:33.731 [INFO]   [Creating]    Filtering out non-testable methods...
16:09:33.732 [INFO]   [Creating]    Filtering of methods complete. Creating analysis request
16:09:33.732 [INFO]   [Creating]    Attempting to get service client, retry 1.
16:09:35.134 [INFO]   [Creating]        [468/912] org.symphonyoss.symphony.messageml.elements.Superscript.<init>
16:09:35.134 [INFO]   [Creating]        [468/912]   Tests created: 1
16:09:35.174 [INFO]   [Creating]        [469/912] org.symphonyoss.symphony.messageml.elements.Superscript.asMarkdown
16:09:35.174 [INFO]   [Creating]        [469/912]   Tests created: 1
16:09:35.175 [INFO]   [Creating]     [75/141] org.symphonyoss.symphony.messageml.elements.Superscript
16:09:35.175 [INFO]   [Creating]     [75/141]   Tests created: 2
16:09:35.175 [INFO]   [Creating]    
================================================================================
= Starting analysis for class 'org.symphonyoss.symphony.messageml.elements.Table'
================================================================================
16:09:35.175 [INFO]   [Creating]    Filtering out non-testable methods...
16:09:35.176 [INFO]   [Creating]    Filtering of methods complete. Creating analysis request
16:09:35.176 [INFO]   [Creating]    Attempting to get service client, retry 1.
16:09:35.931 [INFO]   [Creating]        [470/912] org.symphonyoss.symphony.messageml.elements.Table.toString
16:09:35.931 [INFO]   [Creating]        [470/912]   Tests created: 1
16:09:36.715 [INFO]   [Creating]        [471/912] org.symphonyoss.symphony.messageml.elements.Table.<init>
16:09:36.715 [INFO]   [Creating]        [471/912]   Tests created: 1
16:09:39.049 [INFO]   [Creating]        [472/912] org.symphonyoss.symphony.messageml.elements.Table.asMarkdown
16:09:39.049 [INFO]   [Creating]        [472/912]   Tests created: 1
16:09:40.952 [INFO]   [Creating]        [473/912] org.symphonyoss.symphony.messageml.elements.Table.updateBiContext
16:09:40.952 [INFO]   [Creating]        [473/912]   Tests created: 8
16:09:41.053 [INFO]   [Creating]        [474/912] org.symphonyoss.symphony.messageml.elements.Table.validate
16:09:41.053 [INFO]   [Creating]        [474/912]   Tests created: 2
16:09:41.054 [INFO]   [Creating]     [76/141] org.symphonyoss.symphony.messageml.elements.Table
16:09:41.054 [INFO]   [Creating]     [76/141]   Tests created: 13
16:09:41.055 [INFO]   [Creating]    
================================================================================
= Starting analysis for class 'org.symphonyoss.symphony.messageml.elements.TableBody'
================================================================================
16:09:41.055 [INFO]   [Creating]    Filtering out non-testable methods...
16:09:41.055 [INFO]   [Creating]    Filtering of methods complete. Creating analysis request
16:09:41.055 [INFO]   [Creating]    Attempting to get service client, retry 1.
16:09:41.829 [INFO]   [Creating]        [475/912] org.symphonyoss.symphony.messageml.elements.TableBody.toString
16:09:41.829 [INFO]   [Creating]        [475/912]   Tests created: 1
16:09:43.400 [INFO]   [Creating]        [476/912] org.symphonyoss.symphony.messageml.elements.TableBody.<init>
16:09:43.400 [INFO]   [Creating]        [476/912]   Tests created: 1
16:09:43.468 [INFO]   [Creating]        [477/912] org.symphonyoss.symphony.messageml.elements.TableBody.validate
16:09:43.468 [INFO]   [Creating]        [477/912]   Tests created: 2
16:09:43.469 [INFO]   [Creating]     [77/141] org.symphonyoss.symphony.messageml.elements.TableBody
16:09:43.469 [INFO]   [Creating]     [77/141]   Tests created: 4
16:09:43.470 [INFO]   [Creating]    
================================================================================
= Starting analysis for class 'org.symphonyoss.symphony.messageml.elements.TableCell'
================================================================================
16:09:43.470 [INFO]   [Creating]    Filtering out non-testable methods...
16:09:43.471 [INFO]   [Creating]    Filtering of methods complete. Creating analysis request
16:09:43.471 [INFO]   [Creating]    Attempting to get service client, retry 1.
16:09:44.236 [INFO]   [Creating]        [478/912] org.symphonyoss.symphony.messageml.elements.TableCell.toString
16:09:44.236 [INFO]   [Creating]        [478/912]   Tests created: 1
16:09:45.014 [INFO]   [Creating]        [479/912] org.symphonyoss.symphony.messageml.elements.TableCell.<init>
16:09:45.014 [INFO]   [Creating]        [479/912]   Tests created: 1
16:09:46.255 [INFO]   [Creating]        [480/912] org.symphonyoss.symphony.messageml.elements.TableCell.asMarkdown
16:09:46.255 [INFO]   [Creating]        [480/912]   Tests created: 1
16:09:48.219 [INFO]   [Creating]        [481/912] org.symphonyoss.symphony.messageml.elements.TableCell.buildAttribute
16:09:48.219 [INFO]   [Creating]        [481/912]   Tests created: 1
16:09:48.221 [INFO]   [Creating]        [482/912] org.symphonyoss.symphony.messageml.elements.TableCell.updateBiContext
16:09:48.221 [INFO]   [Creating]        [482/912]   Diffblue AI was unable to find a test
16:09:48.221 [INFO]   [Creating]     [78/141] org.symphonyoss.symphony.messageml.elements.TableCell
16:09:48.221 [INFO]   [Creating]     [78/141]   Tests created: 4
16:09:48.222 [INFO]   [Creating]    
================================================================================
= Starting analysis for class 'org.symphonyoss.symphony.messageml.elements.TableFooter'
================================================================================
16:09:48.222 [INFO]   [Creating]    Filtering out non-testable methods...
16:09:48.224 [INFO]   [Creating]    Filtering of methods complete. Creating analysis request
16:09:48.224 [INFO]   [Creating]    Attempting to get service client, retry 1.
16:09:49.001 [INFO]   [Creating]        [483/912] org.symphonyoss.symphony.messageml.elements.TableFooter.toString
16:09:49.001 [INFO]   [Creating]        [483/912]   Tests created: 1
16:09:50.541 [INFO]   [Creating]        [484/912] org.symphonyoss.symphony.messageml.elements.TableFooter.<init>
16:09:50.541 [INFO]   [Creating]        [484/912]   Tests created: 1
16:09:52.316 [INFO]   [Creating]        [485/912] org.symphonyoss.symphony.messageml.elements.TableFooter.updateBiContext
16:09:52.316 [INFO]   [Creating]        [485/912]   Tests created: 6
16:09:52.410 [INFO]   [Creating]        [486/912] org.symphonyoss.symphony.messageml.elements.TableFooter.validate
16:09:52.410 [INFO]   [Creating]        [486/912]   Tests created: 2
16:09:52.410 [INFO]   [Creating]     [79/141] org.symphonyoss.symphony.messageml.elements.TableFooter
16:09:52.410 [INFO]   [Creating]     [79/141]   Tests created: 10
16:09:52.411 [INFO]   [Creating]    
================================================================================
= Starting analysis for class 'org.symphonyoss.symphony.messageml.elements.TableHeader'
================================================================================
16:09:52.411 [INFO]   [Creating]    Filtering out non-testable methods...
16:09:52.412 [INFO]   [Creating]    Filtering of methods complete. Creating analysis request
16:09:52.412 [INFO]   [Creating]    Attempting to get service client, retry 1.
16:09:53.286 [INFO]   [Creating]        [487/912] org.symphonyoss.symphony.messageml.elements.TableHeader.toString
16:09:53.286 [INFO]   [Creating]        [487/912]   Tests created: 1
16:09:54.730 [INFO]   [Creating]        [488/912] org.symphonyoss.symphony.messageml.elements.TableHeader.<init>
16:09:54.730 [INFO]   [Creating]        [488/912]   Tests created: 1
16:09:56.475 [INFO]   [Creating]        [489/912] org.symphonyoss.symphony.messageml.elements.TableHeader.updateBiContext
16:09:56.475 [INFO]   [Creating]        [489/912]   Tests created: 6
16:09:56.564 [INFO]   [Creating]        [490/912] org.symphonyoss.symphony.messageml.elements.TableHeader.validate
16:09:56.564 [INFO]   [Creating]        [490/912]   Tests created: 2
16:09:56.565 [INFO]   [Creating]     [80/141] org.symphonyoss.symphony.messageml.elements.TableHeader
16:09:56.565 [INFO]   [Creating]     [80/141]   Tests created: 10
16:09:56.565 [INFO]   [Creating]    
================================================================================
= Starting analysis for class 'org.symphonyoss.symphony.messageml.elements.TableHeaderCell'
================================================================================
16:09:56.565 [INFO]   [Creating]    Filtering out non-testable methods...
16:09:56.566 [INFO]   [Creating]    Filtering of methods complete. Creating analysis request
16:09:56.566 [INFO]   [Creating]    Attempting to get service client, retry 1.
16:09:57.312 [INFO]   [Creating]        [491/912] org.symphonyoss.symphony.messageml.elements.TableHeaderCell.toString
16:09:57.312 [INFO]   [Creating]        [491/912]   Tests created: 1
16:09:58.096 [INFO]   [Creating]        [492/912] org.symphonyoss.symphony.messageml.elements.TableHeaderCell.<init>
16:09:58.096 [INFO]   [Creating]        [492/912]   Tests created: 1
16:09:58.138 [INFO]   [Creating]        [493/912] org.symphonyoss.symphony.messageml.elements.TableHeaderCell.asMarkdown
16:09:58.138 [INFO]   [Creating]        [493/912]   Tests created: 1
16:09:58.139 [INFO]   [Creating]     [81/141] org.symphonyoss.symphony.messageml.elements.TableHeaderCell
16:09:58.139 [INFO]   [Creating]     [81/141]   Tests created: 3
16:09:58.140 [INFO]   [Creating]    
================================================================================
= Starting analysis for class 'org.symphonyoss.symphony.messageml.elements.TableRow'
================================================================================
16:09:58.140 [INFO]   [Creating]    Filtering out non-testable methods...
16:09:58.141 [INFO]   [Creating]    Filtering of methods complete. Creating analysis request
16:09:58.141 [INFO]   [Creating]    Attempting to get service client, retry 1.
16:09:58.889 [INFO]   [Creating]        [494/912] org.symphonyoss.symphony.messageml.elements.TableRow.toString
16:09:58.889 [INFO]   [Creating]        [494/912]   Tests created: 1
16:09:59.663 [INFO]   [Creating]        [495/912] org.symphonyoss.symphony.messageml.elements.TableRow.<init>
16:09:59.663 [INFO]   [Creating]        [495/912]   Tests created: 1
16:10:01.436 [INFO]   [Creating]        [496/912] org.symphonyoss.symphony.messageml.elements.TableRow.asMarkdown
16:10:01.436 [INFO]   [Creating]        [496/912]   Tests created: 1
16:10:03.241 [INFO]   [Creating]        [497/912] org.symphonyoss.symphony.messageml.elements.TableRow.updateBiContext
16:10:03.241 [INFO]   [Creating]        [497/912]   Tests created: 6
16:10:03.336 [INFO]   [Creating]        [498/912] org.symphonyoss.symphony.messageml.elements.TableRow.validate
16:10:03.336 [INFO]   [Creating]        [498/912]   Tests created: 2
16:10:03.337 [INFO]   [Creating]     [82/141] org.symphonyoss.symphony.messageml.elements.TableRow
16:10:03.337 [INFO]   [Creating]     [82/141]   Tests created: 11
16:10:03.337 [INFO]   [Creating]    
================================================================================
= Starting analysis for class 'org.symphonyoss.symphony.messageml.elements.Tag'
================================================================================
16:10:03.337 [INFO]   [Creating]    Filtering out non-testable methods...
16:10:03.342 [INFO]   [Creating]    Filtering of methods complete. Creating analysis request
16:10:03.342 [INFO]   [Creating]    Attempting to get service client, retry 1.
16:10:04.254 [INFO]   [Creating]        [499/912] org.symphonyoss.symphony.messageml.elements.Tag.getEntityIdPrefix
16:10:04.254 [INFO]   [Creating]        [500/912] org.symphonyoss.symphony.messageml.elements.Tag.getEntitySubType
16:10:04.254 [INFO]   [Creating]        [501/912] org.symphonyoss.symphony.messageml.elements.Tag.getEntityType
16:10:04.254 [INFO]   [Creating]        [501/912]   Tests created: 1
16:10:15.099 [INFO]   [Creating]        [502/912] org.symphonyoss.symphony.messageml.elements.Tag.<init>
16:10:15.099 [INFO]   [Creating]        [502/912]   Tests created: 1
16:10:20.059 [INFO]   [Creating]        [503/912] org.symphonyoss.symphony.messageml.elements.Tag.asEntityJson
16:10:20.059 [INFO]   [Creating]        [503/912]   Tests created: 1
16:10:24.370 [INFO]   [Creating]        [504/912] org.symphonyoss.symphony.messageml.elements.Tag.asMarkdown
16:10:24.370 [INFO]   [Creating]        [504/912]   Tests created: 7
16:10:26.681 [INFO]   [Creating]        [505/912] org.symphonyoss.symphony.messageml.elements.Tag.asPresentationML
16:10:26.681 [INFO]   [Creating]        [505/912]   Tests created: 8
16:10:28.846 [INFO]   [Creating]        [506/912] org.symphonyoss.symphony.messageml.elements.Tag.asText
16:10:28.846 [INFO]   [Creating]        [506/912]   Tests created: 2
16:10:30.605 [INFO]   [Creating]        [507/912] org.symphonyoss.symphony.messageml.elements.Tag.buildAttribute
16:10:30.605 [INFO]   [Creating]        [507/912]   Tests created: 1
16:10:32.425 [INFO]   [Creating]        [508/912] org.symphonyoss.symphony.messageml.elements.Tag.getEntityValue
16:10:32.425 [INFO]   [Creating]        [508/912]   Tests created: 2
16:10:34.747 [INFO]   [Creating]        [509/912] org.symphonyoss.symphony.messageml.elements.Tag.getEntityVersion
16:10:34.747 [INFO]   [Creating]        [509/912]   Tests created: 2
16:10:42.899 [INFO]   [Creating]        [510/912] org.symphonyoss.symphony.messageml.elements.Tag.updateBiContext
16:10:42.899 [INFO]   [Creating]        [510/912]   Tests created: 6
16:10:47.876 [INFO]   [Creating]        [511/912] org.symphonyoss.symphony.messageml.elements.Tag.validate
16:10:47.876 [INFO]   [Creating]        [511/912]   Tests created: 1
16:10:48.058 [INFO]   [Creating]        [512/912] org.symphonyoss.symphony.messageml.elements.Tag.validateFallBackTicker
16:10:48.058 [INFO]   [Creating]        [512/912]   Tests created: 2
16:10:48.059 [INFO]   [Creating]     [83/141] org.symphonyoss.symphony.messageml.elements.Tag
16:10:48.059 [INFO]   [Creating]     [83/141]   Tests created: 34
16:10:48.059 [INFO]   [Creating]    
================================================================================
= Starting analysis for class 'org.symphonyoss.symphony.messageml.elements.TextArea'
================================================================================
16:10:48.060 [INFO]   [Creating]    Filtering out non-testable methods...
16:10:48.063 [INFO]   [Creating]    Filtering of methods complete. Creating analysis request
16:10:48.063 [INFO]   [Creating]    Attempting to get service client, retry 1.
16:10:50.160 [INFO]   [Creating]        [513/912] org.symphonyoss.symphony.messageml.elements.TextArea.<init>
16:10:50.160 [INFO]   [Creating]        [514/912] org.symphonyoss.symphony.messageml.elements.TextArea.getElementId
16:10:50.160 [INFO]   [Creating]        [515/912] org.symphonyoss.symphony.messageml.elements.TextArea.getElementType
16:10:50.160 [INFO]   [Creating]        [516/912] org.symphonyoss.symphony.messageml.elements.TextArea.getMaxValueAllowed
16:10:50.160 [INFO]   [Creating]        [517/912] org.symphonyoss.symphony.messageml.elements.TextArea.getMinValueAllowed
16:10:50.160 [INFO]   [Creating]        [517/912]   Tests created: 1
16:10:53.384 [INFO]   [Creating]        [518/912] org.symphonyoss.symphony.messageml.elements.TextArea.asMarkdown
16:10:53.384 [INFO]   [Creating]        [518/912]   Tests created: 5
16:10:54.578 [INFO]   [Creating]        [519/912] org.symphonyoss.symphony.messageml.elements.TextArea.buildAttribute
16:10:54.578 [INFO]   [Creating]        [519/912]   Tests created: 4
16:10:58.347 [INFO]   [Creating]        [520/912] org.symphonyoss.symphony.messageml.elements.TextArea.getAttributeValue
16:10:58.347 [INFO]   [Creating]        [520/912]   Tests created: 1
16:10:59.471 [INFO]   [Creating]        [521/912] org.symphonyoss.symphony.messageml.elements.TextArea.getElementInitialValue
16:10:59.471 [INFO]   [Creating]        [521/912]   R013: No inputs found that don't throw a trivial exception
16:10:59.471 [INFO]   [Creating]        [521/912]     Diffblue Cover tried to run the arrange/act section, but the test threw
16:10:59.471 [INFO]   [Creating]        [521/912]     java.lang.IndexOutOfBoundsException: Index 0 out of bounds for length 0
16:10:59.471 [INFO]   [Creating]        [521/912]         at jdk.internal.util.Preconditions.outOfBounds(Preconditions.java:64)
16:10:59.471 [INFO]   [Creating]        [521/912]         at jdk.internal.util.Preconditions.outOfBoundsCheckIndex(Preconditions.java:70)
16:10:59.471 [INFO]   [Creating]        [521/912]         at jdk.internal.util.Preconditions.checkIndex(Preconditions.java:248)
16:10:59.471 [INFO]   [Creating]        [521/912]         at java.util.Objects.checkIndex(Objects.java:374)
16:10:59.471 [INFO]   [Creating]        [521/912]         at java.util.ArrayList.get(ArrayList.java:459)
16:10:59.471 [INFO]   [Creating]        [521/912]         at org.symphonyoss.symphony.messageml.elements.Element.getChild(Element.java:940)
16:10:59.471 [INFO]   [Creating]        [521/912]         at org.symphonyoss.symphony.messageml.elements.TextArea.getElementInitialValue(TextArea.java:139)
16:10:59.471 [INFO]   [Creating]        [521/912]     In order to prevent getElementInitialValue()
16:10:59.471 [INFO]   [Creating]        [521/912]     from throwing IndexOutOfBoundsException, add constructors or factory
16:10:59.471 [INFO]   [Creating]        [521/912]     methods that make it easier to construct fully initialized objects used in
16:10:59.471 [INFO]   [Creating]        [521/912]     getElementInitialValue().
16:10:59.471 [INFO]   [Creating]        [521/912]     See https://diff.blue/R013 to resolve this issue.
16:11:00.819 [INFO]   [Creating]        [522/912] org.symphonyoss.symphony.messageml.elements.TextArea.hasElementInitialValue
16:11:00.819 [INFO]   [Creating]        [522/912]   Tests created: 2
16:11:02.224 [INFO]   [Creating]        [523/912] org.symphonyoss.symphony.messageml.elements.TextArea.updateBiContext
16:11:02.224 [INFO]   [Creating]        [523/912]   Tests created: 2
16:11:02.348 [INFO]   [Creating]        [524/912] org.symphonyoss.symphony.messageml.elements.TextArea.validate
16:11:02.348 [INFO]   [Creating]        [524/912]   Tests created: 2
16:11:02.348 [INFO]   [Creating]     [84/141] org.symphonyoss.symphony.messageml.elements.TextArea
16:11:02.348 [INFO]   [Creating]     [84/141]   Tests created: 17
16:11:02.349 [INFO]   [Creating]    
================================================================================
= Starting analysis for class 'org.symphonyoss.symphony.messageml.elements.TextField'
================================================================================
16:11:02.349 [INFO]   [Creating]    Filtering out non-testable methods...
16:11:02.356 [INFO]   [Creating]    Filtering of methods complete. Creating analysis request
16:11:02.356 [INFO]   [Creating]    Attempting to get service client, retry 1.
16:11:03.343 [INFO]   [Creating]        [525/912] org.symphonyoss.symphony.messageml.elements.TextField.<init>
16:11:03.343 [INFO]   [Creating]        [526/912] org.symphonyoss.symphony.messageml.elements.TextField.getElementId
16:11:03.343 [INFO]   [Creating]        [527/912] org.symphonyoss.symphony.messageml.elements.TextField.getElementType
16:11:03.343 [INFO]   [Creating]        [528/912] org.symphonyoss.symphony.messageml.elements.TextField.getMaxValueAllowed
16:11:03.343 [INFO]   [Creating]        [529/912] org.symphonyoss.symphony.messageml.elements.TextField.getMinValueAllowed
16:11:03.343 [INFO]   [Creating]        [530/912] org.symphonyoss.symphony.messageml.elements.TextField.getPresentationMLTag
16:11:03.343 [INFO]   [Creating]        [530/912]   Tests created: 1
16:11:05.173 [INFO]   [Creating]        [531/912] org.symphonyoss.symphony.messageml.elements.TextField.areNestedElementsAllowed
16:11:05.173 [INFO]   [Creating]        [531/912]   Tests created: 1
16:11:07.897 [INFO]   [Creating]        [532/912] org.symphonyoss.symphony.messageml.elements.TextField.asMarkdown
16:11:07.897 [INFO]   [Creating]        [532/912]   Tests created: 5
16:11:09.968 [INFO]   [Creating]        [533/912] org.symphonyoss.symphony.messageml.elements.TextField.buildAll
16:11:09.968 [INFO]   [Creating]        [533/912]   Tests created: 7
16:11:11.042 [INFO]   [Creating]        [534/912] org.symphonyoss.symphony.messageml.elements.TextField.buildAttribute
16:11:11.042 [INFO]   [Creating]        [534/912]   Tests created: 2
16:11:14.741 [INFO]   [Creating]        [535/912] org.symphonyoss.symphony.messageml.elements.TextField.getAttributeValue
16:11:14.741 [INFO]   [Creating]        [535/912]   Tests created: 1
16:11:17.318 [INFO]   [Creating]        [536/912] org.symphonyoss.symphony.messageml.elements.TextField.getElementInitialValue
16:11:17.318 [INFO]   [Creating]        [536/912]   R013: No inputs found that don't throw a trivial exception
16:11:17.318 [INFO]   [Creating]        [536/912]     Diffblue Cover tried to run the arrange/act section, but the test threw
16:11:17.318 [INFO]   [Creating]        [536/912]     java.lang.IndexOutOfBoundsException: Index 0 out of bounds for length 0
16:11:17.318 [INFO]   [Creating]        [536/912]         at jdk.internal.util.Preconditions.outOfBounds(Preconditions.java:64)
16:11:17.318 [INFO]   [Creating]        [536/912]         at jdk.internal.util.Preconditions.outOfBoundsCheckIndex(Preconditions.java:70)
16:11:17.318 [INFO]   [Creating]        [536/912]         at jdk.internal.util.Preconditions.checkIndex(Preconditions.java:248)
16:11:17.318 [INFO]   [Creating]        [536/912]         at java.util.Objects.checkIndex(Objects.java:374)
16:11:17.318 [INFO]   [Creating]        [536/912]         at java.util.ArrayList.get(ArrayList.java:459)
16:11:17.318 [INFO]   [Creating]        [536/912]         at org.symphonyoss.symphony.messageml.elements.Element.getChild(Element.java:940)
16:11:17.318 [INFO]   [Creating]        [536/912]         at org.symphonyoss.symphony.messageml.elements.TextField.getElementInitialValue(TextField.java:270)
16:11:17.318 [INFO]   [Creating]        [536/912]     In order to prevent getElementInitialValue()
16:11:17.318 [INFO]   [Creating]        [536/912]     from throwing IndexOutOfBoundsException, add constructors or factory
16:11:17.318 [INFO]   [Creating]        [536/912]     methods that make it easier to construct fully initialized objects used in
16:11:17.318 [INFO]   [Creating]        [536/912]     getElementInitialValue().
16:11:17.318 [INFO]   [Creating]        [536/912]     See https://diff.blue/R013 to resolve this issue.
16:11:18.657 [INFO]   [Creating]        [537/912] org.symphonyoss.symphony.messageml.elements.TextField.getOtherAttributes
16:11:18.657 [INFO]   [Creating]        [537/912]   Tests created: 4
16:11:19.941 [INFO]   [Creating]        [538/912] org.symphonyoss.symphony.messageml.elements.TextField.hasElementInitialValue
16:11:19.941 [INFO]   [Creating]        [538/912]   Tests created: 2
16:11:21.569 [INFO]   [Creating]        [539/912] org.symphonyoss.symphony.messageml.elements.TextField.updateBiContext
16:11:21.569 [INFO]   [Creating]        [539/912]   Tests created: 2
16:11:21.716 [INFO]   [Creating]        [540/912] org.symphonyoss.symphony.messageml.elements.TextField.validate
16:11:21.716 [INFO]   [Creating]        [540/912]   Tests created: 2
16:11:21.717 [INFO]   [Creating]     [85/141] org.symphonyoss.symphony.messageml.elements.TextField
16:11:21.717 [INFO]   [Creating]     [85/141]   Tests created: 27
16:11:21.718 [INFO]   [Creating]    
================================================================================
= Starting analysis for class 'org.symphonyoss.symphony.messageml.elements.TextNode'
================================================================================
16:11:21.718 [INFO]   [Creating]    Filtering out non-testable methods...
16:11:21.720 [INFO]   [Creating]    Filtering of methods complete. Creating analysis request
16:11:21.720 [INFO]   [Creating]    Attempting to get service client, retry 1.
16:11:22.536 [INFO]   [Creating]        [541/912] org.symphonyoss.symphony.messageml.elements.TextNode.getText
16:11:22.536 [INFO]   [Creating]        [542/912] org.symphonyoss.symphony.messageml.elements.TextNode.setText
16:11:22.536 [INFO]   [Creating]        [543/912] org.symphonyoss.symphony.messageml.elements.TextNode.toString
16:11:22.536 [INFO]   [Creating]        [543/912]   Tests created: 1
16:11:24.030 [INFO]   [Creating]        [544/912] org.symphonyoss.symphony.messageml.elements.TextNode.<init>
16:11:24.030 [INFO]   [Creating]        [544/912]   Tests created: 1
16:11:24.883 [INFO]   [Creating]        [545/912] org.symphonyoss.symphony.messageml.elements.TextNode.<init>
16:11:24.883 [INFO]   [Creating]        [545/912]   R013: No inputs found that don't throw a trivial exception
16:11:24.883 [INFO]   [Creating]        [545/912]     Diffblue Cover tried to run the arrange/act section, but the test threw
16:11:24.883 [INFO]   [Creating]        [545/912]     java.lang.NullPointerException
16:11:24.883 [INFO]   [Creating]        [545/912]         at org.symphonyoss.symphony.messageml.elements.TextNode.<init>(TextNode.java:34)
16:11:24.883 [INFO]   [Creating]        [545/912]     In order to prevent <init>(Element, Text)
16:11:24.883 [INFO]   [Creating]        [545/912]     from throwing NullPointerException, add constructors or factory
16:11:24.883 [INFO]   [Creating]        [545/912]     methods that make it easier to construct fully initialized objects used in
16:11:24.883 [INFO]   [Creating]        [545/912]     <init>(Element, Text).
16:11:24.883 [INFO]   [Creating]        [545/912]     See https://diff.blue/R013 to resolve this issue.
16:11:27.050 [INFO]   [Creating]        [546/912] org.symphonyoss.symphony.messageml.elements.TextNode.asMarkdown
16:11:27.050 [INFO]   [Creating]        [546/912]   Tests created: 1
16:11:28.209 [INFO]   [Creating]        [547/912] org.symphonyoss.symphony.messageml.elements.TextNode.asPresentationML
16:11:28.209 [INFO]   [Creating]        [547/912]   Tests created: 7
16:11:29.916 [INFO]   [Creating]        [548/912] org.symphonyoss.symphony.messageml.elements.TextNode.asText
16:11:29.916 [INFO]   [Creating]        [548/912]   Tests created: 1
16:11:29.918 [INFO]   [Creating]        [549/912] org.symphonyoss.symphony.messageml.elements.TextNode.buildText
16:11:29.918 [INFO]   [Creating]        [549/912]   R013: No inputs found that don't throw a trivial exception
16:11:29.918 [INFO]   [Creating]        [549/912]     Diffblue Cover tried to run the arrange/act section, but the test threw
16:11:29.918 [INFO]   [Creating]        [549/912]     java.lang.NullPointerException
16:11:29.918 [INFO]   [Creating]        [549/912]         at org.symphonyoss.symphony.messageml.elements.TextNode.buildText(TextNode.java:60)
16:11:29.918 [INFO]   [Creating]        [549/912]     In order to prevent buildText(Text)
16:11:29.918 [INFO]   [Creating]        [549/912]     from throwing NullPointerException, add constructors or factory
16:11:29.918 [INFO]   [Creating]        [549/912]     methods that make it easier to construct fully initialized objects used in
16:11:29.918 [INFO]   [Creating]        [549/912]     buildText(Text).
16:11:29.918 [INFO]   [Creating]        [549/912]     See https://diff.blue/R013 to resolve this issue.
16:11:29.919 [INFO]   [Creating]     [86/141] org.symphonyoss.symphony.messageml.elements.TextNode
16:11:29.919 [INFO]   [Creating]     [86/141]   Tests created: 11
16:11:29.919 [INFO]   [Creating]    
================================================================================
= Starting analysis for class 'org.symphonyoss.symphony.messageml.elements.TimePicker'
================================================================================
16:11:29.919 [INFO]   [Creating]    Filtering out non-testable methods...
16:11:29.922 [INFO]   [Creating]    Filtering of methods complete. Creating analysis request
16:11:29.922 [INFO]   [Creating]    Attempting to get service client, retry 1.
16:11:30.961 [INFO]   [Creating]        [550/912] org.symphonyoss.symphony.messageml.elements.TimePicker.<init>
16:11:30.961 [INFO]   [Creating]        [550/912]   Tests created: 1
16:11:32.936 [INFO]   [Creating]        [551/912] org.symphonyoss.symphony.messageml.elements.TimePicker.asMarkdown
16:11:32.936 [INFO]   [Creating]        [551/912]   Tests created: 1
16:11:36.844 [INFO]   [Creating]        [552/912] org.symphonyoss.symphony.messageml.elements.TimePicker.asPresentationML
16:11:36.844 [INFO]   [Creating]        [552/912]   Tests created: 4
16:11:38.345 [INFO]   [Creating]        [553/912] org.symphonyoss.symphony.messageml.elements.TimePicker.buildAttribute
16:11:38.345 [INFO]   [Creating]        [553/912]   Tests created: 7
16:11:40.091 [INFO]   [Creating]        [554/912] org.symphonyoss.symphony.messageml.elements.TimePicker.updateBiContext
16:11:40.091 [INFO]   [Creating]        [554/912]   Tests created: 1
16:11:40.250 [INFO]   [Creating]        [555/912] org.symphonyoss.symphony.messageml.elements.TimePicker.validate
16:11:40.250 [INFO]   [Creating]        [555/912]   Tests created: 3
16:11:40.251 [INFO]   [Creating]     [87/141] org.symphonyoss.symphony.messageml.elements.TimePicker
16:11:40.251 [INFO]   [Creating]     [87/141]   Tests created: 17
16:11:40.251 [INFO]   [Creating]    
================================================================================
= Starting analysis for class 'org.symphonyoss.symphony.messageml.elements.TimezonePicker'
================================================================================
16:11:40.251 [INFO]   [Creating]    Filtering out non-testable methods...
16:11:40.253 [INFO]   [Creating]    Filtering of methods complete. Creating analysis request
16:11:40.253 [INFO]   [Creating]    Attempting to get service client, retry 1.
16:11:41.607 [INFO]   [Creating]        [556/912] org.symphonyoss.symphony.messageml.elements.TimezonePicker.<init>
16:11:41.607 [INFO]   [Creating]        [556/912]   Tests created: 1
16:11:43.574 [INFO]   [Creating]        [557/912] org.symphonyoss.symphony.messageml.elements.TimezonePicker.asMarkdown
16:11:43.574 [INFO]   [Creating]        [557/912]   Tests created: 2
16:11:46.966 [INFO]   [Creating]        [558/912] org.symphonyoss.symphony.messageml.elements.TimezonePicker.asPresentationML
16:11:46.966 [INFO]   [Creating]        [558/912]   Tests created: 4
16:11:48.493 [INFO]   [Creating]        [559/912] org.symphonyoss.symphony.messageml.elements.TimezonePicker.buildAttribute
16:11:48.493 [INFO]   [Creating]        [559/912]   Tests created: 8
16:11:50.221 [INFO]   [Creating]        [560/912] org.symphonyoss.symphony.messageml.elements.TimezonePicker.updateBiContext
16:11:50.221 [INFO]   [Creating]        [560/912]   Tests created: 1
16:11:50.393 [INFO]   [Creating]        [561/912] org.symphonyoss.symphony.messageml.elements.TimezonePicker.validate
16:11:50.393 [INFO]   [Creating]        [561/912]   Tests created: 3
16:11:50.394 [INFO]   [Creating]     [88/141] org.symphonyoss.symphony.messageml.elements.TimezonePicker
16:11:50.394 [INFO]   [Creating]     [88/141]   Tests created: 19
16:11:50.395 [INFO]   [Creating]    
================================================================================
= Starting analysis for class 'org.symphonyoss.symphony.messageml.elements.TooltipableElement'
================================================================================
16:11:50.395 [INFO]   [Creating]    Filtering out non-testable methods...
16:11:50.401 [INFO]   [Creating]    Filtering of methods complete. Creating analysis request
16:11:50.401 [INFO]   [Creating]    Attempting to get service client, retry 1.
16:11:52.121 [INFO]   [Creating]        [562/912] org.symphonyoss.symphony.messageml.elements.TooltipableElement.getPresentationMLTooltipTag
16:11:52.121 [INFO]   [Creating]        [562/912]   Tests created: 1
16:11:52.962 [INFO]   [Creating]        [563/912] org.symphonyoss.symphony.messageml.elements.TooltipableElement.getTooltipAttributes
16:11:52.962 [INFO]   [Creating]        [563/912]   Tests created: 1
16:11:54.489 [INFO]   [Creating]        [564/912] org.symphonyoss.symphony.messageml.elements.TooltipableElement.isTooltip
16:11:54.489 [INFO]   [Creating]        [564/912]   Tests created: 1
16:11:54.650 [INFO]   [Creating]        [565/912] org.symphonyoss.symphony.messageml.elements.TooltipableElement.validateTooltip
16:11:54.650 [INFO]   [Creating]        [565/912]   Tests created: 1
16:11:54.717 [INFO]   [Creating]        [566/912] org.symphonyoss.symphony.messageml.elements.TooltipableElement.isTooltipNode
16:11:54.717 [INFO]   [Creating]        [566/912]   Tests created: 2
16:11:54.718 [INFO]   [Creating]     [89/141] org.symphonyoss.symphony.messageml.elements.TooltipableElement
16:11:54.718 [INFO]   [Creating]     [89/141]   Tests created: 6
16:11:54.719 [INFO]   [Creating]    
================================================================================
= Starting analysis for class 'org.symphonyoss.symphony.messageml.elements.UIAction'
================================================================================
16:11:54.719 [INFO]   [Creating]    Filtering out non-testable methods...
16:11:54.720 [INFO]   [Creating]    Filtering of methods complete. Creating analysis request
16:11:54.721 [INFO]   [Creating]    Attempting to get service client, retry 1.
16:11:55.565 [INFO]   [Creating]        [567/912] org.symphonyoss.symphony.messageml.elements.UIAction.getPresentationMLTag
16:11:55.565 [INFO]   [Creating]        [567/912]   Tests created: 1
16:12:00.055 [INFO]   [Creating]        [568/912] org.symphonyoss.symphony.messageml.elements.UIAction.<init>
16:12:00.055 [INFO]   [Creating]        [568/912]   Tests created: 1
16:12:01.968 [INFO]   [Creating]        [569/912] org.symphonyoss.symphony.messageml.elements.UIAction.asPresentationML
16:12:01.968 [INFO]   [Creating]        [569/912]   Tests created: 14
16:12:04.046 [INFO]   [Creating]        [570/912] org.symphonyoss.symphony.messageml.elements.UIAction.buildAttribute
16:12:04.046 [INFO]   [Creating]        [570/912]   Tests created: 1
16:12:06.201 [INFO]   [Creating]        [571/912] org.symphonyoss.symphony.messageml.elements.UIAction.updateBiContext
16:12:06.201 [INFO]   [Creating]        [571/912]   Diffblue AI was unable to find a test
16:12:06.373 [INFO]   [Creating]        [572/912] org.symphonyoss.symphony.messageml.elements.UIAction.validate
16:12:06.373 [INFO]   [Creating]        [572/912]   Tests created: 3
16:12:06.374 [INFO]   [Creating]     [90/141] org.symphonyoss.symphony.messageml.elements.UIAction
16:12:06.374 [INFO]   [Creating]     [90/141]   Tests created: 20
16:12:06.375 [INFO]   [Creating]    
================================================================================
= Starting analysis for class 'org.symphonyoss.symphony.messageml.exceptions.InvalidInputException'
================================================================================
16:12:06.375 [INFO]   [Creating]    Filtering out non-testable methods...
16:12:06.376 [INFO]   [Creating]    Filtering of methods complete. Creating analysis request
16:12:06.376 [INFO]   [Creating]    Attempting to get service client, retry 1.
16:12:06.804 [INFO]   [Creating]        [573/912] org.symphonyoss.symphony.messageml.exceptions.InvalidInputException.<init>
16:12:06.804 [INFO]   [Creating]        [574/912] org.symphonyoss.symphony.messageml.exceptions.InvalidInputException.<init>
16:12:06.804 [INFO]   [Creating]        [574/912]   Tests created: 2
16:12:06.839 [INFO]   [Creating]        [575/912] org.symphonyoss.symphony.messageml.exceptions.InvalidInputException.<init>
16:12:06.839 [INFO]   [Creating]        [575/912]   Tests created: 1
16:12:06.840 [INFO]   [Creating]     [91/141] org.symphonyoss.symphony.messageml.exceptions.InvalidInputException
16:12:06.840 [INFO]   [Creating]     [91/141]   Tests created: 3
16:12:06.841 [INFO]   [Creating]    
================================================================================
= Starting analysis for class 'org.symphonyoss.symphony.messageml.exceptions.MessageMLException'
================================================================================
16:12:06.841 [INFO]   [Creating]    Filtering out non-testable methods...
16:12:06.842 [INFO]   [Creating]    Filtering of methods complete. Creating analysis request
16:12:06.842 [INFO]   [Creating]    Attempting to get service client, retry 1.
16:12:06.993 [INFO]   [Creating]        [576/912] org.symphonyoss.symphony.messageml.exceptions.MessageMLException.<init>
16:12:06.993 [INFO]   [Creating]        [577/912] org.symphonyoss.symphony.messageml.exceptions.MessageMLException.<init>
16:12:06.993 [INFO]   [Creating]        [577/912]   Tests created: 2
16:12:06.994 [INFO]   [Creating]     [92/141] org.symphonyoss.symphony.messageml.exceptions.MessageMLException
16:12:06.994 [INFO]   [Creating]     [92/141]   Tests created: 2
16:12:06.994 [INFO]   [Creating]    
================================================================================
= Starting analysis for class 'org.symphonyoss.symphony.messageml.exceptions.ProcessingException'
================================================================================
16:12:06.994 [INFO]   [Creating]    Filtering out non-testable methods...
16:12:06.996 [INFO]   [Creating]    Filtering of methods complete. Creating analysis request
16:12:06.996 [INFO]   [Creating]    Attempting to get service client, retry 1.
16:12:07.140 [INFO]   [Creating]        [578/912] org.symphonyoss.symphony.messageml.exceptions.ProcessingException.<init>
16:12:07.140 [INFO]   [Creating]        [579/912] org.symphonyoss.symphony.messageml.exceptions.ProcessingException.<init>
16:12:07.140 [INFO]   [Creating]        [579/912]   Tests created: 2
16:12:07.140 [INFO]   [Creating]     [93/141] org.symphonyoss.symphony.messageml.exceptions.ProcessingException
16:12:07.140 [INFO]   [Creating]     [93/141]   Tests created: 2
16:12:07.141 [INFO]   [Creating]    
================================================================================
= Starting analysis for class 'org.symphonyoss.symphony.messageml.markdown.EntityDelimiterProcessor'
================================================================================
16:12:07.141 [INFO]   [Creating]    Filtering out non-testable methods...
16:12:07.143 [INFO]   [Creating]    Filtering of methods complete. Creating analysis request
16:12:07.143 [INFO]   [Creating]    Attempting to get service client, retry 1.
16:12:07.247 [INFO]   [Creating]        [580/912] org.symphonyoss.symphony.messageml.markdown.EntityDelimiterProcessor.<init>
16:12:07.247 [INFO]   [Creating]        [581/912] org.symphonyoss.symphony.messageml.markdown.EntityDelimiterProcessor.getMinLength
16:12:07.247 [INFO]   [Creating]        [581/912]   Tests created: 1
16:12:07.994 [INFO]   [Creating]        [582/912] org.symphonyoss.symphony.messageml.markdown.EntityDelimiterProcessor.getClosingCharacter
16:12:07.994 [INFO]   [Creating]        [582/912]   Tests created: 1
16:12:08.068 [INFO]   [Creating]        [583/912] org.symphonyoss.symphony.messageml.markdown.EntityDelimiterProcessor.getDelimiterUse
16:12:08.068 [INFO]   [Creating]        [583/912]   Tests created: 1
16:12:09.718 [INFO]   [Creating]        [584/912] org.symphonyoss.symphony.messageml.markdown.EntityDelimiterProcessor.getOpeningCharacter
16:12:09.718 [INFO]   [Creating]        [584/912]   Tests created: 1
16:12:09.767 [INFO]   [Creating]        [585/912] org.symphonyoss.symphony.messageml.markdown.EntityDelimiterProcessor.process
16:12:09.767 [INFO]   [Creating]        [585/912]   Tests created: 1
16:12:09.767 [INFO]   [Creating]     [94/141] org.symphonyoss.symphony.messageml.markdown.EntityDelimiterProcessor
16:12:09.767 [INFO]   [Creating]     [94/141]   Tests created: 5
16:12:09.768 [INFO]   [Creating]    
================================================================================
= Starting analysis for class 'org.symphonyoss.symphony.messageml.markdown.MarkdownParser'
================================================================================
16:12:09.768 [INFO]   [Creating]    Filtering out non-testable methods...
16:12:09.776 [INFO]   [Creating]    Filtering of methods complete. Creating analysis request
16:12:09.776 [INFO]   [Creating]    Attempting to get service client, retry 1.
16:12:13.085 [INFO]   [Creating]        [586/912] org.symphonyoss.symphony.messageml.markdown.MarkdownParser.<init>
16:12:13.085 [INFO]   [Creating]        [586/912]   R002: Missing observers
16:12:13.085 [INFO]   [Creating]        [586/912]     Diffblue Cover was unable to create an assertion.
16:12:13.085 [INFO]   [Creating]        [586/912]     Add getters for the following fields or make them package-private:
16:12:13.085 [INFO]   [Creating]        [586/912]     MarkdownParser.dataProvider
16:12:13.085 [INFO]   [Creating]        [586/912]     MarkdownParser.index
16:12:13.085 [INFO]   [Creating]        [586/912]     MarkdownParser.messageML
16:12:13.085 [INFO]   [Creating]        [586/912]     MarkdownParser.parent
16:12:18.083 [INFO]   [Creating]        [587/912] org.symphonyoss.symphony.messageml.markdown.MarkdownParser.parse
16:12:18.083 [INFO]   [Creating]        [587/912]   Tests created: 5
16:12:24.342 [INFO]   [Creating]        [588/912] org.symphonyoss.symphony.messageml.markdown.MarkdownParser.visit
16:12:24.342 [INFO]   [Creating]        [588/912]   Tests created: 14
16:12:28.971 [INFO]   [Creating]        [589/912] org.symphonyoss.symphony.messageml.markdown.MarkdownParser.visit
16:12:28.971 [INFO]   [Creating]        [589/912]   Tests created: 14
16:12:36.172 [INFO]   [Creating]        [590/912] org.symphonyoss.symphony.messageml.markdown.MarkdownParser.visit
16:12:36.172 [INFO]   [Creating]        [590/912]   Tests created: 11
16:12:46.651 [INFO]   [Creating]        [591/912] org.symphonyoss.symphony.messageml.markdown.MarkdownParser.visit
16:12:46.651 [INFO]   [Creating]        [591/912]   Tests created: 15
16:12:52.580 [INFO]   [Creating]        [592/912] org.symphonyoss.symphony.messageml.markdown.MarkdownParser.visit
16:12:52.580 [INFO]   [Creating]        [592/912]   Tests created: 19
16:13:01.576 [INFO]   [Creating]        [593/912] org.symphonyoss.symphony.messageml.markdown.MarkdownParser.visit
16:13:01.576 [INFO]   [Creating]        [593/912]   Tests created: 14
16:13:07.902 [INFO]   [Creating]        [594/912] org.symphonyoss.symphony.messageml.markdown.MarkdownParser.visit
16:13:07.902 [INFO]   [Creating]        [594/912]   Tests created: 17
16:13:14.145 [INFO]   [Creating]        [595/912] org.symphonyoss.symphony.messageml.markdown.MarkdownParser.visit
16:13:14.145 [INFO]   [Creating]        [595/912]   Tests created: 14
16:13:22.622 [INFO]   [Creating]        [596/912] org.symphonyoss.symphony.messageml.markdown.MarkdownParser.visit
16:13:22.622 [INFO]   [Creating]        [596/912]   Tests created: 14
16:13:30.218 [INFO]   [Creating]        [597/912] org.symphonyoss.symphony.messageml.markdown.MarkdownParser.visit
16:13:30.218 [INFO]   [Creating]        [597/912]   Tests created: 16
16:13:37.726 [INFO]   [Creating]        [598/912] org.symphonyoss.symphony.messageml.markdown.MarkdownParser.visit
16:13:37.726 [INFO]   [Creating]        [598/912]   Tests created: 14
16:13:45.865 [INFO]   [Creating]        [599/912] org.symphonyoss.symphony.messageml.markdown.MarkdownParser.visit
16:13:45.865 [INFO]   [Creating]        [599/912]   Tests created: 14
16:13:53.039 [INFO]   [Creating]        [600/912] org.symphonyoss.symphony.messageml.markdown.MarkdownParser.visit
16:13:53.039 [INFO]   [Creating]        [600/912]   Tests created: 13
16:14:00.856 [INFO]   [Creating]        [601/912] org.symphonyoss.symphony.messageml.markdown.MarkdownParser.visit
16:14:00.856 [INFO]   [Creating]        [601/912]   Tests created: 14
16:14:04.956 [INFO]   [Creating]        [602/912] org.symphonyoss.symphony.messageml.markdown.MarkdownParser.visit
16:14:04.956 [INFO]   [Creating]        [602/912]   Tests created: 14
16:14:04.957 [INFO]   [Creating]     [95/141] org.symphonyoss.symphony.messageml.markdown.MarkdownParser
16:14:04.957 [INFO]   [Creating]     [95/141]   Tests created: 222
16:14:04.958 [INFO]   [Creating]    
================================================================================
= Starting analysis for class 'org.symphonyoss.symphony.messageml.markdown.MarkdownRenderer'
================================================================================
16:14:04.958 [INFO]   [Creating]    Filtering out non-testable methods...
16:14:04.968 [INFO]   [Creating]    Filtering of methods complete. Creating analysis request
16:14:04.968 [INFO]   [Creating]    Attempting to get service client, retry 1.
16:14:28.567 [INFO]   [Creating]        [603/912] org.symphonyoss.symphony.messageml.markdown.MarkdownRenderer.getJson
16:14:28.567 [INFO]   [Creating]        [603/912]   Tests created: 1
16:14:30.563 [INFO]   [Creating]        [604/912] org.symphonyoss.symphony.messageml.markdown.MarkdownRenderer.<init>
16:14:30.563 [INFO]   [Creating]        [604/912]   Tests created: 20
16:14:31.179 [INFO]   [Creating]        [605/912] org.symphonyoss.symphony.messageml.markdown.MarkdownRenderer.addEscapeCharacter
16:14:31.179 [INFO]   [Creating]        [605/912]   Tests created: 5
16:14:38.056 [INFO]   [Creating]        [606/912] org.symphonyoss.symphony.messageml.markdown.MarkdownRenderer.getText
16:14:38.056 [INFO]   [Creating]        [606/912]   Tests created: 1
16:14:46.248 [INFO]   [Creating]        [607/912] org.symphonyoss.symphony.messageml.markdown.MarkdownRenderer.visit
16:14:46.248 [INFO]   [Creating]        [607/912]   Tests created: 19
16:14:52.226 [INFO]   [Creating]        [608/912] org.symphonyoss.symphony.messageml.markdown.MarkdownRenderer.visit
16:14:52.226 [INFO]   [Creating]        [608/912]   Tests created: 16
16:15:16.816 [INFO]   [Creating]        [609/912] org.symphonyoss.symphony.messageml.markdown.MarkdownRenderer.visit
16:15:16.816 [INFO]   [Creating]        [609/912]   Tests created: 7
16:15:21.349 [INFO]   [Creating]        [610/912] org.symphonyoss.symphony.messageml.markdown.MarkdownRenderer.visit
16:15:21.349 [INFO]   [Creating]        [610/912]   Tests created: 19
16:15:21.349 [INFO]   [Creating]        [610/912]   Warnings:
16:15:21.349 [INFO]   [Creating]        [610/912]   Diffblue AI was unable to find a test
16:15:41.686 [INFO]   [Creating]        [611/912] org.symphonyoss.symphony.messageml.markdown.MarkdownRenderer.visit
16:15:41.686 [INFO]   [Creating]        [611/912]   Tests created: 5
16:15:43.663 [INFO]   [Creating]        [612/912] org.symphonyoss.symphony.messageml.markdown.MarkdownRenderer.visit
16:15:43.663 [INFO]   [Creating]        [612/912]   Tests created: 4
16:15:43.663 [INFO]   [Creating]        [612/912]   Warnings:
16:15:43.663 [INFO]   [Creating]        [612/912]   Diffblue AI was unable to find a test
16:15:46.336 [INFO]   [Creating]        [613/912] org.symphonyoss.symphony.messageml.markdown.MarkdownRenderer.visit
16:15:46.336 [INFO]   [Creating]        [613/912]   Diffblue AI was unable to find a test
16:15:48.835 [INFO]   [Creating]        [614/912] org.symphonyoss.symphony.messageml.markdown.MarkdownRenderer.visit
16:15:48.835 [INFO]   [Creating]        [614/912]   Tests created: 4
16:15:55.478 [INFO]   [Creating]        [615/912] org.symphonyoss.symphony.messageml.markdown.MarkdownRenderer.visit
16:15:55.478 [INFO]   [Creating]        [615/912]   Diffblue AI was unable to find a test
16:16:26.881 [INFO]   [Creating]        [616/912] org.symphonyoss.symphony.messageml.markdown.MarkdownRenderer.visit
16:16:26.881 [INFO]   [Creating]        [616/912]   Tests created: 19
16:16:32.433 [INFO]   [Creating]        [617/912] org.symphonyoss.symphony.messageml.markdown.MarkdownRenderer.visit
16:16:32.433 [INFO]   [Creating]        [617/912]   Tests created: 19
16:16:32.433 [INFO]   [Creating]        [617/912]   Warnings:
16:16:32.433 [INFO]   [Creating]        [617/912]   Diffblue AI was unable to find a test
16:16:35.630 [INFO]   [Creating]        [618/912] org.symphonyoss.symphony.messageml.markdown.MarkdownRenderer.visit
16:16:35.630 [INFO]   [Creating]        [618/912]   Tests created: 5
16:16:36.256 [INFO]   [Creating]        [619/912] org.symphonyoss.symphony.messageml.markdown.MarkdownRenderer.visit
16:16:36.256 [INFO]   [Creating]        [619/912]   Tests created: 4
16:16:36.257 [INFO]   [Creating]     [96/141] org.symphonyoss.symphony.messageml.markdown.MarkdownRenderer
16:16:36.257 [INFO]   [Creating]     [96/141]   Tests created: 148
16:16:36.257 [INFO]   [Creating]    
================================================================================
= Starting analysis for class 'org.symphonyoss.symphony.messageml.markdown.MarkdownRenderer$TrackingWriter'
================================================================================
16:16:36.257 [INFO]   [Creating]    Filtering out non-testable methods...
16:16:36.259 [INFO]   [Creating]    Filtering of methods complete. Creating analysis request
16:16:36.259 [INFO]   [Creating]    Attempting to get service client, retry 1.
16:16:37.493 [INFO]   [Creating]        [620/912] org.symphonyoss.symphony.messageml.markdown.MarkdownRenderer$TrackingWriter.<init>
16:16:37.493 [INFO]   [Creating]        [621/912] org.symphonyoss.symphony.messageml.markdown.MarkdownRenderer$TrackingWriter.toString
16:16:37.493 [INFO]   [Creating]        [621/912]   Tests created: 1
16:16:39.181 [INFO]   [Creating]        [622/912] org.symphonyoss.symphony.messageml.markdown.MarkdownRenderer$TrackingWriter.doubleLine
16:16:39.181 [INFO]   [Creating]        [622/912]   Tests created: 4
16:16:40.302 [INFO]   [Creating]        [623/912] org.symphonyoss.symphony.messageml.markdown.MarkdownRenderer$TrackingWriter.getLastChar
16:16:40.302 [INFO]   [Creating]        [623/912]   Tests created: 2
16:16:40.464 [INFO]   [Creating]        [624/912] org.symphonyoss.symphony.messageml.markdown.MarkdownRenderer$TrackingWriter.length
16:16:40.464 [INFO]   [Creating]        [624/912]   Tests created: 1
16:16:40.465 [INFO]   [Creating]     [97/141] org.symphonyoss.symphony.messageml.markdown.MarkdownRenderer$TrackingWriter
16:16:40.465 [INFO]   [Creating]     [97/141]   Tests created: 8
16:16:40.466 [INFO]   [Creating]    
================================================================================
= Starting analysis for class 'org.symphonyoss.symphony.messageml.markdown.nodes.EmojiNode'
================================================================================
16:16:40.466 [INFO]   [Creating]    Filtering out non-testable methods...
16:16:40.468 [INFO]   [Creating]    Filtering of methods complete. Creating analysis request
16:16:40.468 [INFO]   [Creating]    Attempting to get service client, retry 1.
16:16:40.700 [INFO]   [Creating]        [625/912] org.symphonyoss.symphony.messageml.markdown.nodes.EmojiNode.getAnnotation
16:16:40.700 [INFO]   [Creating]        [626/912] org.symphonyoss.symphony.messageml.markdown.nodes.EmojiNode.getClosingDelimiter
16:16:40.700 [INFO]   [Creating]        [627/912] org.symphonyoss.symphony.messageml.markdown.nodes.EmojiNode.getOpeningDelimiter
16:16:40.700 [INFO]   [Creating]        [628/912] org.symphonyoss.symphony.messageml.markdown.nodes.EmojiNode.getShortcode
16:16:40.700 [INFO]   [Creating]        [629/912] org.symphonyoss.symphony.messageml.markdown.nodes.EmojiNode.setAnnotation
16:16:40.700 [INFO]   [Creating]        [630/912] org.symphonyoss.symphony.messageml.markdown.nodes.EmojiNode.setShortcode
16:16:40.700 [INFO]   [Creating]        [630/912]   Tests created: 1
16:16:40.866 [INFO]   [Creating]        [631/912] org.symphonyoss.symphony.messageml.markdown.nodes.EmojiNode.<init>
16:16:40.866 [INFO]   [Creating]        [631/912]   Tests created: 1
16:16:42.113 [INFO]   [Creating]        [632/912] org.symphonyoss.symphony.messageml.markdown.nodes.EmojiNode.<init>
16:16:42.113 [INFO]   [Creating]        [632/912]   Tests created: 1
16:16:42.155 [INFO]   [Creating]        [633/912] org.symphonyoss.symphony.messageml.markdown.nodes.EmojiNode.accept
16:16:42.155 [INFO]   [Creating]        [633/912]   Tests created: 1
16:16:42.156 [INFO]   [Creating]     [98/141] org.symphonyoss.symphony.messageml.markdown.nodes.EmojiNode
16:16:42.156 [INFO]   [Creating]     [98/141]   Tests created: 4
16:16:42.157 [INFO]   [Creating]    
================================================================================
= Starting analysis for class 'org.symphonyoss.symphony.messageml.markdown.nodes.KeywordNode'
================================================================================
16:16:42.157 [INFO]   [Creating]    Filtering out non-testable methods...
16:16:42.158 [INFO]   [Creating]    Filtering of methods complete. Creating analysis request
16:16:42.158 [INFO]   [Creating]    Attempting to get service client, retry 1.
16:16:42.255 [INFO]   [Creating]        [634/912] org.symphonyoss.symphony.messageml.markdown.nodes.KeywordNode.<init>
16:16:42.255 [INFO]   [Creating]        [635/912] org.symphonyoss.symphony.messageml.markdown.nodes.KeywordNode.getPrefix
16:16:42.255 [INFO]   [Creating]        [636/912] org.symphonyoss.symphony.messageml.markdown.nodes.KeywordNode.getText
16:16:42.255 [INFO]   [Creating]        [636/912]   Tests created: 1
16:16:42.256 [INFO]   [Creating]     [99/141] org.symphonyoss.symphony.messageml.markdown.nodes.KeywordNode
16:16:42.256 [INFO]   [Creating]     [99/141]   Tests created: 1
16:16:42.256 [INFO]   [Creating]    
================================================================================
= Starting analysis for class 'org.symphonyoss.symphony.messageml.markdown.nodes.MentionNode'
================================================================================
16:16:42.256 [INFO]   [Creating]    Filtering out non-testable methods...
16:16:42.259 [INFO]   [Creating]    Filtering of methods complete. Creating analysis request
16:16:42.259 [INFO]   [Creating]    Attempting to get service client, retry 1.
16:16:42.437 [INFO]   [Creating]        [637/912] org.symphonyoss.symphony.messageml.markdown.nodes.MentionNode.getEmail
16:16:42.437 [INFO]   [Creating]        [638/912] org.symphonyoss.symphony.messageml.markdown.nodes.MentionNode.getPrettyName
16:16:42.437 [INFO]   [Creating]        [639/912] org.symphonyoss.symphony.messageml.markdown.nodes.MentionNode.getScreenName
16:16:42.437 [INFO]   [Creating]        [640/912] org.symphonyoss.symphony.messageml.markdown.nodes.MentionNode.getUid
16:16:42.437 [INFO]   [Creating]        [640/912]   Tests created: 1
16:16:42.628 [INFO]   [Creating]        [641/912] org.symphonyoss.symphony.messageml.markdown.nodes.MentionNode.<init>
16:16:42.628 [INFO]   [Creating]        [641/912]   Tests created: 1
16:16:43.388 [INFO]   [Creating]        [642/912] org.symphonyoss.symphony.messageml.markdown.nodes.MentionNode.<init>
16:16:43.388 [INFO]   [Creating]        [642/912]   Tests created: 1
16:16:43.453 [INFO]   [Creating]        [643/912] org.symphonyoss.symphony.messageml.markdown.nodes.MentionNode.getText
16:16:43.453 [INFO]   [Creating]        [643/912]   Tests created: 2
16:16:43.453 [INFO]   [Creating]    [100/141] org.symphonyoss.symphony.messageml.markdown.nodes.MentionNode
16:16:43.453 [INFO]   [Creating]    [100/141]   Tests created: 5
16:16:43.686 [INFO]   [Creating]    
================================================================================
= Starting analysis for class 'org.symphonyoss.symphony.messageml.markdown.nodes.PreformattedNode'
================================================================================
16:16:43.686 [INFO]   [Creating]    Filtering out non-testable methods...
16:16:43.687 [INFO]   [Creating]    Filtering of methods complete. Creating analysis request
16:16:43.687 [INFO]   [Creating]    Attempting to get service client, retry 1.
16:16:43.687 [INFO]   [Creating]    Starting monitoring server.
16:16:43.688 [INFO]   [Creating]    Monitoring server listening on localhost/127.0.0.1:43929
16:16:43.741 [INFO]   [Creating]    Starting analyzer server process...
16:16:43.741 [INFO]   [Creating]    Server command-line: /home/jbergqvist/.sdkman/candidates/java/11.0.29-amzn/bin/java -XX:+IgnoreUnrecognizedVMOptions -Djdk.attach.allowAttachSelf=true -Djdk.jar.maxSignatureFileSize=100000000 -ea -javaagent:/opt/cover/launcher-shared-jar.jar -Dlogback.configurationFile=/tmp/diffblue/config/logback-remote-service.xml -Dcom.diffblue.springIsolationJar=/opt/cover/cover-isolation-layer.jar -Dcover.jar.path=/opt/cover/cover-service-analyzer.jar -Dcom.diffblue.assertionSuggestionJar=/opt/cover/cover-service-analyzer.jar -Dcover.main.class=com.diffblue.cover.service.analyzer.Main -jar /opt/cover/launcher-shared-jar.jar --service-lifespan 120 --monitoring-service-port 43929 --index-service-port 43929 --debug-log
16:16:43.742 [INFO]   [Creating]    Server started. Waiting up to 300 seconds for a connection to be established...
16:16:44.597 [INFO]   [Creating]    Starting new remote monitor client
16:16:45.213 [INFO]   [Creating]    Attempting to start remote server.
16:16:45.375 [INFO]   [Creating]    Server started, listening on localhost/127.0.0.1:36161
16:16:45.379 [INFO]   [Creating]    Expect analyzer service to be listening on port 36161.
16:16:45.439 [INFO]   [Creating]    Started analyzer service and client retrieved.
16:16:51.228 [INFO]   [Creating]        [644/912] org.symphonyoss.symphony.messageml.markdown.nodes.PreformattedNode.<init>
16:16:51.228 [INFO]   [Creating]        [645/912] org.symphonyoss.symphony.messageml.markdown.nodes.PreformattedNode.getClosingDelimiter
16:16:51.228 [INFO]   [Creating]        [646/912] org.symphonyoss.symphony.messageml.markdown.nodes.PreformattedNode.getOpeningDelimiter
16:16:51.228 [INFO]   [Creating]        [646/912]   Tests created: 1
16:16:51.230 [INFO]   [Creating]    [101/141] org.symphonyoss.symphony.messageml.markdown.nodes.PreformattedNode
16:16:51.230 [INFO]   [Creating]    [101/141]   Tests created: 1
16:16:51.230 [INFO]   [Creating]    
================================================================================
= Starting analysis for class 'org.symphonyoss.symphony.messageml.markdown.nodes.TableCellNode'
================================================================================
16:16:51.230 [INFO]   [Creating]    Filtering out non-testable methods...
16:16:51.231 [INFO]   [Creating]    Filtering of methods complete. Creating analysis request
16:16:51.231 [INFO]   [Creating]    Attempting to get service client, retry 1.
16:16:51.398 [INFO]   [Creating]        [647/912] org.symphonyoss.symphony.messageml.markdown.nodes.TableCellNode.<init>
16:16:51.398 [INFO]   [Creating]        [648/912] org.symphonyoss.symphony.messageml.markdown.nodes.TableCellNode.getDelimiter
16:16:51.398 [INFO]   [Creating]        [648/912]   Tests created: 1
16:16:51.400 [INFO]   [Creating]    [102/141] org.symphonyoss.symphony.messageml.markdown.nodes.TableCellNode
16:16:51.400 [INFO]   [Creating]    [102/141]   Tests created: 1
16:16:51.401 [INFO]   [Creating]    
================================================================================
= Starting analysis for class 'org.symphonyoss.symphony.messageml.markdown.nodes.TableNode'
================================================================================
16:16:51.401 [INFO]   [Creating]    Filtering out non-testable methods...
16:16:51.402 [INFO]   [Creating]    Filtering of methods complete. Creating analysis request
16:16:51.402 [INFO]   [Creating]    Attempting to get service client, retry 1.
16:16:51.578 [INFO]   [Creating]        [649/912] org.symphonyoss.symphony.messageml.markdown.nodes.TableNode.<init>
16:16:51.578 [INFO]   [Creating]        [650/912] org.symphonyoss.symphony.messageml.markdown.nodes.TableNode.getClosingDelimiter
16:16:51.578 [INFO]   [Creating]        [651/912] org.symphonyoss.symphony.messageml.markdown.nodes.TableNode.getOpeningDelimiter
16:16:51.578 [INFO]   [Creating]        [651/912]   Tests created: 1
16:16:51.578 [INFO]   [Creating]    [103/141] org.symphonyoss.symphony.messageml.markdown.nodes.TableNode
16:16:51.579 [INFO]   [Creating]    [103/141]   Tests created: 1
16:16:51.579 [INFO]   [Creating]    
================================================================================
= Starting analysis for class 'org.symphonyoss.symphony.messageml.markdown.nodes.TableRowNode'
================================================================================
16:16:51.579 [INFO]   [Creating]    Filtering out non-testable methods...
16:16:51.580 [INFO]   [Creating]    Filtering of methods complete. Creating analysis request
16:16:51.580 [INFO]   [Creating]    Attempting to get service client, retry 1.
16:16:51.741 [INFO]   [Creating]        [652/912] org.symphonyoss.symphony.messageml.markdown.nodes.TableRowNode.<init>
16:16:51.741 [INFO]   [Creating]        [653/912] org.symphonyoss.symphony.messageml.markdown.nodes.TableRowNode.getDelimiter
16:16:51.741 [INFO]   [Creating]        [653/912]   Tests created: 1
16:16:51.742 [INFO]   [Creating]    [104/141] org.symphonyoss.symphony.messageml.markdown.nodes.TableRowNode
16:16:51.742 [INFO]   [Creating]    [104/141]   Tests created: 1
16:16:51.743 [INFO]   [Creating]    
================================================================================
= Starting analysis for class 'org.symphonyoss.symphony.messageml.markdown.nodes.TagNode'
================================================================================
16:16:51.743 [INFO]   [Creating]    Filtering out non-testable methods...
16:16:51.744 [INFO]   [Creating]    Filtering of methods complete. Creating analysis request
16:16:51.744 [INFO]   [Creating]    Attempting to get service client, retry 1.
16:16:54.034 [INFO]   [Creating]        [654/912] org.symphonyoss.symphony.messageml.markdown.nodes.TagNode.<init>
16:16:54.035 [INFO]   [Creating]        [654/912]   Tests created: 1
16:16:54.036 [INFO]   [Creating]    [105/141] org.symphonyoss.symphony.messageml.markdown.nodes.TagNode
16:16:54.036 [INFO]   [Creating]    [105/141]   Tests created: 1
16:16:54.037 [INFO]   [Creating]    
================================================================================
= Starting analysis for class 'org.symphonyoss.symphony.messageml.markdown.nodes.form.ButtonNode'
================================================================================
16:16:54.037 [INFO]   [Creating]    Filtering out non-testable methods...
16:16:54.038 [INFO]   [Creating]    Filtering of methods complete. Creating analysis request
16:16:54.038 [INFO]   [Creating]    Attempting to get service client, retry 1.
16:16:54.207 [INFO]   [Creating]        [655/912] org.symphonyoss.symphony.messageml.markdown.nodes.form.ButtonNode.<init>
16:16:54.207 [INFO]   [Creating]        [655/912]   Tests created: 1
16:16:54.208 [INFO]   [Creating]    [106/141] org.symphonyoss.symphony.messageml.markdown.nodes.form.ButtonNode
16:16:54.208 [INFO]   [Creating]    [106/141]   Tests created: 1
16:16:54.208 [INFO]   [Creating]    
================================================================================
= Starting analysis for class 'org.symphonyoss.symphony.messageml.markdown.nodes.form.CheckboxNode'
================================================================================
16:16:54.208 [INFO]   [Creating]    Filtering out non-testable methods...
16:16:54.210 [INFO]   [Creating]    Filtering of methods complete. Creating analysis request
16:16:54.210 [INFO]   [Creating]    Attempting to get service client, retry 1.
16:16:57.146 [INFO]   [Creating]        [656/912] org.symphonyoss.symphony.messageml.markdown.nodes.form.CheckboxNode.<init>
16:16:57.146 [INFO]   [Creating]        [657/912] org.symphonyoss.symphony.messageml.markdown.nodes.form.CheckboxNode.<init>
16:16:57.146 [INFO]   [Creating]        [658/912] org.symphonyoss.symphony.messageml.markdown.nodes.form.CheckboxNode.getClosingDelimiter
16:16:57.146 [INFO]   [Creating]        [659/912] org.symphonyoss.symphony.messageml.markdown.nodes.form.CheckboxNode.getOpeningDelimiter
16:16:57.146 [INFO]   [Creating]        [659/912]   Tests created: 2
16:16:57.241 [INFO]   [Creating]        [660/912] org.symphonyoss.symphony.messageml.markdown.nodes.form.CheckboxNode.getText
16:16:57.241 [INFO]   [Creating]        [660/912]   Tests created: 3
16:16:57.241 [INFO]   [Creating]    [107/141] org.symphonyoss.symphony.messageml.markdown.nodes.form.CheckboxNode
16:16:57.242 [INFO]   [Creating]    [107/141]   Tests created: 5
16:16:57.242 [INFO]   [Creating]    
================================================================================
= Starting analysis for class 'org.symphonyoss.symphony.messageml.markdown.nodes.form.DatePickerNode'
================================================================================
16:16:57.242 [INFO]   [Creating]    Filtering out non-testable methods...
16:16:57.244 [INFO]   [Creating]    Filtering of methods complete. Creating analysis request
16:16:57.244 [INFO]   [Creating]    Attempting to get service client, retry 1.
16:16:57.958 [INFO]   [Creating]        [661/912] org.symphonyoss.symphony.messageml.markdown.nodes.form.DatePickerNode.<init>
16:16:57.958 [INFO]   [Creating]        [661/912]   Tests created: 1
16:16:57.993 [INFO]   [Creating]        [662/912] org.symphonyoss.symphony.messageml.markdown.nodes.form.DatePickerNode.getText
16:16:57.993 [INFO]   [Creating]        [662/912]   Tests created: 1
16:16:57.994 [INFO]   [Creating]    [108/141] org.symphonyoss.symphony.messageml.markdown.nodes.form.DatePickerNode
16:16:57.994 [INFO]   [Creating]    [108/141]   Tests created: 2
16:16:57.995 [INFO]   [Creating]    
================================================================================
= Starting analysis for class 'org.symphonyoss.symphony.messageml.markdown.nodes.form.DateSelectorNode'
================================================================================
16:16:57.995 [INFO]   [Creating]    Filtering out non-testable methods...
16:16:57.996 [INFO]   [Creating]    Filtering of methods complete. Creating analysis request
16:16:57.996 [INFO]   [Creating]    Attempting to get service client, retry 1.
16:16:58.895 [INFO]   [Creating]        [663/912] org.symphonyoss.symphony.messageml.markdown.nodes.form.DateSelectorNode.<init>
16:16:58.895 [INFO]   [Creating]        [663/912]   Tests created: 1
16:16:58.958 [INFO]   [Creating]        [664/912] org.symphonyoss.symphony.messageml.markdown.nodes.form.DateSelectorNode.getText
16:16:58.958 [INFO]   [Creating]        [664/912]   Tests created: 2
16:16:58.958 [INFO]   [Creating]    [109/141] org.symphonyoss.symphony.messageml.markdown.nodes.form.DateSelectorNode
16:16:58.959 [INFO]   [Creating]    [109/141]   Tests created: 3
16:16:58.959 [INFO]   [Creating]    
================================================================================
= Starting analysis for class 'org.symphonyoss.symphony.messageml.markdown.nodes.form.DialogNode'
================================================================================
16:16:58.959 [INFO]   [Creating]    Filtering out non-testable methods...
16:16:58.960 [INFO]   [Creating]    Filtering of methods complete. Creating analysis request
16:16:58.960 [INFO]   [Creating]    Attempting to get service client, retry 1.
16:17:00.137 [INFO]   [Creating]        [665/912] org.symphonyoss.symphony.messageml.markdown.nodes.form.DialogNode.<init>
16:17:00.137 [INFO]   [Creating]        [666/912] org.symphonyoss.symphony.messageml.markdown.nodes.form.DialogNode.getClosingDelimiter
16:17:00.137 [INFO]   [Creating]        [667/912] org.symphonyoss.symphony.messageml.markdown.nodes.form.DialogNode.getOpeningDelimiter
16:17:00.137 [INFO]   [Creating]        [667/912]   Tests created: 1
16:17:00.179 [INFO]   [Creating]        [668/912] org.symphonyoss.symphony.messageml.markdown.nodes.form.DialogNode.appendChild
16:17:00.179 [INFO]   [Creating]        [668/912]   Tests created: 1
16:17:00.180 [INFO]   [Creating]    [110/141] org.symphonyoss.symphony.messageml.markdown.nodes.form.DialogNode
16:17:00.180 [INFO]   [Creating]    [110/141]   Tests created: 2
16:17:00.181 [INFO]   [Creating]    
================================================================================
= Starting analysis for class 'org.symphonyoss.symphony.messageml.markdown.nodes.form.FormElementNode'
================================================================================
16:17:00.181 [INFO]   [Creating]    Filtering out non-testable methods...
16:17:00.182 [INFO]   [Creating]    Filtering of methods complete. Creating analysis request
16:17:00.182 [INFO]   [Creating]    Attempting to get service client, retry 1.
16:17:01.314 [INFO]   [Creating]        [669/912] org.symphonyoss.symphony.messageml.markdown.nodes.form.FormElementNode.<init>
16:17:01.314 [INFO]   [Creating]        [670/912] org.symphonyoss.symphony.messageml.markdown.nodes.form.FormElementNode.<init>
16:17:01.314 [INFO]   [Creating]        [671/912] org.symphonyoss.symphony.messageml.markdown.nodes.form.FormElementNode.<init>
16:17:01.314 [INFO]   [Creating]        [672/912] org.symphonyoss.symphony.messageml.markdown.nodes.form.FormElementNode.getClosingDelimiter
16:17:01.314 [INFO]   [Creating]        [673/912] org.symphonyoss.symphony.messageml.markdown.nodes.form.FormElementNode.getText
16:17:01.314 [INFO]   [Creating]        [673/912]   Tests created: 3
16:17:01.349 [INFO]   [Creating]        [674/912] org.symphonyoss.symphony.messageml.markdown.nodes.form.FormElementNode.getOpeningDelimiter
16:17:01.349 [INFO]   [Creating]        [674/912]   Tests created: 1
16:17:01.350 [INFO]   [Creating]    [111/141] org.symphonyoss.symphony.messageml.markdown.nodes.form.FormElementNode
16:17:01.350 [INFO]   [Creating]    [111/141]   Tests created: 4
16:17:01.351 [INFO]   [Creating]    
================================================================================
= Starting analysis for class 'org.symphonyoss.symphony.messageml.markdown.nodes.form.FormNode'
================================================================================
16:17:01.351 [INFO]   [Creating]    Filtering out non-testable methods...
16:17:01.353 [INFO]   [Creating]    Filtering of methods complete. Creating analysis request
16:17:01.353 [INFO]   [Creating]    Attempting to get service client, retry 1.
16:17:01.486 [INFO]   [Creating]        [675/912] org.symphonyoss.symphony.messageml.markdown.nodes.form.FormNode.<init>
16:17:01.486 [INFO]   [Creating]        [676/912] org.symphonyoss.symphony.messageml.markdown.nodes.form.FormNode.getClosingDelimiter
16:17:01.486 [INFO]   [Creating]        [677/912] org.symphonyoss.symphony.messageml.markdown.nodes.form.FormNode.getOpeningDelimiter
16:17:01.486 [INFO]   [Creating]        [677/912]   Tests created: 1
16:17:01.487 [INFO]   [Creating]    [112/141] org.symphonyoss.symphony.messageml.markdown.nodes.form.FormNode
16:17:01.487 [INFO]   [Creating]    [112/141]   Tests created: 1
16:17:01.488 [INFO]   [Creating]    
================================================================================
= Starting analysis for class 'org.symphonyoss.symphony.messageml.markdown.nodes.form.OptionNode'
================================================================================
16:17:01.488 [INFO]   [Creating]    Filtering out non-testable methods...
16:17:01.489 [INFO]   [Creating]    Filtering of methods complete. Creating analysis request
16:17:01.489 [INFO]   [Creating]    Attempting to get service client, retry 1.
16:17:01.634 [INFO]   [Creating]        [678/912] org.symphonyoss.symphony.messageml.markdown.nodes.form.OptionNode.<init>
16:17:01.634 [INFO]   [Creating]        [679/912] org.symphonyoss.symphony.messageml.markdown.nodes.form.OptionNode.getClosingDelimiter
16:17:01.634 [INFO]   [Creating]        [680/912] org.symphonyoss.symphony.messageml.markdown.nodes.form.OptionNode.getOpeningDelimiter
16:17:01.634 [INFO]   [Creating]        [680/912]   Tests created: 1
16:17:01.635 [INFO]   [Creating]    [113/141] org.symphonyoss.symphony.messageml.markdown.nodes.form.OptionNode
16:17:01.635 [INFO]   [Creating]    [113/141]   Tests created: 1
16:17:01.636 [INFO]   [Creating]    
================================================================================
= Starting analysis for class 'org.symphonyoss.symphony.messageml.markdown.nodes.form.PersonSelectorNode'
================================================================================
16:17:01.636 [INFO]   [Creating]    Filtering out non-testable methods...
16:17:01.638 [INFO]   [Creating]    Filtering of methods complete. Creating analysis request
16:17:01.638 [INFO]   [Creating]    Attempting to get service client, retry 1.
16:17:02.185 [INFO]   [Creating]        [681/912] org.symphonyoss.symphony.messageml.markdown.nodes.form.PersonSelectorNode.<init>
16:17:02.185 [INFO]   [Creating]        [681/912]   Tests created: 1
16:17:02.218 [INFO]   [Creating]        [682/912] org.symphonyoss.symphony.messageml.markdown.nodes.form.PersonSelectorNode.getText
16:17:02.218 [INFO]   [Creating]        [682/912]   Tests created: 1
16:17:02.219 [INFO]   [Creating]    [114/141] org.symphonyoss.symphony.messageml.markdown.nodes.form.PersonSelectorNode
16:17:02.219 [INFO]   [Creating]    [114/141]   Tests created: 2
16:17:02.220 [INFO]   [Creating]    
================================================================================
= Starting analysis for class 'org.symphonyoss.symphony.messageml.markdown.nodes.form.PlaceholderLabelTooltipNode'
================================================================================
16:17:02.220 [INFO]   [Creating]    Filtering out non-testable methods...
16:17:02.223 [INFO]   [Creating]    Filtering of methods complete. Creating analysis request
16:17:02.223 [INFO]   [Creating]    Attempting to get service client, retry 1.
16:17:03.966 [INFO]   [Creating]        [683/912] org.symphonyoss.symphony.messageml.markdown.nodes.form.PlaceholderLabelTooltipNode.generateMarkdownPlaceholderLabelAndTooltip
16:17:03.966 [INFO]   [Creating]        [683/912]   Tests created: 2
16:17:03.966 [INFO]   [Creating]    [115/141] org.symphonyoss.symphony.messageml.markdown.nodes.form.PlaceholderLabelTooltipNode
16:17:03.966 [INFO]   [Creating]    [115/141]   Tests created: 2
16:17:03.967 [INFO]   [Creating]    
================================================================================
= Starting analysis for class 'org.symphonyoss.symphony.messageml.markdown.nodes.form.RadioNode'
================================================================================
16:17:03.967 [INFO]   [Creating]    Filtering out non-testable methods...
16:17:03.968 [INFO]   [Creating]    Filtering of methods complete. Creating analysis request
16:17:03.968 [INFO]   [Creating]    Attempting to get service client, retry 1.
16:17:04.828 [INFO]   [Creating]        [684/912] org.symphonyoss.symphony.messageml.markdown.nodes.form.RadioNode.<init>
16:17:04.828 [INFO]   [Creating]        [685/912] org.symphonyoss.symphony.messageml.markdown.nodes.form.RadioNode.<init>
16:17:04.828 [INFO]   [Creating]        [686/912] org.symphonyoss.symphony.messageml.markdown.nodes.form.RadioNode.getClosingDelimiter
16:17:04.828 [INFO]   [Creating]        [687/912] org.symphonyoss.symphony.messageml.markdown.nodes.form.RadioNode.getOpeningDelimiter
16:17:04.828 [INFO]   [Creating]        [687/912]   Tests created: 2
16:17:04.921 [INFO]   [Creating]        [688/912] org.symphonyoss.symphony.messageml.markdown.nodes.form.RadioNode.getText
16:17:04.921 [INFO]   [Creating]        [688/912]   Tests created: 3
16:17:04.922 [INFO]   [Creating]    [116/141] org.symphonyoss.symphony.messageml.markdown.nodes.form.RadioNode
16:17:04.922 [INFO]   [Creating]    [116/141]   Tests created: 5
16:17:04.923 [INFO]   [Creating]    
================================================================================
= Starting analysis for class 'org.symphonyoss.symphony.messageml.markdown.nodes.form.RoomSelectorNode'
================================================================================
16:17:04.923 [INFO]   [Creating]    Filtering out non-testable methods...
16:17:04.924 [INFO]   [Creating]    Filtering of methods complete. Creating analysis request
16:17:04.924 [INFO]   [Creating]    Attempting to get service client, retry 1.
16:17:05.417 [INFO]   [Creating]        [689/912] org.symphonyoss.symphony.messageml.markdown.nodes.form.RoomSelectorNode.<init>
16:17:05.417 [INFO]   [Creating]        [689/912]   Tests created: 1
16:17:05.452 [INFO]   [Creating]        [690/912] org.symphonyoss.symphony.messageml.markdown.nodes.form.RoomSelectorNode.getText
16:17:05.452 [INFO]   [Creating]        [690/912]   Tests created: 1
16:17:05.452 [INFO]   [Creating]    [117/141] org.symphonyoss.symphony.messageml.markdown.nodes.form.RoomSelectorNode
16:17:05.453 [INFO]   [Creating]    [117/141]   Tests created: 2
16:17:05.453 [INFO]   [Creating]    
================================================================================
= Starting analysis for class 'org.symphonyoss.symphony.messageml.markdown.nodes.form.SelectNode'
================================================================================
16:17:05.453 [INFO]   [Creating]    Filtering out non-testable methods...
16:17:05.455 [INFO]   [Creating]    Filtering of methods complete. Creating analysis request
16:17:05.455 [INFO]   [Creating]    Attempting to get service client, retry 1.
16:17:06.228 [INFO]   [Creating]        [691/912] org.symphonyoss.symphony.messageml.markdown.nodes.form.SelectNode.<init>
16:17:06.228 [INFO]   [Creating]        [692/912] org.symphonyoss.symphony.messageml.markdown.nodes.form.SelectNode.getClosingDelimiter
16:17:06.228 [INFO]   [Creating]        [693/912] org.symphonyoss.symphony.messageml.markdown.nodes.form.SelectNode.getOpeningDelimiter
16:17:06.228 [INFO]   [Creating]        [693/912]   Tests created: 1
16:17:06.328 [INFO]   [Creating]        [694/912] org.symphonyoss.symphony.messageml.markdown.nodes.form.SelectNode.getText
16:17:06.328 [INFO]   [Creating]        [694/912]   Tests created: 3
16:17:06.329 [INFO]   [Creating]    [118/141] org.symphonyoss.symphony.messageml.markdown.nodes.form.SelectNode
16:17:06.329 [INFO]   [Creating]    [118/141]   Tests created: 4
16:17:06.330 [INFO]   [Creating]    
================================================================================
= Starting analysis for class 'org.symphonyoss.symphony.messageml.markdown.nodes.form.TextAreaNode'
================================================================================
16:17:06.330 [INFO]   [Creating]    Filtering out non-testable methods...
16:17:06.331 [INFO]   [Creating]    Filtering of methods complete. Creating analysis request
16:17:06.331 [INFO]   [Creating]    Attempting to get service client, retry 1.
16:17:07.050 [INFO]   [Creating]        [695/912] org.symphonyoss.symphony.messageml.markdown.nodes.form.TextAreaNode.<init>
16:17:07.050 [INFO]   [Creating]        [695/912]   Tests created: 1
16:17:07.085 [INFO]   [Creating]        [696/912] org.symphonyoss.symphony.messageml.markdown.nodes.form.TextAreaNode.getText
16:17:07.085 [INFO]   [Creating]        [696/912]   Tests created: 1
16:17:07.085 [INFO]   [Creating]    [119/141] org.symphonyoss.symphony.messageml.markdown.nodes.form.TextAreaNode
16:17:07.085 [INFO]   [Creating]    [119/141]   Tests created: 2
16:17:07.086 [INFO]   [Creating]    
================================================================================
= Starting analysis for class 'org.symphonyoss.symphony.messageml.markdown.nodes.form.TextFieldNode'
================================================================================
16:17:07.086 [INFO]   [Creating]    Filtering out non-testable methods...
16:17:07.087 [INFO]   [Creating]    Filtering of methods complete. Creating analysis request
16:17:07.087 [INFO]   [Creating]    Attempting to get service client, retry 1.
16:17:07.763 [INFO]   [Creating]        [697/912] org.symphonyoss.symphony.messageml.markdown.nodes.form.TextFieldNode.<init>
16:17:07.763 [INFO]   [Creating]        [697/912]   Tests created: 1
16:17:07.799 [INFO]   [Creating]        [698/912] org.symphonyoss.symphony.messageml.markdown.nodes.form.TextFieldNode.getText
16:17:07.799 [INFO]   [Creating]        [698/912]   Tests created: 1
16:17:07.800 [INFO]   [Creating]    [120/141] org.symphonyoss.symphony.messageml.markdown.nodes.form.TextFieldNode
16:17:07.800 [INFO]   [Creating]    [120/141]   Tests created: 2
16:17:07.800 [INFO]   [Creating]    
================================================================================
= Starting analysis for class 'org.symphonyoss.symphony.messageml.markdown.nodes.form.TimePickerNode'
================================================================================
16:17:07.800 [INFO]   [Creating]    Filtering out non-testable methods...
16:17:07.801 [INFO]   [Creating]    Filtering of methods complete. Creating analysis request
16:17:07.801 [INFO]   [Creating]    Attempting to get service client, retry 1.
16:17:08.306 [INFO]   [Creating]        [699/912] org.symphonyoss.symphony.messageml.markdown.nodes.form.TimePickerNode.<init>
16:17:08.306 [INFO]   [Creating]        [699/912]   Tests created: 1
16:17:08.340 [INFO]   [Creating]        [700/912] org.symphonyoss.symphony.messageml.markdown.nodes.form.TimePickerNode.getText
16:17:08.340 [INFO]   [Creating]        [700/912]   Tests created: 1
16:17:08.341 [INFO]   [Creating]    [121/141] org.symphonyoss.symphony.messageml.markdown.nodes.form.TimePickerNode
16:17:08.341 [INFO]   [Creating]    [121/141]   Tests created: 2
16:17:08.341 [INFO]   [Creating]    
================================================================================
= Starting analysis for class 'org.symphonyoss.symphony.messageml.markdown.nodes.form.TimezonePickerNode'
================================================================================
16:17:08.341 [INFO]   [Creating]    Filtering out non-testable methods...
16:17:08.342 [INFO]   [Creating]    Filtering of methods complete. Creating analysis request
16:17:08.342 [INFO]   [Creating]    Attempting to get service client, retry 1.
16:17:08.873 [INFO]   [Creating]        [701/912] org.symphonyoss.symphony.messageml.markdown.nodes.form.TimezonePickerNode.<init>
16:17:08.873 [INFO]   [Creating]        [701/912]   Tests created: 1
16:17:08.906 [INFO]   [Creating]        [702/912] org.symphonyoss.symphony.messageml.markdown.nodes.form.TimezonePickerNode.getText
16:17:08.906 [INFO]   [Creating]        [702/912]   Tests created: 1
16:17:08.907 [INFO]   [Creating]    [122/141] org.symphonyoss.symphony.messageml.markdown.nodes.form.TimezonePickerNode
16:17:08.907 [INFO]   [Creating]    [122/141]   Tests created: 2
16:17:08.908 [INFO]   [Creating]    
================================================================================
= Starting analysis for class 'org.symphonyoss.symphony.messageml.util.AlignedBlock'
================================================================================
16:17:08.908 [INFO]   [Creating]    Filtering out non-testable methods...
16:17:08.909 [INFO]   [Creating]    Filtering of methods complete. Creating analysis request
16:17:08.909 [INFO]   [Creating]    Attempting to get service client, retry 1.
16:17:13.610 [INFO]   [Creating]        [703/912] org.symphonyoss.symphony.messageml.util.AlignedBlock.<init>
16:17:13.610 [INFO]   [Creating]        [703/912]   R002: Missing observers
16:17:13.610 [INFO]   [Creating]        [703/912]     Diffblue Cover was unable to create an assertion.
16:17:13.610 [INFO]   [Creating]        [703/912]     Add getters for the following fields or make them package-private:
16:17:13.610 [INFO]   [Creating]        [703/912]     AlignedBlock.maxColumnLength
16:17:13.610 [INFO]   [Creating]        [703/912]     AlignedBlock.out
16:17:13.610 [INFO]   [Creating]        [703/912]     AlignedBlock.rows
16:17:17.204 [INFO]   [Creating]        [704/912] org.symphonyoss.symphony.messageml.util.AlignedBlock.align
16:17:17.204 [INFO]   [Creating]        [704/912]   R002: Missing observers
16:17:17.204 [INFO]   [Creating]        [704/912]     Diffblue Cover was unable to create an assertion.
16:17:17.204 [INFO]   [Creating]        [704/912]     Add getters for the following fields or make them package-private:
16:17:17.204 [INFO]   [Creating]        [704/912]     AlignedBlock.maxColumnLength
16:17:17.204 [INFO]   [Creating]        [704/912]     AlignedBlock.out
16:17:17.204 [INFO]   [Creating]        [704/912]     AlignedBlock.rows
16:17:20.486 [INFO]   [Creating]        [705/912] org.symphonyoss.symphony.messageml.util.AlignedBlock.print
16:17:20.486 [INFO]   [Creating]        [705/912]   Tests created: 3
16:17:20.722 [INFO]   [Creating]        [706/912] org.symphonyoss.symphony.messageml.util.AlignedBlock.print
16:17:20.722 [INFO]   [Creating]        [706/912]   Tests created: 5
16:17:20.723 [INFO]   [Creating]    [123/141] org.symphonyoss.symphony.messageml.util.AlignedBlock
16:17:20.723 [INFO]   [Creating]    [123/141]   Tests created: 8
16:17:20.723 [INFO]   [Creating]    
================================================================================
= Starting analysis for class 'org.symphonyoss.symphony.messageml.util.CountedOutputStream'
================================================================================
16:17:20.723 [INFO]   [Creating]    Filtering out non-testable methods...
16:17:20.726 [INFO]   [Creating]    Filtering of methods complete. Creating analysis request
16:17:20.726 [INFO]   [Creating]    Attempting to get service client, retry 1.
16:17:21.518 [INFO]   [Creating]        [707/912] org.symphonyoss.symphony.messageml.util.CountedOutputStream.<init>
16:17:21.518 [INFO]   [Creating]        [708/912] org.symphonyoss.symphony.messageml.util.CountedOutputStream.beginUncounted
16:17:21.518 [INFO]   [Creating]        [709/912] org.symphonyoss.symphony.messageml.util.CountedOutputStream.endUncounted
16:17:21.518 [INFO]   [Creating]        [710/912] org.symphonyoss.symphony.messageml.util.CountedOutputStream.getOffset
16:17:21.518 [INFO]   [Creating]        [710/912]   Tests created: 1
16:17:22.123 [INFO]   [Creating]        [711/912] org.symphonyoss.symphony.messageml.util.CountedOutputStream.close
16:17:22.123 [INFO]   [Creating]        [711/912]   Tests created: 2
16:17:22.870 [INFO]   [Creating]        [712/912] org.symphonyoss.symphony.messageml.util.CountedOutputStream.flush
16:17:22.870 [INFO]   [Creating]        [712/912]   Tests created: 2
16:17:24.046 [INFO]   [Creating]        [713/912] org.symphonyoss.symphony.messageml.util.CountedOutputStream.write
16:17:24.046 [INFO]   [Creating]        [713/912]   Tests created: 3
16:17:25.218 [INFO]   [Creating]        [714/912] org.symphonyoss.symphony.messageml.util.CountedOutputStream.write
16:17:25.218 [INFO]   [Creating]        [714/912]   Tests created: 3
16:17:25.351 [INFO]   [Creating]        [715/912] org.symphonyoss.symphony.messageml.util.CountedOutputStream.write
16:17:25.351 [INFO]   [Creating]        [715/912]   Tests created: 3
16:17:25.352 [INFO]   [Creating]    [124/141] org.symphonyoss.symphony.messageml.util.CountedOutputStream
16:17:25.352 [INFO]   [Creating]    [124/141]   Tests created: 14
16:17:25.352 [INFO]   [Creating]    
================================================================================
= Starting analysis for class 'org.symphonyoss.symphony.messageml.util.EmojiShortcodeToUnicode'
================================================================================
16:17:25.352 [INFO]   [Creating]    Filtering out non-testable methods...
16:17:25.354 [INFO]   [Creating]    Filtering of methods complete. Creating analysis request
16:17:25.354 [INFO]   [Creating]    Attempting to get service client, retry 1.
16:17:25.483 [INFO]   [Creating]        [716/912] org.symphonyoss.symphony.messageml.util.EmojiShortcodeToUnicode.<init>
16:17:25.483 [INFO]   [Creating]        [716/912]   T005: Trivial constructor
16:17:25.483 [INFO]   [Creating]        [716/912]     See https://diff.blue/T005
16:17:25.955 [INFO]   [Creating]        [717/912] org.symphonyoss.symphony.messageml.util.EmojiShortcodeToUnicode.getUnicode
16:17:25.955 [INFO]   [Creating]        [717/912]   Tests created: 1
16:17:25.987 [INFO]   [Creating]        [718/912] org.symphonyoss.symphony.messageml.util.EmojiShortcodeToUnicode.hasUnicodeRepresentation
16:17:25.987 [INFO]   [Creating]        [718/912]   Tests created: 1
16:17:25.988 [INFO]   [Creating]    [125/141] org.symphonyoss.symphony.messageml.util.EmojiShortcodeToUnicode
16:17:25.988 [INFO]   [Creating]    [125/141]   Tests created: 2
16:17:25.989 [INFO]   [Creating]    
================================================================================
= Starting analysis for class 'org.symphonyoss.symphony.messageml.util.IndentedPrintStream'
================================================================================
16:17:25.989 [INFO]   [Creating]    Filtering out non-testable methods...
16:17:26.030 [INFO]   [Creating]    Filtering of methods complete. Creating analysis request
16:17:26.030 [INFO]   [Creating]    Attempting to get service client, retry 1.
16:17:26.499 [INFO]   [Creating]        [719/912] org.symphonyoss.symphony.messageml.util.IndentedPrintStream.getLinePrefix
16:17:26.499 [INFO]   [Creating]        [720/912] org.symphonyoss.symphony.messageml.util.IndentedPrintStream.getPrintOffsets
16:17:26.499 [INFO]   [Creating]        [721/912] org.symphonyoss.symphony.messageml.util.IndentedPrintStream.indent
16:17:26.499 [INFO]   [Creating]        [722/912] org.symphonyoss.symphony.messageml.util.IndentedPrintStream.isNoIndent
16:17:26.499 [INFO]   [Creating]        [723/912] org.symphonyoss.symphony.messageml.util.IndentedPrintStream.isNoNl
16:17:26.499 [INFO]   [Creating]        [724/912] org.symphonyoss.symphony.messageml.util.IndentedPrintStream.isRemoveNl
16:17:26.499 [INFO]   [Creating]        [725/912] org.symphonyoss.symphony.messageml.util.IndentedPrintStream.outdent
16:17:26.499 [INFO]   [Creating]        [726/912] org.symphonyoss.symphony.messageml.util.IndentedPrintStream.setNoIndent
16:17:26.499 [INFO]   [Creating]        [727/912] org.symphonyoss.symphony.messageml.util.IndentedPrintStream.setNoNl
16:17:26.499 [INFO]   [Creating]        [728/912] org.symphonyoss.symphony.messageml.util.IndentedPrintStream.setPrintOffsets
16:17:26.499 [INFO]   [Creating]        [729/912] org.symphonyoss.symphony.messageml.util.IndentedPrintStream.setRemoveNl
16:17:26.499 [INFO]   [Creating]        [730/912] org.symphonyoss.symphony.messageml.util.IndentedPrintStream.setoNlCr
16:17:26.499 [INFO]   [Creating]        [730/912]   Tests created: 1
16:17:30.281 [INFO]   [Creating]        [731/912] org.symphonyoss.symphony.messageml.util.IndentedPrintStream.<init>
16:17:30.282 [INFO]   [Creating]        [731/912]   Tests created: 2
16:17:32.220 [INFO]   [Creating]        [732/912] org.symphonyoss.symphony.messageml.util.IndentedPrintStream.align
16:17:32.220 [INFO]   [Creating]        [732/912]   Diffblue AI was unable to find a test
16:17:34.556 [INFO]   [Creating]        [733/912] org.symphonyoss.symphony.messageml.util.IndentedPrintStream.closeBlock
16:17:34.556 [INFO]   [Creating]        [733/912]   Tests created: 8
16:17:37.165 [INFO]   [Creating]        [734/912] org.symphonyoss.symphony.messageml.util.IndentedPrintStream.closeBlock
16:17:37.165 [INFO]   [Creating]        [734/912]   Tests created: 8
16:17:39.766 [INFO]   [Creating]        [735/912] org.symphonyoss.symphony.messageml.util.IndentedPrintStream.continueBlock
16:17:39.766 [INFO]   [Creating]        [735/912]   Tests created: 10
16:17:40.732 [INFO]   [Creating]        [736/912] org.symphonyoss.symphony.messageml.util.IndentedPrintStream.forceNewLine
16:17:40.732 [INFO]   [Creating]        [736/912]   Tests created: 3
16:17:42.053 [INFO]   [Creating]        [737/912] org.symphonyoss.symphony.messageml.util.IndentedPrintStream.getOffset
16:17:42.053 [INFO]   [Creating]        [737/912]   Tests created: 1
16:17:44.080 [INFO]   [Creating]        [738/912] org.symphonyoss.symphony.messageml.util.IndentedPrintStream.isoNlCr
16:17:44.080 [INFO]   [Creating]        [738/912]   Tests created: 1
16:17:46.738 [INFO]   [Creating]        [739/912] org.symphonyoss.symphony.messageml.util.IndentedPrintStream.openBlock
16:17:46.738 [INFO]   [Creating]        [739/912]   Tests created: 8
16:17:49.103 [INFO]   [Creating]        [740/912] org.symphonyoss.symphony.messageml.util.IndentedPrintStream.openBlock
16:17:49.103 [INFO]   [Creating]        [740/912]   Tests created: 10
16:17:51.208 [INFO]   [Creating]        [741/912] org.symphonyoss.symphony.messageml.util.IndentedPrintStream.print
16:17:51.208 [INFO]   [Creating]        [741/912]   Tests created: 6
16:17:53.391 [INFO]   [Creating]        [742/912] org.symphonyoss.symphony.messageml.util.IndentedPrintStream.print
16:17:53.391 [INFO]   [Creating]        [742/912]   Tests created: 6
16:17:55.574 [INFO]   [Creating]        [743/912] org.symphonyoss.symphony.messageml.util.IndentedPrintStream.print
16:17:55.574 [INFO]   [Creating]        [743/912]   Tests created: 6
16:17:58.164 [INFO]   [Creating]        [744/912] org.symphonyoss.symphony.messageml.util.IndentedPrintStream.print
16:17:58.164 [INFO]   [Creating]        [744/912]   Tests created: 6
16:18:00.725 [INFO]   [Creating]        [745/912] org.symphonyoss.symphony.messageml.util.IndentedPrintStream.print
16:18:00.725 [INFO]   [Creating]        [745/912]   Tests created: 6
16:18:03.296 [INFO]   [Creating]        [746/912] org.symphonyoss.symphony.messageml.util.IndentedPrintStream.print
16:18:03.296 [INFO]   [Creating]        [746/912]   Tests created: 6
16:18:05.943 [INFO]   [Creating]        [747/912] org.symphonyoss.symphony.messageml.util.IndentedPrintStream.print
16:18:05.943 [INFO]   [Creating]        [747/912]   Tests created: 6
16:18:08.580 [INFO]   [Creating]        [748/912] org.symphonyoss.symphony.messageml.util.IndentedPrintStream.print
16:18:08.580 [INFO]   [Creating]        [748/912]   Tests created: 6
16:18:11.403 [INFO]   [Creating]        [749/912] org.symphonyoss.symphony.messageml.util.IndentedPrintStream.print
16:18:11.403 [INFO]   [Creating]        [749/912]   Tests created: 6
16:18:14.289 [INFO]   [Creating]        [750/912] org.symphonyoss.symphony.messageml.util.IndentedPrintStream.print
16:18:14.289 [INFO]   [Creating]        [750/912]   Tests created: 7
16:18:17.216 [INFO]   [Creating]        [751/912] org.symphonyoss.symphony.messageml.util.IndentedPrintStream.print
16:18:17.216 [INFO]   [Creating]        [751/912]   Tests created: 7
16:18:19.985 [INFO]   [Creating]        [752/912] org.symphonyoss.symphony.messageml.util.IndentedPrintStream.print
16:18:19.985 [INFO]   [Creating]        [752/912]   Tests created: 7
16:18:23.126 [INFO]   [Creating]        [753/912] org.symphonyoss.symphony.messageml.util.IndentedPrintStream.print
16:18:23.126 [INFO]   [Creating]        [753/912]   Tests created: 6
16:18:25.600 [INFO]   [Creating]        [754/912] org.symphonyoss.symphony.messageml.util.IndentedPrintStream.print
16:18:25.600 [INFO]   [Creating]        [754/912]   Tests created: 7
16:18:28.099 [INFO]   [Creating]        [755/912] org.symphonyoss.symphony.messageml.util.IndentedPrintStream.print
16:18:28.099 [INFO]   [Creating]        [755/912]   Tests created: 6
16:18:30.814 [INFO]   [Creating]        [756/912] org.symphonyoss.symphony.messageml.util.IndentedPrintStream.print
16:18:30.814 [INFO]   [Creating]        [756/912]   Tests created: 7
16:18:33.382 [INFO]   [Creating]        [757/912] org.symphonyoss.symphony.messageml.util.IndentedPrintStream.print
16:18:33.382 [INFO]   [Creating]        [757/912]   Tests created: 7
16:18:35.869 [INFO]   [Creating]        [758/912] org.symphonyoss.symphony.messageml.util.IndentedPrintStream.print
16:18:35.869 [INFO]   [Creating]        [758/912]   Tests created: 7
16:18:38.499 [INFO]   [Creating]        [759/912] org.symphonyoss.symphony.messageml.util.IndentedPrintStream.print
16:18:38.499 [INFO]   [Creating]        [759/912]   Tests created: 6
16:18:41.186 [INFO]   [Creating]        [760/912] org.symphonyoss.symphony.messageml.util.IndentedPrintStream.print
16:18:41.186 [INFO]   [Creating]        [760/912]   Tests created: 7
16:18:44.220 [INFO]   [Creating]        [761/912] org.symphonyoss.symphony.messageml.util.IndentedPrintStream.printAlignedBlock
16:18:44.220 [INFO]   [Creating]        [761/912]   Tests created: 7
16:18:46.462 [INFO]   [Creating]        [762/912] org.symphonyoss.symphony.messageml.util.IndentedPrintStream.printlines
16:18:46.462 [INFO]   [Creating]        [762/912]   Tests created: 10
16:18:48.603 [INFO]   [Creating]        [763/912] org.symphonyoss.symphony.messageml.util.IndentedPrintStream.println
16:18:48.603 [INFO]   [Creating]        [763/912]   Tests created: 3
16:18:51.183 [INFO]   [Creating]        [764/912] org.symphonyoss.symphony.messageml.util.IndentedPrintStream.println
16:18:51.183 [INFO]   [Creating]        [764/912]   Tests created: 6
16:18:54.046 [INFO]   [Creating]        [765/912] org.symphonyoss.symphony.messageml.util.IndentedPrintStream.println
16:18:54.046 [INFO]   [Creating]        [765/912]   Tests created: 8
16:18:56.938 [INFO]   [Creating]        [766/912] org.symphonyoss.symphony.messageml.util.IndentedPrintStream.println
16:18:56.938 [INFO]   [Creating]        [766/912]   Tests created: 8
16:19:00.093 [INFO]   [Creating]        [767/912] org.symphonyoss.symphony.messageml.util.IndentedPrintStream.println
16:19:00.093 [INFO]   [Creating]        [767/912]   Tests created: 8
16:19:03.177 [INFO]   [Creating]        [768/912] org.symphonyoss.symphony.messageml.util.IndentedPrintStream.println
16:19:03.177 [INFO]   [Creating]        [768/912]   Tests created: 6
16:19:06.601 [INFO]   [Creating]        [769/912] org.symphonyoss.symphony.messageml.util.IndentedPrintStream.println
16:19:06.601 [INFO]   [Creating]        [769/912]   Tests created: 8
16:19:10.137 [INFO]   [Creating]        [770/912] org.symphonyoss.symphony.messageml.util.IndentedPrintStream.println
16:19:10.137 [INFO]   [Creating]        [770/912]   Tests created: 8
16:19:13.626 [INFO]   [Creating]        [771/912] org.symphonyoss.symphony.messageml.util.IndentedPrintStream.println
16:19:13.626 [INFO]   [Creating]        [771/912]   Tests created: 8
16:19:17.137 [INFO]   [Creating]        [772/912] org.symphonyoss.symphony.messageml.util.IndentedPrintStream.println
16:19:17.138 [INFO]   [Creating]        [772/912]   Tests created: 8
16:19:21.043 [INFO]   [Creating]        [773/912] org.symphonyoss.symphony.messageml.util.IndentedPrintStream.println
16:19:21.043 [INFO]   [Creating]        [773/912]   Tests created: 10
16:19:24.843 [INFO]   [Creating]        [774/912] org.symphonyoss.symphony.messageml.util.IndentedPrintStream.println
16:19:24.843 [INFO]   [Creating]        [774/912]   Tests created: 10
16:19:28.849 [INFO]   [Creating]        [775/912] org.symphonyoss.symphony.messageml.util.IndentedPrintStream.println
16:19:28.849 [INFO]   [Creating]        [775/912]   Tests created: 10
16:19:32.580 [INFO]   [Creating]        [776/912] org.symphonyoss.symphony.messageml.util.IndentedPrintStream.println
16:19:32.580 [INFO]   [Creating]        [776/912]   Tests created: 8
16:19:35.762 [INFO]   [Creating]        [777/912] org.symphonyoss.symphony.messageml.util.IndentedPrintStream.println
16:19:35.762 [INFO]   [Creating]        [777/912]   Tests created: 7
16:19:39.265 [INFO]   [Creating]        [778/912] org.symphonyoss.symphony.messageml.util.IndentedPrintStream.println
16:19:39.265 [INFO]   [Creating]        [778/912]   Tests created: 8
16:19:43.457 [INFO]   [Creating]        [779/912] org.symphonyoss.symphony.messageml.util.IndentedPrintStream.println
16:19:43.457 [INFO]   [Creating]        [779/912]   Tests created: 10
16:19:47.366 [INFO]   [Creating]        [780/912] org.symphonyoss.symphony.messageml.util.IndentedPrintStream.println
16:19:47.366 [INFO]   [Creating]        [780/912]   Tests created: 10
16:19:51.979 [INFO]   [Creating]        [781/912] org.symphonyoss.symphony.messageml.util.IndentedPrintStream.println
16:19:51.979 [INFO]   [Creating]        [781/912]   Tests created: 10
16:19:55.687 [INFO]   [Creating]        [782/912] org.symphonyoss.symphony.messageml.util.IndentedPrintStream.println
16:19:55.687 [INFO]   [Creating]        [782/912]   Tests created: 8
16:19:55.687 [INFO]   [Creating]        [782/912]   Warnings:
16:19:55.687 [INFO]   [Creating]        [782/912]   Diffblue AI was unable to find a test
16:19:59.355 [INFO]   [Creating]        [783/912] org.symphonyoss.symphony.messageml.util.IndentedPrintStream.println
16:19:59.355 [INFO]   [Creating]        [783/912]   Tests created: 8
16:20:03.242 [INFO]   [Creating]        [784/912] org.symphonyoss.symphony.messageml.util.IndentedPrintStream.println
16:20:03.242 [INFO]   [Creating]        [784/912]   Tests created: 7
16:20:03.696 [INFO]   [Creating]        [785/912] org.symphonyoss.symphony.messageml.util.IndentedPrintStream.setLinePrefix
16:20:03.696 [INFO]   [Creating]        [785/912]   Tests created: 2
16:20:03.696 [INFO]   [Creating]    [126/141] org.symphonyoss.symphony.messageml.util.IndentedPrintStream
16:20:03.696 [INFO]   [Creating]    [126/141]   Tests created: 376
16:20:03.697 [INFO]   [Creating]    
================================================================================
= Starting analysis for class 'org.symphonyoss.symphony.messageml.util.NoOpDataProvider'
================================================================================
16:20:03.697 [INFO]   [Creating]    Filtering out non-testable methods...
16:20:03.699 [INFO]   [Creating]    Filtering of methods complete. Creating analysis request
16:20:03.699 [INFO]   [Creating]    Attempting to get service client, retry 1.
16:20:05.037 [INFO]   [Creating]        [786/912] org.symphonyoss.symphony.messageml.util.NoOpDataProvider.<init>
16:20:05.037 [INFO]   [Creating]        [787/912] org.symphonyoss.symphony.messageml.util.NoOpDataProvider.validateURI
16:20:05.037 [INFO]   [Creating]        [787/912]   R002: Missing observers
16:20:05.037 [INFO]   [Creating]        [787/912]     Diffblue Cover was unable to create an assertion.
16:20:05.037 [INFO]   [Creating]        [787/912]     There are no fields that could be asserted on.
16:20:05.325 [INFO]   [Creating]        [788/912] org.symphonyoss.symphony.messageml.util.NoOpDataProvider.getFinTagPresentation
16:20:05.325 [INFO]   [Creating]        [788/912]   Tests created: 3
16:20:05.740 [INFO]   [Creating]        [789/912] org.symphonyoss.symphony.messageml.util.NoOpDataProvider.getUserPresentation
16:20:05.740 [INFO]   [Creating]        [789/912]   Diffblue AI was unable to find a test
16:20:05.742 [INFO]   [Creating]        [790/912] org.symphonyoss.symphony.messageml.util.NoOpDataProvider.getUserPresentation
16:20:05.742 [INFO]   [Creating]        [790/912]   Diffblue AI was unable to find a test
16:20:05.743 [INFO]   [Creating]    [127/141] org.symphonyoss.symphony.messageml.util.NoOpDataProvider
16:20:05.743 [INFO]   [Creating]    [127/141]   Tests created: 3
16:20:05.744 [INFO]   [Creating]    
================================================================================
= Starting analysis for class 'org.symphonyoss.symphony.messageml.util.NoOpEntityResolver'
================================================================================
16:20:05.744 [INFO]   [Creating]    Filtering out non-testable methods...
16:20:05.745 [INFO]   [Creating]    Filtering of methods complete. Creating analysis request
16:20:05.745 [INFO]   [Creating]    Attempting to get service client, retry 1.
16:20:05.863 [INFO]   [Creating]        [791/912] org.symphonyoss.symphony.messageml.util.NoOpEntityResolver.<init>
16:20:05.863 [INFO]   [Creating]        [791/912]   R002: Missing observers
16:20:05.863 [INFO]   [Creating]        [791/912]     Diffblue Cover was unable to create an assertion.
16:20:05.863 [INFO]   [Creating]        [791/912]     There are no fields that could be asserted on.
16:20:05.907 [INFO]   [Creating]        [792/912] org.symphonyoss.symphony.messageml.util.NoOpEntityResolver.resolveEntity
16:20:05.907 [INFO]   [Creating]        [792/912]   Diffblue AI was unable to find a test
16:20:05.907 [INFO]   [Creating]        [792/912]   Warnings:
16:20:05.907 [INFO]   [Creating]        [792/912]   Diffblue AI was unable to find a test
16:20:05.908 [INFO]   [Creating]    [128/141] org.symphonyoss.symphony.messageml.util.NoOpEntityResolver
16:20:05.908 [INFO]   [Creating]    [128/141]   Tests created: 0
16:20:05.909 [INFO]   [Creating]    
================================================================================
= Starting analysis for class 'org.symphonyoss.symphony.messageml.util.NullDataProvider'
================================================================================
16:20:05.909 [INFO]   [Creating]    Filtering out non-testable methods...
16:20:05.910 [INFO]   [Creating]    Filtering of methods complete. Creating analysis request
16:20:05.910 [INFO]   [Creating]    Attempting to get service client, retry 1.
16:20:07.204 [INFO]   [Creating]        [793/912] org.symphonyoss.symphony.messageml.util.NullDataProvider.<init>
16:20:07.204 [INFO]   [Creating]        [794/912] org.symphonyoss.symphony.messageml.util.NullDataProvider.validateURI
16:20:07.204 [INFO]   [Creating]        [794/912]   R002: Missing observers
16:20:07.204 [INFO]   [Creating]        [794/912]     Diffblue Cover was unable to create an assertion.
16:20:07.204 [INFO]   [Creating]        [794/912]     There are no fields that could be asserted on.
16:20:07.479 [INFO]   [Creating]        [795/912] org.symphonyoss.symphony.messageml.util.NullDataProvider.getFinTagPresentation
16:20:07.479 [INFO]   [Creating]        [795/912]   Tests created: 3
16:20:07.883 [INFO]   [Creating]        [796/912] org.symphonyoss.symphony.messageml.util.NullDataProvider.getUserPresentation
16:20:07.883 [INFO]   [Creating]        [796/912]   Diffblue AI was unable to find a test
16:20:07.885 [INFO]   [Creating]        [797/912] org.symphonyoss.symphony.messageml.util.NullDataProvider.getUserPresentation
16:20:07.885 [INFO]   [Creating]        [797/912]   Diffblue AI was unable to find a test
16:20:07.886 [INFO]   [Creating]    [129/141] org.symphonyoss.symphony.messageml.util.NullDataProvider
16:20:07.886 [INFO]   [Creating]    [129/141]   Tests created: 3
16:20:07.887 [INFO]   [Creating]    
================================================================================
= Starting analysis for class 'org.symphonyoss.symphony.messageml.util.NullErrorHandler'
================================================================================
16:20:07.887 [INFO]   [Creating]    Filtering out non-testable methods...
16:20:07.888 [INFO]   [Creating]    Filtering of methods complete. Creating analysis request
16:20:07.888 [INFO]   [Creating]    Attempting to get service client, retry 1.
16:20:08.051 [INFO]   [Creating]        [798/912] org.symphonyoss.symphony.messageml.util.NullErrorHandler.<init>
16:20:08.051 [INFO]   [Creating]        [799/912] org.symphonyoss.symphony.messageml.util.NullErrorHandler.error
16:20:08.051 [INFO]   [Creating]        [800/912] org.symphonyoss.symphony.messageml.util.NullErrorHandler.fatalError
16:20:08.051 [INFO]   [Creating]        [801/912] org.symphonyoss.symphony.messageml.util.NullErrorHandler.warning
16:20:08.051 [INFO]   [Creating]        [801/912]   R002: Missing observers
16:20:08.051 [INFO]   [Creating]        [801/912]     Diffblue Cover was unable to create an assertion.
16:20:08.051 [INFO]   [Creating]        [801/912]     There are no fields that could be asserted on.
16:20:08.052 [INFO]   [Creating]    [130/141] org.symphonyoss.symphony.messageml.util.NullErrorHandler
16:20:08.052 [INFO]   [Creating]    [130/141]   Tests created: 0
16:20:08.053 [INFO]   [Creating]    
================================================================================
= Starting analysis for class 'org.symphonyoss.symphony.messageml.util.ShortID'
================================================================================
16:20:08.053 [INFO]   [Creating]    Filtering out non-testable methods...
16:20:08.054 [INFO]   [Creating]    Filtering of methods complete. Creating analysis request
16:20:08.054 [INFO]   [Creating]    Attempting to get service client, retry 1.
16:20:08.303 [INFO]   [Creating]        [802/912] org.symphonyoss.symphony.messageml.util.ShortID.<init>
16:20:08.303 [INFO]   [Creating]        [802/912]   R002: Missing observers
16:20:08.303 [INFO]   [Creating]        [802/912]     Diffblue Cover was unable to create an assertion.
16:20:08.303 [INFO]   [Creating]        [802/912]     Add getters for the following fields or make them package-private:
16:20:08.303 [INFO]   [Creating]        [802/912]     ShortID.clusterWorkerId
16:20:08.303 [INFO]   [Creating]        [802/912]     ShortID.counter
16:20:08.303 [INFO]   [Creating]        [802/912]     ShortID.previousSeconds
16:20:08.303 [INFO]   [Creating]        [802/912]     ShortID.random
16:20:08.303 [INFO]   [Creating]        [802/912]     ShortID.reduceTime
16:20:08.303 [INFO]   [Creating]        [802/912]     ShortID.shuffled
16:20:08.303 [INFO]   [Creating]        [802/912]     ShortID.version
16:20:08.306 [INFO]   [Creating]        [803/912] org.symphonyoss.symphony.messageml.util.ShortID.generate
16:20:08.306 [INFO]   [Creating]        [803/912]   R002: Missing observers
16:20:08.306 [INFO]   [Creating]        [803/912]     Diffblue Cover was unable to create an assertion.
16:20:08.306 [INFO]   [Creating]        [803/912]     Add getters for the following fields or make them package-private:
16:20:08.306 [INFO]   [Creating]        [803/912]     ShortID.clusterWorkerId
16:20:08.306 [INFO]   [Creating]        [803/912]     ShortID.counter
16:20:08.306 [INFO]   [Creating]        [803/912]     ShortID.previousSeconds
16:20:08.306 [INFO]   [Creating]        [803/912]     ShortID.random
16:20:08.306 [INFO]   [Creating]        [803/912]     ShortID.reduceTime
16:20:08.306 [INFO]   [Creating]        [803/912]     ShortID.shuffled
16:20:08.306 [INFO]   [Creating]        [803/912]     ShortID.version
16:20:08.307 [INFO]   [Creating]    [131/141] org.symphonyoss.symphony.messageml.util.ShortID
16:20:08.307 [INFO]   [Creating]    [131/141]   Tests created: 0
16:20:08.307 [INFO]   [Creating]    
================================================================================
= Starting analysis for class 'org.symphonyoss.symphony.messageml.util.TagAttributes'
================================================================================
16:20:08.307 [INFO]   [Creating]    Filtering out non-testable methods...
16:20:08.308 [INFO]   [Creating]    Filtering of methods complete. Creating analysis request
16:20:08.308 [INFO]   [Creating]    Attempting to get service client, retry 1.
16:20:08.396 [INFO]   [Creating]        [804/912] org.symphonyoss.symphony.messageml.util.TagAttributes.<init>
16:20:08.396 [INFO]   [Creating]        [804/912]   Tests created: 1
16:20:08.396 [INFO]   [Creating]    [132/141] org.symphonyoss.symphony.messageml.util.TagAttributes
16:20:08.396 [INFO]   [Creating]    [132/141]   Tests created: 1
16:20:08.397 [INFO]   [Creating]    
================================================================================
= Starting analysis for class 'org.symphonyoss.symphony.messageml.util.XMLAttribute'
================================================================================
16:20:08.397 [INFO]   [Creating]    Filtering out non-testable methods...
16:20:08.398 [INFO]   [Creating]    Filtering of methods complete. Creating analysis request
16:20:08.398 [INFO]   [Creating]    Attempting to get service client, retry 1.
16:20:08.569 [INFO]   [Creating]        [805/912] org.symphonyoss.symphony.messageml.util.XMLAttribute.getFormat
16:20:08.569 [INFO]   [Creating]        [806/912] org.symphonyoss.symphony.messageml.util.XMLAttribute.toString
16:20:08.569 [INFO]   [Creating]        [806/912]   Tests created: 1
16:20:08.636 [INFO]   [Creating]        [807/912] org.symphonyoss.symphony.messageml.util.XMLAttribute.of
16:20:08.636 [INFO]   [Creating]        [807/912]   Tests created: 2
16:20:08.636 [INFO]   [Creating]    [133/141] org.symphonyoss.symphony.messageml.util.XMLAttribute
16:20:08.636 [INFO]   [Creating]    [133/141]   Tests created: 3
16:20:08.637 [INFO]   [Creating]    
================================================================================
= Starting analysis for class 'org.symphonyoss.symphony.messageml.util.XMLAttribute$Format'
================================================================================
16:20:08.637 [INFO]   [Creating]    Filtering out non-testable methods...
16:20:08.638 [INFO]   [Creating]        [808/912] org.symphonyoss.symphony.messageml.util.XMLAttribute$Format.valueOf
16:20:08.638 [INFO]   [Creating]        [808/912]   T012: Synthetic method
16:20:08.638 [INFO]   [Creating]        [808/912]     Indicates that the method is synthetic. Currently, this includes methods:
16:20:08.638 [INFO]   [Creating]        [808/912]     - that are marked as synthetic by the compiler
16:20:08.638 [INFO]   [Creating]        [808/912]     - that are not directly callable
16:20:08.638 [INFO]   [Creating]        [808/912]     - that exist on the JDK class but do not appear in the source code
16:20:08.638 [INFO]   [Creating]        [808/912]     Diffblue Cover considers these methods as not directly callable.
16:20:08.639 [INFO]   [Creating]        [809/912] org.symphonyoss.symphony.messageml.util.XMLAttribute$Format.values
16:20:08.639 [INFO]   [Creating]        [809/912]   T012: Synthetic method
16:20:08.639 [INFO]   [Creating]        [809/912]     Indicates that the method is synthetic. Currently, this includes methods:
16:20:08.639 [INFO]   [Creating]        [809/912]     - that are marked as synthetic by the compiler
16:20:08.639 [INFO]   [Creating]        [809/912]     - that are not directly callable
16:20:08.639 [INFO]   [Creating]        [809/912]     - that exist on the JDK class but do not appear in the source code
16:20:08.639 [INFO]   [Creating]        [809/912]     Diffblue Cover considers these methods as not directly callable.
16:20:08.639 [INFO]   [Creating]    [134/141] org.symphonyoss.symphony.messageml.util.XMLAttribute$Format
16:20:08.639 [INFO]   [Creating]    [134/141]   Tests created: 0
16:20:08.639 [INFO]   [Creating]    No testable methods
16:20:08.639 [INFO]   [Creating]    
================================================================================
= Starting analysis for class 'org.symphonyoss.symphony.messageml.util.XmlPrintStream'
================================================================================
16:20:08.639 [INFO]   [Creating]    Filtering out non-testable methods...
16:20:08.643 [INFO]   [Creating]    Filtering of methods complete. Creating analysis request
16:20:08.643 [INFO]   [Creating]    Attempting to get service client, retry 1.
16:20:14.590 [INFO]   [Creating]        [810/912] org.symphonyoss.symphony.messageml.util.XmlPrintStream.<init>
16:20:14.590 [INFO]   [Creating]        [810/912]   Tests created: 2
16:20:15.888 [INFO]   [Creating]        [811/912] org.symphonyoss.symphony.messageml.util.XmlPrintStream.closeElement
16:20:15.888 [INFO]   [Creating]        [811/912]   R013: No inputs found that don't throw a trivial exception
16:20:15.888 [INFO]   [Creating]        [811/912]     Diffblue Cover tried to run the arrange/act section, but the test threw
16:20:15.888 [INFO]   [Creating]        [811/912]     java.util.NoSuchElementException
16:20:15.888 [INFO]   [Creating]        [811/912]         at java.util.LinkedList.removeFirst(LinkedList.java:274)
16:20:15.888 [INFO]   [Creating]        [811/912]         at java.util.LinkedList.pop(LinkedList.java:805)
16:20:15.888 [INFO]   [Creating]        [811/912]         at org.symphonyoss.symphony.messageml.util.XmlPrintStream.closeElement(XmlPrintStream.java:104)
16:20:15.888 [INFO]   [Creating]        [811/912]     In order to prevent closeElement()
16:20:15.888 [INFO]   [Creating]        [811/912]     from throwing NoSuchElementException, add constructors or factory
16:20:15.888 [INFO]   [Creating]        [811/912]     methods that make it easier to construct fully initialized objects used in
16:20:15.888 [INFO]   [Creating]        [811/912]     closeElement().
16:20:15.888 [INFO]   [Creating]        [811/912]     See https://diff.blue/R013 to resolve this issue.
16:20:17.111 [INFO]   [Creating]        [812/912] org.symphonyoss.symphony.messageml.util.XmlPrintStream.escape
16:20:17.111 [INFO]   [Creating]        [812/912]   Tests created: 2
16:20:18.972 [INFO]   [Creating]        [813/912] org.symphonyoss.symphony.messageml.util.XmlPrintStream.escape
16:20:18.972 [INFO]   [Creating]        [813/912]   Tests created: 2
16:20:21.320 [INFO]   [Creating]        [814/912] org.symphonyoss.symphony.messageml.util.XmlPrintStream.openElement
16:20:21.320 [INFO]   [Creating]        [814/912]   Tests created: 8
16:20:23.431 [INFO]   [Creating]        [815/912] org.symphonyoss.symphony.messageml.util.XmlPrintStream.openElement
16:20:23.431 [INFO]   [Creating]        [815/912]   Tests created: 12
16:20:25.875 [INFO]   [Creating]        [816/912] org.symphonyoss.symphony.messageml.util.XmlPrintStream.openElement
16:20:25.875 [INFO]   [Creating]        [816/912]   Tests created: 15
16:20:28.054 [INFO]   [Creating]        [817/912] org.symphonyoss.symphony.messageml.util.XmlPrintStream.printComment
16:20:28.054 [INFO]   [Creating]        [817/912]   Tests created: 8
16:20:30.294 [INFO]   [Creating]        [818/912] org.symphonyoss.symphony.messageml.util.XmlPrintStream.printElement
16:20:30.294 [INFO]   [Creating]        [818/912]   Tests created: 8
16:20:32.605 [INFO]   [Creating]        [819/912] org.symphonyoss.symphony.messageml.util.XmlPrintStream.printElement
16:20:32.605 [INFO]   [Creating]        [819/912]   Tests created: 11
16:20:35.313 [INFO]   [Creating]        [820/912] org.symphonyoss.symphony.messageml.util.XmlPrintStream.printElement
16:20:35.313 [INFO]   [Creating]        [820/912]   Tests created: 12
16:20:37.808 [INFO]   [Creating]        [821/912] org.symphonyoss.symphony.messageml.util.XmlPrintStream.printElement
16:20:37.808 [INFO]   [Creating]        [821/912]   Tests created: 16
16:20:38.907 [INFO]   [Creating]        [822/912] org.symphonyoss.symphony.messageml.util.XmlPrintStream.printElement
16:20:38.907 [INFO]   [Creating]        [822/912]   Tests created: 11
16:20:39.084 [INFO]   [Creating]        [823/912] org.symphonyoss.symphony.messageml.util.XmlPrintStream.removeNewLines
16:20:39.084 [INFO]   [Creating]        [823/912]   Tests created: 2
16:20:39.085 [INFO]   [Creating]    [135/141] org.symphonyoss.symphony.messageml.util.XmlPrintStream
16:20:39.085 [INFO]   [Creating]    [135/141]   Tests created: 109
16:20:39.086 [INFO]   [Creating]    
================================================================================
= Starting analysis for class 'org.symphonyoss.symphony.messageml.util.instrument.resolver.Instrument'
================================================================================
16:20:39.086 [INFO]   [Creating]    Filtering out non-testable methods...
16:20:39.086 [INFO]   [Creating]    Filtering of methods complete. Creating analysis request
16:20:39.086 [INFO]   [Creating]    Attempting to get service client, retry 1.
16:20:39.201 [INFO]   [Creating]        [824/912] org.symphonyoss.symphony.messageml.util.instrument.resolver.Instrument.<init>
16:20:39.201 [INFO]   [Creating]        [824/912]   Tests created: 1
16:20:39.202 [INFO]   [Creating]    [136/141] org.symphonyoss.symphony.messageml.util.instrument.resolver.Instrument
16:20:39.202 [INFO]   [Creating]    [136/141]   Tests created: 1
16:20:39.203 [INFO]   [Creating]    
================================================================================
= Starting analysis for class 'org.symphonyoss.symphony.messageml.util.instrument.resolver.InstrumentKind'
================================================================================
16:20:39.203 [INFO]   [Creating]    Filtering out non-testable methods...
16:20:39.205 [INFO]   [Creating]        [825/912] org.symphonyoss.symphony.messageml.util.instrument.resolver.InstrumentKind.valueOf
16:20:39.205 [INFO]   [Creating]        [825/912]   T012: Synthetic method
16:20:39.205 [INFO]   [Creating]        [825/912]     Indicates that the method is synthetic. Currently, this includes methods:
16:20:39.205 [INFO]   [Creating]        [825/912]     - that are marked as synthetic by the compiler
16:20:39.205 [INFO]   [Creating]        [825/912]     - that are not directly callable
16:20:39.205 [INFO]   [Creating]        [825/912]     - that exist on the JDK class but do not appear in the source code
16:20:39.205 [INFO]   [Creating]        [825/912]     Diffblue Cover considers these methods as not directly callable.
16:20:39.206 [INFO]   [Creating]        [826/912] org.symphonyoss.symphony.messageml.util.instrument.resolver.InstrumentKind.values
16:20:39.206 [INFO]   [Creating]        [826/912]   T012: Synthetic method
16:20:39.206 [INFO]   [Creating]        [826/912]     Indicates that the method is synthetic. Currently, this includes methods:
16:20:39.206 [INFO]   [Creating]        [826/912]     - that are marked as synthetic by the compiler
16:20:39.206 [INFO]   [Creating]        [826/912]     - that are not directly callable
16:20:39.206 [INFO]   [Creating]        [826/912]     - that exist on the JDK class but do not appear in the source code
16:20:39.206 [INFO]   [Creating]        [826/912]     Diffblue Cover considers these methods as not directly callable.
16:20:39.207 [INFO]   [Creating]    Filtering of methods complete. Creating analysis request
16:20:39.207 [INFO]   [Creating]    Attempting to get service client, retry 1.
16:20:39.475 [INFO]   [Creating]        [827/912] org.symphonyoss.symphony.messageml.util.instrument.resolver.InstrumentKind.fromValue
16:20:39.475 [INFO]   [Creating]        [827/912]   Tests created: 2
16:20:39.512 [INFO]   [Creating]        [828/912] org.symphonyoss.symphony.messageml.util.instrument.resolver.InstrumentKind.toValues
16:20:39.512 [INFO]   [Creating]        [828/912]   Tests created: 1
16:20:39.512 [INFO]   [Creating]    [137/141] org.symphonyoss.symphony.messageml.util.instrument.resolver.InstrumentKind
16:20:39.512 [INFO]   [Creating]    [137/141]   Tests created: 3
16:20:39.513 [INFO]   [Creating]    
================================================================================
= Starting analysis for class 'org.symphonyoss.symphony.messageml.util.instrument.resolver.MarketSector'
================================================================================
16:20:39.513 [INFO]   [Creating]    Filtering out non-testable methods...
16:20:39.514 [INFO]   [Creating]        [829/912] org.symphonyoss.symphony.messageml.util.instrument.resolver.MarketSector.valueOf
16:20:39.514 [INFO]   [Creating]        [829/912]   T012: Synthetic method
16:20:39.514 [INFO]   [Creating]        [829/912]     Indicates that the method is synthetic. Currently, this includes methods:
16:20:39.514 [INFO]   [Creating]        [829/912]     - that are marked as synthetic by the compiler
16:20:39.514 [INFO]   [Creating]        [829/912]     - that are not directly callable
16:20:39.514 [INFO]   [Creating]        [829/912]     - that exist on the JDK class but do not appear in the source code
16:20:39.514 [INFO]   [Creating]        [829/912]     Diffblue Cover considers these methods as not directly callable.
16:20:39.515 [INFO]   [Creating]        [830/912] org.symphonyoss.symphony.messageml.util.instrument.resolver.MarketSector.values
16:20:39.515 [INFO]   [Creating]        [830/912]   T012: Synthetic method
16:20:39.515 [INFO]   [Creating]        [830/912]     Indicates that the method is synthetic. Currently, this includes methods:
16:20:39.515 [INFO]   [Creating]        [830/912]     - that are marked as synthetic by the compiler
16:20:39.515 [INFO]   [Creating]        [830/912]     - that are not directly callable
16:20:39.515 [INFO]   [Creating]        [830/912]     - that exist on the JDK class but do not appear in the source code
16:20:39.515 [INFO]   [Creating]        [830/912]     Diffblue Cover considers these methods as not directly callable.
16:20:39.516 [INFO]   [Creating]    Filtering of methods complete. Creating analysis request
16:20:39.516 [INFO]   [Creating]    Attempting to get service client, retry 1.
16:20:39.772 [INFO]   [Creating]        [831/912] org.symphonyoss.symphony.messageml.util.instrument.resolver.MarketSector.fromValue
16:20:39.772 [INFO]   [Creating]        [831/912]   Tests created: 2
16:20:39.816 [INFO]   [Creating]        [832/912] org.symphonyoss.symphony.messageml.util.instrument.resolver.MarketSector.toValues
16:20:39.816 [INFO]   [Creating]        [832/912]   Tests created: 1
16:20:39.817 [INFO]   [Creating]    [138/141] org.symphonyoss.symphony.messageml.util.instrument.resolver.MarketSector
16:20:39.817 [INFO]   [Creating]    [138/141]   Tests created: 3
16:20:39.817 [INFO]   [Creating]    
================================================================================
= Starting analysis for class 'org.symphonyoss.symphony.messageml.util.instrument.resolver.ProviderId'
================================================================================
16:20:39.817 [INFO]   [Creating]    Filtering out non-testable methods...
16:20:39.819 [INFO]   [Creating]        [833/912] org.symphonyoss.symphony.messageml.util.instrument.resolver.ProviderId.valueOf
16:20:39.819 [INFO]   [Creating]        [833/912]   T012: Synthetic method
16:20:39.819 [INFO]   [Creating]        [833/912]     Indicates that the method is synthetic. Currently, this includes methods:
16:20:39.819 [INFO]   [Creating]        [833/912]     - that are marked as synthetic by the compiler
16:20:39.819 [INFO]   [Creating]        [833/912]     - that are not directly callable
16:20:39.819 [INFO]   [Creating]        [833/912]     - that exist on the JDK class but do not appear in the source code
16:20:39.819 [INFO]   [Creating]        [833/912]     Diffblue Cover considers these methods as not directly callable.
16:20:39.819 [INFO]   [Creating]        [834/912] org.symphonyoss.symphony.messageml.util.instrument.resolver.ProviderId.values
16:20:39.819 [INFO]   [Creating]        [834/912]   T012: Synthetic method
16:20:39.819 [INFO]   [Creating]        [834/912]     Indicates that the method is synthetic. Currently, this includes methods:
16:20:39.819 [INFO]   [Creating]        [834/912]     - that are marked as synthetic by the compiler
16:20:39.819 [INFO]   [Creating]        [834/912]     - that are not directly callable
16:20:39.819 [INFO]   [Creating]        [834/912]     - that exist on the JDK class but do not appear in the source code
16:20:39.819 [INFO]   [Creating]        [834/912]     Diffblue Cover considers these methods as not directly callable.
16:20:39.820 [INFO]   [Creating]    Filtering of methods complete. Creating analysis request
16:20:39.820 [INFO]   [Creating]    Attempting to get service client, retry 1.
16:20:39.995 [INFO]   [Creating]        [835/912] org.symphonyoss.symphony.messageml.util.instrument.resolver.ProviderId.fromValue
16:20:39.995 [INFO]   [Creating]        [835/912]   Tests created: 2
16:20:39.996 [INFO]   [Creating]    [139/141] org.symphonyoss.symphony.messageml.util.instrument.resolver.ProviderId
16:20:39.996 [INFO]   [Creating]    [139/141]   Tests created: 2
16:20:39.996 [INFO]   [Creating]    
================================================================================
= Starting analysis for class 'org.symphonyoss.symphony.messageml.util.pojo.DateInterval'
================================================================================
16:20:39.996 [INFO]   [Creating]    Filtering out non-testable methods...
16:20:39.999 [INFO]   [Creating]    Filtering of methods complete. Creating analysis request
16:20:39.999 [INFO]   [Creating]    Attempting to get service client, retry 1.
16:20:43.138 [INFO]   [Creating]        [836/912] org.symphonyoss.symphony.messageml.util.pojo.DateInterval.<init>
16:20:43.138 [INFO]   [Creating]        [837/912] org.symphonyoss.symphony.messageml.util.pojo.DateInterval.getDay
16:20:43.138 [INFO]   [Creating]        [838/912] org.symphonyoss.symphony.messageml.util.pojo.DateInterval.getDaysOfWeek
16:20:43.138 [INFO]   [Creating]        [839/912] org.symphonyoss.symphony.messageml.util.pojo.DateInterval.getFrom
16:20:43.138 [INFO]   [Creating]        [840/912] org.symphonyoss.symphony.messageml.util.pojo.DateInterval.getTo
16:20:43.138 [INFO]   [Creating]        [841/912] org.symphonyoss.symphony.messageml.util.pojo.DateInterval.setDay
16:20:43.138 [INFO]   [Creating]        [842/912] org.symphonyoss.symphony.messageml.util.pojo.DateInterval.setDaysOfWeek
16:20:43.138 [INFO]   [Creating]        [843/912] org.symphonyoss.symphony.messageml.util.pojo.DateInterval.setFrom
16:20:43.138 [INFO]   [Creating]        [844/912] org.symphonyoss.symphony.messageml.util.pojo.DateInterval.setTo
16:20:43.138 [INFO]   [Creating]        [844/912]   Tests created: 1
16:20:45.614 [INFO]   [Creating]        [845/912] org.symphonyoss.symphony.messageml.util.pojo.DateInterval.assertIsValid
16:20:45.614 [INFO]   [Creating]        [845/912]   Tests created: 9
16:20:45.840 [INFO]   [Creating]        [846/912] org.symphonyoss.symphony.messageml.util.pojo.DateInterval.getType
16:20:45.840 [INFO]   [Creating]        [846/912]   Tests created: 6
16:20:45.841 [INFO]   [Creating]    [140/141] org.symphonyoss.symphony.messageml.util.pojo.DateInterval
16:20:45.841 [INFO]   [Creating]    [140/141]   Tests created: 16
16:20:45.841 [INFO]   [Creating]    
================================================================================
= Starting analysis for class 'org.symphonyoss.symphony.messageml.util.pojo.TimeInterval'
================================================================================
16:20:45.841 [INFO]   [Creating]    Filtering out non-testable methods...
16:20:45.844 [INFO]   [Creating]    Filtering of methods complete. Creating analysis request
16:20:45.844 [INFO]   [Creating]    Attempting to get service client, retry 1.
16:20:47.712 [INFO]   [Creating]        [847/912] org.symphonyoss.symphony.messageml.util.pojo.TimeInterval.<init>
16:20:47.712 [INFO]   [Creating]        [848/912] org.symphonyoss.symphony.messageml.util.pojo.TimeInterval.getFrom
16:20:47.712 [INFO]   [Creating]        [849/912] org.symphonyoss.symphony.messageml.util.pojo.TimeInterval.getTime
16:20:47.712 [INFO]   [Creating]        [850/912] org.symphonyoss.symphony.messageml.util.pojo.TimeInterval.getTo
16:20:47.712 [INFO]   [Creating]        [851/912] org.symphonyoss.symphony.messageml.util.pojo.TimeInterval.setFrom
16:20:47.712 [INFO]   [Creating]        [852/912] org.symphonyoss.symphony.messageml.util.pojo.TimeInterval.setTime
16:20:47.712 [INFO]   [Creating]        [853/912] org.symphonyoss.symphony.messageml.util.pojo.TimeInterval.setTo
16:20:47.712 [INFO]   [Creating]        [853/912]   Tests created: 1
16:20:49.281 [INFO]   [Creating]        [854/912] org.symphonyoss.symphony.messageml.util.pojo.TimeInterval.assertIsValid
16:20:49.281 [INFO]   [Creating]        [854/912]   Tests created: 6
16:20:49.487 [INFO]   [Creating]        [855/912] org.symphonyoss.symphony.messageml.util.pojo.TimeInterval.getType
16:20:49.487 [INFO]   [Creating]        [855/912]   Tests created: 6
16:20:49.488 [INFO]   [Creating]    [141/141] org.symphonyoss.symphony.messageml.util.pojo.TimeInterval
16:20:49.488 [INFO]   [Creating]    [141/141]   Tests created: 13
16:20:49.499 [INFO]   [Reporting]   
16:20:49.499 [INFO]   [Reporting]   Test creation summary for module: org.symphonyoss.symphony:messageml
16:20:49.499 [INFO]   [Reporting]   --------------------------------------------------------------------
16:20:49.499 [INFO]   [Reporting]   Total:                                             912 methods
16:20:49.499 [INFO]   [Reporting]   2,250 tests created for:                           767 methods
16:20:49.500 [INFO]   [Reporting]   
16:20:49.500 [INFO]   [Reporting]   Tested indirectly via other methods:                 2 methods
16:20:49.500 [INFO]   [Reporting]       2 T005: Trivial constructor
16:20:49.500 [INFO]   [Reporting]   No tests created for:                              134 methods
16:20:49.500 [INFO]   [Reporting]      20 R013: No inputs found that don't throw a trivial exception
16:20:49.500 [INFO]   [Reporting]      14 R002: Missing observers
16:20:49.500 [INFO]   [Reporting]      12 R081: Exception in arrange section
16:20:49.500 [INFO]   [Reporting]       8 R083: Can't find a suitable constructor
16:20:49.500 [INFO]   [Reporting]       5 R011: Sandboxing policy violation
16:20:49.500 [INFO]   [Reporting]       2 R003: Test did not increase coverage
16:20:49.647 [INFO]   [Validating]  
16:20:49.647 [INFO]   [Validating]  Running validation command.
16:20:49.647 [INFO]   [Validating]  Using default build rules as no custom rules found in any of [/home/jbergqvist/diffblue/finos-messageml-utils]
16:20:49.647 [INFO]   [Validating]  Attempting to invoke /home/jbergqvist/diffblue/finos-messageml-utils/mvnw in working directory: /home/jbergqvist/diffblue/finos-messageml-utils
16:20:49.648 [INFO]   [Validating]  Started "/home/jbergqvist/diffblue/finos-messageml-utils/mvnw -Dmaven.ext.class.path=/opt/cover/cover-buildsystem-maven-spy-jar-with-dependencies.jar -Dcom.diffblue.cover.skipTests=true -DskipTestOptimizer --batch-mode --projects=org.symphonyoss.symphony:messageml --global-settings=/home/jbergqvist/.sdkman/candidates/maven/current/conf/settings.xml validate --also-make"
16:20:50.272 [INFO]   [Validating]  out: [INFO] Scanning for projects...
16:20:50.312 [INFO]   [Validating]  out: [INFO] 
16:20:50.312 [INFO]   [Validating]  out: [INFO] -----------------< org.symphonyoss.symphony:messageml >-----------------
16:20:50.312 [INFO]   [Validating]  out: [INFO] Building MessageML Utils 0.13.0
16:20:50.313 [INFO]   [Validating]  out: [INFO] --------------------------------[ jar ]---------------------------------
16:20:50.450 [INFO]   [Validating]  deserializing line [DIFFBLUE]{"__type":"com.diffblue.cover.buildsystem.model.DefaultProjectModuleMessage","project":{"__type":"DefaultProjectModule","junitReport":["/home/jbergqvist/diffblue/finos-messageml-utils/target/surefire-reports"],"jacocoReport":["/home/jbergqvist/diffblue/finos-messageml-utils/target/site/jacoco/jacoco.xml"],"jacocoDestFile":["/home/jbergqvist/diffblue/finos-messageml-utils/target/jacoco.exec"],"jacocoFormats":["xml"],"jacocoSkipped":false,"classpath":["/home/jbergqvist/diffblue/finos-messageml-utils/target/classes"],"complianceLevel":"1.8","productionSources":["/home/jbergqvist/diffblue/finos-messageml-utils/src/main/java"],"testSources":["/home/jbergqvist/diffblue/finos-messageml-utils/src/test/java"],"productionClasses":"/home/jbergqvist/diffblue/finos-messageml-utils/target/classes","testClasses":"/home/jbergqvist/diffblue/finos-messageml-utils/target/test-classes","sourceToBuildPathMap":null,"testSourceToBuildPathMap":null,"buildDirectory":"/home/jbergqvist/diffblue/finos-messageml-utils/target","plugins":[{"__type":"DefaultPlugin","groupId":"org.apache.maven.plugins","artefactId":"maven-surefire-plugin","version":"2.22.2","pluginClassName":null},{"__type":"DefaultPlugin","groupId":"org.apache.maven.plugins","artefactId":"maven-clean-plugin","version":"2.5","pluginClassName":null},{"__type":"DefaultPlugin","groupId":"org.apache.maven.plugins","artefactId":"maven-resources-plugin","version":"2.6","pluginClassName":null},{"__type":"DefaultPlugin","groupId":"org.apache.maven.plugins","artefactId":"maven-jar-plugin","version":"3.2.2","pluginClassName":null},{"__type":"DefaultPlugin","groupId":"org.apache.maven.plugins","artefactId":"maven-compiler-plugin","version":"3.1","pluginClassName":null},{"__type":"DefaultPlugin","groupId":"org.apache.maven.plugins","artefactId":"maven-install-plugin","version":"2.4","pluginClassName":null},{"__type":"DefaultPlugin","groupId":"org.apache.maven.plugins","artefactId":"maven-deploy-plugin","version":"3.0.0-M1","pluginClassName":null},{"__type":"DefaultPlugin","groupId":"org.apache.maven.plugins","artefactId":"maven-site-plugin","version":"3.3","pluginClassName":null}],"version":"3.8.4","encoding":"UTF-8","name":"maven","subModules":[],"simpleModuleName":null,"parentModuleName":null,"location":"/home/jbergqvist/diffblue/finos-messageml-utils","fullModuleName":"org.symphonyoss.symphony:messageml"}}
16:20:50.454 [INFO]   [Validating]  out: [INFO] ------------------------------------------------------------------------
16:20:50.454 [INFO]   [Validating]  out: [INFO] BUILD SUCCESS
16:20:50.454 [INFO]   [Validating]  out: [INFO] ------------------------------------------------------------------------
16:20:50.454 [INFO]   [Validating]  out: [INFO] Total time:  0.192 s
16:20:50.454 [INFO]   [Validating]  out: [INFO] Finished at: 2026-01-09T16:20:50Z
16:20:50.454 [INFO]   [Validating]  out: [INFO] ------------------------------------------------------------------------
16:20:50.455 [INFO]   [Validating]  deserializing line [DIFFBLUE]{"__type":"com.diffblue.cover.buildsystem.model.ProjectInfoMessage","projectName":"org.symphonyoss.symphony:messageml","productionSources":["/home/jbergqvist/diffblue/finos-messageml-utils/src/main/java"],"testSources":["/home/jbergqvist/diffblue/finos-messageml-utils/src/test/java"],"location":"/home/jbergqvist/diffblue/finos-messageml-utils"}
16:20:50.483 [INFO]   [Validating]  maven:err process not stopped, joining thread
16:20:50.484 [INFO]   [Validating]  maven:out process not stopped, joining thread
16:20:50.485 [INFO]   [Validating]  This can take a couple of minutes.
16:20:50.485 [INFO]   [Validating]  Using default build rules as no custom rules found in any of [/home/jbergqvist/diffblue/finos-messageml-utils]
16:20:50.485 [INFO]   [Validating]  Attempting to invoke /home/jbergqvist/diffblue/finos-messageml-utils/mvnw in working directory: /home/jbergqvist/diffblue/finos-messageml-utils
16:20:50.486 [INFO]   [Validating]  Started "/home/jbergqvist/diffblue/finos-messageml-utils/mvnw -Dmaven.ext.class.path=/opt/cover/cover-buildsystem-maven-spy-jar-with-dependencies.jar -Dcom.diffblue.cover.skipTests=true -DskipTestOptimizer --batch-mode --projects=org.symphonyoss.symphony:messageml --global-settings=/home/jbergqvist/.sdkman/candidates/maven/current/conf/settings.xml clean test"
16:20:51.116 [INFO]   [Validating]  out: [INFO] Scanning for projects...
16:20:51.155 [INFO]   [Validating]  out: [INFO] 
16:20:51.155 [INFO]   [Validating]  out: [INFO] -----------------< org.symphonyoss.symphony:messageml >-----------------
16:20:51.155 [INFO]   [Validating]  out: [INFO] Building MessageML Utils 0.13.0
16:20:51.155 [INFO]   [Validating]  out: [INFO] --------------------------------[ jar ]---------------------------------
16:20:51.424 [INFO]   [Validating]  deserializing line [DIFFBLUE]{"__type":"com.diffblue.cover.buildsystem.model.DefaultEventMessage","project":"org.symphonyoss.symphony:messageml","goal":"clean","cause":null,"state":"STARTED"}
16:20:51.425 [INFO]   [Validating]  out: [INFO] 
16:20:51.425 [INFO]   [Validating]  out: [INFO] --- maven-clean-plugin:2.5:clean (default-clean) @ messageml ---
16:20:51.463 [INFO]   [Validating]  out: [INFO] Deleting /home/jbergqvist/diffblue/finos-messageml-utils/target
16:20:51.488 [INFO]   [Validating]  deserializing line [DIFFBLUE]{"__type":"com.diffblue.cover.buildsystem.model.DefaultEventMessage","project":"org.symphonyoss.symphony:messageml","goal":"clean","cause":null,"state":"SUCCESS"}
16:20:51.490 [INFO]   [Validating]  deserializing line [DIFFBLUE]{"__type":"com.diffblue.cover.buildsystem.model.DefaultEventMessage","project":"org.symphonyoss.symphony:messageml","goal":"resources","cause":null,"state":"STARTED"}
16:20:51.490 [INFO]   [Validating]  out: [INFO] 
16:20:51.491 [INFO]   [Validating]  out: [INFO] --- maven-resources-plugin:2.6:resources (default-resources) @ messageml ---
16:20:51.558 [INFO]   [Validating]  out: [INFO] Using 'UTF-8' encoding to copy filtered resources.
16:20:51.559 [INFO]   [Validating]  out: [INFO] Copying 1 resource
16:20:51.563 [INFO]   [Validating]  deserializing line [DIFFBLUE]{"__type":"com.diffblue.cover.buildsystem.model.DefaultEventMessage","project":"org.symphonyoss.symphony:messageml","goal":"resources","cause":null,"state":"SUCCESS"}
16:20:51.564 [INFO]   [Validating]  deserializing line [DIFFBLUE]{"__type":"com.diffblue.cover.buildsystem.model.DefaultEventMessage","project":"org.symphonyoss.symphony:messageml","goal":"compile","cause":null,"state":"STARTED"}
16:20:51.565 [INFO]   [Validating]  out: [INFO] 
16:20:51.565 [INFO]   [Validating]  out: [INFO] --- maven-compiler-plugin:3.1:compile (default-compile) @ messageml ---
16:20:51.685 [INFO]   [Validating]  out: [INFO] Changes detected - recompiling the module!
16:20:51.689 [INFO]   [Validating]  out: [INFO] Compiling 143 source files to /home/jbergqvist/diffblue/finos-messageml-utils/target/classes
16:20:53.850 [INFO]   [Validating]  deserializing line [DIFFBLUE]{"__type":"com.diffblue.cover.buildsystem.model.DefaultEventMessage","project":"org.symphonyoss.symphony:messageml","goal":"compile","cause":null,"state":"SUCCESS"}
16:20:53.853 [INFO]   [Validating]  deserializing line [DIFFBLUE]{"__type":"com.diffblue.cover.buildsystem.model.DefaultEventMessage","project":"org.symphonyoss.symphony:messageml","goal":"testResources","cause":null,"state":"STARTED"}
16:20:53.854 [INFO]   [Validating]  out: [INFO] 
16:20:53.855 [INFO]   [Validating]  out: [INFO] --- maven-resources-plugin:2.6:testResources (default-testResources) @ messageml ---
16:20:53.855 [INFO]   [Validating]  out: [INFO] Using 'UTF-8' encoding to copy filtered resources.
16:20:53.857 [INFO]   [Validating]  out: [INFO] Copying 36 resources
16:20:53.861 [INFO]   [Validating]  deserializing line [DIFFBLUE]{"__type":"com.diffblue.cover.buildsystem.model.DefaultEventMessage","project":"org.symphonyoss.symphony:messageml","goal":"testResources","cause":null,"state":"SUCCESS"}
16:20:53.863 [INFO]   [Validating]  deserializing line [DIFFBLUE]{"__type":"com.diffblue.cover.buildsystem.model.DefaultEventMessage","project":"org.symphonyoss.symphony:messageml","goal":"testCompile","cause":null,"state":"STARTED"}
16:20:53.865 [INFO]   [Validating]  out: [INFO] 
16:20:53.865 [INFO]   [Validating]  out: [INFO] --- maven-compiler-plugin:3.1:testCompile (default-testCompile) @ messageml ---
16:20:53.873 [INFO]   [Validating]  out: [INFO] Changes detected - recompiling the module!
16:20:53.873 [INFO]   [Validating]  out: [INFO] Compiling 188 source files to /home/jbergqvist/diffblue/finos-messageml-utils/target/test-classes
16:20:57.287 [INFO]   [Validating]  out: [WARNING] /home/jbergqvist/diffblue/finos-messageml-utils/src/test/java/org/symphonyoss/symphony/messageml/elements/ElementTest.java: Some input files use or override a deprecated API.
16:20:57.288 [INFO]   [Validating]  out: [WARNING] /home/jbergqvist/diffblue/finos-messageml-utils/src/test/java/org/symphonyoss/symphony/messageml/elements/ElementTest.java: Recompile with -Xlint:deprecation for details.
16:20:57.288 [INFO]   [Validating]  out: [WARNING] /home/jbergqvist/diffblue/finos-messageml-utils/src/test/java/org/symphonyoss/symphony/messageml/MessageMLContextTest.java: /home/jbergqvist/diffblue/finos-messageml-utils/src/test/java/org/symphonyoss/symphony/messageml/MessageMLContextTest.java uses unchecked or unsafe operations.
16:20:57.288 [INFO]   [Validating]  out: [WARNING] /home/jbergqvist/diffblue/finos-messageml-utils/src/test/java/org/symphonyoss/symphony/messageml/MessageMLContextTest.java: Recompile with -Xlint:unchecked for details.
16:20:57.289 [INFO]   [Validating]  deserializing line [DIFFBLUE]{"__type":"com.diffblue.cover.buildsystem.model.DefaultEventMessage","project":"org.symphonyoss.symphony:messageml","goal":"testCompile","cause":null,"state":"SUCCESS"}
16:20:57.290 [INFO]   [Validating]  deserializing line [DIFFBLUE]{"__type":"com.diffblue.cover.buildsystem.model.DefaultEventMessage","project":"org.symphonyoss.symphony:messageml","goal":"test","cause":null,"state":"STARTED"}
16:20:57.291 [INFO]   [Validating]  out: [INFO] 
16:20:57.291 [INFO]   [Validating]  out: [INFO] --- maven-surefire-plugin:2.22.2:test (default-test) @ messageml ---
16:20:57.417 [INFO]   [Validating]  out: [INFO] 
16:20:57.418 [INFO]   [Validating]  out: [INFO] -------------------------------------------------------
16:20:57.418 [INFO]   [Validating]  out: [INFO]  T E S T S
16:20:57.418 [INFO]   [Validating]  out: [INFO] -------------------------------------------------------
16:20:58.236 [INFO]   [Validating]  out: [INFO] Running org.symphonyoss.symphony.messageml.elements.form.DatePickerTest
16:20:58.462 [INFO]   [Validating]  out: 16:20:58.461 [main] WARN org.symphonyoss.symphony.messageml.bi.BiContext - Failed to extract the messageML library version.
16:20:58.549 [INFO]   [Validating]  out: [INFO] Tests run: 2, Failures: 0, Errors: 0, Skipped: 0, Time elapsed: 0.306 s - in org.symphonyoss.symphony.messageml.elements.form.DatePickerTest
16:20:58.549 [INFO]   [Validating]  out: [INFO] Running org.symphonyoss.symphony.messageml.elements.form.TextAreaTest
16:20:58.551 [INFO]   [Validating]  out: [INFO] Tests run: 2, Failures: 0, Errors: 0, Skipped: 0, Time elapsed: 0 s - in org.symphonyoss.symphony.messageml.elements.form.TextAreaTest
16:20:58.552 [INFO]   [Validating]  out: [INFO] Running org.symphonyoss.symphony.messageml.elements.form.CheckboxTest
16:20:58.557 [INFO]   [Validating]  out: [INFO] Tests run: 2, Failures: 0, Errors: 0, Skipped: 0, Time elapsed: 0.004 s - in org.symphonyoss.symphony.messageml.elements.form.CheckboxTest
16:20:58.557 [INFO]   [Validating]  out: [INFO] Running org.symphonyoss.symphony.messageml.elements.form.TimezonePickerTest
16:20:58.570 [INFO]   [Validating]  out: [INFO] Tests run: 2, Failures: 0, Errors: 0, Skipped: 0, Time elapsed: 0.011 s - in org.symphonyoss.symphony.messageml.elements.form.TimezonePickerTest
16:20:58.570 [INFO]   [Validating]  out: [INFO] Running org.symphonyoss.symphony.messageml.elements.form.RadioTest
16:20:58.575 [INFO]   [Validating]  out: [INFO] Tests run: 2, Failures: 0, Errors: 0, Skipped: 0, Time elapsed: 0.004 s - in org.symphonyoss.symphony.messageml.elements.form.RadioTest
16:20:58.575 [INFO]   [Validating]  out: [INFO] Running org.symphonyoss.symphony.messageml.elements.form.TextFieldTest
16:20:58.582 [INFO]   [Validating]  out: [INFO] Tests run: 3, Failures: 0, Errors: 0, Skipped: 0, Time elapsed: 0.006 s - in org.symphonyoss.symphony.messageml.elements.form.TextFieldTest
16:20:58.582 [INFO]   [Validating]  out: [INFO] Running org.symphonyoss.symphony.messageml.elements.form.TimePickerTest
16:20:58.589 [INFO]   [Validating]  out: [INFO] Tests run: 2, Failures: 0, Errors: 0, Skipped: 0, Time elapsed: 0.005 s - in org.symphonyoss.symphony.messageml.elements.form.TimePickerTest
16:20:58.589 [INFO]   [Validating]  out: [INFO] Running org.symphonyoss.symphony.messageml.elements.CodeLanguageTest
16:20:58.662 [INFO]   [Validating]  out: [INFO] Tests run: 61, Failures: 0, Errors: 0, Skipped: 0, Time elapsed: 0.069 s - in org.symphonyoss.symphony.messageml.elements.CodeLanguageTest
16:20:58.662 [INFO]   [Validating]  out: [INFO] Running org.symphonyoss.symphony.messageml.markdown.MarkdownParserTest
16:20:58.664 [INFO]   [Validating]  out: [INFO] Tests run: 1, Failures: 0, Errors: 0, Skipped: 0, Time elapsed: 0 s - in org.symphonyoss.symphony.messageml.markdown.MarkdownParserTest
16:20:58.670 [INFO]   [Validating]  out: [INFO] Running org.symphonyoss.symphony.entityjson.EntityJsonParserDiffblueTest
16:20:58.825 [INFO]   [Validating]  out: [INFO] Tests run: 10, Failures: 0, Errors: 0, Skipped: 0, Time elapsed: 0.154 s - in org.symphonyoss.symphony.entityjson.EntityJsonParserDiffblueTest
16:20:58.825 [INFO]   [Validating]  out: [INFO] Running org.symphonyoss.symphony.entityjson.NoSchemaExceptionDiffblueTest
16:20:59.038 [INFO]   [Validating]  out: [INFO] Tests run: 5, Failures: 0, Errors: 0, Skipped: 0, Time elapsed: 0.212 s - in org.symphonyoss.symphony.entityjson.NoSchemaExceptionDiffblueTest
16:20:59.039 [INFO]   [Validating]  out: [INFO] Running org.symphonyoss.symphony.entityjson.EntityJsonParserBuilderDiffblueTest
16:20:59.039 [INFO]   [Validating]  out: [INFO] Tests run: 1, Failures: 0, Errors: 0, Skipped: 0, Time elapsed: 0.001 s - in org.symphonyoss.symphony.entityjson.EntityJsonParserBuilderDiffblueTest
16:20:59.039 [INFO]   [Validating]  out: [INFO] Running org.symphonyoss.symphony.entityjson.TestValidSchemas
16:20:59.171 [INFO]   [Validating]  out: [ERROR] Tests run: 9, Failures: 0, Errors: 9, Skipped: 0, Time elapsed: 0.13 s <<< FAILURE! - in org.symphonyoss.symphony.entityjson.TestValidSchemas
16:20:59.171 [INFO]   [Validating]  out: [ERROR] testStructuredObject  Time elapsed: 0.122 s  <<< ERROR!
16:20:59.171 [INFO]   [Validating]  out: org.symphonyoss.symphony.entityjson.InvalidInstanceException: java.net.UnknownHostException: schemas.oss.symphony.com
16:20:59.171 [INFO]   [Validating]  out: 	at org.symphonyoss.symphony.entityjson.TestValidSchemas.testStructuredObject(TestValidSchemas.java:65)
16:20:59.171 [INFO]   [Validating]  out: Caused by: java.net.UnknownHostException: schemas.oss.symphony.com
16:20:59.171 [INFO]   [Validating]  out: 	at org.symphonyoss.symphony.entityjson.TestValidSchemas.testStructuredObject(TestValidSchemas.java:65)
16:20:59.172 [INFO]   [Validating]  out: 
16:20:59.172 [INFO]   [Validating]  out: [ERROR] testBondRfq  Time elapsed: 0.001 s  <<< ERROR!
16:20:59.172 [INFO]   [Validating]  out: org.symphonyoss.symphony.entityjson.InvalidInstanceException: java.net.UnknownHostException: schemas.oss.symphony.com
16:20:59.172 [INFO]   [Validating]  out: 	at org.symphonyoss.symphony.entityjson.TestValidSchemas.testBondRfq(TestValidSchemas.java:78)
16:20:59.172 [INFO]   [Validating]  out: Caused by: java.net.UnknownHostException: schemas.oss.symphony.com
16:20:59.172 [INFO]   [Validating]  out: 	at org.symphonyoss.symphony.entityjson.TestValidSchemas.testBondRfq(TestValidSchemas.java:78)
16:20:59.172 [INFO]   [Validating]  out: 
16:20:59.172 [INFO]   [Validating]  out: [ERROR] testJsonSchema  Time elapsed: 0.001 s  <<< ERROR!
16:20:59.172 [INFO]   [Validating]  out: org.symphonyoss.symphony.entityjson.InvalidInstanceException: java.net.UnknownHostException: schemas.oss.symphony.com
16:20:59.172 [INFO]   [Validating]  out: 	at org.symphonyoss.symphony.entityjson.TestValidSchemas.testJsonSchema(TestValidSchemas.java:46)
16:20:59.172 [INFO]   [Validating]  out: Caused by: java.net.UnknownHostException: schemas.oss.symphony.com
16:20:59.172 [INFO]   [Validating]  out: 	at org.symphonyoss.symphony.entityjson.TestValidSchemas.testJsonSchema(TestValidSchemas.java:46)
16:20:59.172 [INFO]   [Validating]  out: 
16:20:59.172 [INFO]   [Validating]  out: [ERROR] testEntityJsonSchema  Time elapsed: 0 s  <<< ERROR!
16:20:59.172 [INFO]   [Validating]  out: org.symphonyoss.symphony.entityjson.InvalidInstanceException: java.net.UnknownHostException: schemas.oss.symphony.com
16:20:59.172 [INFO]   [Validating]  out: 	at org.symphonyoss.symphony.entityjson.TestValidSchemas.testEntityJsonSchema(TestValidSchemas.java:52)
16:20:59.172 [INFO]   [Validating]  out: Caused by: java.net.UnknownHostException: schemas.oss.symphony.com
16:20:59.172 [INFO]   [Validating]  out: 	at org.symphonyoss.symphony.entityjson.TestValidSchemas.testEntityJsonSchema(TestValidSchemas.java:52)
16:20:59.172 [INFO]   [Validating]  out: 
16:20:59.172 [INFO]   [Validating]  out: [ERROR] testSingleJira  Time elapsed: 0.002 s  <<< ERROR!
16:20:59.172 [INFO]   [Validating]  out: java.lang.RuntimeException: org.symphonyoss.symphony.entityjson.InvalidSchemaException: java.net.UnknownHostException: schemas.oss.symphony.com
16:20:59.172 [INFO]   [Validating]  out: 	at org.symphonyoss.symphony.entityjson.TestValidSchemas.test(TestValidSchemas.java:107)
16:20:59.172 [INFO]   [Validating]  out: 	at org.symphonyoss.symphony.entityjson.TestValidSchemas.testSingleJira(TestValidSchemas.java:96)
16:20:59.172 [INFO]   [Validating]  out: Caused by: org.symphonyoss.symphony.entityjson.InvalidSchemaException: java.net.UnknownHostException: schemas.oss.symphony.com
16:20:59.172 [INFO]   [Validating]  out: 	at org.symphonyoss.symphony.entityjson.TestValidSchemas.test(TestValidSchemas.java:107)
16:20:59.172 [INFO]   [Validating]  out: 	at org.symphonyoss.symphony.entityjson.TestValidSchemas.testSingleJira(TestValidSchemas.java:96)
16:20:59.172 [INFO]   [Validating]  out: Caused by: java.net.UnknownHostException: schemas.oss.symphony.com
16:20:59.172 [INFO]   [Validating]  out: 	at org.symphonyoss.symphony.entityjson.TestValidSchemas.test(TestValidSchemas.java:107)
16:20:59.172 [INFO]   [Validating]  out: 	at org.symphonyoss.symphony.entityjson.TestValidSchemas.testSingleJira(TestValidSchemas.java:96)
16:20:59.172 [INFO]   [Validating]  out: 
16:20:59.173 [INFO]   [Validating]  out: [ERROR] testExpandedJira  Time elapsed: 0.001 s  <<< ERROR!
16:20:59.173 [INFO]   [Validating]  out: java.lang.RuntimeException: org.symphonyoss.symphony.entityjson.InvalidSchemaException: java.net.UnknownHostException: schemas.oss.symphony.com
16:20:59.173 [INFO]   [Validating]  out: 	at org.symphonyoss.symphony.entityjson.TestValidSchemas.test(TestValidSchemas.java:107)
16:20:59.173 [INFO]   [Validating]  out: 	at org.symphonyoss.symphony.entityjson.TestValidSchemas.testExpandedJira(TestValidSchemas.java:102)
16:20:59.173 [INFO]   [Validating]  out: Caused by: org.symphonyoss.symphony.entityjson.InvalidSchemaException: java.net.UnknownHostException: schemas.oss.symphony.com
16:20:59.173 [INFO]   [Validating]  out: 	at org.symphonyoss.symphony.entityjson.TestValidSchemas.test(TestValidSchemas.java:107)
16:20:59.173 [INFO]   [Validating]  out: 	at org.symphonyoss.symphony.entityjson.TestValidSchemas.testExpandedJira(TestValidSchemas.java:102)
16:20:59.173 [INFO]   [Validating]  out: Caused by: java.net.UnknownHostException: schemas.oss.symphony.com
16:20:59.173 [INFO]   [Validating]  out: 	at org.symphonyoss.symphony.entityjson.TestValidSchemas.test(TestValidSchemas.java:107)
16:20:59.173 [INFO]   [Validating]  out: 	at org.symphonyoss.symphony.entityjson.TestValidSchemas.testExpandedJira(TestValidSchemas.java:102)
16:20:59.173 [INFO]   [Validating]  out: 
16:20:59.173 [INFO]   [Validating]  out: [ERROR] testBondRfqObject  Time elapsed: 0.001 s  <<< ERROR!
16:20:59.173 [INFO]   [Validating]  out: org.symphonyoss.symphony.entityjson.InvalidInstanceException: java.net.UnknownHostException: schemas.oss.symphony.com
16:20:59.173 [INFO]   [Validating]  out: 	at org.symphonyoss.symphony.entityjson.TestValidSchemas.testBondRfqObject(TestValidSchemas.java:84)
16:20:59.173 [INFO]   [Validating]  out: Caused by: java.net.UnknownHostException: schemas.oss.symphony.com
16:20:59.173 [INFO]   [Validating]  out: 	at org.symphonyoss.symphony.entityjson.TestValidSchemas.testBondRfqObject(TestValidSchemas.java:84)
16:20:59.173 [INFO]   [Validating]  out: 
16:20:59.173 [INFO]   [Validating]  out: [ERROR] testBondRfqSchema  Time elapsed: 0.001 s  <<< ERROR!
16:20:59.173 [INFO]   [Validating]  out: org.symphonyoss.symphony.entityjson.InvalidInstanceException: java.net.UnknownHostException: schemas.oss.symphony.com
16:20:59.173 [INFO]   [Validating]  out: 	at org.symphonyoss.symphony.entityjson.TestValidSchemas.testBondRfqSchema(TestValidSchemas.java:72)
16:20:59.173 [INFO]   [Validating]  out: Caused by: java.net.UnknownHostException: schemas.oss.symphony.com
16:20:59.173 [INFO]   [Validating]  out: 	at org.symphonyoss.symphony.entityjson.TestValidSchemas.testBondRfqSchema(TestValidSchemas.java:72)
16:20:59.173 [INFO]   [Validating]  out: 
16:20:59.173 [INFO]   [Validating]  out: [ERROR] testEntityJson  Time elapsed: 0.001 s  <<< ERROR!
16:20:59.173 [INFO]   [Validating]  out: org.symphonyoss.symphony.entityjson.InvalidInstanceException: java.net.UnknownHostException: schemas.oss.symphony.com
16:20:59.173 [INFO]   [Validating]  out: 	at org.symphonyoss.symphony.entityjson.TestValidSchemas.testEntityJson(TestValidSchemas.java:58)
16:20:59.173 [INFO]   [Validating]  out: Caused by: java.net.UnknownHostException: schemas.oss.symphony.com
16:20:59.173 [INFO]   [Validating]  out: 	at org.symphonyoss.symphony.entityjson.TestValidSchemas.testEntityJson(TestValidSchemas.java:58)
16:20:59.173 [INFO]   [Validating]  out: 
16:20:59.173 [INFO]   [Validating]  out: [INFO] Running org.symphonyoss.symphony.entityjson.StructuredObjectIdDiffblueTest
16:20:59.370 [INFO]   [Validating]  out: [INFO] Tests run: 2, Failures: 0, Errors: 0, Skipped: 0, Time elapsed: 0.198 s - in org.symphonyoss.symphony.entityjson.StructuredObjectIdDiffblueTest
16:20:59.371 [INFO]   [Validating]  out: [INFO] Running org.symphonyoss.symphony.entityjson.SchemaValidationExceptionDiffblueTest
16:20:59.372 [INFO]   [Validating]  out: [INFO] Tests run: 5, Failures: 0, Errors: 0, Skipped: 0, Time elapsed: 0.001 s - in org.symphonyoss.symphony.entityjson.SchemaValidationExceptionDiffblueTest
16:20:59.372 [INFO]   [Validating]  out: [INFO] Running org.symphonyoss.symphony.entityjson.UntrustedSchemaSourceExceptionDiffblueTest
16:20:59.373 [INFO]   [Validating]  out: [INFO] Tests run: 5, Failures: 0, Errors: 0, Skipped: 0, Time elapsed: 0 s - in org.symphonyoss.symphony.entityjson.UntrustedSchemaSourceExceptionDiffblueTest
16:20:59.373 [INFO]   [Validating]  out: [INFO] Running org.symphonyoss.symphony.entityjson.StructuredObjectDiffblueTest
16:20:59.379 [INFO]   [Validating]  out: [INFO] Tests run: 5, Failures: 0, Errors: 0, Skipped: 0, Time elapsed: 0.005 s - in org.symphonyoss.symphony.entityjson.StructuredObjectDiffblueTest
16:20:59.379 [INFO]   [Validating]  out: [INFO] Running org.symphonyoss.symphony.entityjson.TestInvalidSchemas
16:20:59.388 [INFO]   [Validating]  out: [ERROR] Tests run: 6, Failures: 0, Errors: 6, Skipped: 0, Time elapsed: 0.007 s <<< FAILURE! - in org.symphonyoss.symphony.entityjson.TestInvalidSchemas
16:20:59.388 [INFO]   [Validating]  out: [ERROR] testInvalidTypeVersion  Time elapsed: 0.001 s  <<< ERROR!
16:20:59.388 [INFO]   [Validating]  out: java.lang.Exception: Unexpected exception, expected<org.symphonyoss.symphony.entityjson.SchemaValidationException> but was<java.lang.RuntimeException>
16:20:59.388 [INFO]   [Validating]  out: 	at org.symphonyoss.symphony.entityjson.TestInvalidSchemas.testInvalidTypeVersion(TestInvalidSchemas.java:44)
16:20:59.388 [INFO]   [Validating]  out: Caused by: org.symphonyoss.symphony.entityjson.InvalidSchemaException: java.net.UnknownHostException: schemas.oss.symphony.com
16:20:59.388 [INFO]   [Validating]  out: 	at org.symphonyoss.symphony.entityjson.TestInvalidSchemas.testInvalidTypeVersion(TestInvalidSchemas.java:44)
16:20:59.389 [INFO]   [Validating]  out: Caused by: java.net.UnknownHostException: schemas.oss.symphony.com
16:20:59.389 [INFO]   [Validating]  out: 	at org.symphonyoss.symphony.entityjson.TestInvalidSchemas.testInvalidTypeVersion(TestInvalidSchemas.java:44)
16:20:59.389 [INFO]   [Validating]  out: 
16:20:59.389 [INFO]   [Validating]  out: [ERROR] testMissingTypeVersion  Time elapsed: 0.001 s  <<< ERROR!
16:20:59.389 [INFO]   [Validating]  out: java.lang.Exception: Unexpected exception, expected<org.symphonyoss.symphony.entityjson.SchemaValidationException> but was<java.lang.RuntimeException>
16:20:59.389 [INFO]   [Validating]  out: 	at org.symphonyoss.symphony.entityjson.TestInvalidSchemas.testMissingTypeVersion(TestInvalidSchemas.java:66)
16:20:59.389 [INFO]   [Validating]  out: Caused by: org.symphonyoss.symphony.entityjson.InvalidSchemaException: java.net.UnknownHostException: schemas.oss.symphony.com
16:20:59.389 [INFO]   [Validating]  out: 	at org.symphonyoss.symphony.entityjson.TestInvalidSchemas.testMissingTypeVersion(TestInvalidSchemas.java:66)
16:20:59.389 [INFO]   [Validating]  out: Caused by: java.net.UnknownHostException: schemas.oss.symphony.com
16:20:59.389 [INFO]   [Validating]  out: 	at org.symphonyoss.symphony.entityjson.TestInvalidSchemas.testMissingTypeVersion(TestInvalidSchemas.java:66)
16:20:59.389 [INFO]   [Validating]  out: 
16:20:59.389 [INFO]   [Validating]  out: [ERROR] testMissingTypeId  Time elapsed: 0.001 s  <<< ERROR!
16:20:59.389 [INFO]   [Validating]  out: java.lang.Exception: Unexpected exception, expected<org.symphonyoss.symphony.entityjson.SchemaValidationException> but was<java.lang.RuntimeException>
16:20:59.389 [INFO]   [Validating]  out: 	at org.symphonyoss.symphony.entityjson.TestInvalidSchemas.testMissingTypeId(TestInvalidSchemas.java:85)
16:20:59.389 [INFO]   [Validating]  out: Caused by: org.symphonyoss.symphony.entityjson.InvalidSchemaException: java.net.UnknownHostException: schemas.oss.symphony.com
16:20:59.389 [INFO]   [Validating]  out: 	at org.symphonyoss.symphony.entityjson.TestInvalidSchemas.testMissingTypeId(TestInvalidSchemas.java:85)
16:20:59.389 [INFO]   [Validating]  out: Caused by: java.net.UnknownHostException: schemas.oss.symphony.com
16:20:59.389 [INFO]   [Validating]  out: 	at org.symphonyoss.symphony.entityjson.TestInvalidSchemas.testMissingTypeId(TestInvalidSchemas.java:85)
16:20:59.389 [INFO]   [Validating]  out: 
16:20:59.389 [INFO]   [Validating]  out: [ERROR] testIdExtraAttributes  Time elapsed: 0.001 s  <<< ERROR!
16:20:59.389 [INFO]   [Validating]  out: java.lang.Exception: Unexpected exception, expected<org.symphonyoss.symphony.entityjson.SchemaValidationException> but was<java.lang.RuntimeException>
16:20:59.389 [INFO]   [Validating]  out: 	at org.symphonyoss.symphony.entityjson.TestInvalidSchemas.testIdExtraAttributes(TestInvalidSchemas.java:137)
16:20:59.389 [INFO]   [Validating]  out: Caused by: org.symphonyoss.symphony.entityjson.InvalidSchemaException: java.net.UnknownHostException: schemas.oss.symphony.com
16:20:59.389 [INFO]   [Validating]  out: 	at org.symphonyoss.symphony.entityjson.TestInvalidSchemas.testIdExtraAttributes(TestInvalidSchemas.java:137)
16:20:59.389 [INFO]   [Validating]  out: Caused by: java.net.UnknownHostException: schemas.oss.symphony.com
16:20:59.389 [INFO]   [Validating]  out: 	at org.symphonyoss.symphony.entityjson.TestInvalidSchemas.testIdExtraAttributes(TestInvalidSchemas.java:137)
16:20:59.389 [INFO]   [Validating]  out: 
16:20:59.389 [INFO]   [Validating]  out: [ERROR] testObjectIdObject  Time elapsed: 0.002 s  <<< ERROR!
16:20:59.390 [INFO]   [Validating]  out: java.lang.Exception: Unexpected exception, expected<org.symphonyoss.symphony.entityjson.SchemaValidationException> but was<java.lang.RuntimeException>
16:20:59.390 [INFO]   [Validating]  out: 	at org.symphonyoss.symphony.entityjson.TestInvalidSchemas.testObjectIdObject(TestInvalidSchemas.java:119)
16:20:59.390 [INFO]   [Validating]  out: Caused by: org.symphonyoss.symphony.entityjson.InvalidSchemaException: java.net.UnknownHostException: schemas.oss.symphony.com
16:20:59.390 [INFO]   [Validating]  out: 	at org.symphonyoss.symphony.entityjson.TestInvalidSchemas.testObjectIdObject(TestInvalidSchemas.java:119)
16:20:59.390 [INFO]   [Validating]  out: Caused by: java.net.UnknownHostException: schemas.oss.symphony.com
16:20:59.390 [INFO]   [Validating]  out: 	at org.symphonyoss.symphony.entityjson.TestInvalidSchemas.testObjectIdObject(TestInvalidSchemas.java:119)
16:20:59.390 [INFO]   [Validating]  out: 
16:20:59.390 [INFO]   [Validating]  out: [ERROR] testObjectIdString  Time elapsed: 0.001 s  <<< ERROR!
16:20:59.390 [INFO]   [Validating]  out: java.lang.Exception: Unexpected exception, expected<org.symphonyoss.symphony.entityjson.SchemaValidationException> but was<java.lang.RuntimeException>
16:20:59.390 [INFO]   [Validating]  out: 	at org.symphonyoss.symphony.entityjson.TestInvalidSchemas.testObjectIdString(TestInvalidSchemas.java:104)
16:20:59.390 [INFO]   [Validating]  out: Caused by: org.symphonyoss.symphony.entityjson.InvalidSchemaException: java.net.UnknownHostException: schemas.oss.symphony.com
16:20:59.390 [INFO]   [Validating]  out: 	at org.symphonyoss.symphony.entityjson.TestInvalidSchemas.testObjectIdString(TestInvalidSchemas.java:104)
16:20:59.390 [INFO]   [Validating]  out: Caused by: java.net.UnknownHostException: schemas.oss.symphony.com
16:20:59.390 [INFO]   [Validating]  out: 	at org.symphonyoss.symphony.entityjson.TestInvalidSchemas.testObjectIdString(TestInvalidSchemas.java:104)
16:20:59.390 [INFO]   [Validating]  out: 
16:20:59.390 [INFO]   [Validating]  out: [INFO] Running org.symphonyoss.symphony.entityjson.InvalidInstanceExceptionDiffblueTest
16:20:59.390 [INFO]   [Validating]  out: [INFO] Tests run: 5, Failures: 0, Errors: 0, Skipped: 0, Time elapsed: 0 s - in org.symphonyoss.symphony.entityjson.InvalidInstanceExceptionDiffblueTest
16:20:59.390 [INFO]   [Validating]  out: [INFO] Running org.symphonyoss.symphony.entityjson.EntityJsonDiffblueTest
16:20:59.393 [INFO]   [Validating]  out: [INFO] Tests run: 6, Failures: 0, Errors: 0, Skipped: 0, Time elapsed: 0.001 s - in org.symphonyoss.symphony.entityjson.EntityJsonDiffblueTest
16:20:59.393 [INFO]   [Validating]  out: [INFO] Running org.symphonyoss.symphony.entityjson.EntityJsonContextDiffblueTest
16:20:59.490 [INFO]   [Validating]  out: [INFO] Tests run: 3, Failures: 0, Errors: 0, Skipped: 0, Time elapsed: 0.096 s - in org.symphonyoss.symphony.entityjson.EntityJsonContextDiffblueTest
16:20:59.490 [INFO]   [Validating]  out: [INFO] Running org.symphonyoss.symphony.entityjson.InvalidSchemaExceptionDiffblueTest
16:20:59.492 [INFO]   [Validating]  out: [INFO] Tests run: 5, Failures: 0, Errors: 0, Skipped: 0, Time elapsed: 0 s - in org.symphonyoss.symphony.entityjson.InvalidSchemaExceptionDiffblueTest
16:20:59.492 [INFO]   [Validating]  out: [INFO] Running org.symphonyoss.symphony.messageml.bi.BiEventTypeDiffblueTest
16:20:59.493 [INFO]   [Validating]  out: [INFO] Tests run: 1, Failures: 0, Errors: 0, Skipped: 0, Time elapsed: 0 s - in org.symphonyoss.symphony.messageml.bi.BiEventTypeDiffblueTest
16:20:59.494 [INFO]   [Validating]  out: [INFO] Running org.symphonyoss.symphony.messageml.bi.BiContextTest
16:20:59.496 [INFO]   [Validating]  out: [INFO] Tests run: 6, Failures: 0, Errors: 0, Skipped: 0, Time elapsed: 0 s - in org.symphonyoss.symphony.messageml.bi.BiContextTest
16:20:59.496 [INFO]   [Validating]  out: [INFO] Running org.symphonyoss.symphony.messageml.bi.BiFieldsDiffblueTest
16:20:59.497 [INFO]   [Validating]  out: [INFO] Tests run: 1, Failures: 0, Errors: 0, Skipped: 0, Time elapsed: 0 s - in org.symphonyoss.symphony.messageml.bi.BiFieldsDiffblueTest
16:20:59.498 [INFO]   [Validating]  out: [INFO] Running org.symphonyoss.symphony.messageml.bi.BiContextDiffblueTest
16:20:59.498 [INFO]   [Validating]  out: 16:20:59.491 [main] WARN org.symphonyoss.symphony.messageml.bi.BiContext - Attribute count for element Item Name does not contain an integer value. The count will not be increased.
16:20:59.498 [INFO]   [Validating]  out: 16:20:59.494 [main] WARN org.symphonyoss.symphony.messageml.bi.BiContext - Attribute count for element Item Name does not contain an integer value. The count will not be increased.
16:20:59.498 [INFO]   [Validating]  out: 16:20:59.494 [main] WARN org.symphonyoss.symphony.messageml.bi.BiContext - Attribute count for element Item Name does not contain an integer value. The count will not be increased.
16:20:59.501 [INFO]   [Validating]  out: [INFO] Tests run: 32, Failures: 0, Errors: 0, Skipped: 0, Time elapsed: 0.001 s - in org.symphonyoss.symphony.messageml.bi.BiContextDiffblueTest
16:20:59.501 [INFO]   [Validating]  out: [INFO] Running org.symphonyoss.symphony.messageml.bi.BiItemDiffblueTest
16:20:59.504 [INFO]   [Validating]  out: [INFO] Tests run: 11, Failures: 0, Errors: 0, Skipped: 0, Time elapsed: 0 s - in org.symphonyoss.symphony.messageml.bi.BiItemDiffblueTest
16:20:59.504 [INFO]   [Validating]  out: [INFO] Running org.symphonyoss.symphony.messageml.bi.BiItemTest
16:20:59.504 [INFO]   [Validating]  out: 16:20:59.496 [main] WARN org.symphonyoss.symphony.messageml.bi.BiContext - Attribute attribute1 for element element1 does not contain an integer value. The count will not be increased.
16:20:59.504 [INFO]   [Validating]  out: 16:20:59.496 [main] WARN org.symphonyoss.symphony.messageml.bi.BiContext - Attribute attribute1 for element element1 does not contain an integer value. The count will not be increased.
16:20:59.506 [INFO]   [Validating]  out: [INFO] Tests run: 6, Failures: 0, Errors: 0, Skipped: 0, Time elapsed: 0 s - in org.symphonyoss.symphony.messageml.bi.BiItemTest
16:20:59.506 [INFO]   [Validating]  out: [INFO] Running org.symphonyoss.symphony.messageml.exceptions.InvalidInputExceptionDiffblueTest
16:20:59.508 [INFO]   [Validating]  out: [INFO] Tests run: 3, Failures: 0, Errors: 0, Skipped: 0, Time elapsed: 0 s - in org.symphonyoss.symphony.messageml.exceptions.InvalidInputExceptionDiffblueTest
16:20:59.508 [INFO]   [Validating]  out: [INFO] Running org.symphonyoss.symphony.messageml.exceptions.ProcessingExceptionDiffblueTest
16:20:59.509 [INFO]   [Validating]  out: [INFO] Tests run: 2, Failures: 0, Errors: 0, Skipped: 0, Time elapsed: 0 s - in org.symphonyoss.symphony.messageml.exceptions.ProcessingExceptionDiffblueTest
16:20:59.510 [INFO]   [Validating]  out: [INFO] Running org.symphonyoss.symphony.messageml.exceptions.MessageMLExceptionDiffblueTest
16:20:59.511 [INFO]   [Validating]  out: [INFO] Tests run: 2, Failures: 0, Errors: 0, Skipped: 0, Time elapsed: 0.001 s - in org.symphonyoss.symphony.messageml.exceptions.MessageMLExceptionDiffblueTest
16:20:59.511 [INFO]   [Validating]  out: [INFO] Running org.symphonyoss.symphony.messageml.MessageMLParserDiffblueTest
16:20:59.587 [INFO]   [Validating]  out: [INFO] Tests run: 78, Failures: 0, Errors: 0, Skipped: 0, Time elapsed: 0.073 s - in org.symphonyoss.symphony.messageml.MessageMLParserDiffblueTest
16:20:59.587 [INFO]   [Validating]  out: [INFO] Running org.symphonyoss.symphony.messageml.MessageMLContextTest
16:20:59.793 [INFO]   [Validating]  out: [INFO] Tests run: 59, Failures: 0, Errors: 0, Skipped: 0, Time elapsed: 0.204 s - in org.symphonyoss.symphony.messageml.MessageMLContextTest
16:20:59.793 [INFO]   [Validating]  out: [INFO] Running org.symphonyoss.symphony.messageml.MessageMLContextDiffblueTest
16:20:59.797 [INFO]   [Validating]  out: [INFO] Tests run: 17, Failures: 0, Errors: 0, Skipped: 0, Time elapsed: 0.003 s - in org.symphonyoss.symphony.messageml.MessageMLContextDiffblueTest
16:20:59.797 [INFO]   [Validating]  out: [INFO] Running org.symphonyoss.symphony.messageml.elements.DivTest
16:20:59.808 [INFO]   [Validating]  out: [INFO] Tests run: 19, Failures: 0, Errors: 0, Skipped: 0, Time elapsed: 0.01 s - in org.symphonyoss.symphony.messageml.elements.DivTest
16:20:59.808 [INFO]   [Validating]  out: [INFO] Running org.symphonyoss.symphony.messageml.elements.HorizontalRuleTest
16:20:59.814 [INFO]   [Validating]  out: [INFO] Tests run: 16, Failures: 0, Errors: 0, Skipped: 0, Time elapsed: 0.005 s - in org.symphonyoss.symphony.messageml.elements.HorizontalRuleTest
16:20:59.815 [INFO]   [Validating]  out: [INFO] Running org.symphonyoss.symphony.messageml.elements.form.ButtonTest
16:20:59.819 [INFO]   [Validating]  out: 16:20:59.819 [main] INFO org.symphonyoss.symphony.messageml.elements.Button - Button class cannot be a destructive one, replacing it accordingly.
16:20:59.819 [INFO]   [Validating]  out: 16:20:59.819 [main] INFO org.symphonyoss.symphony.messageml.elements.Button - Button class cannot be a destructive one, replacing it accordingly.
16:20:59.822 [INFO]   [Validating]  out: 16:20:59.821 [main] INFO org.symphonyoss.symphony.messageml.elements.Button - Button class cannot be a destructive one, replacing it accordingly.
16:20:59.822 [INFO]   [Validating]  out: 16:20:59.821 [main] INFO org.symphonyoss.symphony.messageml.elements.Button - Button class cannot be a destructive one, replacing it accordingly.
16:20:59.832 [INFO]   [Validating]  out: [INFO] Tests run: 37, Failures: 0, Errors: 0, Skipped: 0, Time elapsed: 0.016 s - in org.symphonyoss.symphony.messageml.elements.form.ButtonTest
16:20:59.832 [INFO]   [Validating]  out: [INFO] Running org.symphonyoss.symphony.messageml.elements.form.DatePickerTest
16:20:59.859 [INFO]   [Validating]  out: [INFO] Tests run: 31, Failures: 0, Errors: 0, Skipped: 0, Time elapsed: 0.026 s - in org.symphonyoss.symphony.messageml.elements.form.DatePickerTest
16:20:59.860 [INFO]   [Validating]  out: [INFO] Running org.symphonyoss.symphony.messageml.elements.form.TextAreaTest
16:20:59.875 [INFO]   [Validating]  out: [INFO] Tests run: 40, Failures: 0, Errors: 0, Skipped: 0, Time elapsed: 0.014 s - in org.symphonyoss.symphony.messageml.elements.form.TextAreaTest
16:20:59.875 [INFO]   [Validating]  out: [INFO] Running org.symphonyoss.symphony.messageml.elements.form.DateSelectorTest
16:20:59.884 [INFO]   [Validating]  out: [INFO] Tests run: 23, Failures: 0, Errors: 0, Skipped: 0, Time elapsed: 0.008 s - in org.symphonyoss.symphony.messageml.elements.form.DateSelectorTest
16:20:59.884 [INFO]   [Validating]  out: [INFO] Running org.symphonyoss.symphony.messageml.elements.form.CheckboxTest
16:20:59.905 [INFO]   [Validating]  out: [INFO] Tests run: 40, Failures: 0, Errors: 0, Skipped: 0, Time elapsed: 0.019 s - in org.symphonyoss.symphony.messageml.elements.form.CheckboxTest
16:20:59.905 [INFO]   [Validating]  out: [INFO] Running org.symphonyoss.symphony.messageml.elements.form.SelectOptionTest
16:20:59.926 [INFO]   [Validating]  out: [INFO] Tests run: 57, Failures: 0, Errors: 0, Skipped: 0, Time elapsed: 0.019 s - in org.symphonyoss.symphony.messageml.elements.form.SelectOptionTest
16:20:59.926 [INFO]   [Validating]  out: [INFO] Running org.symphonyoss.symphony.messageml.elements.form.FormTest
16:20:59.935 [INFO]   [Validating]  out: [INFO] Tests run: 24, Failures: 0, Errors: 0, Skipped: 0, Time elapsed: 0.007 s - in org.symphonyoss.symphony.messageml.elements.form.FormTest
16:20:59.935 [INFO]   [Validating]  out: [INFO] Running org.symphonyoss.symphony.messageml.elements.form.TimezonePickerTest
16:20:59.945 [INFO]   [Validating]  out: [INFO] Tests run: 23, Failures: 0, Errors: 0, Skipped: 0, Time elapsed: 0.008 s - in org.symphonyoss.symphony.messageml.elements.form.TimezonePickerTest
16:20:59.945 [INFO]   [Validating]  out: [INFO] Running org.symphonyoss.symphony.messageml.elements.form.PersonSelectorTest
16:20:59.956 [INFO]   [Validating]  out: [INFO] Tests run: 29, Failures: 0, Errors: 0, Skipped: 0, Time elapsed: 0.009 s - in org.symphonyoss.symphony.messageml.elements.form.PersonSelectorTest
16:20:59.956 [INFO]   [Validating]  out: [INFO] Running org.symphonyoss.symphony.messageml.elements.form.RadioTest
16:20:59.970 [INFO]   [Validating]  out: [INFO] Tests run: 38, Failures: 0, Errors: 0, Skipped: 0, Time elapsed: 0.011 s - in org.symphonyoss.symphony.messageml.elements.form.RadioTest
16:20:59.970 [INFO]   [Validating]  out: [INFO] Running org.symphonyoss.symphony.messageml.elements.form.TextFieldTest
16:20:59.983 [INFO]   [Validating]  out: [INFO] Tests run: 53, Failures: 0, Errors: 0, Skipped: 0, Time elapsed: 0.011 s - in org.symphonyoss.symphony.messageml.elements.form.TextFieldTest
16:20:59.983 [INFO]   [Validating]  out: [INFO] Running org.symphonyoss.symphony.messageml.elements.form.TimePickerTest
16:20:59.984 [INFO]   [Validating]  out: 16:20:59.982 [main] WARN org.symphonyoss.symphony.messageml.elements.Element - Attribute step for element TimePicker should be an integer value. The property will not be put in BI context.
16:20:59.990 [INFO]   [Validating]  out: 16:20:59.990 [main] WARN org.symphonyoss.symphony.messageml.elements.Element - Attribute step for element TimePicker should be an integer value. The property will not be put in BI context.
16:20:59.995 [INFO]   [Validating]  out: [INFO] Tests run: 35, Failures: 0, Errors: 0, Skipped: 0, Time elapsed: 0.011 s - in org.symphonyoss.symphony.messageml.elements.form.TimePickerTest
16:20:59.995 [INFO]   [Validating]  out: [INFO] Running org.symphonyoss.symphony.messageml.elements.form.RoomSelectorTest
16:21:00.005 [INFO]   [Validating]  out: [INFO] Tests run: 29, Failures: 0, Errors: 0, Skipped: 0, Time elapsed: 0.008 s - in org.symphonyoss.symphony.messageml.elements.form.RoomSelectorTest
16:21:00.005 [INFO]   [Validating]  out: [INFO] Running org.symphonyoss.symphony.messageml.elements.ListTest
16:21:00.013 [INFO]   [Validating]  out: [INFO] Tests run: 25, Failures: 0, Errors: 0, Skipped: 0, Time elapsed: 0.006 s - in org.symphonyoss.symphony.messageml.elements.ListTest
16:21:00.013 [INFO]   [Validating]  out: [INFO] Running org.symphonyoss.symphony.messageml.elements.SubscriptTest
16:21:00.017 [INFO]   [Validating]  out: [INFO] Tests run: 17, Failures: 0, Errors: 0, Skipped: 0, Time elapsed: 0.003 s - in org.symphonyoss.symphony.messageml.elements.SubscriptTest
16:21:00.017 [INFO]   [Validating]  out: [INFO] Running org.symphonyoss.symphony.messageml.elements.CodeDiffblueTest
16:21:00.018 [INFO]   [Validating]  out: 16:21:00.018 [main] WARN org.symphonyoss.symphony.messageml.bi.BiContext - Attribute count for element codes does not contain an integer value. The count will not be increased.
16:21:00.029 [INFO]   [Validating]  out: 16:21:00.029 [main] WARN org.symphonyoss.symphony.messageml.bi.BiContext - Attribute count for element codes does not contain an integer value. The count will not be increased.
16:21:00.031 [INFO]   [Validating]  out: [INFO] Tests run: 34, Failures: 0, Errors: 0, Skipped: 0, Time elapsed: 0.013 s - in org.symphonyoss.symphony.messageml.elements.CodeDiffblueTest
16:21:00.032 [INFO]   [Validating]  out: [INFO] Running org.symphonyoss.symphony.messageml.elements.HeaderDiffblueTest
16:21:00.032 [INFO]   [Validating]  out: 16:21:00.030 [main] WARN org.symphonyoss.symphony.messageml.bi.BiContext - Attribute count for element headers does not contain an integer value. The count will not be increased.
16:21:00.032 [INFO]   [Validating]  out: 16:21:00.031 [main] WARN org.symphonyoss.symphony.messageml.bi.BiContext - Attribute count for element headers does not contain an integer value. The count will not be increased.
16:21:00.033 [INFO]   [Validating]  out: [INFO] Tests run: 13, Failures: 0, Errors: 0, Skipped: 0, Time elapsed: 0 s - in org.symphonyoss.symphony.messageml.elements.HeaderDiffblueTest
16:21:00.033 [INFO]   [Validating]  out: [INFO] Running org.symphonyoss.symphony.messageml.elements.LabelableElementDiffblueTest
16:21:00.034 [INFO]   [Validating]  out: [INFO] Tests run: 6, Failures: 0, Errors: 0, Skipped: 0, Time elapsed: 0 s - in org.symphonyoss.symphony.messageml.elements.LabelableElementDiffblueTest
16:21:00.034 [INFO]   [Validating]  out: [INFO] Running org.symphonyoss.symphony.messageml.elements.TableDiffblueTest
16:21:00.034 [INFO]   [Validating]  out: 16:21:00.032 [main] WARN org.symphonyoss.symphony.messageml.bi.BiContext - Attribute count for element table_rows_max does not contain an integer value. The count will not be increased.
16:21:00.034 [INFO]   [Validating]  out: 16:21:00.032 [main] WARN org.symphonyoss.symphony.messageml.bi.BiContext - Attribute count for element tables does not contain an integer value. The count will not be increased.
16:21:00.034 [INFO]   [Validating]  out: 16:21:00.032 [main] WARN org.symphonyoss.symphony.messageml.bi.BiContext - Attribute count for element tables does not contain an integer value. The count will not be increased.
16:21:00.035 [INFO]   [Validating]  out: [INFO] Tests run: 13, Failures: 0, Errors: 0, Skipped: 0, Time elapsed: 0 s - in org.symphonyoss.symphony.messageml.elements.TableDiffblueTest
16:21:00.035 [INFO]   [Validating]  out: [INFO] Running org.symphonyoss.symphony.messageml.elements.SplittableElementDiffblueTest
16:21:00.036 [INFO]   [Validating]  out: [INFO] Tests run: 11, Failures: 0, Errors: 0, Skipped: 0, Time elapsed: 0 s - in org.symphonyoss.symphony.messageml.elements.SplittableElementDiffblueTest
16:21:00.036 [INFO]   [Validating]  out: [INFO] Running org.symphonyoss.symphony.messageml.elements.TooltipableElementDiffblueTest
16:21:00.037 [INFO]   [Validating]  out: [INFO] Tests run: 6, Failures: 0, Errors: 0, Skipped: 0, Time elapsed: 0 s - in org.symphonyoss.symphony.messageml.elements.TooltipableElementDiffblueTest
16:21:00.037 [INFO]   [Validating]  out: [INFO] Running org.symphonyoss.symphony.messageml.elements.PreformattedTest
16:21:00.040 [INFO]   [Validating]  out: [INFO] Tests run: 18, Failures: 0, Errors: 0, Skipped: 0, Time elapsed: 0.002 s - in org.symphonyoss.symphony.messageml.elements.PreformattedTest
16:21:00.040 [INFO]   [Validating]  out: [INFO] Running org.symphonyoss.symphony.messageml.elements.ParagraphTest
16:21:00.045 [INFO]   [Validating]  out: [INFO] Tests run: 16, Failures: 0, Errors: 0, Skipped: 0, Time elapsed: 0.004 s - in org.symphonyoss.symphony.messageml.elements.ParagraphTest
16:21:00.045 [INFO]   [Validating]  out: [INFO] Running org.symphonyoss.symphony.messageml.elements.ParagraphDiffblueTest
16:21:00.045 [INFO]   [Validating]  out: 16:21:00.044 [main] WARN org.symphonyoss.symphony.messageml.bi.BiContext - Attribute count for element paragraphs does not contain an integer value. The count will not be increased.
16:21:00.045 [INFO]   [Validating]  out: 16:21:00.044 [main] WARN org.symphonyoss.symphony.messageml.bi.BiContext - Attribute count for element paragraphs does not contain an integer value. The count will not be increased.
16:21:00.046 [INFO]   [Validating]  out: [INFO] Tests run: 10, Failures: 0, Errors: 0, Skipped: 0, Time elapsed: 0 s - in org.symphonyoss.symphony.messageml.elements.ParagraphDiffblueTest
16:21:00.046 [INFO]   [Validating]  out: [INFO] Running org.symphonyoss.symphony.messageml.elements.HashTagDiffblueTest
16:21:00.046 [INFO]   [Validating]  out: 16:21:00.045 [main] WARN org.symphonyoss.symphony.messageml.bi.BiContext - Attribute count for element hashtags does not contain an integer value. The count will not be increased.
16:21:00.046 [INFO]   [Validating]  out: 16:21:00.046 [main] WARN org.symphonyoss.symphony.messageml.bi.BiContext - Attribute count for element hashtags does not contain an integer value. The count will not be increased.
16:21:00.048 [INFO]   [Validating]  out: [INFO] Tests run: 20, Failures: 0, Errors: 0, Skipped: 0, Time elapsed: 0.001 s - in org.symphonyoss.symphony.messageml.elements.HashTagDiffblueTest
16:21:00.048 [INFO]   [Validating]  out: [INFO] Running org.symphonyoss.symphony.messageml.elements.TimePickerDiffblueTest
16:21:00.089 [INFO]   [Validating]  out: [INFO] Tests run: 17, Failures: 0, Errors: 0, Skipped: 0, Time elapsed: 0.04 s - in org.symphonyoss.symphony.messageml.elements.TimePickerDiffblueTest
16:21:00.089 [INFO]   [Validating]  out: [INFO] Running org.symphonyoss.symphony.messageml.elements.KeywordDiffblueTest
16:21:00.091 [INFO]   [Validating]  out: [INFO] Tests run: 15, Failures: 0, Errors: 0, Skipped: 0, Time elapsed: 0 s - in org.symphonyoss.symphony.messageml.elements.KeywordDiffblueTest
16:21:00.091 [INFO]   [Validating]  out: [INFO] Running org.symphonyoss.symphony.messageml.elements.RegexElementDiffblueTest
16:21:00.092 [INFO]   [Validating]  out: [INFO] Tests run: 3, Failures: 0, Errors: 0, Skipped: 0, Time elapsed: 0 s - in org.symphonyoss.symphony.messageml.elements.RegexElementDiffblueTest
16:21:00.092 [INFO]   [Validating]  out: [INFO] Running org.symphonyoss.symphony.messageml.elements.SpanDiffblueTest
16:21:00.092 [INFO]   [Validating]  out: 16:21:00.090 [main] WARN org.symphonyoss.symphony.messageml.bi.BiContext - Attribute count for element spans does not contain an integer value. The count will not be increased.
16:21:00.092 [INFO]   [Validating]  out: 16:21:00.090 [main] WARN org.symphonyoss.symphony.messageml.bi.BiContext - Attribute count for element spans does not contain an integer value. The count will not be increased.
16:21:00.093 [INFO]   [Validating]  out: [INFO] Tests run: 10, Failures: 0, Errors: 0, Skipped: 0, Time elapsed: 0 s - in org.symphonyoss.symphony.messageml.elements.SpanDiffblueTest
16:21:00.093 [INFO]   [Validating]  out: [INFO] Running org.symphonyoss.symphony.messageml.elements.CashTagDiffblueTest
16:21:00.093 [INFO]   [Validating]  out: 16:21:00.091 [main] WARN org.symphonyoss.symphony.messageml.bi.BiContext - Attribute count for element cashtags does not contain an integer value. The count will not be increased.
16:21:00.093 [INFO]   [Validating]  out: 16:21:00.092 [main] WARN org.symphonyoss.symphony.messageml.bi.BiContext - Attribute count for element cashtags does not contain an integer value. The count will not be increased.
16:21:00.094 [INFO]   [Validating]  out: [INFO] Tests run: 12, Failures: 0, Errors: 0, Skipped: 0, Time elapsed: 0 s - in org.symphonyoss.symphony.messageml.elements.CashTagDiffblueTest
16:21:00.094 [INFO]   [Validating]  out: [INFO] Running org.symphonyoss.symphony.messageml.elements.CashtagTest
16:21:00.102 [INFO]   [Validating]  out: [INFO] Tests run: 24, Failures: 0, Errors: 0, Skipped: 0, Time elapsed: 0.006 s - in org.symphonyoss.symphony.messageml.elements.CashtagTest
16:21:00.102 [INFO]   [Validating]  out: [INFO] Running org.symphonyoss.symphony.messageml.elements.ListItemTest
16:21:00.106 [INFO]   [Validating]  out: [INFO] Tests run: 14, Failures: 0, Errors: 0, Skipped: 0, Time elapsed: 0.003 s - in org.symphonyoss.symphony.messageml.elements.ListItemTest
16:21:00.106 [INFO]   [Validating]  out: [INFO] Running org.symphonyoss.symphony.messageml.elements.TableHeaderCellDiffblueTest
16:21:00.107 [INFO]   [Validating]  out: [INFO] Tests run: 3, Failures: 0, Errors: 0, Skipped: 0, Time elapsed: 0 s - in org.symphonyoss.symphony.messageml.elements.TableHeaderCellDiffblueTest
16:21:00.107 [INFO]   [Validating]  out: [INFO] Running org.symphonyoss.symphony.messageml.elements.MinMaxLengthElementDiffblueTest
16:21:00.109 [INFO]   [Validating]  out: [INFO] Tests run: 24, Failures: 0, Errors: 0, Skipped: 0, Time elapsed: 0 s - in org.symphonyoss.symphony.messageml.elements.MinMaxLengthElementDiffblueTest
16:21:00.109 [INFO]   [Validating]  out: [INFO] Running org.symphonyoss.symphony.messageml.elements.BulletListTest
16:21:00.112 [INFO]   [Validating]  out: [INFO] Tests run: 16, Failures: 0, Errors: 0, Skipped: 0, Time elapsed: 0.002 s - in org.symphonyoss.symphony.messageml.elements.BulletListTest
16:21:00.113 [INFO]   [Validating]  out: [INFO] Running org.symphonyoss.symphony.messageml.elements.ElementDiffblueTest
16:21:00.119 [INFO]   [Validating]  out: [INFO] Tests run: 66, Failures: 0, Errors: 0, Skipped: 0, Time elapsed: 0.005 s - in org.symphonyoss.symphony.messageml.elements.ElementDiffblueTest
16:21:00.119 [INFO]   [Validating]  out: [INFO] Running org.symphonyoss.symphony.messageml.elements.ListItemDiffblueTest
16:21:00.120 [INFO]   [Validating]  out: [INFO] Tests run: 4, Failures: 0, Errors: 0, Skipped: 0, Time elapsed: 0 s - in org.symphonyoss.symphony.messageml.elements.ListItemDiffblueTest
16:21:00.120 [INFO]   [Validating]  out: [INFO] Running org.symphonyoss.symphony.messageml.elements.LineBreakTest
16:21:00.124 [INFO]   [Validating]  out: [INFO] Tests run: 18, Failures: 0, Errors: 0, Skipped: 0, Time elapsed: 0.003 s - in org.symphonyoss.symphony.messageml.elements.LineBreakTest
16:21:00.124 [INFO]   [Validating]  out: [INFO] Running org.symphonyoss.symphony.messageml.elements.EmojiTest
16:21:00.130 [INFO]   [Validating]  out: [INFO] Tests run: 22, Failures: 0, Errors: 0, Skipped: 0, Time elapsed: 0.005 s - in org.symphonyoss.symphony.messageml.elements.EmojiTest
16:21:00.130 [INFO]   [Validating]  out: [INFO] Running org.symphonyoss.symphony.messageml.elements.SuperscriptTest
16:21:00.135 [INFO]   [Validating]  out: [INFO] Tests run: 17, Failures: 0, Errors: 0, Skipped: 0, Time elapsed: 0.003 s - in org.symphonyoss.symphony.messageml.elements.SuperscriptTest
16:21:00.135 [INFO]   [Validating]  out: [INFO] Running org.symphonyoss.symphony.messageml.elements.ExpandableCardHeaderDiffblueTest
16:21:00.137 [INFO]   [Validating]  out: [INFO] Tests run: 19, Failures: 0, Errors: 0, Skipped: 0, Time elapsed: 0.001 s - in org.symphonyoss.symphony.messageml.elements.ExpandableCardHeaderDiffblueTest
16:21:00.138 [INFO]   [Validating]  out: [INFO] Running org.symphonyoss.symphony.messageml.elements.ChimeTest
16:21:00.142 [INFO]   [Validating]  out: [INFO] Tests run: 21, Failures: 0, Errors: 0, Skipped: 0, Time elapsed: 0.004 s - in org.symphonyoss.symphony.messageml.elements.ChimeTest
16:21:00.143 [INFO]   [Validating]  out: [INFO] Running org.symphonyoss.symphony.messageml.elements.CardBodyDiffblueTest
16:21:00.145 [INFO]   [Validating]  out: [INFO] Tests run: 22, Failures: 0, Errors: 0, Skipped: 0, Time elapsed: 0.002 s - in org.symphonyoss.symphony.messageml.elements.CardBodyDiffblueTest
16:21:00.145 [INFO]   [Validating]  out: [INFO] Running org.symphonyoss.symphony.messageml.elements.OrderedListTest
16:21:00.149 [INFO]   [Validating]  out: [INFO] Tests run: 16, Failures: 0, Errors: 0, Skipped: 0, Time elapsed: 0.003 s - in org.symphonyoss.symphony.messageml.elements.OrderedListTest
16:21:00.149 [INFO]   [Validating]  out: [INFO] Running org.symphonyoss.symphony.messageml.elements.RadioDiffblueTest
16:21:00.151 [INFO]   [Validating]  out: [INFO] Tests run: 13, Failures: 0, Errors: 0, Skipped: 0, Time elapsed: 0.001 s - in org.symphonyoss.symphony.messageml.elements.RadioDiffblueTest
16:21:00.151 [INFO]   [Validating]  out: [INFO] Running org.symphonyoss.symphony.messageml.elements.ImageTest
16:21:00.156 [INFO]   [Validating]  out: [INFO] Tests run: 18, Failures: 0, Errors: 0, Skipped: 0, Time elapsed: 0.004 s - in org.symphonyoss.symphony.messageml.elements.ImageTest
16:21:00.156 [INFO]   [Validating]  out: [INFO] Running org.symphonyoss.symphony.messageml.elements.PreformattedDiffblueTest
16:21:00.156 [INFO]   [Validating]  out: 16:21:00.155 [main] WARN org.symphonyoss.symphony.messageml.bi.BiContext - Attribute count for element pres does not contain an integer value. The count will not be increased.
16:21:00.156 [INFO]   [Validating]  out: 16:21:00.155 [main] WARN org.symphonyoss.symphony.messageml.bi.BiContext - Attribute count for element pres does not contain an integer value. The count will not be increased.
16:21:00.157 [INFO]   [Validating]  out: [INFO] Tests run: 18, Failures: 0, Errors: 0, Skipped: 0, Time elapsed: 0 s - in org.symphonyoss.symphony.messageml.elements.PreformattedDiffblueTest
16:21:00.157 [INFO]   [Validating]  out: [INFO] Running org.symphonyoss.symphony.messageml.elements.SelectDiffblueTest
16:21:00.159 [INFO]   [Validating]  out: [INFO] Tests run: 9, Failures: 0, Errors: 0, Skipped: 0, Time elapsed: 0.001 s - in org.symphonyoss.symphony.messageml.elements.SelectDiffblueTest
16:21:00.159 [INFO]   [Validating]  out: [INFO] Running org.symphonyoss.symphony.messageml.elements.CardDiffblueTest
16:21:00.159 [INFO]   [Validating]  out: 16:21:00.159 [main] WARN org.symphonyoss.symphony.messageml.bi.BiContext - Attribute count for element cards does not contain an integer value. The count will not be increased.
16:21:00.159 [INFO]   [Validating]  out: 16:21:00.159 [main] WARN org.symphonyoss.symphony.messageml.bi.BiContext - Attribute count for element cards does not contain an integer value. The count will not be increased.
16:21:00.161 [INFO]   [Validating]  out: [INFO] Tests run: 26, Failures: 0, Errors: 0, Skipped: 0, Time elapsed: 0.001 s - in org.symphonyoss.symphony.messageml.elements.CardDiffblueTest
16:21:00.161 [INFO]   [Validating]  out: [INFO] Running org.symphonyoss.symphony.messageml.elements.LinkDiffblueTest
16:21:00.161 [INFO]   [Validating]  out: 16:21:00.161 [main] WARN org.symphonyoss.symphony.messageml.bi.BiContext - Attribute count for element links does not contain an integer value. The count will not be increased.
16:21:00.162 [INFO]   [Validating]  out: 16:21:00.161 [main] WARN org.symphonyoss.symphony.messageml.bi.BiContext - Attribute count for element links does not contain an integer value. The count will not be increased.
16:21:00.172 [INFO]   [Validating]  out: [INFO] Tests run: 32, Failures: 0, Errors: 0, Skipped: 0, Time elapsed: 0.01 s - in org.symphonyoss.symphony.messageml.elements.LinkDiffblueTest
16:21:00.173 [INFO]   [Validating]  out: [INFO] Running org.symphonyoss.symphony.messageml.elements.TableBodyDiffblueTest
16:21:00.173 [INFO]   [Validating]  out: [INFO] Tests run: 4, Failures: 0, Errors: 0, Skipped: 0, Time elapsed: 0 s - in org.symphonyoss.symphony.messageml.elements.TableBodyDiffblueTest
16:21:00.173 [INFO]   [Validating]  out: [INFO] Running org.symphonyoss.symphony.messageml.elements.FormElementDiffblueTest
16:21:00.174 [INFO]   [Validating]  out: [INFO] Tests run: 6, Failures: 0, Errors: 0, Skipped: 0, Time elapsed: 0 s - in org.symphonyoss.symphony.messageml.elements.FormElementDiffblueTest
16:21:00.174 [INFO]   [Validating]  out: [INFO] Running org.symphonyoss.symphony.messageml.elements.MessageMLDiffblueTest
16:21:00.214 [INFO]   [Validating]  out: [INFO] Tests run: 43, Failures: 0, Errors: 0, Skipped: 0, Time elapsed: 0.039 s - in org.symphonyoss.symphony.messageml.elements.MessageMLDiffblueTest
16:21:00.214 [INFO]   [Validating]  out: [INFO] Running org.symphonyoss.symphony.messageml.elements.TableCellDiffblueTest
16:21:00.215 [INFO]   [Validating]  out: [INFO] Tests run: 4, Failures: 0, Errors: 0, Skipped: 0, Time elapsed: 0 s - in org.symphonyoss.symphony.messageml.elements.TableCellDiffblueTest
16:21:00.215 [INFO]   [Validating]  out: [INFO] Running org.symphonyoss.symphony.messageml.elements.TableFooterDiffblueTest
16:21:00.215 [INFO]   [Validating]  out: 16:21:00.213 [main] WARN org.symphonyoss.symphony.messageml.bi.BiContext - Attribute count for element table_footers does not contain an integer value. The count will not be increased.
16:21:00.215 [INFO]   [Validating]  out: 16:21:00.214 [main] WARN org.symphonyoss.symphony.messageml.bi.BiContext - Attribute count for element table_footers does not contain an integer value. The count will not be increased.
16:21:00.216 [INFO]   [Validating]  out: [INFO] Tests run: 10, Failures: 0, Errors: 0, Skipped: 0, Time elapsed: 0 s - in org.symphonyoss.symphony.messageml.elements.TableFooterDiffblueTest
16:21:00.216 [INFO]   [Validating]  out: [INFO] Running org.symphonyoss.symphony.messageml.elements.EmojiDiffblueTest
16:21:00.216 [INFO]   [Validating]  out: 16:21:00.215 [main] WARN org.symphonyoss.symphony.messageml.bi.BiContext - Attribute count for element emojis does not contain an integer value. The count will not be increased.
16:21:00.216 [INFO]   [Validating]  out: 16:21:00.216 [main] WARN org.symphonyoss.symphony.messageml.bi.BiContext - Attribute count for element emojis does not contain an integer value. The count will not be increased.
16:21:00.220 [INFO]   [Validating]  out: [INFO] Tests run: 42, Failures: 0, Errors: 0, Skipped: 0, Time elapsed: 0.003 s - in org.symphonyoss.symphony.messageml.elements.EmojiDiffblueTest
16:21:00.220 [INFO]   [Validating]  out: [INFO] Running org.symphonyoss.symphony.messageml.elements.TimezonePickerDiffblueTest
16:21:00.223 [INFO]   [Validating]  out: [INFO] Tests run: 19, Failures: 0, Errors: 0, Skipped: 0, Time elapsed: 0.002 s - in org.symphonyoss.symphony.messageml.elements.TimezonePickerDiffblueTest
16:21:00.224 [INFO]   [Validating]  out: [INFO] Running org.symphonyoss.symphony.messageml.elements.CodeTest
16:21:00.224 [INFO]   [Validating]  out: <div data-format="PresentationML" data-version="2.0">This is code:<code>val message: String = &quot;Hello world&quot;
16:21:00.224 [INFO]   [Validating]  out: println message</code><br/>This is text</div>
16:21:00.239 [INFO]   [Validating]  out: [INFO] Tests run: 33, Failures: 0, Errors: 0, Skipped: 0, Time elapsed: 0.015 s - in org.symphonyoss.symphony.messageml.elements.CodeTest
16:21:00.239 [INFO]   [Validating]  out: [INFO] Running org.symphonyoss.symphony.messageml.elements.UIActionTest
16:21:00.258 [INFO]   [Validating]  out: [INFO] Tests run: 42, Failures: 0, Errors: 0, Skipped: 0, Time elapsed: 0.018 s - in org.symphonyoss.symphony.messageml.elements.UIActionTest
16:21:00.258 [INFO]   [Validating]  out: [INFO] Running org.symphonyoss.symphony.messageml.elements.TableHeaderDiffblueTest
16:21:00.258 [INFO]   [Validating]  out: 16:21:00.257 [main] WARN org.symphonyoss.symphony.messageml.bi.BiContext - Attribute count for element table_headers does not contain an integer value. The count will not be increased.
16:21:00.258 [INFO]   [Validating]  out: 16:21:00.258 [main] WARN org.symphonyoss.symphony.messageml.bi.BiContext - Attribute count for element table_headers does not contain an integer value. The count will not be increased.
16:21:00.259 [INFO]   [Validating]  out: [INFO] Tests run: 10, Failures: 0, Errors: 0, Skipped: 0, Time elapsed: 0 s - in org.symphonyoss.symphony.messageml.elements.TableHeaderDiffblueTest
16:21:00.259 [INFO]   [Validating]  out: [INFO] Running org.symphonyoss.symphony.messageml.elements.EntityDiffblueTest
16:21:00.261 [INFO]   [Validating]  out: [INFO] Tests run: 6, Failures: 0, Errors: 0, Skipped: 0, Time elapsed: 0.001 s - in org.symphonyoss.symphony.messageml.elements.EntityDiffblueTest
16:21:00.261 [INFO]   [Validating]  out: [INFO] Running org.symphonyoss.symphony.messageml.elements.FormDiffblueTest
16:21:00.267 [INFO]   [Validating]  out: [INFO] Tests run: 25, Failures: 0, Errors: 0, Skipped: 0, Time elapsed: 0.005 s - in org.symphonyoss.symphony.messageml.elements.FormDiffblueTest
16:21:00.268 [INFO]   [Validating]  out: [INFO] Running org.symphonyoss.symphony.messageml.elements.DateSelectorDiffblueTest
16:21:00.273 [INFO]   [Validating]  out: [INFO] Tests run: 14, Failures: 0, Errors: 0, Skipped: 0, Time elapsed: 0.004 s - in org.symphonyoss.symphony.messageml.elements.DateSelectorDiffblueTest
16:21:00.273 [INFO]   [Validating]  out: [INFO] Running org.symphonyoss.symphony.messageml.elements.RoomSelectorDiffblueTest
16:21:00.278 [INFO]   [Validating]  out: [INFO] Tests run: 15, Failures: 0, Errors: 0, Skipped: 0, Time elapsed: 0.004 s - in org.symphonyoss.symphony.messageml.elements.RoomSelectorDiffblueTest
16:21:00.278 [INFO]   [Validating]  out: [INFO] Running org.symphonyoss.symphony.messageml.elements.CardTest
16:21:00.286 [INFO]   [Validating]  out: [INFO] Tests run: 22, Failures: 0, Errors: 0, Skipped: 0, Time elapsed: 0.007 s - in org.symphonyoss.symphony.messageml.elements.CardTest
16:21:00.286 [INFO]   [Validating]  out: [INFO] Running org.symphonyoss.symphony.messageml.elements.MentionDiffblueTest
16:21:00.286 [INFO]   [Validating]  out: 16:21:00.286 [main] WARN org.symphonyoss.symphony.messageml.bi.BiContext - Attribute count for element mentions does not contain an integer value. The count will not be increased.
16:21:00.287 [INFO]   [Validating]  out: 16:21:00.287 [main] WARN org.symphonyoss.symphony.messageml.bi.BiContext - Attribute count for element mentions does not contain an integer value. The count will not be increased.
16:21:00.289 [INFO]   [Validating]  out: [INFO] Tests run: 26, Failures: 0, Errors: 0, Skipped: 0, Time elapsed: 0.002 s - in org.symphonyoss.symphony.messageml.elements.MentionDiffblueTest
16:21:00.289 [INFO]   [Validating]  out: [INFO] Running org.symphonyoss.symphony.messageml.elements.SuperscriptDiffblueTest
16:21:00.290 [INFO]   [Validating]  out: [INFO] Tests run: 2, Failures: 0, Errors: 0, Skipped: 0, Time elapsed: 0 s - in org.symphonyoss.symphony.messageml.elements.SuperscriptDiffblueTest
16:21:00.290 [INFO]   [Validating]  out: [INFO] Running org.symphonyoss.symphony.messageml.elements.OptionDiffblueTest
16:21:00.292 [INFO]   [Validating]  out: [INFO] Tests run: 4, Failures: 0, Errors: 0, Skipped: 0, Time elapsed: 0 s - in org.symphonyoss.symphony.messageml.elements.OptionDiffblueTest
16:21:00.292 [INFO]   [Validating]  out: [INFO] Running org.symphonyoss.symphony.messageml.elements.ExpandableCardBodyDiffblueTest
16:21:00.293 [INFO]   [Validating]  out: [INFO] Tests run: 19, Failures: 0, Errors: 0, Skipped: 0, Time elapsed: 0 s - in org.symphonyoss.symphony.messageml.elements.ExpandableCardBodyDiffblueTest
16:21:00.293 [INFO]   [Validating]  out: [INFO] Running org.symphonyoss.symphony.messageml.elements.DialogDiffblueTest
16:21:00.293 [INFO]   [Validating]  out: 16:21:00.292 [main] WARN org.symphonyoss.symphony.messageml.bi.BiContext - Attribute count for element popups does not contain an integer value. The count will not be increased.
16:21:00.294 [INFO]   [Validating]  out: 16:21:00.292 [main] WARN org.symphonyoss.symphony.messageml.bi.BiContext - Attribute count for element popups does not contain an integer value. The count will not be increased.
16:21:00.295 [INFO]   [Validating]  out: [INFO] Tests run: 37, Failures: 0, Errors: 0, Skipped: 0, Time elapsed: 0.001 s - in org.symphonyoss.symphony.messageml.elements.DialogDiffblueTest
16:21:00.295 [INFO]   [Validating]  out: [INFO] Running org.symphonyoss.symphony.messageml.elements.HorizontalRuleDiffblueTest
16:21:00.296 [INFO]   [Validating]  out: [INFO] Tests run: 8, Failures: 0, Errors: 0, Skipped: 0, Time elapsed: 0 s - in org.symphonyoss.symphony.messageml.elements.HorizontalRuleDiffblueTest
16:21:00.296 [INFO]   [Validating]  out: [INFO] Running org.symphonyoss.symphony.messageml.elements.BoldDiffblueTest
16:21:00.297 [INFO]   [Validating]  out: [INFO] Tests run: 5, Failures: 0, Errors: 0, Skipped: 0, Time elapsed: 0 s - in org.symphonyoss.symphony.messageml.elements.BoldDiffblueTest
16:21:00.297 [INFO]   [Validating]  out: [INFO] Running org.symphonyoss.symphony.messageml.elements.ExpandableCardTest
16:21:00.303 [INFO]   [Validating]  out: [INFO] Tests run: 22, Failures: 0, Errors: 0, Skipped: 0, Time elapsed: 0.005 s - in org.symphonyoss.symphony.messageml.elements.ExpandableCardTest
16:21:00.303 [INFO]   [Validating]  out: [INFO] Running org.symphonyoss.symphony.messageml.elements.BoldTest
16:21:00.308 [INFO]   [Validating]  out: [INFO] Tests run: 18, Failures: 0, Errors: 0, Skipped: 0, Time elapsed: 0.004 s - in org.symphonyoss.symphony.messageml.elements.BoldTest
16:21:00.308 [INFO]   [Validating]  out: [INFO] Running org.symphonyoss.symphony.messageml.elements.HeaderTest
16:21:00.315 [INFO]   [Validating]  out: [INFO] Tests run: 19, Failures: 0, Errors: 0, Skipped: 0, Time elapsed: 0.006 s - in org.symphonyoss.symphony.messageml.elements.HeaderTest
16:21:00.315 [INFO]   [Validating]  out: [INFO] Running org.symphonyoss.symphony.messageml.elements.TagDiffblueTest
16:21:00.326 [INFO]   [Validating]  out: 16:21:00.325 [main] WARN org.symphonyoss.symphony.messageml.bi.BiContext - Attribute count for element hashtags does not contain an integer value. The count will not be increased.
16:21:00.327 [INFO]   [Validating]  out: 16:21:00.327 [main] WARN org.symphonyoss.symphony.messageml.bi.BiContext - Attribute count for element hashtags does not contain an integer value. The count will not be increased.
16:21:00.329 [INFO]   [Validating]  out: [INFO] Tests run: 34, Failures: 0, Errors: 0, Skipped: 0, Time elapsed: 0.012 s - in org.symphonyoss.symphony.messageml.elements.TagDiffblueTest
16:21:00.329 [INFO]   [Validating]  out: [INFO] Running org.symphonyoss.symphony.messageml.elements.TableTest
16:21:00.337 [INFO]   [Validating]  out: [INFO] Tests run: 35, Failures: 0, Errors: 0, Skipped: 0, Time elapsed: 0.007 s - in org.symphonyoss.symphony.messageml.elements.TableTest
16:21:00.337 [INFO]   [Validating]  out: [INFO] Running org.symphonyoss.symphony.messageml.elements.TableRowDiffblueTest
16:21:00.337 [INFO]   [Validating]  out: 16:21:00.336 [main] WARN org.symphonyoss.symphony.messageml.bi.BiContext - Attribute count for element table_columns_max does not contain an integer value. The count will not be increased.
16:21:00.338 [INFO]   [Validating]  out: [INFO] Tests run: 11, Failures: 0, Errors: 0, Skipped: 0, Time elapsed: 0 s - in org.symphonyoss.symphony.messageml.elements.TableRowDiffblueTest
16:21:00.338 [INFO]   [Validating]  out: [INFO] Running org.symphonyoss.symphony.messageml.elements.DivDiffblueTest
16:21:00.338 [INFO]   [Validating]  out: 16:21:00.337 [main] WARN org.symphonyoss.symphony.messageml.bi.BiContext - Attribute count for element divs does not contain an integer value. The count will not be increased.
16:21:00.338 [INFO]   [Validating]  out: 16:21:00.337 [main] WARN org.symphonyoss.symphony.messageml.bi.BiContext - Attribute count for element divs does not contain an integer value. The count will not be increased.
16:21:00.339 [INFO]   [Validating]  out: [INFO] Tests run: 11, Failures: 0, Errors: 0, Skipped: 0, Time elapsed: 0 s - in org.symphonyoss.symphony.messageml.elements.DivDiffblueTest
16:21:00.339 [INFO]   [Validating]  out: [INFO] Running org.symphonyoss.symphony.messageml.elements.CheckboxDiffblueTest
16:21:00.340 [INFO]   [Validating]  out: [INFO] Tests run: 13, Failures: 0, Errors: 0, Skipped: 0, Time elapsed: 0 s - in org.symphonyoss.symphony.messageml.elements.CheckboxDiffblueTest
16:21:00.340 [INFO]   [Validating]  out: [INFO] Running org.symphonyoss.symphony.messageml.elements.CardHeaderDiffblueTest
16:21:00.342 [INFO]   [Validating]  out: [INFO] Tests run: 22, Failures: 0, Errors: 0, Skipped: 0, Time elapsed: 0.001 s - in org.symphonyoss.symphony.messageml.elements.CardHeaderDiffblueTest
16:21:00.342 [INFO]   [Validating]  out: [INFO] Running org.symphonyoss.symphony.messageml.elements.ElementTest
16:21:00.353 [INFO]   [Validating]  out: [INFO] Tests run: 13, Failures: 0, Errors: 0, Skipped: 0, Time elapsed: 0.002 s - in org.symphonyoss.symphony.messageml.elements.ElementTest
16:21:00.353 [INFO]   [Validating]  out: [INFO] Running org.symphonyoss.symphony.messageml.elements.OrderedListDiffblueTest
16:21:00.353 [INFO]   [Validating]  out: 16:21:00.345 [main] WARN org.symphonyoss.symphony.messageml.bi.BiContext - Attribute count for element lists does not contain an integer value. The count will not be increased.
16:21:00.353 [INFO]   [Validating]  out: 16:21:00.345 [main] WARN org.symphonyoss.symphony.messageml.bi.BiContext - Attribute count for element lists does not contain an integer value. The count will not be increased.
16:21:00.354 [INFO]   [Validating]  out: [INFO] Tests run: 10, Failures: 0, Errors: 0, Skipped: 0, Time elapsed: 0 s - in org.symphonyoss.symphony.messageml.elements.OrderedListDiffblueTest
16:21:00.354 [INFO]   [Validating]  out: [INFO] Running org.symphonyoss.symphony.messageml.elements.DatePickerDiffblueTest
16:21:00.355 [INFO]   [Validating]  out: [INFO] Tests run: 16, Failures: 0, Errors: 0, Skipped: 0, Time elapsed: 0 s - in org.symphonyoss.symphony.messageml.elements.DatePickerDiffblueTest
16:21:00.355 [INFO]   [Validating]  out: [INFO] Running org.symphonyoss.symphony.messageml.elements.ChimeDiffblueTest
16:21:00.355 [INFO]   [Validating]  out: 16:21:00.350 [main] WARN org.symphonyoss.symphony.messageml.bi.BiContext - Attribute count for element chimes does not contain an integer value. The count will not be increased.
16:21:00.355 [INFO]   [Validating]  out: 16:21:00.351 [main] WARN org.symphonyoss.symphony.messageml.bi.BiContext - Attribute count for element chimes does not contain an integer value. The count will not be increased.
16:21:00.356 [INFO]   [Validating]  out: [INFO] Tests run: 17, Failures: 0, Errors: 0, Skipped: 0, Time elapsed: 0 s - in org.symphonyoss.symphony.messageml.elements.ChimeDiffblueTest
16:21:00.356 [INFO]   [Validating]  out: [INFO] Running org.symphonyoss.symphony.messageml.elements.LinkTest
16:21:00.359 [INFO]   [Validating]  out: [INFO] Tests run: 23, Failures: 0, Errors: 0, Skipped: 0, Time elapsed: 0.002 s - in org.symphonyoss.symphony.messageml.elements.LinkTest
16:21:00.359 [INFO]   [Validating]  out: [INFO] Running org.symphonyoss.symphony.messageml.elements.LineBreakDiffblueTest
16:21:00.359 [INFO]   [Validating]  out: 16:21:00.358 [main] WARN org.symphonyoss.symphony.messageml.bi.BiContext - Attribute count for element linebreaks does not contain an integer value. The count will not be increased.
16:21:00.359 [INFO]   [Validating]  out: 16:21:00.359 [main] WARN org.symphonyoss.symphony.messageml.bi.BiContext - Attribute count for element linebreaks does not contain an integer value. The count will not be increased.
16:21:00.360 [INFO]   [Validating]  out: [INFO] Tests run: 14, Failures: 0, Errors: 0, Skipped: 0, Time elapsed: 0 s - in org.symphonyoss.symphony.messageml.elements.LineBreakDiffblueTest
16:21:00.360 [INFO]   [Validating]  out: [INFO] Running org.symphonyoss.symphony.messageml.elements.TagTest
16:21:00.375 [INFO]   [Validating]  out: [INFO] Tests run: 17, Failures: 0, Errors: 0, Skipped: 0, Time elapsed: 0.014 s - in org.symphonyoss.symphony.messageml.elements.TagTest
16:21:00.375 [INFO]   [Validating]  out: [INFO] Running org.symphonyoss.symphony.messageml.elements.StylesDiffblueTest
16:21:00.375 [INFO]   [Validating]  out: [INFO] Tests run: 4, Failures: 0, Errors: 0, Skipped: 0, Time elapsed: 0 s - in org.symphonyoss.symphony.messageml.elements.StylesDiffblueTest
16:21:00.375 [INFO]   [Validating]  out: [INFO] Running org.symphonyoss.symphony.messageml.elements.TextFieldDiffblueTest
16:21:00.379 [INFO]   [Validating]  out: [INFO] Tests run: 27, Failures: 0, Errors: 0, Skipped: 0, Time elapsed: 0.004 s - in org.symphonyoss.symphony.messageml.elements.TextFieldDiffblueTest
16:21:00.379 [INFO]   [Validating]  out: [INFO] Running org.symphonyoss.symphony.messageml.elements.ItalicDiffblueTest
16:21:00.380 [INFO]   [Validating]  out: [INFO] Tests run: 5, Failures: 0, Errors: 0, Skipped: 0, Time elapsed: 0 s - in org.symphonyoss.symphony.messageml.elements.ItalicDiffblueTest
16:21:00.380 [INFO]   [Validating]  out: [INFO] Running org.symphonyoss.symphony.messageml.elements.ExpandableCardDiffblueTest
16:21:00.382 [INFO]   [Validating]  out: [INFO] Tests run: 19, Failures: 0, Errors: 0, Skipped: 0, Time elapsed: 0.002 s - in org.symphonyoss.symphony.messageml.elements.ExpandableCardDiffblueTest
16:21:00.382 [INFO]   [Validating]  out: [INFO] Running org.symphonyoss.symphony.messageml.elements.HashtagTest
16:21:00.391 [INFO]   [Validating]  out: [INFO] Tests run: 25, Failures: 0, Errors: 0, Skipped: 0, Time elapsed: 0.008 s - in org.symphonyoss.symphony.messageml.elements.HashtagTest
16:21:00.391 [INFO]   [Validating]  out: [INFO] Running org.symphonyoss.symphony.messageml.elements.PersonSelectorDiffblueTest
16:21:00.396 [INFO]   [Validating]  out: [INFO] Tests run: 15, Failures: 0, Errors: 0, Skipped: 0, Time elapsed: 0.004 s - in org.symphonyoss.symphony.messageml.elements.PersonSelectorDiffblueTest
16:21:00.396 [INFO]   [Validating]  out: [INFO] Running org.symphonyoss.symphony.messageml.elements.TextNodeDiffblueTest
16:21:00.397 [INFO]   [Validating]  out: [INFO] Tests run: 11, Failures: 0, Errors: 0, Skipped: 0, Time elapsed: 0 s - in org.symphonyoss.symphony.messageml.elements.TextNodeDiffblueTest
16:21:00.397 [INFO]   [Validating]  out: [INFO] Running org.symphonyoss.symphony.messageml.elements.StylesTest
16:21:00.402 [INFO]   [Validating]  out: [INFO] Tests run: 17, Failures: 0, Errors: 0, Skipped: 0, Time elapsed: 0.004 s - in org.symphonyoss.symphony.messageml.elements.StylesTest
16:21:00.402 [INFO]   [Validating]  out: [INFO] Running org.symphonyoss.symphony.messageml.elements.ItalicTest
16:21:00.407 [INFO]   [Validating]  out: [INFO] Tests run: 17, Failures: 0, Errors: 0, Skipped: 0, Time elapsed: 0.005 s - in org.symphonyoss.symphony.messageml.elements.ItalicTest
16:21:00.407 [INFO]   [Validating]  out: [INFO] Running org.symphonyoss.symphony.messageml.elements.MentionTest
16:21:00.424 [INFO]   [Validating]  out: [INFO] Tests run: 35, Failures: 0, Errors: 0, Skipped: 0, Time elapsed: 0.016 s - in org.symphonyoss.symphony.messageml.elements.MentionTest
16:21:00.424 [INFO]   [Validating]  out: [INFO] Running org.symphonyoss.symphony.messageml.elements.DialogChildDiffblueTest
16:21:00.425 [INFO]   [Validating]  out: [INFO] Tests run: 20, Failures: 0, Errors: 0, Skipped: 0, Time elapsed: 0.001 s - in org.symphonyoss.symphony.messageml.elements.DialogChildDiffblueTest
16:21:00.426 [INFO]   [Validating]  out: [INFO] Running org.symphonyoss.symphony.messageml.elements.BulletListDiffblueTest
16:21:00.426 [INFO]   [Validating]  out: 16:21:00.425 [main] WARN org.symphonyoss.symphony.messageml.bi.BiContext - Attribute count for element lists does not contain an integer value. The count will not be increased.
16:21:00.426 [INFO]   [Validating]  out: 16:21:00.425 [main] WARN org.symphonyoss.symphony.messageml.bi.BiContext - Attribute count for element lists does not contain an integer value. The count will not be increased.
16:21:00.426 [INFO]   [Validating]  out: [INFO] Tests run: 10, Failures: 0, Errors: 0, Skipped: 0, Time elapsed: 0.001 s - in org.symphonyoss.symphony.messageml.elements.BulletListDiffblueTest
16:21:00.426 [INFO]   [Validating]  out: [INFO] Running org.symphonyoss.symphony.messageml.elements.DialogTest
16:21:00.437 [INFO]   [Validating]  out: [INFO] Tests run: 43, Failures: 0, Errors: 0, Skipped: 0, Time elapsed: 0.01 s - in org.symphonyoss.symphony.messageml.elements.DialogTest
16:21:00.437 [INFO]   [Validating]  out: [INFO] Running org.symphonyoss.symphony.messageml.elements.SpanTest
16:21:00.441 [INFO]   [Validating]  out: [INFO] Tests run: 17, Failures: 0, Errors: 0, Skipped: 0, Time elapsed: 0.003 s - in org.symphonyoss.symphony.messageml.elements.SpanTest
16:21:00.441 [INFO]   [Validating]  out: [INFO] Running org.symphonyoss.symphony.messageml.elements.ButtonDiffblueTest
16:21:00.444 [INFO]   [Validating]  out: [ERROR] Tests run: 25, Failures: 1, Errors: 0, Skipped: 0, Time elapsed: 0.002 s <<< FAILURE! - in org.symphonyoss.symphony.messageml.elements.ButtonDiffblueTest
16:21:00.444 [INFO]   [Validating]  out: [ERROR] testUpdateBiContext_thenButtonWithParentIsBoldAndFormatIsMessagemlLoggerLogger  Time elapsed: 0.001 s  <<< FAILURE!
16:21:00.444 [INFO]   [Validating]  out: java.lang.AssertionError: expected:<6> but was:<4>
16:21:00.444 [INFO]   [Validating]  out: 	at org.symphonyoss.symphony.messageml.elements.ButtonDiffblueTest.testUpdateBiContext_thenButtonWithParentIsBoldAndFormatIsMessagemlLoggerLogger(ButtonDiffblueTest.java:732)
16:21:00.444 [INFO]   [Validating]  out: 
16:21:00.444 [INFO]   [Validating]  out: [INFO] Running org.symphonyoss.symphony.messageml.elements.SubscriptDiffblueTest
16:21:00.444 [INFO]   [Validating]  out: [INFO] Tests run: 2, Failures: 0, Errors: 0, Skipped: 0, Time elapsed: 0 s - in org.symphonyoss.symphony.messageml.elements.SubscriptDiffblueTest
16:21:00.444 [INFO]   [Validating]  out: [INFO] Running org.symphonyoss.symphony.messageml.elements.GroupedElementDiffblueTest
16:21:00.449 [INFO]   [Validating]  out: [INFO] Tests run: 14, Failures: 0, Errors: 0, Skipped: 0, Time elapsed: 0.004 s - in org.symphonyoss.symphony.messageml.elements.GroupedElementDiffblueTest
16:21:00.450 [INFO]   [Validating]  out: [INFO] Running org.symphonyoss.symphony.messageml.elements.TextAreaDiffblueTest
16:21:00.453 [INFO]   [Validating]  out: [INFO] Tests run: 17, Failures: 0, Errors: 0, Skipped: 0, Time elapsed: 0.002 s - in org.symphonyoss.symphony.messageml.elements.TextAreaDiffblueTest
16:21:00.453 [INFO]   [Validating]  out: [INFO] Running org.symphonyoss.symphony.messageml.elements.ImageDiffblueTest
16:21:00.453 [INFO]   [Validating]  out: 16:21:00.452 [main] WARN org.symphonyoss.symphony.messageml.bi.BiContext - Attribute count for element images does not contain an integer value. The count will not be increased.
16:21:00.453 [INFO]   [Validating]  out: 16:21:00.452 [main] WARN org.symphonyoss.symphony.messageml.bi.BiContext - Attribute count for element images does not contain an integer value. The count will not be increased.
16:21:00.454 [INFO]   [Validating]  out: [INFO] Tests run: 12, Failures: 0, Errors: 0, Skipped: 0, Time elapsed: 0 s - in org.symphonyoss.symphony.messageml.elements.ImageDiffblueTest
16:21:00.454 [INFO]   [Validating]  out: [INFO] Running org.symphonyoss.symphony.messageml.elements.UIActionDiffblueTest
16:21:00.457 [INFO]   [Validating]  out: [INFO] Tests run: 20, Failures: 0, Errors: 0, Skipped: 0, Time elapsed: 0.002 s - in org.symphonyoss.symphony.messageml.elements.UIActionDiffblueTest
16:21:00.457 [INFO]   [Validating]  out: [INFO] Running org.symphonyoss.symphony.messageml.util.EmojiShortcodeToUnicodeDiffblueTest
16:21:00.458 [INFO]   [Validating]  out: [INFO] Tests run: 2, Failures: 0, Errors: 0, Skipped: 0, Time elapsed: 0 s - in org.symphonyoss.symphony.messageml.util.EmojiShortcodeToUnicodeDiffblueTest
16:21:00.458 [INFO]   [Validating]  out: [INFO] Running org.symphonyoss.symphony.messageml.util.IndentedPrintStreamTest
16:21:00.461 [INFO]   [Validating]  out: [INFO] Tests run: 53, Failures: 0, Errors: 0, Skipped: 0, Time elapsed: 0.002 s - in org.symphonyoss.symphony.messageml.util.IndentedPrintStreamTest
16:21:00.461 [INFO]   [Validating]  out: [INFO] Running org.symphonyoss.symphony.messageml.util.TagAttributesDiffblueTest
16:21:00.462 [INFO]   [Validating]  out: [INFO] Tests run: 1, Failures: 0, Errors: 0, Skipped: 0, Time elapsed: 0 s - in org.symphonyoss.symphony.messageml.util.TagAttributesDiffblueTest
16:21:00.462 [INFO]   [Validating]  out: [INFO] Running org.symphonyoss.symphony.messageml.util.IndentedPrintStreamDiffblueTest
16:21:00.481 [INFO]   [Validating]  out: [INFO] Tests run: 376, Failures: 0, Errors: 0, Skipped: 0, Time elapsed: 0.017 s - in org.symphonyoss.symphony.messageml.util.IndentedPrintStreamDiffblueTest
16:21:00.482 [INFO]   [Validating]  out: [INFO] Running org.symphonyoss.symphony.messageml.util.instrument.resolver.ProviderIdDiffblueTest
16:21:00.482 [INFO]   [Validating]  out: [INFO] Tests run: 2, Failures: 0, Errors: 0, Skipped: 0, Time elapsed: 0 s - in org.symphonyoss.symphony.messageml.util.instrument.resolver.ProviderIdDiffblueTest
16:21:00.482 [INFO]   [Validating]  out: [INFO] Running org.symphonyoss.symphony.messageml.util.instrument.resolver.MarketSectorDiffblueTest
16:21:00.482 [INFO]   [Validating]  out: [INFO] Tests run: 3, Failures: 0, Errors: 0, Skipped: 0, Time elapsed: 0 s - in org.symphonyoss.symphony.messageml.util.instrument.resolver.MarketSectorDiffblueTest
16:21:00.483 [INFO]   [Validating]  out: [INFO] Running org.symphonyoss.symphony.messageml.util.instrument.resolver.InstrumentDiffblueTest
16:21:00.483 [INFO]   [Validating]  out: [INFO] Tests run: 1, Failures: 0, Errors: 0, Skipped: 0, Time elapsed: 0.001 s - in org.symphonyoss.symphony.messageml.util.instrument.resolver.InstrumentDiffblueTest
16:21:00.483 [INFO]   [Validating]  out: [INFO] Running org.symphonyoss.symphony.messageml.util.instrument.resolver.InstrumentKindDiffblueTest
16:21:00.484 [INFO]   [Validating]  out: [INFO] Tests run: 3, Failures: 0, Errors: 0, Skipped: 0, Time elapsed: 0 s - in org.symphonyoss.symphony.messageml.util.instrument.resolver.InstrumentKindDiffblueTest
16:21:00.484 [INFO]   [Validating]  out: [INFO] Running org.symphonyoss.symphony.messageml.util.XmlPrintStreamDiffblueTest
16:21:00.487 [INFO]   [Validating]  out: [INFO] Tests run: 109, Failures: 0, Errors: 0, Skipped: 0, Time elapsed: 0.001 s - in org.symphonyoss.symphony.messageml.util.XmlPrintStreamDiffblueTest
16:21:00.487 [INFO]   [Validating]  out: [INFO] Running org.symphonyoss.symphony.messageml.util.XMLAttributeDiffblueTest
16:21:00.488 [INFO]   [Validating]  out: [INFO] Tests run: 3, Failures: 0, Errors: 0, Skipped: 0, Time elapsed: 0 s - in org.symphonyoss.symphony.messageml.util.XMLAttributeDiffblueTest
16:21:00.488 [INFO]   [Validating]  out: [INFO] Running org.symphonyoss.symphony.messageml.util.NoOpDataProviderDiffblueTest
16:21:00.489 [INFO]   [Validating]  out: [INFO] Tests run: 3, Failures: 0, Errors: 0, Skipped: 0, Time elapsed: 0 s - in org.symphonyoss.symphony.messageml.util.NoOpDataProviderDiffblueTest
16:21:00.489 [INFO]   [Validating]  out: [INFO] Running org.symphonyoss.symphony.messageml.util.AlignedBlockDiffblueTest
16:21:00.532 [INFO]   [Validating]  out: [INFO] Tests run: 8, Failures: 0, Errors: 0, Skipped: 0, Time elapsed: 0.042 s - in org.symphonyoss.symphony.messageml.util.AlignedBlockDiffblueTest
16:21:00.532 [INFO]   [Validating]  out: [INFO] Running org.symphonyoss.symphony.messageml.util.CountedOutputStreamTest
16:21:00.533 [INFO]   [Validating]  out: [INFO] Tests run: 5, Failures: 0, Errors: 0, Skipped: 0, Time elapsed: 0 s - in org.symphonyoss.symphony.messageml.util.CountedOutputStreamTest
16:21:00.533 [INFO]   [Validating]  out: [INFO] Running org.symphonyoss.symphony.messageml.util.pojo.TimeIntervalDiffblueTest
16:21:00.534 [INFO]   [Validating]  out: [INFO] Tests run: 13, Failures: 0, Errors: 0, Skipped: 0, Time elapsed: 0 s - in org.symphonyoss.symphony.messageml.util.pojo.TimeIntervalDiffblueTest
16:21:00.534 [INFO]   [Validating]  out: [INFO] Running org.symphonyoss.symphony.messageml.util.pojo.DateIntervalDiffblueTest
16:21:00.536 [INFO]   [Validating]  out: [INFO] Tests run: 16, Failures: 0, Errors: 0, Skipped: 0, Time elapsed: 0.002 s - in org.symphonyoss.symphony.messageml.util.pojo.DateIntervalDiffblueTest
16:21:00.537 [INFO]   [Validating]  out: [INFO] Running org.symphonyoss.symphony.messageml.util.NullDataProviderDiffblueTest
16:21:00.537 [INFO]   [Validating]  out: [INFO] Tests run: 3, Failures: 0, Errors: 0, Skipped: 0, Time elapsed: 0 s - in org.symphonyoss.symphony.messageml.util.NullDataProviderDiffblueTest
16:21:00.537 [INFO]   [Validating]  out: [INFO] Running org.symphonyoss.symphony.messageml.util.CountedOutputStreamDiffblueTest
16:21:00.549 [INFO]   [Validating]  out: [INFO] Tests run: 14, Failures: 0, Errors: 0, Skipped: 0, Time elapsed: 0.012 s - in org.symphonyoss.symphony.messageml.util.CountedOutputStreamDiffblueTest
16:21:00.550 [INFO]   [Validating]  out: [INFO] Running org.symphonyoss.symphony.messageml.markdown.nodes.EmojiNodeDiffblueTest
16:21:00.550 [INFO]   [Validating]  out: [INFO] Tests run: 4, Failures: 0, Errors: 0, Skipped: 0, Time elapsed: 0 s - in org.symphonyoss.symphony.messageml.markdown.nodes.EmojiNodeDiffblueTest
16:21:00.550 [INFO]   [Validating]  out: [INFO] Running org.symphonyoss.symphony.messageml.markdown.nodes.form.TextFieldNodeDiffblueTest
16:21:00.550 [INFO]   [Validating]  out: [INFO] Tests run: 2, Failures: 0, Errors: 0, Skipped: 0, Time elapsed: 0 s - in org.symphonyoss.symphony.messageml.markdown.nodes.form.TextFieldNodeDiffblueTest
16:21:00.550 [INFO]   [Validating]  out: [INFO] Running org.symphonyoss.symphony.messageml.markdown.nodes.form.TimezonePickerNodeDiffblueTest
16:21:00.551 [INFO]   [Validating]  out: [INFO] Tests run: 2, Failures: 0, Errors: 0, Skipped: 0, Time elapsed: 0 s - in org.symphonyoss.symphony.messageml.markdown.nodes.form.TimezonePickerNodeDiffblueTest
16:21:00.551 [INFO]   [Validating]  out: [INFO] Running org.symphonyoss.symphony.messageml.markdown.nodes.form.RoomSelectorNodeDiffblueTest
16:21:00.551 [INFO]   [Validating]  out: [INFO] Tests run: 2, Failures: 0, Errors: 0, Skipped: 0, Time elapsed: 0 s - in org.symphonyoss.symphony.messageml.markdown.nodes.form.RoomSelectorNodeDiffblueTest
16:21:00.551 [INFO]   [Validating]  out: [INFO] Running org.symphonyoss.symphony.messageml.markdown.nodes.form.FormNodeDiffblueTest
16:21:00.552 [INFO]   [Validating]  out: [INFO] Tests run: 1, Failures: 0, Errors: 0, Skipped: 0, Time elapsed: 0.001 s - in org.symphonyoss.symphony.messageml.markdown.nodes.form.FormNodeDiffblueTest
16:21:00.552 [INFO]   [Validating]  out: [INFO] Running org.symphonyoss.symphony.messageml.markdown.nodes.form.OptionNodeDiffblueTest
16:21:00.553 [INFO]   [Validating]  out: [INFO] Tests run: 1, Failures: 0, Errors: 0, Skipped: 0, Time elapsed: 0 s - in org.symphonyoss.symphony.messageml.markdown.nodes.form.OptionNodeDiffblueTest
16:21:00.553 [INFO]   [Validating]  out: [INFO] Running org.symphonyoss.symphony.messageml.markdown.nodes.form.FormElementNodeDiffblueTest
16:21:00.554 [INFO]   [Validating]  out: [INFO] Tests run: 4, Failures: 0, Errors: 0, Skipped: 0, Time elapsed: 0 s - in org.symphonyoss.symphony.messageml.markdown.nodes.form.FormElementNodeDiffblueTest
16:21:00.554 [INFO]   [Validating]  out: [INFO] Running org.symphonyoss.symphony.messageml.markdown.nodes.form.PlaceholderLabelTooltipNodeDiffblueTest
16:21:00.555 [INFO]   [Validating]  out: [INFO] Tests run: 2, Failures: 0, Errors: 0, Skipped: 0, Time elapsed: 0 s - in org.symphonyoss.symphony.messageml.markdown.nodes.form.PlaceholderLabelTooltipNodeDiffblueTest
16:21:00.555 [INFO]   [Validating]  out: [INFO] Running org.symphonyoss.symphony.messageml.markdown.nodes.form.DatePickerNodeDiffblueTest
16:21:00.556 [INFO]   [Validating]  out: [INFO] Tests run: 2, Failures: 0, Errors: 0, Skipped: 0, Time elapsed: 0 s - in org.symphonyoss.symphony.messageml.markdown.nodes.form.DatePickerNodeDiffblueTest
16:21:00.556 [INFO]   [Validating]  out: [INFO] Running org.symphonyoss.symphony.messageml.markdown.nodes.form.SelectNodeDiffblueTest
16:21:00.557 [INFO]   [Validating]  out: [INFO] Tests run: 4, Failures: 0, Errors: 0, Skipped: 0, Time elapsed: 0 s - in org.symphonyoss.symphony.messageml.markdown.nodes.form.SelectNodeDiffblueTest
16:21:00.557 [INFO]   [Validating]  out: [INFO] Running org.symphonyoss.symphony.messageml.markdown.nodes.form.PersonSelectorNodeDiffblueTest
16:21:00.558 [INFO]   [Validating]  out: [INFO] Tests run: 2, Failures: 0, Errors: 0, Skipped: 0, Time elapsed: 0 s - in org.symphonyoss.symphony.messageml.markdown.nodes.form.PersonSelectorNodeDiffblueTest
16:21:00.558 [INFO]   [Validating]  out: [INFO] Running org.symphonyoss.symphony.messageml.markdown.nodes.form.TextAreaNodeDiffblueTest
16:21:00.559 [INFO]   [Validating]  out: [INFO] Tests run: 2, Failures: 0, Errors: 0, Skipped: 0, Time elapsed: 0 s - in org.symphonyoss.symphony.messageml.markdown.nodes.form.TextAreaNodeDiffblueTest
16:21:00.559 [INFO]   [Validating]  out: [INFO] Running org.symphonyoss.symphony.messageml.markdown.nodes.form.TimePickerNodeDiffblueTest
16:21:00.559 [INFO]   [Validating]  out: [INFO] Tests run: 2, Failures: 0, Errors: 0, Skipped: 0, Time elapsed: 0 s - in org.symphonyoss.symphony.messageml.markdown.nodes.form.TimePickerNodeDiffblueTest
16:21:00.559 [INFO]   [Validating]  out: [INFO] Running org.symphonyoss.symphony.messageml.markdown.nodes.form.RadioNodeDiffblueTest
16:21:00.560 [INFO]   [Validating]  out: [INFO] Tests run: 5, Failures: 0, Errors: 0, Skipped: 0, Time elapsed: 0 s - in org.symphonyoss.symphony.messageml.markdown.nodes.form.RadioNodeDiffblueTest
16:21:00.560 [INFO]   [Validating]  out: [INFO] Running org.symphonyoss.symphony.messageml.markdown.nodes.form.CheckboxNodeDiffblueTest
16:21:00.561 [INFO]   [Validating]  out: [INFO] Tests run: 5, Failures: 0, Errors: 0, Skipped: 0, Time elapsed: 0 s - in org.symphonyoss.symphony.messageml.markdown.nodes.form.CheckboxNodeDiffblueTest
16:21:00.561 [INFO]   [Validating]  out: [INFO] Running org.symphonyoss.symphony.messageml.markdown.nodes.form.ButtonNodeDiffblueTest
16:21:00.562 [INFO]   [Validating]  out: [INFO] Tests run: 1, Failures: 0, Errors: 0, Skipped: 0, Time elapsed: 0 s - in org.symphonyoss.symphony.messageml.markdown.nodes.form.ButtonNodeDiffblueTest
16:21:00.562 [INFO]   [Validating]  out: [INFO] Running org.symphonyoss.symphony.messageml.markdown.nodes.form.DialogNodeDiffblueTest
16:21:00.563 [INFO]   [Validating]  out: [INFO] Tests run: 2, Failures: 0, Errors: 0, Skipped: 0, Time elapsed: 0 s - in org.symphonyoss.symphony.messageml.markdown.nodes.form.DialogNodeDiffblueTest
16:21:00.563 [INFO]   [Validating]  out: [INFO] Running org.symphonyoss.symphony.messageml.markdown.nodes.form.DateSelectorNodeDiffblueTest
16:21:00.564 [INFO]   [Validating]  out: [INFO] Tests run: 3, Failures: 0, Errors: 0, Skipped: 0, Time elapsed: 0 s - in org.symphonyoss.symphony.messageml.markdown.nodes.form.DateSelectorNodeDiffblueTest
16:21:00.564 [INFO]   [Validating]  out: [INFO] Running org.symphonyoss.symphony.messageml.markdown.nodes.TableRowNodeDiffblueTest
16:21:00.564 [INFO]   [Validating]  out: [INFO] Tests run: 1, Failures: 0, Errors: 0, Skipped: 0, Time elapsed: 0 s - in org.symphonyoss.symphony.messageml.markdown.nodes.TableRowNodeDiffblueTest
16:21:00.564 [INFO]   [Validating]  out: [INFO] Running org.symphonyoss.symphony.messageml.markdown.nodes.TagNodeDiffblueTest
16:21:00.565 [INFO]   [Validating]  out: [INFO] Tests run: 1, Failures: 0, Errors: 0, Skipped: 0, Time elapsed: 0 s - in org.symphonyoss.symphony.messageml.markdown.nodes.TagNodeDiffblueTest
16:21:00.565 [INFO]   [Validating]  out: [INFO] Running org.symphonyoss.symphony.messageml.markdown.nodes.TableNodeDiffblueTest
16:21:00.566 [INFO]   [Validating]  out: [INFO] Tests run: 1, Failures: 0, Errors: 0, Skipped: 0, Time elapsed: 0 s - in org.symphonyoss.symphony.messageml.markdown.nodes.TableNodeDiffblueTest
16:21:00.566 [INFO]   [Validating]  out: [INFO] Running org.symphonyoss.symphony.messageml.markdown.nodes.PreformattedNodeDiffblueTest
16:21:00.567 [INFO]   [Validating]  out: [INFO] Tests run: 1, Failures: 0, Errors: 0, Skipped: 0, Time elapsed: 0 s - in org.symphonyoss.symphony.messageml.markdown.nodes.PreformattedNodeDiffblueTest
16:21:00.567 [INFO]   [Validating]  out: [INFO] Running org.symphonyoss.symphony.messageml.markdown.nodes.TableCellNodeDiffblueTest
16:21:00.568 [INFO]   [Validating]  out: [INFO] Tests run: 1, Failures: 0, Errors: 0, Skipped: 0, Time elapsed: 0 s - in org.symphonyoss.symphony.messageml.markdown.nodes.TableCellNodeDiffblueTest
16:21:00.568 [INFO]   [Validating]  out: [INFO] Running org.symphonyoss.symphony.messageml.markdown.nodes.KeywordNodeDiffblueTest
16:21:00.568 [INFO]   [Validating]  out: [INFO] Tests run: 1, Failures: 0, Errors: 0, Skipped: 0, Time elapsed: 0 s - in org.symphonyoss.symphony.messageml.markdown.nodes.KeywordNodeDiffblueTest
16:21:00.569 [INFO]   [Validating]  out: [INFO] Running org.symphonyoss.symphony.messageml.markdown.nodes.MentionNodeDiffblueTest
16:21:00.569 [INFO]   [Validating]  out: [INFO] Tests run: 5, Failures: 0, Errors: 0, Skipped: 0, Time elapsed: 0.001 s - in org.symphonyoss.symphony.messageml.markdown.nodes.MentionNodeDiffblueTest
16:21:00.569 [INFO]   [Validating]  out: [INFO] Running org.symphonyoss.symphony.messageml.markdown.EntityDelimiterProcessorDiffblueTest
16:21:00.571 [INFO]   [Validating]  out: [INFO] Tests run: 5, Failures: 0, Errors: 0, Skipped: 0, Time elapsed: 0.002 s - in org.symphonyoss.symphony.messageml.markdown.EntityDelimiterProcessorDiffblueTest
16:21:00.571 [INFO]   [Validating]  out: [INFO] Running org.symphonyoss.symphony.messageml.markdown.MarkdownParserDiffblueTest
16:21:00.776 [INFO]   [Validating]  out: [INFO] Tests run: 222, Failures: 0, Errors: 0, Skipped: 0, Time elapsed: 0.203 s - in org.symphonyoss.symphony.messageml.markdown.MarkdownParserDiffblueTest
16:21:00.776 [INFO]   [Validating]  out: [INFO] Running org.symphonyoss.symphony.messageml.markdown.MarkdownRendererDiffblueTest
16:21:00.789 [INFO]   [Validating]  out: [INFO] Tests run: 156, Failures: 0, Errors: 0, Skipped: 0, Time elapsed: 0.011 s - in org.symphonyoss.symphony.messageml.markdown.MarkdownRendererDiffblueTest
16:21:01.141 [INFO]   [Validating]  out: [INFO] 
16:21:01.141 [INFO]   [Validating]  out: [INFO] Results:
16:21:01.141 [INFO]   [Validating]  out: [INFO] 
16:21:01.141 [INFO]   [Validating]  out: [ERROR] Failures: 
16:21:01.141 [INFO]   [Validating]  out: [ERROR]   ButtonDiffblueTest.testUpdateBiContext_thenButtonWithParentIsBoldAndFormatIsMessagemlLoggerLogger:732 expected:<6> but was:<4>
16:21:01.141 [INFO]   [Validating]  out: [ERROR] Errors: 
16:21:01.141 [INFO]   [Validating]  out: [ERROR]   TestInvalidSchemas.testIdExtraAttributes »  Unexpected exception, expected<org...
16:21:01.142 [INFO]   [Validating]  out: [ERROR]   TestInvalidSchemas.testInvalidTypeVersion »  Unexpected exception, expected<or...
16:21:01.142 [INFO]   [Validating]  out: [ERROR]   TestInvalidSchemas.testMissingTypeId »  Unexpected exception, expected<org.sym...
16:21:01.142 [INFO]   [Validating]  out: [ERROR]   TestInvalidSchemas.testMissingTypeVersion »  Unexpected exception, expected<or...
16:21:01.142 [INFO]   [Validating]  out: [ERROR]   TestInvalidSchemas.testObjectIdObject »  Unexpected exception, expected<org.sy...
16:21:01.142 [INFO]   [Validating]  out: [ERROR]   TestInvalidSchemas.testObjectIdString »  Unexpected exception, expected<org.sy...
16:21:01.142 [INFO]   [Validating]  out: [ERROR]   TestValidSchemas.testBondRfq:78 » InvalidInstance java.net.UnknownHostExceptio...
16:21:01.142 [INFO]   [Validating]  out: [ERROR]   TestValidSchemas.testBondRfqObject:84 » InvalidInstance java.net.UnknownHostEx...
16:21:01.142 [INFO]   [Validating]  out: [ERROR]   TestValidSchemas.testBondRfqSchema:72 » InvalidInstance java.net.UnknownHostEx...
16:21:01.142 [INFO]   [Validating]  out: [ERROR]   TestValidSchemas.testEntityJson:58 » InvalidInstance java.net.UnknownHostExcep...
16:21:01.142 [INFO]   [Validating]  out: [ERROR]   TestValidSchemas.testEntityJsonSchema:52 » InvalidInstance java.net.UnknownHos...
16:21:01.142 [INFO]   [Validating]  out: [ERROR]   TestValidSchemas.testExpandedJira:102->test:107 » Runtime org.symphonyoss.symp...
16:21:01.142 [INFO]   [Validating]  out: [ERROR]   TestValidSchemas.testJsonSchema:46 » InvalidInstance java.net.UnknownHostExcep...
16:21:01.142 [INFO]   [Validating]  out: [ERROR]   TestValidSchemas.testSingleJira:96->test:107 » Runtime org.symphonyoss.symphon...
16:21:01.142 [INFO]   [Validating]  out: [ERROR]   TestValidSchemas.testStructuredObject:65 » InvalidInstance java.net.UnknownHos...
16:21:01.142 [INFO]   [Validating]  out: [INFO] 
16:21:01.142 [INFO]   [Validating]  out: [ERROR] Tests run: 3605, Failures: 1, Errors: 15, Skipped: 0
16:21:01.142 [INFO]   [Validating]  out: [INFO] 
16:21:01.207 [INFO]   [Validating]  deserializing line [DIFFBLUE]{"__type":"com.diffblue.cover.buildsystem.model.DefaultProjectModuleMessage","project":{"__type":"DefaultProjectModule","junitReport":["/home/jbergqvist/diffblue/finos-messageml-utils/target/surefire-reports"],"jacocoReport":["/home/jbergqvist/diffblue/finos-messageml-utils/target/site/jacoco/jacoco.xml"],"jacocoDestFile":["/home/jbergqvist/diffblue/finos-messageml-utils/target/jacoco.exec"],"jacocoFormats":["xml"],"jacocoSkipped":false,"classpath":["/home/jbergqvist/diffblue/finos-messageml-utils/target/classes","/home/jbergqvist/.m2/repository/org/projectlombok/lombok/1.18.42/lombok-1.18.42.jar","/home/jbergqvist/.m2/repository/com/github/java-json-tools/json-schema-validator/2.2.14/json-schema-validator-2.2.14.jar","/home/jbergqvist/.m2/repository/com/github/java-json-tools/jackson-coreutils-equivalence/1.0/jackson-coreutils-equivalence-1.0.jar","/home/jbergqvist/.m2/repository/com/github/java-json-tools/jackson-coreutils/2.0/jackson-coreutils-2.0.jar","/home/jbergqvist/.m2/repository/com/github/java-json-tools/msg-simple/1.2/msg-simple-1.2.jar","/home/jbergqvist/.m2/repository/com/github/java-json-tools/btf/1.3/btf-1.3.jar","/home/jbergqvist/.m2/repository/com/github/java-json-tools/json-schema-core/1.2.14/json-schema-core-1.2.14.jar","/home/jbergqvist/.m2/repository/com/github/java-json-tools/uri-template/0.10/uri-template-0.10.jar","/home/jbergqvist/.m2/repository/com/sun/mail/mailapi/1.6.2/mailapi-1.6.2.jar","/home/jbergqvist/.m2/repository/joda-time/joda-time/2.10.5/joda-time-2.10.5.jar","/home/jbergqvist/.m2/repository/com/googlecode/libphonenumber/libphonenumber/8.11.1/libphonenumber-8.11.1.jar","/home/jbergqvist/.m2/repository/com/google/code/findbugs/jsr305/3.0.2/jsr305-3.0.2.jar","/home/jbergqvist/.m2/repository/net/sf/jopt-simple/jopt-simple/5.0.4/jopt-simple-5.0.4.jar","/home/jbergqvist/.m2/repository/org/mozilla/rhino/1.7.13/rhino-1.7.13.jar","/home/jbergqvist/.m2/repository/com/google/guava/guava/32.1.2-jre/guava-32.1.2-jre.jar","/home/jbergqvist/.m2/repository/com/google/guava/failureaccess/1.0.1/failureaccess-1.0.1.jar","/home/jbergqvist/.m2/repository/com/google/guava/listenablefuture/9999.0-empty-to-avoid-conflict-with-guava/listenablefuture-9999.0-empty-to-avoid-conflict-with-guava.jar","/home/jbergqvist/.m2/repository/org/checkerframework/checker-qual/3.33.0/checker-qual-3.33.0.jar","/home/jbergqvist/.m2/repository/com/google/errorprone/error_prone_annotations/2.18.0/error_prone_annotations-2.18.0.jar","/home/jbergqvist/.m2/repository/com/google/j2objc/j2objc-annotations/2.8/j2objc-annotations-2.8.jar","/home/jbergqvist/.m2/repository/com/fasterxml/jackson/core/jackson-core/2.15.2/jackson-core-2.15.2.jar","/home/jbergqvist/.m2/repository/com/fasterxml/jackson/core/jackson-databind/2.15.2/jackson-databind-2.15.2.jar","/home/jbergqvist/.m2/repository/com/fasterxml/jackson/core/jackson-annotations/2.15.2/jackson-annotations-2.15.2.jar","/home/jbergqvist/.m2/repository/commons-io/commons-io/2.11.0/commons-io-2.11.0.jar","/home/jbergqvist/.m2/repository/org/apache/commons/commons-lang3/3.12.0/commons-lang3-3.12.0.jar","/home/jbergqvist/.m2/repository/org/freemarker/freemarker/2.3.31/freemarker-2.3.31.jar","/home/jbergqvist/.m2/repository/org/slf4j/slf4j-api/1.7.32/slf4j-api-1.7.32.jar","/home/jbergqvist/.m2/repository/com/diffblue/cover/cover-annotations/1.8.0/cover-annotations-1.8.0.jar","/home/jbergqvist/.m2/repository/com/atlassian/commonmark/commonmark/0.15.2/commonmark-0.15.2.jar","/home/jbergqvist/.m2/repository/org/junit/jupiter/junit-jupiter-api/5.8.2/junit-jupiter-api-5.8.2.jar","/home/jbergqvist/.m2/repository/org/opentest4j/opentest4j/1.2.0/opentest4j-1.2.0.jar","/home/jbergqvist/.m2/repository/org/junit/platform/junit-platform-commons/1.8.2/junit-platform-commons-1.8.2.jar","/home/jbergqvist/.m2/repository/org/apiguardian/apiguardian-api/1.1.2/apiguardian-api-1.1.2.jar","/home/jbergqvist/.m2/repository/org/junit/jupiter/junit-jupiter-params/5.8.2/junit-jupiter-params-5.8.2.jar","/home/jbergqvist/.m2/repository/org/junit/jupiter/junit-jupiter-engine/5.8.2/junit-jupiter-engine-5.8.2.jar","/home/jbergqvist/.m2/repository/org/junit/platform/junit-platform-engine/1.8.2/junit-platform-engine-1.8.2.jar","/home/jbergqvist/.m2/repository/org/junit/vintage/junit-vintage-engine/5.8.2/junit-vintage-engine-5.8.2.jar","/home/jbergqvist/.m2/repository/junit/junit/4.13.2/junit-4.13.2.jar","/home/jbergqvist/.m2/repository/org/hamcrest/hamcrest-core/1.3/hamcrest-core-1.3.jar","/home/jbergqvist/.m2/repository/org/mockito/mockito-core/4.0.0/mockito-core-4.0.0.jar","/home/jbergqvist/.m2/repository/net/bytebuddy/byte-buddy/1.11.19/byte-buddy-1.11.19.jar","/home/jbergqvist/.m2/repository/net/bytebuddy/byte-buddy-agent/1.11.19/byte-buddy-agent-1.11.19.jar","/home/jbergqvist/.m2/repository/org/objenesis/objenesis/3.2/objenesis-3.2.jar","/home/jbergqvist/.m2/repository/org/openjdk/jmh/jmh-core/1.33/jmh-core-1.33.jar","/home/jbergqvist/.m2/repository/org/apache/commons/commons-math3/3.2/commons-math3-3.2.jar","/home/jbergqvist/.m2/repository/org/openjdk/jmh/jmh-generator-annprocess/1.33/jmh-generator-annprocess-1.33.jar","/home/jbergqvist/.m2/repository/org/xmlunit/xmlunit-core/2.8.3/xmlunit-core-2.8.3.jar","/home/jbergqvist/.m2/repository/jakarta/xml/bind/jakarta.xml.bind-api/2.3.3/jakarta.xml.bind-api-2.3.3.jar","/home/jbergqvist/.m2/repository/jakarta/activation/jakarta.activation-api/1.2.2/jakarta.activation-api-1.2.2.jar","/home/jbergqvist/.m2/repository/ch/qos/logback/logback-classic/1.2.9/logback-classic-1.2.9.jar","/home/jbergqvist/.m2/repository/ch/qos/logback/logback-core/1.2.9/logback-core-1.2.9.jar"],"complianceLevel":"1.8","productionSources":["/home/jbergqvist/diffblue/finos-messageml-utils/src/main/java"],"testSources":["/home/jbergqvist/diffblue/finos-messageml-utils/src/test/java"],"productionClasses":"/home/jbergqvist/diffblue/finos-messageml-utils/target/classes","testClasses":"/home/jbergqvist/diffblue/finos-messageml-utils/target/test-classes","sourceToBuildPathMap":null,"testSourceToBuildPathMap":null,"buildDirectory":"/home/jbergqvist/diffblue/finos-messageml-utils/target","plugins":[{"__type":"DefaultPlugin","groupId":"org.apache.maven.plugins","artefactId":"maven-surefire-plugin","version":"2.22.2","pluginClassName":null},{"__type":"DefaultPlugin","groupId":"org.apache.maven.plugins","artefactId":"maven-clean-plugin","version":"2.5","pluginClassName":null},{"__type":"DefaultPlugin","groupId":"org.apache.maven.plugins","artefactId":"maven-resources-plugin","version":"2.6","pluginClassName":null},{"__type":"DefaultPlugin","groupId":"org.apache.maven.plugins","artefactId":"maven-jar-plugin","version":"3.2.2","pluginClassName":null},{"__type":"DefaultPlugin","groupId":"org.apache.maven.plugins","artefactId":"maven-compiler-plugin","version":"3.1","pluginClassName":null},{"__type":"DefaultPlugin","groupId":"org.apache.maven.plugins","artefactId":"maven-install-plugin","version":"2.4","pluginClassName":null},{"__type":"DefaultPlugin","groupId":"org.apache.maven.plugins","artefactId":"maven-deploy-plugin","version":"3.0.0-M1","pluginClassName":null},{"__type":"DefaultPlugin","groupId":"org.apache.maven.plugins","artefactId":"maven-site-plugin","version":"3.3","pluginClassName":null}],"version":"3.8.4","encoding":"UTF-8","name":"maven","subModules":[],"simpleModuleName":null,"parentModuleName":null,"location":"/home/jbergqvist/diffblue/finos-messageml-utils","fullModuleName":"org.symphonyoss.symphony:messageml"}}
16:21:01.210 [INFO]   [Validating]  out: [INFO] ------------------------------------------------------------------------
16:21:01.210 [INFO]   [Validating]  out: [INFO] BUILD FAILURE
16:21:01.210 [INFO]   [Validating]  out: [INFO] ------------------------------------------------------------------------
16:21:01.210 [INFO]   [Validating]  out: [INFO] Total time:  10.104 s
16:21:01.210 [INFO]   [Validating]  out: [INFO] Finished at: 2026-01-09T16:21:01Z
16:21:01.210 [INFO]   [Validating]  out: [INFO] ------------------------------------------------------------------------
16:21:01.210 [INFO]   [Validating]  deserializing line [DIFFBLUE]{"__type":"com.diffblue.cover.buildsystem.model.ProjectInfoMessage","projectName":"org.symphonyoss.symphony:messageml","productionSources":["/home/jbergqvist/diffblue/finos-messageml-utils/src/main/java"],"testSources":["/home/jbergqvist/diffblue/finos-messageml-utils/src/test/java"],"location":"/home/jbergqvist/diffblue/finos-messageml-utils"}
16:21:01.211 [INFO]   [Validating]  out: [ERROR] Failed to execute goal org.apache.maven.plugins:maven-surefire-plugin:2.22.2:test (default-test) on project messageml: There are test failures.
16:21:01.211 [INFO]   [Validating]  out: [ERROR] 
16:21:01.211 [INFO]   [Validating]  out: [ERROR] Please refer to /home/jbergqvist/diffblue/finos-messageml-utils/target/surefire-reports for the individual test results.
16:21:01.211 [INFO]   [Validating]  out: [ERROR] Please refer to dump files (if any exist) [date].dump, [date]-jvmRun[N].dump and [date].dumpstream.
16:21:01.211 [INFO]   [Validating]  out: [ERROR] -> [Help 1]
16:21:01.211 [INFO]   [Validating]  out: [ERROR] 
16:21:01.211 [INFO]   [Validating]  out: [ERROR] To see the full stack trace of the errors, re-run Maven with the -e switch.
16:21:01.211 [INFO]   [Validating]  out: [ERROR] Re-run Maven using the -X switch to enable full debug logging.
16:21:01.211 [INFO]   [Validating]  out: [ERROR] 
16:21:01.211 [INFO]   [Validating]  out: [ERROR] For more information about the errors and possible solutions, please read the following articles:
16:21:01.211 [INFO]   [Validating]  out: [ERROR] [Help 1] http://cwiki.apache.org/confluence/display/MAVEN/MojoFailureException
16:21:01.279 [INFO]   [Validating]  maven:err process not stopped, joining thread
16:21:01.279 [INFO]   [Validating]  maven:out process not stopped, joining thread
16:21:02.238 [INFO]   [Validating]  Test execution failed, analyzing...
16:21:02.238 [INFO]   [Validating]  1 individual tests did not pass and were removed.
16:21:02.243 [INFO]   [Validating]    
16:21:02.244 [INFO]   [Validating]  Using default build rules as no custom rules found in any of [/home/jbergqvist/diffblue/finos-messageml-utils]
16:21:02.244 [INFO]   [Validating]  Attempting to invoke /home/jbergqvist/diffblue/finos-messageml-utils/mvnw in working directory: /home/jbergqvist/diffblue/finos-messageml-utils
16:21:02.244 [INFO]   [Validating]  Started "/home/jbergqvist/diffblue/finos-messageml-utils/mvnw -Dmaven.ext.class.path=/opt/cover/cover-buildsystem-maven-spy-jar-with-dependencies.jar -Dcom.diffblue.cover.skipTests=true -DskipTestOptimizer --batch-mode --projects=org.symphonyoss.symphony:messageml --global-settings=/home/jbergqvist/.sdkman/candidates/maven/current/conf/settings.xml clean test"
16:21:02.856 [INFO]   [Validating]  out: [INFO] Scanning for projects...
16:21:02.895 [INFO]   [Validating]  out: [INFO] 
16:21:02.896 [INFO]   [Validating]  out: [INFO] -----------------< org.symphonyoss.symphony:messageml >-----------------
16:21:02.896 [INFO]   [Validating]  out: [INFO] Building MessageML Utils 0.13.0
16:21:02.896 [INFO]   [Validating]  out: [INFO] --------------------------------[ jar ]---------------------------------
16:21:03.161 [INFO]   [Validating]  deserializing line [DIFFBLUE]{"__type":"com.diffblue.cover.buildsystem.model.DefaultEventMessage","project":"org.symphonyoss.symphony:messageml","goal":"clean","cause":null,"state":"STARTED"}
16:21:03.163 [INFO]   [Validating]  out: [INFO] 
16:21:03.163 [INFO]   [Validating]  out: [INFO] --- maven-clean-plugin:2.5:clean (default-clean) @ messageml ---
16:21:03.190 [INFO]   [Validating]  out: [INFO] Deleting /home/jbergqvist/diffblue/finos-messageml-utils/target
16:21:03.202 [INFO]   [Validating]  deserializing line [DIFFBLUE]{"__type":"com.diffblue.cover.buildsystem.model.DefaultEventMessage","project":"org.symphonyoss.symphony:messageml","goal":"clean","cause":null,"state":"SUCCESS"}
16:21:03.203 [INFO]   [Validating]  deserializing line [DIFFBLUE]{"__type":"com.diffblue.cover.buildsystem.model.DefaultEventMessage","project":"org.symphonyoss.symphony:messageml","goal":"resources","cause":null,"state":"STARTED"}
16:21:03.204 [INFO]   [Validating]  out: [INFO] 
16:21:03.204 [INFO]   [Validating]  out: [INFO] --- maven-resources-plugin:2.6:resources (default-resources) @ messageml ---
16:21:03.264 [INFO]   [Validating]  out: [INFO] Using 'UTF-8' encoding to copy filtered resources.
16:21:03.266 [INFO]   [Validating]  out: [INFO] Copying 1 resource
16:21:03.270 [INFO]   [Validating]  deserializing line [DIFFBLUE]{"__type":"com.diffblue.cover.buildsystem.model.DefaultEventMessage","project":"org.symphonyoss.symphony:messageml","goal":"resources","cause":null,"state":"SUCCESS"}
16:21:03.272 [INFO]   [Validating]  deserializing line [DIFFBLUE]{"__type":"com.diffblue.cover.buildsystem.model.DefaultEventMessage","project":"org.symphonyoss.symphony:messageml","goal":"compile","cause":null,"state":"STARTED"}
16:21:03.273 [INFO]   [Validating]  out: [INFO] 
16:21:03.273 [INFO]   [Validating]  out: [INFO] --- maven-compiler-plugin:3.1:compile (default-compile) @ messageml ---
16:21:03.375 [INFO]   [Validating]  out: [INFO] Changes detected - recompiling the module!
16:21:03.377 [INFO]   [Validating]  out: [INFO] Compiling 143 source files to /home/jbergqvist/diffblue/finos-messageml-utils/target/classes
16:21:05.529 [INFO]   [Validating]  deserializing line [DIFFBLUE]{"__type":"com.diffblue.cover.buildsystem.model.DefaultEventMessage","project":"org.symphonyoss.symphony:messageml","goal":"compile","cause":null,"state":"SUCCESS"}
16:21:05.531 [INFO]   [Validating]  deserializing line [DIFFBLUE]{"__type":"com.diffblue.cover.buildsystem.model.DefaultEventMessage","project":"org.symphonyoss.symphony:messageml","goal":"testResources","cause":null,"state":"STARTED"}
16:21:05.532 [INFO]   [Validating]  out: [INFO] 
16:21:05.532 [INFO]   [Validating]  out: [INFO] --- maven-resources-plugin:2.6:testResources (default-testResources) @ messageml ---
16:21:05.533 [INFO]   [Validating]  out: [INFO] Using 'UTF-8' encoding to copy filtered resources.
16:21:05.535 [INFO]   [Validating]  out: [INFO] Copying 36 resources
16:21:05.540 [INFO]   [Validating]  deserializing line [DIFFBLUE]{"__type":"com.diffblue.cover.buildsystem.model.DefaultEventMessage","project":"org.symphonyoss.symphony:messageml","goal":"testResources","cause":null,"state":"SUCCESS"}
16:21:05.542 [INFO]   [Validating]  deserializing line [DIFFBLUE]{"__type":"com.diffblue.cover.buildsystem.model.DefaultEventMessage","project":"org.symphonyoss.symphony:messageml","goal":"testCompile","cause":null,"state":"STARTED"}
16:21:05.543 [INFO]   [Validating]  out: [INFO] 
16:21:05.543 [INFO]   [Validating]  out: [INFO] --- maven-compiler-plugin:3.1:testCompile (default-testCompile) @ messageml ---
16:21:05.554 [INFO]   [Validating]  out: [INFO] Changes detected - recompiling the module!
16:21:05.554 [INFO]   [Validating]  out: [INFO] Compiling 188 source files to /home/jbergqvist/diffblue/finos-messageml-utils/target/test-classes
16:21:08.960 [INFO]   [Validating]  out: [WARNING] /home/jbergqvist/diffblue/finos-messageml-utils/src/test/java/org/symphonyoss/symphony/messageml/elements/ElementTest.java: Some input files use or override a deprecated API.
16:21:08.961 [INFO]   [Validating]  out: [WARNING] /home/jbergqvist/diffblue/finos-messageml-utils/src/test/java/org/symphonyoss/symphony/messageml/elements/ElementTest.java: Recompile with -Xlint:deprecation for details.
16:21:08.961 [INFO]   [Validating]  out: [WARNING] /home/jbergqvist/diffblue/finos-messageml-utils/src/test/java/org/symphonyoss/symphony/messageml/MessageMLContextTest.java: /home/jbergqvist/diffblue/finos-messageml-utils/src/test/java/org/symphonyoss/symphony/messageml/MessageMLContextTest.java uses unchecked or unsafe operations.
16:21:08.961 [INFO]   [Validating]  out: [WARNING] /home/jbergqvist/diffblue/finos-messageml-utils/src/test/java/org/symphonyoss/symphony/messageml/MessageMLContextTest.java: Recompile with -Xlint:unchecked for details.
16:21:08.962 [INFO]   [Validating]  deserializing line [DIFFBLUE]{"__type":"com.diffblue.cover.buildsystem.model.DefaultEventMessage","project":"org.symphonyoss.symphony:messageml","goal":"testCompile","cause":null,"state":"SUCCESS"}
16:21:08.964 [INFO]   [Validating]  deserializing line [DIFFBLUE]{"__type":"com.diffblue.cover.buildsystem.model.DefaultEventMessage","project":"org.symphonyoss.symphony:messageml","goal":"test","cause":null,"state":"STARTED"}
16:21:08.965 [INFO]   [Validating]  out: [INFO] 
16:21:08.965 [INFO]   [Validating]  out: [INFO] --- maven-surefire-plugin:2.22.2:test (default-test) @ messageml ---
16:21:09.100 [INFO]   [Validating]  out: [INFO] 
16:21:09.100 [INFO]   [Validating]  out: [INFO] -------------------------------------------------------
16:21:09.100 [INFO]   [Validating]  out: [INFO]  T E S T S
16:21:09.100 [INFO]   [Validating]  out: [INFO] -------------------------------------------------------
16:21:09.927 [INFO]   [Validating]  out: [INFO] Running org.symphonyoss.symphony.messageml.elements.form.DatePickerTest
16:21:10.166 [INFO]   [Validating]  out: 16:21:10.164 [main] WARN org.symphonyoss.symphony.messageml.bi.BiContext - Failed to extract the messageML library version.
16:21:10.253 [INFO]   [Validating]  out: [INFO] Tests run: 2, Failures: 0, Errors: 0, Skipped: 0, Time elapsed: 0.319 s - in org.symphonyoss.symphony.messageml.elements.form.DatePickerTest
16:21:10.253 [INFO]   [Validating]  out: [INFO] Running org.symphonyoss.symphony.messageml.elements.form.TextAreaTest
16:21:10.255 [INFO]   [Validating]  out: [INFO] Tests run: 2, Failures: 0, Errors: 0, Skipped: 0, Time elapsed: 0.001 s - in org.symphonyoss.symphony.messageml.elements.form.TextAreaTest
16:21:10.255 [INFO]   [Validating]  out: [INFO] Running org.symphonyoss.symphony.messageml.elements.form.CheckboxTest
16:21:10.264 [INFO]   [Validating]  out: [INFO] Tests run: 2, Failures: 0, Errors: 0, Skipped: 0, Time elapsed: 0.007 s - in org.symphonyoss.symphony.messageml.elements.form.CheckboxTest
16:21:10.264 [INFO]   [Validating]  out: [INFO] Running org.symphonyoss.symphony.messageml.elements.form.TimezonePickerTest
16:21:10.279 [INFO]   [Validating]  out: [INFO] Tests run: 2, Failures: 0, Errors: 0, Skipped: 0, Time elapsed: 0.013 s - in org.symphonyoss.symphony.messageml.elements.form.TimezonePickerTest
16:21:10.279 [INFO]   [Validating]  out: [INFO] Running org.symphonyoss.symphony.messageml.elements.form.RadioTest
16:21:10.286 [INFO]   [Validating]  out: [INFO] Tests run: 2, Failures: 0, Errors: 0, Skipped: 0, Time elapsed: 0.006 s - in org.symphonyoss.symphony.messageml.elements.form.RadioTest
16:21:10.287 [INFO]   [Validating]  out: [INFO] Running org.symphonyoss.symphony.messageml.elements.form.TextFieldTest
16:21:10.293 [INFO]   [Validating]  out: [INFO] Tests run: 3, Failures: 0, Errors: 0, Skipped: 0, Time elapsed: 0.006 s - in org.symphonyoss.symphony.messageml.elements.form.TextFieldTest
16:21:10.294 [INFO]   [Validating]  out: [INFO] Running org.symphonyoss.symphony.messageml.elements.form.TimePickerTest
16:21:10.301 [INFO]   [Validating]  out: [INFO] Tests run: 2, Failures: 0, Errors: 0, Skipped: 0, Time elapsed: 0.006 s - in org.symphonyoss.symphony.messageml.elements.form.TimePickerTest
16:21:10.301 [INFO]   [Validating]  out: [INFO] Running org.symphonyoss.symphony.messageml.elements.CodeLanguageTest
16:21:10.386 [INFO]   [Validating]  out: [INFO] Tests run: 61, Failures: 0, Errors: 0, Skipped: 0, Time elapsed: 0.081 s - in org.symphonyoss.symphony.messageml.elements.CodeLanguageTest
16:21:10.386 [INFO]   [Validating]  out: [INFO] Running org.symphonyoss.symphony.messageml.markdown.MarkdownParserTest
16:21:10.389 [INFO]   [Validating]  out: [INFO] Tests run: 1, Failures: 0, Errors: 0, Skipped: 0, Time elapsed: 0.002 s - in org.symphonyoss.symphony.messageml.markdown.MarkdownParserTest
16:21:10.397 [INFO]   [Validating]  out: [INFO] Running org.symphonyoss.symphony.entityjson.EntityJsonParserDiffblueTest
16:21:10.556 [INFO]   [Validating]  out: [INFO] Tests run: 10, Failures: 0, Errors: 0, Skipped: 0, Time elapsed: 0.158 s - in org.symphonyoss.symphony.entityjson.EntityJsonParserDiffblueTest
16:21:10.556 [INFO]   [Validating]  out: [INFO] Running org.symphonyoss.symphony.entityjson.NoSchemaExceptionDiffblueTest
16:21:10.787 [INFO]   [Validating]  out: [INFO] Tests run: 5, Failures: 0, Errors: 0, Skipped: 0, Time elapsed: 0.231 s - in org.symphonyoss.symphony.entityjson.NoSchemaExceptionDiffblueTest
16:21:10.787 [INFO]   [Validating]  out: [INFO] Running org.symphonyoss.symphony.entityjson.EntityJsonParserBuilderDiffblueTest
16:21:10.788 [INFO]   [Validating]  out: [INFO] Tests run: 1, Failures: 0, Errors: 0, Skipped: 0, Time elapsed: 0 s - in org.symphonyoss.symphony.entityjson.EntityJsonParserBuilderDiffblueTest
16:21:10.788 [INFO]   [Validating]  out: [INFO] Running org.symphonyoss.symphony.entityjson.TestValidSchemas
16:21:10.903 [INFO]   [Validating]  out: [ERROR] Tests run: 9, Failures: 0, Errors: 9, Skipped: 0, Time elapsed: 0.114 s <<< FAILURE! - in org.symphonyoss.symphony.entityjson.TestValidSchemas
16:21:10.903 [INFO]   [Validating]  out: [ERROR] testStructuredObject  Time elapsed: 0.104 s  <<< ERROR!
16:21:10.903 [INFO]   [Validating]  out: org.symphonyoss.symphony.entityjson.InvalidInstanceException: java.net.UnknownHostException: schemas.oss.symphony.com
16:21:10.903 [INFO]   [Validating]  out: 	at org.symphonyoss.symphony.entityjson.TestValidSchemas.testStructuredObject(TestValidSchemas.java:65)
16:21:10.903 [INFO]   [Validating]  out: Caused by: java.net.UnknownHostException: schemas.oss.symphony.com
16:21:10.903 [INFO]   [Validating]  out: 	at org.symphonyoss.symphony.entityjson.TestValidSchemas.testStructuredObject(TestValidSchemas.java:65)
16:21:10.903 [INFO]   [Validating]  out: 
16:21:10.903 [INFO]   [Validating]  out: [ERROR] testBondRfq  Time elapsed: 0 s  <<< ERROR!
16:21:10.904 [INFO]   [Validating]  out: org.symphonyoss.symphony.entityjson.InvalidInstanceException: java.net.UnknownHostException: schemas.oss.symphony.com
16:21:10.904 [INFO]   [Validating]  out: 	at org.symphonyoss.symphony.entityjson.TestValidSchemas.testBondRfq(TestValidSchemas.java:78)
16:21:10.904 [INFO]   [Validating]  out: Caused by: java.net.UnknownHostException: schemas.oss.symphony.com
16:21:10.904 [INFO]   [Validating]  out: 	at org.symphonyoss.symphony.entityjson.TestValidSchemas.testBondRfq(TestValidSchemas.java:78)
16:21:10.904 [INFO]   [Validating]  out: 
16:21:10.904 [INFO]   [Validating]  out: [ERROR] testJsonSchema  Time elapsed: 0.001 s  <<< ERROR!
16:21:10.904 [INFO]   [Validating]  out: org.symphonyoss.symphony.entityjson.InvalidInstanceException: java.net.UnknownHostException: schemas.oss.symphony.com
16:21:10.904 [INFO]   [Validating]  out: 	at org.symphonyoss.symphony.entityjson.TestValidSchemas.testJsonSchema(TestValidSchemas.java:46)
16:21:10.904 [INFO]   [Validating]  out: Caused by: java.net.UnknownHostException: schemas.oss.symphony.com
16:21:10.904 [INFO]   [Validating]  out: 	at org.symphonyoss.symphony.entityjson.TestValidSchemas.testJsonSchema(TestValidSchemas.java:46)
16:21:10.904 [INFO]   [Validating]  out: 
16:21:10.904 [INFO]   [Validating]  out: [ERROR] testEntityJsonSchema  Time elapsed: 0.001 s  <<< ERROR!
16:21:10.904 [INFO]   [Validating]  out: org.symphonyoss.symphony.entityjson.InvalidInstanceException: java.net.UnknownHostException: schemas.oss.symphony.com
16:21:10.904 [INFO]   [Validating]  out: 	at org.symphonyoss.symphony.entityjson.TestValidSchemas.testEntityJsonSchema(TestValidSchemas.java:52)
16:21:10.904 [INFO]   [Validating]  out: Caused by: java.net.UnknownHostException: schemas.oss.symphony.com
16:21:10.904 [INFO]   [Validating]  out: 	at org.symphonyoss.symphony.entityjson.TestValidSchemas.testEntityJsonSchema(TestValidSchemas.java:52)
16:21:10.904 [INFO]   [Validating]  out: 
16:21:10.904 [INFO]   [Validating]  out: [ERROR] testSingleJira  Time elapsed: 0.002 s  <<< ERROR!
16:21:10.904 [INFO]   [Validating]  out: java.lang.RuntimeException: org.symphonyoss.symphony.entityjson.InvalidSchemaException: java.net.UnknownHostException: schemas.oss.symphony.com
16:21:10.904 [INFO]   [Validating]  out: 	at org.symphonyoss.symphony.entityjson.TestValidSchemas.test(TestValidSchemas.java:107)
16:21:10.904 [INFO]   [Validating]  out: 	at org.symphonyoss.symphony.entityjson.TestValidSchemas.testSingleJira(TestValidSchemas.java:96)
16:21:10.904 [INFO]   [Validating]  out: Caused by: org.symphonyoss.symphony.entityjson.InvalidSchemaException: java.net.UnknownHostException: schemas.oss.symphony.com
16:21:10.904 [INFO]   [Validating]  out: 	at org.symphonyoss.symphony.entityjson.TestValidSchemas.test(TestValidSchemas.java:107)
16:21:10.904 [INFO]   [Validating]  out: 	at org.symphonyoss.symphony.entityjson.TestValidSchemas.testSingleJira(TestValidSchemas.java:96)
16:21:10.904 [INFO]   [Validating]  out: Caused by: java.net.UnknownHostException: schemas.oss.symphony.com
16:21:10.904 [INFO]   [Validating]  out: 	at org.symphonyoss.symphony.entityjson.TestValidSchemas.test(TestValidSchemas.java:107)
16:21:10.904 [INFO]   [Validating]  out: 	at org.symphonyoss.symphony.entityjson.TestValidSchemas.testSingleJira(TestValidSchemas.java:96)
16:21:10.904 [INFO]   [Validating]  out: 
16:21:10.904 [INFO]   [Validating]  out: [ERROR] testExpandedJira  Time elapsed: 0.002 s  <<< ERROR!
16:21:10.904 [INFO]   [Validating]  out: java.lang.RuntimeException: org.symphonyoss.symphony.entityjson.InvalidSchemaException: java.net.UnknownHostException: schemas.oss.symphony.com
16:21:10.904 [INFO]   [Validating]  out: 	at org.symphonyoss.symphony.entityjson.TestValidSchemas.test(TestValidSchemas.java:107)
16:21:10.904 [INFO]   [Validating]  out: 	at org.symphonyoss.symphony.entityjson.TestValidSchemas.testExpandedJira(TestValidSchemas.java:102)
16:21:10.904 [INFO]   [Validating]  out: Caused by: org.symphonyoss.symphony.entityjson.InvalidSchemaException: java.net.UnknownHostException: schemas.oss.symphony.com
16:21:10.904 [INFO]   [Validating]  out: 	at org.symphonyoss.symphony.entityjson.TestValidSchemas.test(TestValidSchemas.java:107)
16:21:10.904 [INFO]   [Validating]  out: 	at org.symphonyoss.symphony.entityjson.TestValidSchemas.testExpandedJira(TestValidSchemas.java:102)
16:21:10.904 [INFO]   [Validating]  out: Caused by: java.net.UnknownHostException: schemas.oss.symphony.com
16:21:10.904 [INFO]   [Validating]  out: 	at org.symphonyoss.symphony.entityjson.TestValidSchemas.test(TestValidSchemas.java:107)
16:21:10.904 [INFO]   [Validating]  out: 	at org.symphonyoss.symphony.entityjson.TestValidSchemas.testExpandedJira(TestValidSchemas.java:102)
16:21:10.904 [INFO]   [Validating]  out: 
16:21:10.904 [INFO]   [Validating]  out: [ERROR] testBondRfqObject  Time elapsed: 0.001 s  <<< ERROR!
16:21:10.904 [INFO]   [Validating]  out: org.symphonyoss.symphony.entityjson.InvalidInstanceException: java.net.UnknownHostException: schemas.oss.symphony.com
16:21:10.904 [INFO]   [Validating]  out: 	at org.symphonyoss.symphony.entityjson.TestValidSchemas.testBondRfqObject(TestValidSchemas.java:84)
16:21:10.904 [INFO]   [Validating]  out: Caused by: java.net.UnknownHostException: schemas.oss.symphony.com
16:21:10.904 [INFO]   [Validating]  out: 	at org.symphonyoss.symphony.entityjson.TestValidSchemas.testBondRfqObject(TestValidSchemas.java:84)
16:21:10.904 [INFO]   [Validating]  out: 
16:21:10.904 [INFO]   [Validating]  out: [ERROR] testBondRfqSchema  Time elapsed: 0.001 s  <<< ERROR!
16:21:10.904 [INFO]   [Validating]  out: org.symphonyoss.symphony.entityjson.InvalidInstanceException: java.net.UnknownHostException: schemas.oss.symphony.com
16:21:10.904 [INFO]   [Validating]  out: 	at org.symphonyoss.symphony.entityjson.TestValidSchemas.testBondRfqSchema(TestValidSchemas.java:72)
16:21:10.904 [INFO]   [Validating]  out: Caused by: java.net.UnknownHostException: schemas.oss.symphony.com
16:21:10.904 [INFO]   [Validating]  out: 	at org.symphonyoss.symphony.entityjson.TestValidSchemas.testBondRfqSchema(TestValidSchemas.java:72)
16:21:10.904 [INFO]   [Validating]  out: 
16:21:10.904 [INFO]   [Validating]  out: [ERROR] testEntityJson  Time elapsed: 0.001 s  <<< ERROR!
16:21:10.904 [INFO]   [Validating]  out: org.symphonyoss.symphony.entityjson.InvalidInstanceException: java.net.UnknownHostException: schemas.oss.symphony.com
16:21:10.904 [INFO]   [Validating]  out: 	at org.symphonyoss.symphony.entityjson.TestValidSchemas.testEntityJson(TestValidSchemas.java:58)
16:21:10.904 [INFO]   [Validating]  out: Caused by: java.net.UnknownHostException: schemas.oss.symphony.com
16:21:10.904 [INFO]   [Validating]  out: 	at org.symphonyoss.symphony.entityjson.TestValidSchemas.testEntityJson(TestValidSchemas.java:58)
16:21:10.904 [INFO]   [Validating]  out: 
16:21:10.904 [INFO]   [Validating]  out: [INFO] Running org.symphonyoss.symphony.entityjson.StructuredObjectIdDiffblueTest
16:21:11.099 [INFO]   [Validating]  out: [INFO] Tests run: 2, Failures: 0, Errors: 0, Skipped: 0, Time elapsed: 0.195 s - in org.symphonyoss.symphony.entityjson.StructuredObjectIdDiffblueTest
16:21:11.099 [INFO]   [Validating]  out: [INFO] Running org.symphonyoss.symphony.entityjson.SchemaValidationExceptionDiffblueTest
16:21:11.100 [INFO]   [Validating]  out: [INFO] Tests run: 5, Failures: 0, Errors: 0, Skipped: 0, Time elapsed: 0 s - in org.symphonyoss.symphony.entityjson.SchemaValidationExceptionDiffblueTest
16:21:11.100 [INFO]   [Validating]  out: [INFO] Running org.symphonyoss.symphony.entityjson.UntrustedSchemaSourceExceptionDiffblueTest
16:21:11.101 [INFO]   [Validating]  out: [INFO] Tests run: 5, Failures: 0, Errors: 0, Skipped: 0, Time elapsed: 0 s - in org.symphonyoss.symphony.entityjson.UntrustedSchemaSourceExceptionDiffblueTest
16:21:11.101 [INFO]   [Validating]  out: [INFO] Running org.symphonyoss.symphony.entityjson.StructuredObjectDiffblueTest
16:21:11.108 [INFO]   [Validating]  out: [INFO] Tests run: 5, Failures: 0, Errors: 0, Skipped: 0, Time elapsed: 0.007 s - in org.symphonyoss.symphony.entityjson.StructuredObjectDiffblueTest
16:21:11.108 [INFO]   [Validating]  out: [INFO] Running org.symphonyoss.symphony.entityjson.TestInvalidSchemas
16:21:11.117 [INFO]   [Validating]  out: [ERROR] Tests run: 6, Failures: 0, Errors: 6, Skipped: 0, Time elapsed: 0.008 s <<< FAILURE! - in org.symphonyoss.symphony.entityjson.TestInvalidSchemas
16:21:11.117 [INFO]   [Validating]  out: [ERROR] testInvalidTypeVersion  Time elapsed: 0.001 s  <<< ERROR!
16:21:11.117 [INFO]   [Validating]  out: java.lang.Exception: Unexpected exception, expected<org.symphonyoss.symphony.entityjson.SchemaValidationException> but was<java.lang.RuntimeException>
16:21:11.117 [INFO]   [Validating]  out: 	at org.symphonyoss.symphony.entityjson.TestInvalidSchemas.testInvalidTypeVersion(TestInvalidSchemas.java:44)
16:21:11.117 [INFO]   [Validating]  out: Caused by: org.symphonyoss.symphony.entityjson.InvalidSchemaException: java.net.UnknownHostException: schemas.oss.symphony.com
16:21:11.117 [INFO]   [Validating]  out: 	at org.symphonyoss.symphony.entityjson.TestInvalidSchemas.testInvalidTypeVersion(TestInvalidSchemas.java:44)
16:21:11.117 [INFO]   [Validating]  out: Caused by: java.net.UnknownHostException: schemas.oss.symphony.com
16:21:11.117 [INFO]   [Validating]  out: 	at org.symphonyoss.symphony.entityjson.TestInvalidSchemas.testInvalidTypeVersion(TestInvalidSchemas.java:44)
16:21:11.117 [INFO]   [Validating]  out: 
16:21:11.117 [INFO]   [Validating]  out: [ERROR] testMissingTypeVersion  Time elapsed: 0.001 s  <<< ERROR!
16:21:11.117 [INFO]   [Validating]  out: java.lang.Exception: Unexpected exception, expected<org.symphonyoss.symphony.entityjson.SchemaValidationException> but was<java.lang.RuntimeException>
16:21:11.117 [INFO]   [Validating]  out: 	at org.symphonyoss.symphony.entityjson.TestInvalidSchemas.testMissingTypeVersion(TestInvalidSchemas.java:66)
16:21:11.117 [INFO]   [Validating]  out: Caused by: org.symphonyoss.symphony.entityjson.InvalidSchemaException: java.net.UnknownHostException: schemas.oss.symphony.com
16:21:11.117 [INFO]   [Validating]  out: 	at org.symphonyoss.symphony.entityjson.TestInvalidSchemas.testMissingTypeVersion(TestInvalidSchemas.java:66)
16:21:11.117 [INFO]   [Validating]  out: Caused by: java.net.UnknownHostException: schemas.oss.symphony.com
16:21:11.117 [INFO]   [Validating]  out: 	at org.symphonyoss.symphony.entityjson.TestInvalidSchemas.testMissingTypeVersion(TestInvalidSchemas.java:66)
16:21:11.117 [INFO]   [Validating]  out: 
16:21:11.117 [INFO]   [Validating]  out: [ERROR] testMissingTypeId  Time elapsed: 0.001 s  <<< ERROR!
16:21:11.117 [INFO]   [Validating]  out: java.lang.Exception: Unexpected exception, expected<org.symphonyoss.symphony.entityjson.SchemaValidationException> but was<java.lang.RuntimeException>
16:21:11.117 [INFO]   [Validating]  out: 	at org.symphonyoss.symphony.entityjson.TestInvalidSchemas.testMissingTypeId(TestInvalidSchemas.java:85)
16:21:11.117 [INFO]   [Validating]  out: Caused by: org.symphonyoss.symphony.entityjson.InvalidSchemaException: java.net.UnknownHostException: schemas.oss.symphony.com
16:21:11.117 [INFO]   [Validating]  out: 	at org.symphonyoss.symphony.entityjson.TestInvalidSchemas.testMissingTypeId(TestInvalidSchemas.java:85)
16:21:11.117 [INFO]   [Validating]  out: Caused by: java.net.UnknownHostException: schemas.oss.symphony.com
16:21:11.117 [INFO]   [Validating]  out: 	at org.symphonyoss.symphony.entityjson.TestInvalidSchemas.testMissingTypeId(TestInvalidSchemas.java:85)
16:21:11.117 [INFO]   [Validating]  out: 
16:21:11.117 [INFO]   [Validating]  out: [ERROR] testIdExtraAttributes  Time elapsed: 0.002 s  <<< ERROR!
16:21:11.117 [INFO]   [Validating]  out: java.lang.Exception: Unexpected exception, expected<org.symphonyoss.symphony.entityjson.SchemaValidationException> but was<java.lang.RuntimeException>
16:21:11.117 [INFO]   [Validating]  out: 	at org.symphonyoss.symphony.entityjson.TestInvalidSchemas.testIdExtraAttributes(TestInvalidSchemas.java:137)
16:21:11.117 [INFO]   [Validating]  out: Caused by: org.symphonyoss.symphony.entityjson.InvalidSchemaException: java.net.UnknownHostException: schemas.oss.symphony.com
16:21:11.117 [INFO]   [Validating]  out: 	at org.symphonyoss.symphony.entityjson.TestInvalidSchemas.testIdExtraAttributes(TestInvalidSchemas.java:137)
16:21:11.117 [INFO]   [Validating]  out: Caused by: java.net.UnknownHostException: schemas.oss.symphony.com
16:21:11.117 [INFO]   [Validating]  out: 	at org.symphonyoss.symphony.entityjson.TestInvalidSchemas.testIdExtraAttributes(TestInvalidSchemas.java:137)
16:21:11.117 [INFO]   [Validating]  out: 
16:21:11.117 [INFO]   [Validating]  out: [ERROR] testObjectIdObject  Time elapsed: 0.001 s  <<< ERROR!
16:21:11.117 [INFO]   [Validating]  out: java.lang.Exception: Unexpected exception, expected<org.symphonyoss.symphony.entityjson.SchemaValidationException> but was<java.lang.RuntimeException>
16:21:11.117 [INFO]   [Validating]  out: 	at org.symphonyoss.symphony.entityjson.TestInvalidSchemas.testObjectIdObject(TestInvalidSchemas.java:119)
16:21:11.117 [INFO]   [Validating]  out: Caused by: org.symphonyoss.symphony.entityjson.InvalidSchemaException: java.net.UnknownHostException: schemas.oss.symphony.com
16:21:11.118 [INFO]   [Validating]  out: 	at org.symphonyoss.symphony.entityjson.TestInvalidSchemas.testObjectIdObject(TestInvalidSchemas.java:119)
16:21:11.118 [INFO]   [Validating]  out: Caused by: java.net.UnknownHostException: schemas.oss.symphony.com
16:21:11.118 [INFO]   [Validating]  out: 	at org.symphonyoss.symphony.entityjson.TestInvalidSchemas.testObjectIdObject(TestInvalidSchemas.java:119)
16:21:11.118 [INFO]   [Validating]  out: 
16:21:11.118 [INFO]   [Validating]  out: [ERROR] testObjectIdString  Time elapsed: 0.002 s  <<< ERROR!
16:21:11.118 [INFO]   [Validating]  out: java.lang.Exception: Unexpected exception, expected<org.symphonyoss.symphony.entityjson.SchemaValidationException> but was<java.lang.RuntimeException>
16:21:11.118 [INFO]   [Validating]  out: 	at org.symphonyoss.symphony.entityjson.TestInvalidSchemas.testObjectIdString(TestInvalidSchemas.java:104)
16:21:11.118 [INFO]   [Validating]  out: Caused by: org.symphonyoss.symphony.entityjson.InvalidSchemaException: java.net.UnknownHostException: schemas.oss.symphony.com
16:21:11.118 [INFO]   [Validating]  out: 	at org.symphonyoss.symphony.entityjson.TestInvalidSchemas.testObjectIdString(TestInvalidSchemas.java:104)
16:21:11.118 [INFO]   [Validating]  out: Caused by: java.net.UnknownHostException: schemas.oss.symphony.com
16:21:11.118 [INFO]   [Validating]  out: 	at org.symphonyoss.symphony.entityjson.TestInvalidSchemas.testObjectIdString(TestInvalidSchemas.java:104)
16:21:11.118 [INFO]   [Validating]  out: 
16:21:11.118 [INFO]   [Validating]  out: [INFO] Running org.symphonyoss.symphony.entityjson.InvalidInstanceExceptionDiffblueTest
16:21:11.118 [INFO]   [Validating]  out: [INFO] Tests run: 5, Failures: 0, Errors: 0, Skipped: 0, Time elapsed: 0 s - in org.symphonyoss.symphony.entityjson.InvalidInstanceExceptionDiffblueTest
16:21:11.118 [INFO]   [Validating]  out: [INFO] Running org.symphonyoss.symphony.entityjson.EntityJsonDiffblueTest
16:21:11.121 [INFO]   [Validating]  out: [INFO] Tests run: 6, Failures: 0, Errors: 0, Skipped: 0, Time elapsed: 0.002 s - in org.symphonyoss.symphony.entityjson.EntityJsonDiffblueTest
16:21:11.121 [INFO]   [Validating]  out: [INFO] Running org.symphonyoss.symphony.entityjson.EntityJsonContextDiffblueTest
16:21:11.227 [INFO]   [Validating]  out: [INFO] Tests run: 3, Failures: 0, Errors: 0, Skipped: 0, Time elapsed: 0.105 s - in org.symphonyoss.symphony.entityjson.EntityJsonContextDiffblueTest
16:21:11.227 [INFO]   [Validating]  out: [INFO] Running org.symphonyoss.symphony.entityjson.InvalidSchemaExceptionDiffblueTest
16:21:11.229 [INFO]   [Validating]  out: [INFO] Tests run: 5, Failures: 0, Errors: 0, Skipped: 0, Time elapsed: 0 s - in org.symphonyoss.symphony.entityjson.InvalidSchemaExceptionDiffblueTest
16:21:11.229 [INFO]   [Validating]  out: [INFO] Running org.symphonyoss.symphony.messageml.bi.BiEventTypeDiffblueTest
16:21:11.230 [INFO]   [Validating]  out: [INFO] Tests run: 1, Failures: 0, Errors: 0, Skipped: 0, Time elapsed: 0 s - in org.symphonyoss.symphony.messageml.bi.BiEventTypeDiffblueTest
16:21:11.230 [INFO]   [Validating]  out: [INFO] Running org.symphonyoss.symphony.messageml.bi.BiContextTest
16:21:11.231 [INFO]   [Validating]  out: [INFO] Tests run: 6, Failures: 0, Errors: 0, Skipped: 0, Time elapsed: 0 s - in org.symphonyoss.symphony.messageml.bi.BiContextTest
16:21:11.231 [INFO]   [Validating]  out: [INFO] Running org.symphonyoss.symphony.messageml.bi.BiFieldsDiffblueTest
16:21:11.233 [INFO]   [Validating]  out: [INFO] Tests run: 1, Failures: 0, Errors: 0, Skipped: 0, Time elapsed: 0 s - in org.symphonyoss.symphony.messageml.bi.BiFieldsDiffblueTest
16:21:11.233 [INFO]   [Validating]  out: [INFO] Running org.symphonyoss.symphony.messageml.bi.BiContextDiffblueTest
16:21:11.233 [INFO]   [Validating]  out: 16:21:11.228 [main] WARN org.symphonyoss.symphony.messageml.bi.BiContext - Attribute count for element Item Name does not contain an integer value. The count will not be increased.
16:21:11.233 [INFO]   [Validating]  out: 16:21:11.230 [main] WARN org.symphonyoss.symphony.messageml.bi.BiContext - Attribute count for element Item Name does not contain an integer value. The count will not be increased.
16:21:11.233 [INFO]   [Validating]  out: 16:21:11.231 [main] WARN org.symphonyoss.symphony.messageml.bi.BiContext - Attribute count for element Item Name does not contain an integer value. The count will not be increased.
16:21:11.235 [INFO]   [Validating]  out: [INFO] Tests run: 32, Failures: 0, Errors: 0, Skipped: 0, Time elapsed: 0 s - in org.symphonyoss.symphony.messageml.bi.BiContextDiffblueTest
16:21:11.235 [INFO]   [Validating]  out: [INFO] Running org.symphonyoss.symphony.messageml.bi.BiItemDiffblueTest
16:21:11.237 [INFO]   [Validating]  out: [INFO] Tests run: 11, Failures: 0, Errors: 0, Skipped: 0, Time elapsed: 0.001 s - in org.symphonyoss.symphony.messageml.bi.BiItemDiffblueTest
16:21:11.237 [INFO]   [Validating]  out: [INFO] Running org.symphonyoss.symphony.messageml.bi.BiItemTest
16:21:11.237 [INFO]   [Validating]  out: 16:21:11.232 [main] WARN org.symphonyoss.symphony.messageml.bi.BiContext - Attribute attribute1 for element element1 does not contain an integer value. The count will not be increased.
16:21:11.237 [INFO]   [Validating]  out: 16:21:11.232 [main] WARN org.symphonyoss.symphony.messageml.bi.BiContext - Attribute attribute1 for element element1 does not contain an integer value. The count will not be increased.
16:21:11.239 [INFO]   [Validating]  out: [INFO] Tests run: 6, Failures: 0, Errors: 0, Skipped: 0, Time elapsed: 0 s - in org.symphonyoss.symphony.messageml.bi.BiItemTest
16:21:11.239 [INFO]   [Validating]  out: [INFO] Running org.symphonyoss.symphony.messageml.exceptions.InvalidInputExceptionDiffblueTest
16:21:11.240 [INFO]   [Validating]  out: [INFO] Tests run: 3, Failures: 0, Errors: 0, Skipped: 0, Time elapsed: 0 s - in org.symphonyoss.symphony.messageml.exceptions.InvalidInputExceptionDiffblueTest
16:21:11.240 [INFO]   [Validating]  out: [INFO] Running org.symphonyoss.symphony.messageml.exceptions.ProcessingExceptionDiffblueTest
16:21:11.241 [INFO]   [Validating]  out: [INFO] Tests run: 2, Failures: 0, Errors: 0, Skipped: 0, Time elapsed: 0 s - in org.symphonyoss.symphony.messageml.exceptions.ProcessingExceptionDiffblueTest
16:21:11.241 [INFO]   [Validating]  out: [INFO] Running org.symphonyoss.symphony.messageml.exceptions.MessageMLExceptionDiffblueTest
16:21:11.243 [INFO]   [Validating]  out: [INFO] Tests run: 2, Failures: 0, Errors: 0, Skipped: 0, Time elapsed: 0 s - in org.symphonyoss.symphony.messageml.exceptions.MessageMLExceptionDiffblueTest
16:21:11.243 [INFO]   [Validating]  out: [INFO] Running org.symphonyoss.symphony.messageml.MessageMLParserDiffblueTest
16:21:11.321 [INFO]   [Validating]  out: [INFO] Tests run: 78, Failures: 0, Errors: 0, Skipped: 0, Time elapsed: 0.076 s - in org.symphonyoss.symphony.messageml.MessageMLParserDiffblueTest
16:21:11.321 [INFO]   [Validating]  out: [INFO] Running org.symphonyoss.symphony.messageml.MessageMLContextTest
16:21:11.530 [INFO]   [Validating]  out: [INFO] Tests run: 59, Failures: 0, Errors: 0, Skipped: 0, Time elapsed: 0.207 s - in org.symphonyoss.symphony.messageml.MessageMLContextTest
16:21:11.530 [INFO]   [Validating]  out: [INFO] Running org.symphonyoss.symphony.messageml.MessageMLContextDiffblueTest
16:21:11.534 [INFO]   [Validating]  out: [INFO] Tests run: 17, Failures: 0, Errors: 0, Skipped: 0, Time elapsed: 0.003 s - in org.symphonyoss.symphony.messageml.MessageMLContextDiffblueTest
16:21:11.534 [INFO]   [Validating]  out: [INFO] Running org.symphonyoss.symphony.messageml.elements.DivTest
16:21:11.545 [INFO]   [Validating]  out: [INFO] Tests run: 19, Failures: 0, Errors: 0, Skipped: 0, Time elapsed: 0.01 s - in org.symphonyoss.symphony.messageml.elements.DivTest
16:21:11.545 [INFO]   [Validating]  out: [INFO] Running org.symphonyoss.symphony.messageml.elements.HorizontalRuleTest
16:21:11.551 [INFO]   [Validating]  out: [INFO] Tests run: 16, Failures: 0, Errors: 0, Skipped: 0, Time elapsed: 0.005 s - in org.symphonyoss.symphony.messageml.elements.HorizontalRuleTest
16:21:11.551 [INFO]   [Validating]  out: [INFO] Running org.symphonyoss.symphony.messageml.elements.form.ButtonTest
16:21:11.556 [INFO]   [Validating]  out: 16:21:11.555 [main] INFO org.symphonyoss.symphony.messageml.elements.Button - Button class cannot be a destructive one, replacing it accordingly.
16:21:11.556 [INFO]   [Validating]  out: 16:21:11.556 [main] INFO org.symphonyoss.symphony.messageml.elements.Button - Button class cannot be a destructive one, replacing it accordingly.
16:21:11.558 [INFO]   [Validating]  out: 16:21:11.558 [main] INFO org.symphonyoss.symphony.messageml.elements.Button - Button class cannot be a destructive one, replacing it accordingly.
16:21:11.559 [INFO]   [Validating]  out: 16:21:11.558 [main] INFO org.symphonyoss.symphony.messageml.elements.Button - Button class cannot be a destructive one, replacing it accordingly.
16:21:11.570 [INFO]   [Validating]  out: [INFO] Tests run: 37, Failures: 0, Errors: 0, Skipped: 0, Time elapsed: 0.017 s - in org.symphonyoss.symphony.messageml.elements.form.ButtonTest
16:21:11.570 [INFO]   [Validating]  out: [INFO] Running org.symphonyoss.symphony.messageml.elements.form.DatePickerTest
16:21:11.600 [INFO]   [Validating]  out: [INFO] Tests run: 31, Failures: 0, Errors: 0, Skipped: 0, Time elapsed: 0.028 s - in org.symphonyoss.symphony.messageml.elements.form.DatePickerTest
16:21:11.600 [INFO]   [Validating]  out: [INFO] Running org.symphonyoss.symphony.messageml.elements.form.TextAreaTest
16:21:11.617 [INFO]   [Validating]  out: [INFO] Tests run: 40, Failures: 0, Errors: 0, Skipped: 0, Time elapsed: 0.016 s - in org.symphonyoss.symphony.messageml.elements.form.TextAreaTest
16:21:11.618 [INFO]   [Validating]  out: [INFO] Running org.symphonyoss.symphony.messageml.elements.form.DateSelectorTest
16:21:11.628 [INFO]   [Validating]  out: [INFO] Tests run: 23, Failures: 0, Errors: 0, Skipped: 0, Time elapsed: 0.01 s - in org.symphonyoss.symphony.messageml.elements.form.DateSelectorTest
16:21:11.628 [INFO]   [Validating]  out: [INFO] Running org.symphonyoss.symphony.messageml.elements.form.CheckboxTest
16:21:11.647 [INFO]   [Validating]  out: [INFO] Tests run: 40, Failures: 0, Errors: 0, Skipped: 0, Time elapsed: 0.018 s - in org.symphonyoss.symphony.messageml.elements.form.CheckboxTest
16:21:11.647 [INFO]   [Validating]  out: [INFO] Running org.symphonyoss.symphony.messageml.elements.form.SelectOptionTest
16:21:11.671 [INFO]   [Validating]  out: [INFO] Tests run: 57, Failures: 0, Errors: 0, Skipped: 0, Time elapsed: 0.023 s - in org.symphonyoss.symphony.messageml.elements.form.SelectOptionTest
16:21:11.671 [INFO]   [Validating]  out: [INFO] Running org.symphonyoss.symphony.messageml.elements.form.FormTest
16:21:11.680 [INFO]   [Validating]  out: [INFO] Tests run: 24, Failures: 0, Errors: 0, Skipped: 0, Time elapsed: 0.008 s - in org.symphonyoss.symphony.messageml.elements.form.FormTest
16:21:11.681 [INFO]   [Validating]  out: [INFO] Running org.symphonyoss.symphony.messageml.elements.form.TimezonePickerTest
16:21:11.690 [INFO]   [Validating]  out: [INFO] Tests run: 23, Failures: 0, Errors: 0, Skipped: 0, Time elapsed: 0.008 s - in org.symphonyoss.symphony.messageml.elements.form.TimezonePickerTest
16:21:11.690 [INFO]   [Validating]  out: [INFO] Running org.symphonyoss.symphony.messageml.elements.form.PersonSelectorTest
16:21:11.700 [INFO]   [Validating]  out: [INFO] Tests run: 29, Failures: 0, Errors: 0, Skipped: 0, Time elapsed: 0.008 s - in org.symphonyoss.symphony.messageml.elements.form.PersonSelectorTest
16:21:11.700 [INFO]   [Validating]  out: [INFO] Running org.symphonyoss.symphony.messageml.elements.form.RadioTest
16:21:11.713 [INFO]   [Validating]  out: [INFO] Tests run: 38, Failures: 0, Errors: 0, Skipped: 0, Time elapsed: 0.011 s - in org.symphonyoss.symphony.messageml.elements.form.RadioTest
16:21:11.713 [INFO]   [Validating]  out: [INFO] Running org.symphonyoss.symphony.messageml.elements.form.TextFieldTest
16:21:11.725 [INFO]   [Validating]  out: [INFO] Tests run: 53, Failures: 0, Errors: 0, Skipped: 0, Time elapsed: 0.011 s - in org.symphonyoss.symphony.messageml.elements.form.TextFieldTest
16:21:11.725 [INFO]   [Validating]  out: [INFO] Running org.symphonyoss.symphony.messageml.elements.form.TimePickerTest
16:21:11.725 [INFO]   [Validating]  out: 16:21:11.724 [main] WARN org.symphonyoss.symphony.messageml.elements.Element - Attribute step for element TimePicker should be an integer value. The property will not be put in BI context.
16:21:11.732 [INFO]   [Validating]  out: 16:21:11.732 [main] WARN org.symphonyoss.symphony.messageml.elements.Element - Attribute step for element TimePicker should be an integer value. The property will not be put in BI context.
16:21:11.737 [INFO]   [Validating]  out: [INFO] Tests run: 35, Failures: 0, Errors: 0, Skipped: 0, Time elapsed: 0.01 s - in org.symphonyoss.symphony.messageml.elements.form.TimePickerTest
16:21:11.737 [INFO]   [Validating]  out: [INFO] Running org.symphonyoss.symphony.messageml.elements.form.RoomSelectorTest
16:21:11.745 [INFO]   [Validating]  out: [INFO] Tests run: 29, Failures: 0, Errors: 0, Skipped: 0, Time elapsed: 0.007 s - in org.symphonyoss.symphony.messageml.elements.form.RoomSelectorTest
16:21:11.745 [INFO]   [Validating]  out: [INFO] Running org.symphonyoss.symphony.messageml.elements.ListTest
16:21:11.752 [INFO]   [Validating]  out: [INFO] Tests run: 25, Failures: 0, Errors: 0, Skipped: 0, Time elapsed: 0.006 s - in org.symphonyoss.symphony.messageml.elements.ListTest
16:21:11.752 [INFO]   [Validating]  out: [INFO] Running org.symphonyoss.symphony.messageml.elements.SubscriptTest
16:21:11.757 [INFO]   [Validating]  out: [INFO] Tests run: 17, Failures: 0, Errors: 0, Skipped: 0, Time elapsed: 0.004 s - in org.symphonyoss.symphony.messageml.elements.SubscriptTest
16:21:11.757 [INFO]   [Validating]  out: [INFO] Running org.symphonyoss.symphony.messageml.elements.CodeDiffblueTest
16:21:11.758 [INFO]   [Validating]  out: 16:21:11.758 [main] WARN org.symphonyoss.symphony.messageml.bi.BiContext - Attribute count for element codes does not contain an integer value. The count will not be increased.
16:21:11.769 [INFO]   [Validating]  out: 16:21:11.769 [main] WARN org.symphonyoss.symphony.messageml.bi.BiContext - Attribute count for element codes does not contain an integer value. The count will not be increased.
16:21:11.772 [INFO]   [Validating]  out: [INFO] Tests run: 34, Failures: 0, Errors: 0, Skipped: 0, Time elapsed: 0.014 s - in org.symphonyoss.symphony.messageml.elements.CodeDiffblueTest
16:21:11.772 [INFO]   [Validating]  out: [INFO] Running org.symphonyoss.symphony.messageml.elements.HeaderDiffblueTest
16:21:11.772 [INFO]   [Validating]  out: 16:21:11.771 [main] WARN org.symphonyoss.symphony.messageml.bi.BiContext - Attribute count for element headers does not contain an integer value. The count will not be increased.
16:21:11.772 [INFO]   [Validating]  out: 16:21:11.772 [main] WARN org.symphonyoss.symphony.messageml.bi.BiContext - Attribute count for element headers does not contain an integer value. The count will not be increased.
16:21:11.773 [INFO]   [Validating]  out: [INFO] Tests run: 13, Failures: 0, Errors: 0, Skipped: 0, Time elapsed: 0 s - in org.symphonyoss.symphony.messageml.elements.HeaderDiffblueTest
16:21:11.773 [INFO]   [Validating]  out: [INFO] Running org.symphonyoss.symphony.messageml.elements.LabelableElementDiffblueTest
16:21:11.774 [INFO]   [Validating]  out: [INFO] Tests run: 6, Failures: 0, Errors: 0, Skipped: 0, Time elapsed: 0 s - in org.symphonyoss.symphony.messageml.elements.LabelableElementDiffblueTest
16:21:11.774 [INFO]   [Validating]  out: [INFO] Running org.symphonyoss.symphony.messageml.elements.TableDiffblueTest
16:21:11.774 [INFO]   [Validating]  out: 16:21:11.773 [main] WARN org.symphonyoss.symphony.messageml.bi.BiContext - Attribute count for element table_rows_max does not contain an integer value. The count will not be increased.
16:21:11.774 [INFO]   [Validating]  out: 16:21:11.773 [main] WARN org.symphonyoss.symphony.messageml.bi.BiContext - Attribute count for element tables does not contain an integer value. The count will not be increased.
16:21:11.774 [INFO]   [Validating]  out: 16:21:11.773 [main] WARN org.symphonyoss.symphony.messageml.bi.BiContext - Attribute count for element tables does not contain an integer value. The count will not be increased.
16:21:11.774 [INFO]   [Validating]  out: [INFO] Tests run: 13, Failures: 0, Errors: 0, Skipped: 0, Time elapsed: 0 s - in org.symphonyoss.symphony.messageml.elements.TableDiffblueTest
16:21:11.774 [INFO]   [Validating]  out: [INFO] Running org.symphonyoss.symphony.messageml.elements.SplittableElementDiffblueTest
16:21:11.776 [INFO]   [Validating]  out: [INFO] Tests run: 11, Failures: 0, Errors: 0, Skipped: 0, Time elapsed: 0.001 s - in org.symphonyoss.symphony.messageml.elements.SplittableElementDiffblueTest
16:21:11.776 [INFO]   [Validating]  out: [INFO] Running org.symphonyoss.symphony.messageml.elements.TooltipableElementDiffblueTest
16:21:11.776 [INFO]   [Validating]  out: [INFO] Tests run: 6, Failures: 0, Errors: 0, Skipped: 0, Time elapsed: 0 s - in org.symphonyoss.symphony.messageml.elements.TooltipableElementDiffblueTest
16:21:11.776 [INFO]   [Validating]  out: [INFO] Running org.symphonyoss.symphony.messageml.elements.PreformattedTest
16:21:11.780 [INFO]   [Validating]  out: [INFO] Tests run: 18, Failures: 0, Errors: 0, Skipped: 0, Time elapsed: 0.004 s - in org.symphonyoss.symphony.messageml.elements.PreformattedTest
16:21:11.780 [INFO]   [Validating]  out: [INFO] Running org.symphonyoss.symphony.messageml.elements.ParagraphTest
16:21:11.784 [INFO]   [Validating]  out: [INFO] Tests run: 16, Failures: 0, Errors: 0, Skipped: 0, Time elapsed: 0.003 s - in org.symphonyoss.symphony.messageml.elements.ParagraphTest
16:21:11.784 [INFO]   [Validating]  out: [INFO] Running org.symphonyoss.symphony.messageml.elements.ParagraphDiffblueTest
16:21:11.784 [INFO]   [Validating]  out: 16:21:11.784 [main] WARN org.symphonyoss.symphony.messageml.bi.BiContext - Attribute count for element paragraphs does not contain an integer value. The count will not be increased.
16:21:11.784 [INFO]   [Validating]  out: 16:21:11.784 [main] WARN org.symphonyoss.symphony.messageml.bi.BiContext - Attribute count for element paragraphs does not contain an integer value. The count will not be increased.
16:21:11.785 [INFO]   [Validating]  out: [INFO] Tests run: 10, Failures: 0, Errors: 0, Skipped: 0, Time elapsed: 0 s - in org.symphonyoss.symphony.messageml.elements.ParagraphDiffblueTest
16:21:11.785 [INFO]   [Validating]  out: [INFO] Running org.symphonyoss.symphony.messageml.elements.HashTagDiffblueTest
16:21:11.785 [INFO]   [Validating]  out: 16:21:11.785 [main] WARN org.symphonyoss.symphony.messageml.bi.BiContext - Attribute count for element hashtags does not contain an integer value. The count will not be increased.
16:21:11.786 [INFO]   [Validating]  out: 16:21:11.786 [main] WARN org.symphonyoss.symphony.messageml.bi.BiContext - Attribute count for element hashtags does not contain an integer value. The count will not be increased.
16:21:11.787 [INFO]   [Validating]  out: [INFO] Tests run: 20, Failures: 0, Errors: 0, Skipped: 0, Time elapsed: 0.001 s - in org.symphonyoss.symphony.messageml.elements.HashTagDiffblueTest
16:21:11.787 [INFO]   [Validating]  out: [INFO] Running org.symphonyoss.symphony.messageml.elements.TimePickerDiffblueTest
16:21:11.830 [INFO]   [Validating]  out: [INFO] Tests run: 17, Failures: 0, Errors: 0, Skipped: 0, Time elapsed: 0.042 s - in org.symphonyoss.symphony.messageml.elements.TimePickerDiffblueTest
16:21:11.830 [INFO]   [Validating]  out: [INFO] Running org.symphonyoss.symphony.messageml.elements.KeywordDiffblueTest
16:21:11.831 [INFO]   [Validating]  out: [INFO] Tests run: 15, Failures: 0, Errors: 0, Skipped: 0, Time elapsed: 0 s - in org.symphonyoss.symphony.messageml.elements.KeywordDiffblueTest
16:21:11.831 [INFO]   [Validating]  out: [INFO] Running org.symphonyoss.symphony.messageml.elements.RegexElementDiffblueTest
16:21:11.832 [INFO]   [Validating]  out: [INFO] Tests run: 3, Failures: 0, Errors: 0, Skipped: 0, Time elapsed: 0 s - in org.symphonyoss.symphony.messageml.elements.RegexElementDiffblueTest
16:21:11.832 [INFO]   [Validating]  out: [INFO] Running org.symphonyoss.symphony.messageml.elements.SpanDiffblueTest
16:21:11.832 [INFO]   [Validating]  out: 16:21:11.830 [main] WARN org.symphonyoss.symphony.messageml.bi.BiContext - Attribute count for element spans does not contain an integer value. The count will not be increased.
16:21:11.832 [INFO]   [Validating]  out: 16:21:11.831 [main] WARN org.symphonyoss.symphony.messageml.bi.BiContext - Attribute count for element spans does not contain an integer value. The count will not be increased.
16:21:11.833 [INFO]   [Validating]  out: [INFO] Tests run: 10, Failures: 0, Errors: 0, Skipped: 0, Time elapsed: 0 s - in org.symphonyoss.symphony.messageml.elements.SpanDiffblueTest
16:21:11.833 [INFO]   [Validating]  out: [INFO] Running org.symphonyoss.symphony.messageml.elements.CashTagDiffblueTest
16:21:11.833 [INFO]   [Validating]  out: 16:21:11.831 [main] WARN org.symphonyoss.symphony.messageml.bi.BiContext - Attribute count for element cashtags does not contain an integer value. The count will not be increased.
16:21:11.834 [INFO]   [Validating]  out: 16:21:11.832 [main] WARN org.symphonyoss.symphony.messageml.bi.BiContext - Attribute count for element cashtags does not contain an integer value. The count will not be increased.
16:21:11.835 [INFO]   [Validating]  out: [INFO] Tests run: 12, Failures: 0, Errors: 0, Skipped: 0, Time elapsed: 0.001 s - in org.symphonyoss.symphony.messageml.elements.CashTagDiffblueTest
16:21:11.835 [INFO]   [Validating]  out: [INFO] Running org.symphonyoss.symphony.messageml.elements.CashtagTest
16:21:11.840 [INFO]   [Validating]  out: [INFO] Tests run: 24, Failures: 0, Errors: 0, Skipped: 0, Time elapsed: 0.004 s - in org.symphonyoss.symphony.messageml.elements.CashtagTest
16:21:11.840 [INFO]   [Validating]  out: [INFO] Running org.symphonyoss.symphony.messageml.elements.ListItemTest
16:21:11.843 [INFO]   [Validating]  out: [INFO] Tests run: 14, Failures: 0, Errors: 0, Skipped: 0, Time elapsed: 0.002 s - in org.symphonyoss.symphony.messageml.elements.ListItemTest
16:21:11.844 [INFO]   [Validating]  out: [INFO] Running org.symphonyoss.symphony.messageml.elements.TableHeaderCellDiffblueTest
16:21:11.844 [INFO]   [Validating]  out: [INFO] Tests run: 3, Failures: 0, Errors: 0, Skipped: 0, Time elapsed: 0 s - in org.symphonyoss.symphony.messageml.elements.TableHeaderCellDiffblueTest
16:21:11.844 [INFO]   [Validating]  out: [INFO] Running org.symphonyoss.symphony.messageml.elements.MinMaxLengthElementDiffblueTest
16:21:11.846 [INFO]   [Validating]  out: [INFO] Tests run: 24, Failures: 0, Errors: 0, Skipped: 0, Time elapsed: 0.001 s - in org.symphonyoss.symphony.messageml.elements.MinMaxLengthElementDiffblueTest
16:21:11.846 [INFO]   [Validating]  out: [INFO] Running org.symphonyoss.symphony.messageml.elements.BulletListTest
16:21:11.849 [INFO]   [Validating]  out: [INFO] Tests run: 16, Failures: 0, Errors: 0, Skipped: 0, Time elapsed: 0.002 s - in org.symphonyoss.symphony.messageml.elements.BulletListTest
16:21:11.849 [INFO]   [Validating]  out: [INFO] Running org.symphonyoss.symphony.messageml.elements.ElementDiffblueTest
16:21:11.857 [INFO]   [Validating]  out: [INFO] Tests run: 66, Failures: 0, Errors: 0, Skipped: 0, Time elapsed: 0.006 s - in org.symphonyoss.symphony.messageml.elements.ElementDiffblueTest
16:21:11.857 [INFO]   [Validating]  out: [INFO] Running org.symphonyoss.symphony.messageml.elements.ListItemDiffblueTest
16:21:11.857 [INFO]   [Validating]  out: [INFO] Tests run: 4, Failures: 0, Errors: 0, Skipped: 0, Time elapsed: 0 s - in org.symphonyoss.symphony.messageml.elements.ListItemDiffblueTest
16:21:11.857 [INFO]   [Validating]  out: [INFO] Running org.symphonyoss.symphony.messageml.elements.LineBreakTest
16:21:11.863 [INFO]   [Validating]  out: [INFO] Tests run: 18, Failures: 0, Errors: 0, Skipped: 0, Time elapsed: 0.005 s - in org.symphonyoss.symphony.messageml.elements.LineBreakTest
16:21:11.863 [INFO]   [Validating]  out: [INFO] Running org.symphonyoss.symphony.messageml.elements.EmojiTest
16:21:11.870 [INFO]   [Validating]  out: [INFO] Tests run: 22, Failures: 0, Errors: 0, Skipped: 0, Time elapsed: 0.006 s - in org.symphonyoss.symphony.messageml.elements.EmojiTest
16:21:11.870 [INFO]   [Validating]  out: [INFO] Running org.symphonyoss.symphony.messageml.elements.SuperscriptTest
16:21:11.876 [INFO]   [Validating]  out: [INFO] Tests run: 17, Failures: 0, Errors: 0, Skipped: 0, Time elapsed: 0.006 s - in org.symphonyoss.symphony.messageml.elements.SuperscriptTest
16:21:11.877 [INFO]   [Validating]  out: [INFO] Running org.symphonyoss.symphony.messageml.elements.ExpandableCardHeaderDiffblueTest
16:21:11.879 [INFO]   [Validating]  out: [INFO] Tests run: 19, Failures: 0, Errors: 0, Skipped: 0, Time elapsed: 0.002 s - in org.symphonyoss.symphony.messageml.elements.ExpandableCardHeaderDiffblueTest
16:21:11.879 [INFO]   [Validating]  out: [INFO] Running org.symphonyoss.symphony.messageml.elements.ChimeTest
16:21:11.884 [INFO]   [Validating]  out: [INFO] Tests run: 21, Failures: 0, Errors: 0, Skipped: 0, Time elapsed: 0.004 s - in org.symphonyoss.symphony.messageml.elements.ChimeTest
16:21:11.884 [INFO]   [Validating]  out: [INFO] Running org.symphonyoss.symphony.messageml.elements.CardBodyDiffblueTest
16:21:11.886 [INFO]   [Validating]  out: [INFO] Tests run: 22, Failures: 0, Errors: 0, Skipped: 0, Time elapsed: 0.001 s - in org.symphonyoss.symphony.messageml.elements.CardBodyDiffblueTest
16:21:11.886 [INFO]   [Validating]  out: [INFO] Running org.symphonyoss.symphony.messageml.elements.OrderedListTest
16:21:11.890 [INFO]   [Validating]  out: [INFO] Tests run: 16, Failures: 0, Errors: 0, Skipped: 0, Time elapsed: 0.003 s - in org.symphonyoss.symphony.messageml.elements.OrderedListTest
16:21:11.890 [INFO]   [Validating]  out: [INFO] Running org.symphonyoss.symphony.messageml.elements.RadioDiffblueTest
16:21:11.891 [INFO]   [Validating]  out: [INFO] Tests run: 13, Failures: 0, Errors: 0, Skipped: 0, Time elapsed: 0.001 s - in org.symphonyoss.symphony.messageml.elements.RadioDiffblueTest
16:21:11.891 [INFO]   [Validating]  out: [INFO] Running org.symphonyoss.symphony.messageml.elements.ImageTest
16:21:11.896 [INFO]   [Validating]  out: [INFO] Tests run: 18, Failures: 0, Errors: 0, Skipped: 0, Time elapsed: 0.004 s - in org.symphonyoss.symphony.messageml.elements.ImageTest
16:21:11.896 [INFO]   [Validating]  out: [INFO] Running org.symphonyoss.symphony.messageml.elements.PreformattedDiffblueTest
16:21:11.896 [INFO]   [Validating]  out: 16:21:11.896 [main] WARN org.symphonyoss.symphony.messageml.bi.BiContext - Attribute count for element pres does not contain an integer value. The count will not be increased.
16:21:11.896 [INFO]   [Validating]  out: 16:21:11.896 [main] WARN org.symphonyoss.symphony.messageml.bi.BiContext - Attribute count for element pres does not contain an integer value. The count will not be increased.
16:21:11.898 [INFO]   [Validating]  out: [INFO] Tests run: 18, Failures: 0, Errors: 0, Skipped: 0, Time elapsed: 0.001 s - in org.symphonyoss.symphony.messageml.elements.PreformattedDiffblueTest
16:21:11.898 [INFO]   [Validating]  out: [INFO] Running org.symphonyoss.symphony.messageml.elements.SelectDiffblueTest
16:21:11.899 [INFO]   [Validating]  out: [INFO] Tests run: 9, Failures: 0, Errors: 0, Skipped: 0, Time elapsed: 0 s - in org.symphonyoss.symphony.messageml.elements.SelectDiffblueTest
16:21:11.899 [INFO]   [Validating]  out: [INFO] Running org.symphonyoss.symphony.messageml.elements.CardDiffblueTest
16:21:11.899 [INFO]   [Validating]  out: 16:21:11.899 [main] WARN org.symphonyoss.symphony.messageml.bi.BiContext - Attribute count for element cards does not contain an integer value. The count will not be increased.
16:21:11.900 [INFO]   [Validating]  out: 16:21:11.899 [main] WARN org.symphonyoss.symphony.messageml.bi.BiContext - Attribute count for element cards does not contain an integer value. The count will not be increased.
16:21:11.901 [INFO]   [Validating]  out: [INFO] Tests run: 26, Failures: 0, Errors: 0, Skipped: 0, Time elapsed: 0.001 s - in org.symphonyoss.symphony.messageml.elements.CardDiffblueTest
16:21:11.901 [INFO]   [Validating]  out: [INFO] Running org.symphonyoss.symphony.messageml.elements.LinkDiffblueTest
16:21:11.901 [INFO]   [Validating]  out: 16:21:11.901 [main] WARN org.symphonyoss.symphony.messageml.bi.BiContext - Attribute count for element links does not contain an integer value. The count will not be increased.
16:21:11.902 [INFO]   [Validating]  out: 16:21:11.902 [main] WARN org.symphonyoss.symphony.messageml.bi.BiContext - Attribute count for element links does not contain an integer value. The count will not be increased.
16:21:11.910 [INFO]   [Validating]  out: [INFO] Tests run: 32, Failures: 0, Errors: 0, Skipped: 0, Time elapsed: 0.008 s - in org.symphonyoss.symphony.messageml.elements.LinkDiffblueTest
16:21:11.910 [INFO]   [Validating]  out: [INFO] Running org.symphonyoss.symphony.messageml.elements.TableBodyDiffblueTest
16:21:11.911 [INFO]   [Validating]  out: [INFO] Tests run: 4, Failures: 0, Errors: 0, Skipped: 0, Time elapsed: 0 s - in org.symphonyoss.symphony.messageml.elements.TableBodyDiffblueTest
16:21:11.911 [INFO]   [Validating]  out: [INFO] Running org.symphonyoss.symphony.messageml.elements.FormElementDiffblueTest
16:21:11.911 [INFO]   [Validating]  out: [INFO] Tests run: 6, Failures: 0, Errors: 0, Skipped: 0, Time elapsed: 0 s - in org.symphonyoss.symphony.messageml.elements.FormElementDiffblueTest
16:21:11.911 [INFO]   [Validating]  out: [INFO] Running org.symphonyoss.symphony.messageml.elements.MessageMLDiffblueTest
16:21:11.946 [INFO]   [Validating]  out: [INFO] Tests run: 43, Failures: 0, Errors: 0, Skipped: 0, Time elapsed: 0.033 s - in org.symphonyoss.symphony.messageml.elements.MessageMLDiffblueTest
16:21:11.946 [INFO]   [Validating]  out: [INFO] Running org.symphonyoss.symphony.messageml.elements.TableCellDiffblueTest
16:21:11.946 [INFO]   [Validating]  out: [INFO] Tests run: 4, Failures: 0, Errors: 0, Skipped: 0, Time elapsed: 0 s - in org.symphonyoss.symphony.messageml.elements.TableCellDiffblueTest
16:21:11.946 [INFO]   [Validating]  out: [INFO] Running org.symphonyoss.symphony.messageml.elements.TableFooterDiffblueTest
16:21:11.946 [INFO]   [Validating]  out: 16:21:11.945 [main] WARN org.symphonyoss.symphony.messageml.bi.BiContext - Attribute count for element table_footers does not contain an integer value. The count will not be increased.
16:21:11.946 [INFO]   [Validating]  out: 16:21:11.945 [main] WARN org.symphonyoss.symphony.messageml.bi.BiContext - Attribute count for element table_footers does not contain an integer value. The count will not be increased.
16:21:11.947 [INFO]   [Validating]  out: [INFO] Tests run: 10, Failures: 0, Errors: 0, Skipped: 0, Time elapsed: 0 s - in org.symphonyoss.symphony.messageml.elements.TableFooterDiffblueTest
16:21:11.947 [INFO]   [Validating]  out: [INFO] Running org.symphonyoss.symphony.messageml.elements.EmojiDiffblueTest
16:21:11.947 [INFO]   [Validating]  out: 16:21:11.947 [main] WARN org.symphonyoss.symphony.messageml.bi.BiContext - Attribute count for element emojis does not contain an integer value. The count will not be increased.
16:21:11.947 [INFO]   [Validating]  out: 16:21:11.947 [main] WARN org.symphonyoss.symphony.messageml.bi.BiContext - Attribute count for element emojis does not contain an integer value. The count will not be increased.
16:21:11.951 [INFO]   [Validating]  out: [INFO] Tests run: 42, Failures: 0, Errors: 0, Skipped: 0, Time elapsed: 0.003 s - in org.symphonyoss.symphony.messageml.elements.EmojiDiffblueTest
16:21:11.951 [INFO]   [Validating]  out: [INFO] Running org.symphonyoss.symphony.messageml.elements.TimezonePickerDiffblueTest
16:21:11.955 [INFO]   [Validating]  out: [INFO] Tests run: 19, Failures: 0, Errors: 0, Skipped: 0, Time elapsed: 0.003 s - in org.symphonyoss.symphony.messageml.elements.TimezonePickerDiffblueTest
16:21:11.955 [INFO]   [Validating]  out: [INFO] Running org.symphonyoss.symphony.messageml.elements.CodeTest
16:21:11.955 [INFO]   [Validating]  out: <div data-format="PresentationML" data-version="2.0">This is code:<code>val message: String = &quot;Hello world&quot;
16:21:11.955 [INFO]   [Validating]  out: println message</code><br/>This is text</div>
16:21:11.968 [INFO]   [Validating]  out: [INFO] Tests run: 33, Failures: 0, Errors: 0, Skipped: 0, Time elapsed: 0.012 s - in org.symphonyoss.symphony.messageml.elements.CodeTest
16:21:11.968 [INFO]   [Validating]  out: [INFO] Running org.symphonyoss.symphony.messageml.elements.UIActionTest
16:21:11.981 [INFO]   [Validating]  out: [INFO] Tests run: 42, Failures: 0, Errors: 0, Skipped: 0, Time elapsed: 0.012 s - in org.symphonyoss.symphony.messageml.elements.UIActionTest
16:21:11.981 [INFO]   [Validating]  out: [INFO] Running org.symphonyoss.symphony.messageml.elements.TableHeaderDiffblueTest
16:21:11.982 [INFO]   [Validating]  out: 16:21:11.981 [main] WARN org.symphonyoss.symphony.messageml.bi.BiContext - Attribute count for element table_headers does not contain an integer value. The count will not be increased.
16:21:11.982 [INFO]   [Validating]  out: 16:21:11.981 [main] WARN org.symphonyoss.symphony.messageml.bi.BiContext - Attribute count for element table_headers does not contain an integer value. The count will not be increased.
16:21:11.982 [INFO]   [Validating]  out: [INFO] Tests run: 10, Failures: 0, Errors: 0, Skipped: 0, Time elapsed: 0 s - in org.symphonyoss.symphony.messageml.elements.TableHeaderDiffblueTest
16:21:11.982 [INFO]   [Validating]  out: [INFO] Running org.symphonyoss.symphony.messageml.elements.EntityDiffblueTest
16:21:11.983 [INFO]   [Validating]  out: [INFO] Tests run: 6, Failures: 0, Errors: 0, Skipped: 0, Time elapsed: 0.001 s - in org.symphonyoss.symphony.messageml.elements.EntityDiffblueTest
16:21:11.983 [INFO]   [Validating]  out: [INFO] Running org.symphonyoss.symphony.messageml.elements.FormDiffblueTest
16:21:11.988 [INFO]   [Validating]  out: [INFO] Tests run: 25, Failures: 0, Errors: 0, Skipped: 0, Time elapsed: 0.004 s - in org.symphonyoss.symphony.messageml.elements.FormDiffblueTest
16:21:11.988 [INFO]   [Validating]  out: [INFO] Running org.symphonyoss.symphony.messageml.elements.DateSelectorDiffblueTest
16:21:11.992 [INFO]   [Validating]  out: [INFO] Tests run: 14, Failures: 0, Errors: 0, Skipped: 0, Time elapsed: 0.004 s - in org.symphonyoss.symphony.messageml.elements.DateSelectorDiffblueTest
16:21:11.992 [INFO]   [Validating]  out: [INFO] Running org.symphonyoss.symphony.messageml.elements.RoomSelectorDiffblueTest
16:21:11.996 [INFO]   [Validating]  out: [INFO] Tests run: 15, Failures: 0, Errors: 0, Skipped: 0, Time elapsed: 0.003 s - in org.symphonyoss.symphony.messageml.elements.RoomSelectorDiffblueTest
16:21:11.996 [INFO]   [Validating]  out: [INFO] Running org.symphonyoss.symphony.messageml.elements.CardTest
16:21:12.003 [INFO]   [Validating]  out: [INFO] Tests run: 22, Failures: 0, Errors: 0, Skipped: 0, Time elapsed: 0.006 s - in org.symphonyoss.symphony.messageml.elements.CardTest
16:21:12.003 [INFO]   [Validating]  out: [INFO] Running org.symphonyoss.symphony.messageml.elements.MentionDiffblueTest
16:21:12.003 [INFO]   [Validating]  out: 16:21:12.002 [main] WARN org.symphonyoss.symphony.messageml.bi.BiContext - Attribute count for element mentions does not contain an integer value. The count will not be increased.
16:21:12.004 [INFO]   [Validating]  out: 16:21:12.004 [main] WARN org.symphonyoss.symphony.messageml.bi.BiContext - Attribute count for element mentions does not contain an integer value. The count will not be increased.
16:21:12.005 [INFO]   [Validating]  out: [INFO] Tests run: 26, Failures: 0, Errors: 0, Skipped: 0, Time elapsed: 0.002 s - in org.symphonyoss.symphony.messageml.elements.MentionDiffblueTest
16:21:12.005 [INFO]   [Validating]  out: [INFO] Running org.symphonyoss.symphony.messageml.elements.SuperscriptDiffblueTest
16:21:12.006 [INFO]   [Validating]  out: [INFO] Tests run: 2, Failures: 0, Errors: 0, Skipped: 0, Time elapsed: 0 s - in org.symphonyoss.symphony.messageml.elements.SuperscriptDiffblueTest
16:21:12.006 [INFO]   [Validating]  out: [INFO] Running org.symphonyoss.symphony.messageml.elements.OptionDiffblueTest
16:21:12.007 [INFO]   [Validating]  out: [INFO] Tests run: 4, Failures: 0, Errors: 0, Skipped: 0, Time elapsed: 0 s - in org.symphonyoss.symphony.messageml.elements.OptionDiffblueTest
16:21:12.007 [INFO]   [Validating]  out: [INFO] Running org.symphonyoss.symphony.messageml.elements.ExpandableCardBodyDiffblueTest
16:21:12.008 [INFO]   [Validating]  out: [INFO] Tests run: 19, Failures: 0, Errors: 0, Skipped: 0, Time elapsed: 0 s - in org.symphonyoss.symphony.messageml.elements.ExpandableCardBodyDiffblueTest
16:21:12.008 [INFO]   [Validating]  out: [INFO] Running org.symphonyoss.symphony.messageml.elements.DialogDiffblueTest
16:21:12.009 [INFO]   [Validating]  out: 16:21:12.008 [main] WARN org.symphonyoss.symphony.messageml.bi.BiContext - Attribute count for element popups does not contain an integer value. The count will not be increased.
16:21:12.009 [INFO]   [Validating]  out: 16:21:12.009 [main] WARN org.symphonyoss.symphony.messageml.bi.BiContext - Attribute count for element popups does not contain an integer value. The count will not be increased.
16:21:12.011 [INFO]   [Validating]  out: [INFO] Tests run: 37, Failures: 0, Errors: 0, Skipped: 0, Time elapsed: 0.002 s - in org.symphonyoss.symphony.messageml.elements.DialogDiffblueTest
16:21:12.011 [INFO]   [Validating]  out: [INFO] Running org.symphonyoss.symphony.messageml.elements.HorizontalRuleDiffblueTest
16:21:12.011 [INFO]   [Validating]  out: [INFO] Tests run: 8, Failures: 0, Errors: 0, Skipped: 0, Time elapsed: 0 s - in org.symphonyoss.symphony.messageml.elements.HorizontalRuleDiffblueTest
16:21:12.011 [INFO]   [Validating]  out: [INFO] Running org.symphonyoss.symphony.messageml.elements.BoldDiffblueTest
16:21:12.012 [INFO]   [Validating]  out: [INFO] Tests run: 5, Failures: 0, Errors: 0, Skipped: 0, Time elapsed: 0 s - in org.symphonyoss.symphony.messageml.elements.BoldDiffblueTest
16:21:12.012 [INFO]   [Validating]  out: [INFO] Running org.symphonyoss.symphony.messageml.elements.ExpandableCardTest
16:21:12.018 [INFO]   [Validating]  out: [INFO] Tests run: 22, Failures: 0, Errors: 0, Skipped: 0, Time elapsed: 0.005 s - in org.symphonyoss.symphony.messageml.elements.ExpandableCardTest
16:21:12.018 [INFO]   [Validating]  out: [INFO] Running org.symphonyoss.symphony.messageml.elements.BoldTest
16:21:12.023 [INFO]   [Validating]  out: [INFO] Tests run: 18, Failures: 0, Errors: 0, Skipped: 0, Time elapsed: 0.005 s - in org.symphonyoss.symphony.messageml.elements.BoldTest
16:21:12.023 [INFO]   [Validating]  out: [INFO] Running org.symphonyoss.symphony.messageml.elements.HeaderTest
16:21:12.031 [INFO]   [Validating]  out: [INFO] Tests run: 19, Failures: 0, Errors: 0, Skipped: 0, Time elapsed: 0.006 s - in org.symphonyoss.symphony.messageml.elements.HeaderTest
16:21:12.031 [INFO]   [Validating]  out: [INFO] Running org.symphonyoss.symphony.messageml.elements.TagDiffblueTest
16:21:12.037 [INFO]   [Validating]  out: 16:21:12.037 [main] WARN org.symphonyoss.symphony.messageml.bi.BiContext - Attribute count for element hashtags does not contain an integer value. The count will not be increased.
16:21:12.043 [INFO]   [Validating]  out: 16:21:12.043 [main] WARN org.symphonyoss.symphony.messageml.bi.BiContext - Attribute count for element hashtags does not contain an integer value. The count will not be increased.
16:21:12.044 [INFO]   [Validating]  out: [INFO] Tests run: 34, Failures: 0, Errors: 0, Skipped: 0, Time elapsed: 0.012 s - in org.symphonyoss.symphony.messageml.elements.TagDiffblueTest
16:21:12.044 [INFO]   [Validating]  out: [INFO] Running org.symphonyoss.symphony.messageml.elements.TableTest
16:21:12.051 [INFO]   [Validating]  out: [INFO] Tests run: 35, Failures: 0, Errors: 0, Skipped: 0, Time elapsed: 0.006 s - in org.symphonyoss.symphony.messageml.elements.TableTest
16:21:12.052 [INFO]   [Validating]  out: [INFO] Running org.symphonyoss.symphony.messageml.elements.TableRowDiffblueTest
16:21:12.052 [INFO]   [Validating]  out: 16:21:12.051 [main] WARN org.symphonyoss.symphony.messageml.bi.BiContext - Attribute count for element table_columns_max does not contain an integer value. The count will not be increased.
16:21:12.052 [INFO]   [Validating]  out: [INFO] Tests run: 11, Failures: 0, Errors: 0, Skipped: 0, Time elapsed: 0.001 s - in org.symphonyoss.symphony.messageml.elements.TableRowDiffblueTest
16:21:12.052 [INFO]   [Validating]  out: [INFO] Running org.symphonyoss.symphony.messageml.elements.DivDiffblueTest
16:21:12.052 [INFO]   [Validating]  out: 16:21:12.052 [main] WARN org.symphonyoss.symphony.messageml.bi.BiContext - Attribute count for element divs does not contain an integer value. The count will not be increased.
16:21:12.052 [INFO]   [Validating]  out: 16:21:12.052 [main] WARN org.symphonyoss.symphony.messageml.bi.BiContext - Attribute count for element divs does not contain an integer value. The count will not be increased.
16:21:12.053 [INFO]   [Validating]  out: [INFO] Tests run: 11, Failures: 0, Errors: 0, Skipped: 0, Time elapsed: 0 s - in org.symphonyoss.symphony.messageml.elements.DivDiffblueTest
16:21:12.053 [INFO]   [Validating]  out: [INFO] Running org.symphonyoss.symphony.messageml.elements.CheckboxDiffblueTest
16:21:12.055 [INFO]   [Validating]  out: [INFO] Tests run: 13, Failures: 0, Errors: 0, Skipped: 0, Time elapsed: 0.001 s - in org.symphonyoss.symphony.messageml.elements.CheckboxDiffblueTest
16:21:12.055 [INFO]   [Validating]  out: [INFO] Running org.symphonyoss.symphony.messageml.elements.CardHeaderDiffblueTest
16:21:12.056 [INFO]   [Validating]  out: [INFO] Tests run: 22, Failures: 0, Errors: 0, Skipped: 0, Time elapsed: 0 s - in org.symphonyoss.symphony.messageml.elements.CardHeaderDiffblueTest
16:21:12.056 [INFO]   [Validating]  out: [INFO] Running org.symphonyoss.symphony.messageml.elements.ElementTest
16:21:12.059 [INFO]   [Validating]  out: [INFO] Tests run: 13, Failures: 0, Errors: 0, Skipped: 0, Time elapsed: 0.002 s - in org.symphonyoss.symphony.messageml.elements.ElementTest
16:21:12.059 [INFO]   [Validating]  out: [INFO] Running org.symphonyoss.symphony.messageml.elements.OrderedListDiffblueTest
16:21:12.059 [INFO]   [Validating]  out: 16:21:12.059 [main] WARN org.symphonyoss.symphony.messageml.bi.BiContext - Attribute count for element lists does not contain an integer value. The count will not be increased.
16:21:12.059 [INFO]   [Validating]  out: 16:21:12.059 [main] WARN org.symphonyoss.symphony.messageml.bi.BiContext - Attribute count for element lists does not contain an integer value. The count will not be increased.
16:21:12.060 [INFO]   [Validating]  out: [INFO] Tests run: 10, Failures: 0, Errors: 0, Skipped: 0, Time elapsed: 0 s - in org.symphonyoss.symphony.messageml.elements.OrderedListDiffblueTest
16:21:12.060 [INFO]   [Validating]  out: [INFO] Running org.symphonyoss.symphony.messageml.elements.DatePickerDiffblueTest
16:21:12.062 [INFO]   [Validating]  out: [INFO] Tests run: 16, Failures: 0, Errors: 0, Skipped: 0, Time elapsed: 0.002 s - in org.symphonyoss.symphony.messageml.elements.DatePickerDiffblueTest
16:21:12.062 [INFO]   [Validating]  out: [INFO] Running org.symphonyoss.symphony.messageml.elements.ChimeDiffblueTest
16:21:12.062 [INFO]   [Validating]  out: 16:21:12.062 [main] WARN org.symphonyoss.symphony.messageml.bi.BiContext - Attribute count for element chimes does not contain an integer value. The count will not be increased.
16:21:12.062 [INFO]   [Validating]  out: 16:21:12.062 [main] WARN org.symphonyoss.symphony.messageml.bi.BiContext - Attribute count for element chimes does not contain an integer value. The count will not be increased.
16:21:12.063 [INFO]   [Validating]  out: [INFO] Tests run: 17, Failures: 0, Errors: 0, Skipped: 0, Time elapsed: 0.001 s - in org.symphonyoss.symphony.messageml.elements.ChimeDiffblueTest
16:21:12.063 [INFO]   [Validating]  out: [INFO] Running org.symphonyoss.symphony.messageml.elements.LinkTest
16:21:12.069 [INFO]   [Validating]  out: [INFO] Tests run: 23, Failures: 0, Errors: 0, Skipped: 0, Time elapsed: 0.005 s - in org.symphonyoss.symphony.messageml.elements.LinkTest
16:21:12.069 [INFO]   [Validating]  out: [INFO] Running org.symphonyoss.symphony.messageml.elements.LineBreakDiffblueTest
16:21:12.069 [INFO]   [Validating]  out: 16:21:12.068 [main] WARN org.symphonyoss.symphony.messageml.bi.BiContext - Attribute count for element linebreaks does not contain an integer value. The count will not be increased.
16:21:12.069 [INFO]   [Validating]  out: 16:21:12.069 [main] WARN org.symphonyoss.symphony.messageml.bi.BiContext - Attribute count for element linebreaks does not contain an integer value. The count will not be increased.
16:21:12.070 [INFO]   [Validating]  out: [INFO] Tests run: 14, Failures: 0, Errors: 0, Skipped: 0, Time elapsed: 0 s - in org.symphonyoss.symphony.messageml.elements.LineBreakDiffblueTest
16:21:12.070 [INFO]   [Validating]  out: [INFO] Running org.symphonyoss.symphony.messageml.elements.TagTest
16:21:12.084 [INFO]   [Validating]  out: [INFO] Tests run: 17, Failures: 0, Errors: 0, Skipped: 0, Time elapsed: 0.014 s - in org.symphonyoss.symphony.messageml.elements.TagTest
16:21:12.085 [INFO]   [Validating]  out: [INFO] Running org.symphonyoss.symphony.messageml.elements.StylesDiffblueTest
16:21:12.085 [INFO]   [Validating]  out: [INFO] Tests run: 4, Failures: 0, Errors: 0, Skipped: 0, Time elapsed: 0 s - in org.symphonyoss.symphony.messageml.elements.StylesDiffblueTest
16:21:12.085 [INFO]   [Validating]  out: [INFO] Running org.symphonyoss.symphony.messageml.elements.TextFieldDiffblueTest
16:21:12.090 [INFO]   [Validating]  out: [INFO] Tests run: 27, Failures: 0, Errors: 0, Skipped: 0, Time elapsed: 0.004 s - in org.symphonyoss.symphony.messageml.elements.TextFieldDiffblueTest
16:21:12.090 [INFO]   [Validating]  out: [INFO] Running org.symphonyoss.symphony.messageml.elements.ItalicDiffblueTest
16:21:12.091 [INFO]   [Validating]  out: [INFO] Tests run: 5, Failures: 0, Errors: 0, Skipped: 0, Time elapsed: 0 s - in org.symphonyoss.symphony.messageml.elements.ItalicDiffblueTest
16:21:12.091 [INFO]   [Validating]  out: [INFO] Running org.symphonyoss.symphony.messageml.elements.ExpandableCardDiffblueTest
16:21:12.093 [INFO]   [Validating]  out: [INFO] Tests run: 19, Failures: 0, Errors: 0, Skipped: 0, Time elapsed: 0.001 s - in org.symphonyoss.symphony.messageml.elements.ExpandableCardDiffblueTest
16:21:12.093 [INFO]   [Validating]  out: [INFO] Running org.symphonyoss.symphony.messageml.elements.HashtagTest
16:21:12.103 [INFO]   [Validating]  out: [INFO] Tests run: 25, Failures: 0, Errors: 0, Skipped: 0, Time elapsed: 0.008 s - in org.symphonyoss.symphony.messageml.elements.HashtagTest
16:21:12.103 [INFO]   [Validating]  out: [INFO] Running org.symphonyoss.symphony.messageml.elements.PersonSelectorDiffblueTest
16:21:12.107 [INFO]   [Validating]  out: [INFO] Tests run: 15, Failures: 0, Errors: 0, Skipped: 0, Time elapsed: 0.003 s - in org.symphonyoss.symphony.messageml.elements.PersonSelectorDiffblueTest
16:21:12.107 [INFO]   [Validating]  out: [INFO] Running org.symphonyoss.symphony.messageml.elements.TextNodeDiffblueTest
16:21:12.108 [INFO]   [Validating]  out: [INFO] Tests run: 11, Failures: 0, Errors: 0, Skipped: 0, Time elapsed: 0 s - in org.symphonyoss.symphony.messageml.elements.TextNodeDiffblueTest
16:21:12.108 [INFO]   [Validating]  out: [INFO] Running org.symphonyoss.symphony.messageml.elements.StylesTest
16:21:12.111 [INFO]   [Validating]  out: [INFO] Tests run: 17, Failures: 0, Errors: 0, Skipped: 0, Time elapsed: 0.002 s - in org.symphonyoss.symphony.messageml.elements.StylesTest
16:21:12.111 [INFO]   [Validating]  out: [INFO] Running org.symphonyoss.symphony.messageml.elements.ItalicTest
16:21:12.115 [INFO]   [Validating]  out: [INFO] Tests run: 17, Failures: 0, Errors: 0, Skipped: 0, Time elapsed: 0.003 s - in org.symphonyoss.symphony.messageml.elements.ItalicTest
16:21:12.116 [INFO]   [Validating]  out: [INFO] Running org.symphonyoss.symphony.messageml.elements.MentionTest
16:21:12.132 [INFO]   [Validating]  out: [INFO] Tests run: 35, Failures: 0, Errors: 0, Skipped: 0, Time elapsed: 0.016 s - in org.symphonyoss.symphony.messageml.elements.MentionTest
16:21:12.132 [INFO]   [Validating]  out: [INFO] Running org.symphonyoss.symphony.messageml.elements.DialogChildDiffblueTest
16:21:12.133 [INFO]   [Validating]  out: [INFO] Tests run: 20, Failures: 0, Errors: 0, Skipped: 0, Time elapsed: 0.001 s - in org.symphonyoss.symphony.messageml.elements.DialogChildDiffblueTest
16:21:12.134 [INFO]   [Validating]  out: [INFO] Running org.symphonyoss.symphony.messageml.elements.BulletListDiffblueTest
16:21:12.134 [INFO]   [Validating]  out: 16:21:12.133 [main] WARN org.symphonyoss.symphony.messageml.bi.BiContext - Attribute count for element lists does not contain an integer value. The count will not be increased.
16:21:12.134 [INFO]   [Validating]  out: 16:21:12.133 [main] WARN org.symphonyoss.symphony.messageml.bi.BiContext - Attribute count for element lists does not contain an integer value. The count will not be increased.
16:21:12.134 [INFO]   [Validating]  out: [INFO] Tests run: 10, Failures: 0, Errors: 0, Skipped: 0, Time elapsed: 0.001 s - in org.symphonyoss.symphony.messageml.elements.BulletListDiffblueTest
16:21:12.135 [INFO]   [Validating]  out: [INFO] Running org.symphonyoss.symphony.messageml.elements.DialogTest
16:21:12.147 [INFO]   [Validating]  out: [INFO] Tests run: 43, Failures: 0, Errors: 0, Skipped: 0, Time elapsed: 0.011 s - in org.symphonyoss.symphony.messageml.elements.DialogTest
16:21:12.148 [INFO]   [Validating]  out: [INFO] Running org.symphonyoss.symphony.messageml.elements.SpanTest
16:21:12.153 [INFO]   [Validating]  out: [INFO] Tests run: 17, Failures: 0, Errors: 0, Skipped: 0, Time elapsed: 0.005 s - in org.symphonyoss.symphony.messageml.elements.SpanTest
16:21:12.153 [INFO]   [Validating]  out: [INFO] Running org.symphonyoss.symphony.messageml.elements.ButtonDiffblueTest
16:21:12.156 [INFO]   [Validating]  out: [INFO] Tests run: 24, Failures: 0, Errors: 0, Skipped: 0, Time elapsed: 0.002 s - in org.symphonyoss.symphony.messageml.elements.ButtonDiffblueTest
16:21:12.156 [INFO]   [Validating]  out: [INFO] Running org.symphonyoss.symphony.messageml.elements.SubscriptDiffblueTest
16:21:12.156 [INFO]   [Validating]  out: [INFO] Tests run: 2, Failures: 0, Errors: 0, Skipped: 0, Time elapsed: 0 s - in org.symphonyoss.symphony.messageml.elements.SubscriptDiffblueTest
16:21:12.156 [INFO]   [Validating]  out: [INFO] Running org.symphonyoss.symphony.messageml.elements.GroupedElementDiffblueTest
16:21:12.160 [INFO]   [Validating]  out: [INFO] Tests run: 14, Failures: 0, Errors: 0, Skipped: 0, Time elapsed: 0.003 s - in org.symphonyoss.symphony.messageml.elements.GroupedElementDiffblueTest
16:21:12.161 [INFO]   [Validating]  out: [INFO] Running org.symphonyoss.symphony.messageml.elements.TextAreaDiffblueTest
16:21:12.163 [INFO]   [Validating]  out: [INFO] Tests run: 17, Failures: 0, Errors: 0, Skipped: 0, Time elapsed: 0.002 s - in org.symphonyoss.symphony.messageml.elements.TextAreaDiffblueTest
16:21:12.163 [INFO]   [Validating]  out: [INFO] Running org.symphonyoss.symphony.messageml.elements.ImageDiffblueTest
16:21:12.163 [INFO]   [Validating]  out: 16:21:12.163 [main] WARN org.symphonyoss.symphony.messageml.bi.BiContext - Attribute count for element images does not contain an integer value. The count will not be increased.
16:21:12.163 [INFO]   [Validating]  out: 16:21:12.163 [main] WARN org.symphonyoss.symphony.messageml.bi.BiContext - Attribute count for element images does not contain an integer value. The count will not be increased.
16:21:12.165 [INFO]   [Validating]  out: [INFO] Tests run: 12, Failures: 0, Errors: 0, Skipped: 0, Time elapsed: 0.001 s - in org.symphonyoss.symphony.messageml.elements.ImageDiffblueTest
16:21:12.165 [INFO]   [Validating]  out: [INFO] Running org.symphonyoss.symphony.messageml.elements.UIActionDiffblueTest
16:21:12.167 [INFO]   [Validating]  out: [INFO] Tests run: 20, Failures: 0, Errors: 0, Skipped: 0, Time elapsed: 0.001 s - in org.symphonyoss.symphony.messageml.elements.UIActionDiffblueTest
16:21:12.167 [INFO]   [Validating]  out: [INFO] Running org.symphonyoss.symphony.messageml.util.EmojiShortcodeToUnicodeDiffblueTest
16:21:12.168 [INFO]   [Validating]  out: [INFO] Tests run: 2, Failures: 0, Errors: 0, Skipped: 0, Time elapsed: 0 s - in org.symphonyoss.symphony.messageml.util.EmojiShortcodeToUnicodeDiffblueTest
16:21:12.168 [INFO]   [Validating]  out: [INFO] Running org.symphonyoss.symphony.messageml.util.IndentedPrintStreamTest
16:21:12.171 [INFO]   [Validating]  out: [INFO] Tests run: 53, Failures: 0, Errors: 0, Skipped: 0, Time elapsed: 0.002 s - in org.symphonyoss.symphony.messageml.util.IndentedPrintStreamTest
16:21:12.171 [INFO]   [Validating]  out: [INFO] Running org.symphonyoss.symphony.messageml.util.TagAttributesDiffblueTest
16:21:12.172 [INFO]   [Validating]  out: [INFO] Tests run: 1, Failures: 0, Errors: 0, Skipped: 0, Time elapsed: 0 s - in org.symphonyoss.symphony.messageml.util.TagAttributesDiffblueTest
16:21:12.172 [INFO]   [Validating]  out: [INFO] Running org.symphonyoss.symphony.messageml.util.IndentedPrintStreamDiffblueTest
16:21:12.191 [INFO]   [Validating]  out: [INFO] Tests run: 376, Failures: 0, Errors: 0, Skipped: 0, Time elapsed: 0.016 s - in org.symphonyoss.symphony.messageml.util.IndentedPrintStreamDiffblueTest
16:21:12.191 [INFO]   [Validating]  out: [INFO] Running org.symphonyoss.symphony.messageml.util.instrument.resolver.ProviderIdDiffblueTest
16:21:12.192 [INFO]   [Validating]  out: [INFO] Tests run: 2, Failures: 0, Errors: 0, Skipped: 0, Time elapsed: 0 s - in org.symphonyoss.symphony.messageml.util.instrument.resolver.ProviderIdDiffblueTest
16:21:12.192 [INFO]   [Validating]  out: [INFO] Running org.symphonyoss.symphony.messageml.util.instrument.resolver.MarketSectorDiffblueTest
16:21:12.193 [INFO]   [Validating]  out: [INFO] Tests run: 3, Failures: 0, Errors: 0, Skipped: 0, Time elapsed: 0 s - in org.symphonyoss.symphony.messageml.util.instrument.resolver.MarketSectorDiffblueTest
16:21:12.193 [INFO]   [Validating]  out: [INFO] Running org.symphonyoss.symphony.messageml.util.instrument.resolver.InstrumentDiffblueTest
16:21:12.193 [INFO]   [Validating]  out: [INFO] Tests run: 1, Failures: 0, Errors: 0, Skipped: 0, Time elapsed: 0 s - in org.symphonyoss.symphony.messageml.util.instrument.resolver.InstrumentDiffblueTest
16:21:12.193 [INFO]   [Validating]  out: [INFO] Running org.symphonyoss.symphony.messageml.util.instrument.resolver.InstrumentKindDiffblueTest
16:21:12.194 [INFO]   [Validating]  out: [INFO] Tests run: 3, Failures: 0, Errors: 0, Skipped: 0, Time elapsed: 0 s - in org.symphonyoss.symphony.messageml.util.instrument.resolver.InstrumentKindDiffblueTest
16:21:12.194 [INFO]   [Validating]  out: [INFO] Running org.symphonyoss.symphony.messageml.util.XmlPrintStreamDiffblueTest
16:21:12.197 [INFO]   [Validating]  out: [INFO] Tests run: 109, Failures: 0, Errors: 0, Skipped: 0, Time elapsed: 0.001 s - in org.symphonyoss.symphony.messageml.util.XmlPrintStreamDiffblueTest
16:21:12.197 [INFO]   [Validating]  out: [INFO] Running org.symphonyoss.symphony.messageml.util.XMLAttributeDiffblueTest
16:21:12.197 [INFO]   [Validating]  out: [INFO] Tests run: 3, Failures: 0, Errors: 0, Skipped: 0, Time elapsed: 0 s - in org.symphonyoss.symphony.messageml.util.XMLAttributeDiffblueTest
16:21:12.197 [INFO]   [Validating]  out: [INFO] Running org.symphonyoss.symphony.messageml.util.NoOpDataProviderDiffblueTest
16:21:12.198 [INFO]   [Validating]  out: [INFO] Tests run: 3, Failures: 0, Errors: 0, Skipped: 0, Time elapsed: 0 s - in org.symphonyoss.symphony.messageml.util.NoOpDataProviderDiffblueTest
16:21:12.198 [INFO]   [Validating]  out: [INFO] Running org.symphonyoss.symphony.messageml.util.AlignedBlockDiffblueTest
16:21:12.251 [INFO]   [Validating]  out: [INFO] Tests run: 8, Failures: 0, Errors: 0, Skipped: 0, Time elapsed: 0.052 s - in org.symphonyoss.symphony.messageml.util.AlignedBlockDiffblueTest
16:21:12.251 [INFO]   [Validating]  out: [INFO] Running org.symphonyoss.symphony.messageml.util.CountedOutputStreamTest
16:21:12.252 [INFO]   [Validating]  out: [INFO] Tests run: 5, Failures: 0, Errors: 0, Skipped: 0, Time elapsed: 0 s - in org.symphonyoss.symphony.messageml.util.CountedOutputStreamTest
16:21:12.252 [INFO]   [Validating]  out: [INFO] Running org.symphonyoss.symphony.messageml.util.pojo.TimeIntervalDiffblueTest
16:21:12.253 [INFO]   [Validating]  out: [INFO] Tests run: 13, Failures: 0, Errors: 0, Skipped: 0, Time elapsed: 0 s - in org.symphonyoss.symphony.messageml.util.pojo.TimeIntervalDiffblueTest
16:21:12.253 [INFO]   [Validating]  out: [INFO] Running org.symphonyoss.symphony.messageml.util.pojo.DateIntervalDiffblueTest
16:21:12.256 [INFO]   [Validating]  out: [INFO] Tests run: 16, Failures: 0, Errors: 0, Skipped: 0, Time elapsed: 0.002 s - in org.symphonyoss.symphony.messageml.util.pojo.DateIntervalDiffblueTest
16:21:12.256 [INFO]   [Validating]  out: [INFO] Running org.symphonyoss.symphony.messageml.util.NullDataProviderDiffblueTest
16:21:12.257 [INFO]   [Validating]  out: [INFO] Tests run: 3, Failures: 0, Errors: 0, Skipped: 0, Time elapsed: 0 s - in org.symphonyoss.symphony.messageml.util.NullDataProviderDiffblueTest
16:21:12.257 [INFO]   [Validating]  out: [INFO] Running org.symphonyoss.symphony.messageml.util.CountedOutputStreamDiffblueTest
16:21:12.265 [INFO]   [Validating]  out: [INFO] Tests run: 14, Failures: 0, Errors: 0, Skipped: 0, Time elapsed: 0.007 s - in org.symphonyoss.symphony.messageml.util.CountedOutputStreamDiffblueTest
16:21:12.265 [INFO]   [Validating]  out: [INFO] Running org.symphonyoss.symphony.messageml.markdown.nodes.EmojiNodeDiffblueTest
16:21:12.266 [INFO]   [Validating]  out: [INFO] Tests run: 4, Failures: 0, Errors: 0, Skipped: 0, Time elapsed: 0 s - in org.symphonyoss.symphony.messageml.markdown.nodes.EmojiNodeDiffblueTest
16:21:12.266 [INFO]   [Validating]  out: [INFO] Running org.symphonyoss.symphony.messageml.markdown.nodes.form.TextFieldNodeDiffblueTest
16:21:12.266 [INFO]   [Validating]  out: [INFO] Tests run: 2, Failures: 0, Errors: 0, Skipped: 0, Time elapsed: 0 s - in org.symphonyoss.symphony.messageml.markdown.nodes.form.TextFieldNodeDiffblueTest
16:21:12.266 [INFO]   [Validating]  out: [INFO] Running org.symphonyoss.symphony.messageml.markdown.nodes.form.TimezonePickerNodeDiffblueTest
16:21:12.267 [INFO]   [Validating]  out: [INFO] Tests run: 2, Failures: 0, Errors: 0, Skipped: 0, Time elapsed: 0 s - in org.symphonyoss.symphony.messageml.markdown.nodes.form.TimezonePickerNodeDiffblueTest
16:21:12.267 [INFO]   [Validating]  out: [INFO] Running org.symphonyoss.symphony.messageml.markdown.nodes.form.RoomSelectorNodeDiffblueTest
16:21:12.268 [INFO]   [Validating]  out: [INFO] Tests run: 2, Failures: 0, Errors: 0, Skipped: 0, Time elapsed: 0 s - in org.symphonyoss.symphony.messageml.markdown.nodes.form.RoomSelectorNodeDiffblueTest
16:21:12.268 [INFO]   [Validating]  out: [INFO] Running org.symphonyoss.symphony.messageml.markdown.nodes.form.FormNodeDiffblueTest
16:21:12.269 [INFO]   [Validating]  out: [INFO] Tests run: 1, Failures: 0, Errors: 0, Skipped: 0, Time elapsed: 0 s - in org.symphonyoss.symphony.messageml.markdown.nodes.form.FormNodeDiffblueTest
16:21:12.269 [INFO]   [Validating]  out: [INFO] Running org.symphonyoss.symphony.messageml.markdown.nodes.form.OptionNodeDiffblueTest
16:21:12.269 [INFO]   [Validating]  out: [INFO] Tests run: 1, Failures: 0, Errors: 0, Skipped: 0, Time elapsed: 0 s - in org.symphonyoss.symphony.messageml.markdown.nodes.form.OptionNodeDiffblueTest
16:21:12.270 [INFO]   [Validating]  out: [INFO] Running org.symphonyoss.symphony.messageml.markdown.nodes.form.FormElementNodeDiffblueTest
16:21:12.270 [INFO]   [Validating]  out: [INFO] Tests run: 4, Failures: 0, Errors: 0, Skipped: 0, Time elapsed: 0.001 s - in org.symphonyoss.symphony.messageml.markdown.nodes.form.FormElementNodeDiffblueTest
16:21:12.270 [INFO]   [Validating]  out: [INFO] Running org.symphonyoss.symphony.messageml.markdown.nodes.form.PlaceholderLabelTooltipNodeDiffblueTest
16:21:12.271 [INFO]   [Validating]  out: [INFO] Tests run: 2, Failures: 0, Errors: 0, Skipped: 0, Time elapsed: 0 s - in org.symphonyoss.symphony.messageml.markdown.nodes.form.PlaceholderLabelTooltipNodeDiffblueTest
16:21:12.271 [INFO]   [Validating]  out: [INFO] Running org.symphonyoss.symphony.messageml.markdown.nodes.form.DatePickerNodeDiffblueTest
16:21:12.272 [INFO]   [Validating]  out: [INFO] Tests run: 2, Failures: 0, Errors: 0, Skipped: 0, Time elapsed: 0 s - in org.symphonyoss.symphony.messageml.markdown.nodes.form.DatePickerNodeDiffblueTest
16:21:12.272 [INFO]   [Validating]  out: [INFO] Running org.symphonyoss.symphony.messageml.markdown.nodes.form.SelectNodeDiffblueTest
16:21:12.273 [INFO]   [Validating]  out: [INFO] Tests run: 4, Failures: 0, Errors: 0, Skipped: 0, Time elapsed: 0 s - in org.symphonyoss.symphony.messageml.markdown.nodes.form.SelectNodeDiffblueTest
16:21:12.273 [INFO]   [Validating]  out: [INFO] Running org.symphonyoss.symphony.messageml.markdown.nodes.form.PersonSelectorNodeDiffblueTest
16:21:12.274 [INFO]   [Validating]  out: [INFO] Tests run: 2, Failures: 0, Errors: 0, Skipped: 0, Time elapsed: 0 s - in org.symphonyoss.symphony.messageml.markdown.nodes.form.PersonSelectorNodeDiffblueTest
16:21:12.274 [INFO]   [Validating]  out: [INFO] Running org.symphonyoss.symphony.messageml.markdown.nodes.form.TextAreaNodeDiffblueTest
16:21:12.275 [INFO]   [Validating]  out: [INFO] Tests run: 2, Failures: 0, Errors: 0, Skipped: 0, Time elapsed: 0 s - in org.symphonyoss.symphony.messageml.markdown.nodes.form.TextAreaNodeDiffblueTest
16:21:12.275 [INFO]   [Validating]  out: [INFO] Running org.symphonyoss.symphony.messageml.markdown.nodes.form.TimePickerNodeDiffblueTest
16:21:12.276 [INFO]   [Validating]  out: [INFO] Tests run: 2, Failures: 0, Errors: 0, Skipped: 0, Time elapsed: 0 s - in org.symphonyoss.symphony.messageml.markdown.nodes.form.TimePickerNodeDiffblueTest
16:21:12.276 [INFO]   [Validating]  out: [INFO] Running org.symphonyoss.symphony.messageml.markdown.nodes.form.RadioNodeDiffblueTest
16:21:12.276 [INFO]   [Validating]  out: [INFO] Tests run: 5, Failures: 0, Errors: 0, Skipped: 0, Time elapsed: 0 s - in org.symphonyoss.symphony.messageml.markdown.nodes.form.RadioNodeDiffblueTest
16:21:12.277 [INFO]   [Validating]  out: [INFO] Running org.symphonyoss.symphony.messageml.markdown.nodes.form.CheckboxNodeDiffblueTest
16:21:12.277 [INFO]   [Validating]  out: [INFO] Tests run: 5, Failures: 0, Errors: 0, Skipped: 0, Time elapsed: 0.001 s - in org.symphonyoss.symphony.messageml.markdown.nodes.form.CheckboxNodeDiffblueTest
16:21:12.277 [INFO]   [Validating]  out: [INFO] Running org.symphonyoss.symphony.messageml.markdown.nodes.form.ButtonNodeDiffblueTest
16:21:12.278 [INFO]   [Validating]  out: [INFO] Tests run: 1, Failures: 0, Errors: 0, Skipped: 0, Time elapsed: 0 s - in org.symphonyoss.symphony.messageml.markdown.nodes.form.ButtonNodeDiffblueTest
16:21:12.278 [INFO]   [Validating]  out: [INFO] Running org.symphonyoss.symphony.messageml.markdown.nodes.form.DialogNodeDiffblueTest
16:21:12.278 [INFO]   [Validating]  out: [INFO] Tests run: 2, Failures: 0, Errors: 0, Skipped: 0, Time elapsed: 0 s - in org.symphonyoss.symphony.messageml.markdown.nodes.form.DialogNodeDiffblueTest
16:21:12.278 [INFO]   [Validating]  out: [INFO] Running org.symphonyoss.symphony.messageml.markdown.nodes.form.DateSelectorNodeDiffblueTest
16:21:12.279 [INFO]   [Validating]  out: [INFO] Tests run: 3, Failures: 0, Errors: 0, Skipped: 0, Time elapsed: 0 s - in org.symphonyoss.symphony.messageml.markdown.nodes.form.DateSelectorNodeDiffblueTest
16:21:12.279 [INFO]   [Validating]  out: [INFO] Running org.symphonyoss.symphony.messageml.markdown.nodes.TableRowNodeDiffblueTest
16:21:12.280 [INFO]   [Validating]  out: [INFO] Tests run: 1, Failures: 0, Errors: 0, Skipped: 0, Time elapsed: 0 s - in org.symphonyoss.symphony.messageml.markdown.nodes.TableRowNodeDiffblueTest
16:21:12.280 [INFO]   [Validating]  out: [INFO] Running org.symphonyoss.symphony.messageml.markdown.nodes.TagNodeDiffblueTest
16:21:12.280 [INFO]   [Validating]  out: [INFO] Tests run: 1, Failures: 0, Errors: 0, Skipped: 0, Time elapsed: 0 s - in org.symphonyoss.symphony.messageml.markdown.nodes.TagNodeDiffblueTest
16:21:12.280 [INFO]   [Validating]  out: [INFO] Running org.symphonyoss.symphony.messageml.markdown.nodes.TableNodeDiffblueTest
16:21:12.281 [INFO]   [Validating]  out: [INFO] Tests run: 1, Failures: 0, Errors: 0, Skipped: 0, Time elapsed: 0 s - in org.symphonyoss.symphony.messageml.markdown.nodes.TableNodeDiffblueTest
16:21:12.281 [INFO]   [Validating]  out: [INFO] Running org.symphonyoss.symphony.messageml.markdown.nodes.PreformattedNodeDiffblueTest
16:21:12.282 [INFO]   [Validating]  out: [INFO] Tests run: 1, Failures: 0, Errors: 0, Skipped: 0, Time elapsed: 0 s - in org.symphonyoss.symphony.messageml.markdown.nodes.PreformattedNodeDiffblueTest
16:21:12.282 [INFO]   [Validating]  out: [INFO] Running org.symphonyoss.symphony.messageml.markdown.nodes.TableCellNodeDiffblueTest
16:21:12.282 [INFO]   [Validating]  out: [INFO] Tests run: 1, Failures: 0, Errors: 0, Skipped: 0, Time elapsed: 0 s - in org.symphonyoss.symphony.messageml.markdown.nodes.TableCellNodeDiffblueTest
16:21:12.282 [INFO]   [Validating]  out: [INFO] Running org.symphonyoss.symphony.messageml.markdown.nodes.KeywordNodeDiffblueTest
16:21:12.283 [INFO]   [Validating]  out: [INFO] Tests run: 1, Failures: 0, Errors: 0, Skipped: 0, Time elapsed: 0 s - in org.symphonyoss.symphony.messageml.markdown.nodes.KeywordNodeDiffblueTest
16:21:12.283 [INFO]   [Validating]  out: [INFO] Running org.symphonyoss.symphony.messageml.markdown.nodes.MentionNodeDiffblueTest
16:21:12.284 [INFO]   [Validating]  out: [INFO] Tests run: 5, Failures: 0, Errors: 0, Skipped: 0, Time elapsed: 0 s - in org.symphonyoss.symphony.messageml.markdown.nodes.MentionNodeDiffblueTest
16:21:12.284 [INFO]   [Validating]  out: [INFO] Running org.symphonyoss.symphony.messageml.markdown.EntityDelimiterProcessorDiffblueTest
16:21:12.286 [INFO]   [Validating]  out: [INFO] Tests run: 5, Failures: 0, Errors: 0, Skipped: 0, Time elapsed: 0.002 s - in org.symphonyoss.symphony.messageml.markdown.EntityDelimiterProcessorDiffblueTest
16:21:12.287 [INFO]   [Validating]  out: [INFO] Running org.symphonyoss.symphony.messageml.markdown.MarkdownParserDiffblueTest
16:21:12.475 [INFO]   [Validating]  out: [INFO] Tests run: 222, Failures: 0, Errors: 0, Skipped: 0, Time elapsed: 0.186 s - in org.symphonyoss.symphony.messageml.markdown.MarkdownParserDiffblueTest
16:21:12.475 [INFO]   [Validating]  out: [INFO] Running org.symphonyoss.symphony.messageml.markdown.MarkdownRendererDiffblueTest
16:21:12.487 [INFO]   [Validating]  out: [INFO] Tests run: 156, Failures: 0, Errors: 0, Skipped: 0, Time elapsed: 0.01 s - in org.symphonyoss.symphony.messageml.markdown.MarkdownRendererDiffblueTest
16:21:12.867 [INFO]   [Validating]  out: [INFO] 
16:21:12.867 [INFO]   [Validating]  out: [INFO] Results:
16:21:12.867 [INFO]   [Validating]  out: [INFO] 
16:21:12.867 [INFO]   [Validating]  out: [ERROR] Errors: 
16:21:12.867 [INFO]   [Validating]  out: [ERROR]   TestInvalidSchemas.testIdExtraAttributes »  Unexpected exception, expected<org...
16:21:12.867 [INFO]   [Validating]  out: [ERROR]   TestInvalidSchemas.testInvalidTypeVersion »  Unexpected exception, expected<or...
16:21:12.867 [INFO]   [Validating]  out: [ERROR]   TestInvalidSchemas.testMissingTypeId »  Unexpected exception, expected<org.sym...
16:21:12.867 [INFO]   [Validating]  out: [ERROR]   TestInvalidSchemas.testMissingTypeVersion »  Unexpected exception, expected<or...
16:21:12.867 [INFO]   [Validating]  out: [ERROR]   TestInvalidSchemas.testObjectIdObject »  Unexpected exception, expected<org.sy...
16:21:12.867 [INFO]   [Validating]  out: [ERROR]   TestInvalidSchemas.testObjectIdString »  Unexpected exception, expected<org.sy...
16:21:12.867 [INFO]   [Validating]  out: [ERROR]   TestValidSchemas.testBondRfq:78 » InvalidInstance java.net.UnknownHostExceptio...
16:21:12.867 [INFO]   [Validating]  out: [ERROR]   TestValidSchemas.testBondRfqObject:84 » InvalidInstance java.net.UnknownHostEx...
16:21:12.867 [INFO]   [Validating]  out: [ERROR]   TestValidSchemas.testBondRfqSchema:72 » InvalidInstance java.net.UnknownHostEx...
16:21:12.867 [INFO]   [Validating]  out: [ERROR]   TestValidSchemas.testEntityJson:58 » InvalidInstance java.net.UnknownHostExcep...
16:21:12.867 [INFO]   [Validating]  out: [ERROR]   TestValidSchemas.testEntityJsonSchema:52 » InvalidInstance java.net.UnknownHos...
16:21:12.867 [INFO]   [Validating]  out: [ERROR]   TestValidSchemas.testExpandedJira:102->test:107 » Runtime org.symphonyoss.symp...
16:21:12.867 [INFO]   [Validating]  out: [ERROR]   TestValidSchemas.testJsonSchema:46 » InvalidInstance java.net.UnknownHostExcep...
16:21:12.867 [INFO]   [Validating]  out: [ERROR]   TestValidSchemas.testSingleJira:96->test:107 » Runtime org.symphonyoss.symphon...
16:21:12.867 [INFO]   [Validating]  out: [ERROR]   TestValidSchemas.testStructuredObject:65 » InvalidInstance java.net.UnknownHos...
16:21:12.867 [INFO]   [Validating]  out: [INFO] 
16:21:12.867 [INFO]   [Validating]  out: [ERROR] Tests run: 3604, Failures: 0, Errors: 15, Skipped: 0
16:21:12.867 [INFO]   [Validating]  out: [INFO] 
16:21:12.923 [INFO]   [Validating]  deserializing line [DIFFBLUE]{"__type":"com.diffblue.cover.buildsystem.model.DefaultProjectModuleMessage","project":{"__type":"DefaultProjectModule","junitReport":["/home/jbergqvist/diffblue/finos-messageml-utils/target/surefire-reports"],"jacocoReport":["/home/jbergqvist/diffblue/finos-messageml-utils/target/site/jacoco/jacoco.xml"],"jacocoDestFile":["/home/jbergqvist/diffblue/finos-messageml-utils/target/jacoco.exec"],"jacocoFormats":["xml"],"jacocoSkipped":false,"classpath":["/home/jbergqvist/diffblue/finos-messageml-utils/target/classes","/home/jbergqvist/.m2/repository/org/projectlombok/lombok/1.18.42/lombok-1.18.42.jar","/home/jbergqvist/.m2/repository/com/github/java-json-tools/json-schema-validator/2.2.14/json-schema-validator-2.2.14.jar","/home/jbergqvist/.m2/repository/com/github/java-json-tools/jackson-coreutils-equivalence/1.0/jackson-coreutils-equivalence-1.0.jar","/home/jbergqvist/.m2/repository/com/github/java-json-tools/jackson-coreutils/2.0/jackson-coreutils-2.0.jar","/home/jbergqvist/.m2/repository/com/github/java-json-tools/msg-simple/1.2/msg-simple-1.2.jar","/home/jbergqvist/.m2/repository/com/github/java-json-tools/btf/1.3/btf-1.3.jar","/home/jbergqvist/.m2/repository/com/github/java-json-tools/json-schema-core/1.2.14/json-schema-core-1.2.14.jar","/home/jbergqvist/.m2/repository/com/github/java-json-tools/uri-template/0.10/uri-template-0.10.jar","/home/jbergqvist/.m2/repository/com/sun/mail/mailapi/1.6.2/mailapi-1.6.2.jar","/home/jbergqvist/.m2/repository/joda-time/joda-time/2.10.5/joda-time-2.10.5.jar","/home/jbergqvist/.m2/repository/com/googlecode/libphonenumber/libphonenumber/8.11.1/libphonenumber-8.11.1.jar","/home/jbergqvist/.m2/repository/com/google/code/findbugs/jsr305/3.0.2/jsr305-3.0.2.jar","/home/jbergqvist/.m2/repository/net/sf/jopt-simple/jopt-simple/5.0.4/jopt-simple-5.0.4.jar","/home/jbergqvist/.m2/repository/org/mozilla/rhino/1.7.13/rhino-1.7.13.jar","/home/jbergqvist/.m2/repository/com/google/guava/guava/32.1.2-jre/guava-32.1.2-jre.jar","/home/jbergqvist/.m2/repository/com/google/guava/failureaccess/1.0.1/failureaccess-1.0.1.jar","/home/jbergqvist/.m2/repository/com/google/guava/listenablefuture/9999.0-empty-to-avoid-conflict-with-guava/listenablefuture-9999.0-empty-to-avoid-conflict-with-guava.jar","/home/jbergqvist/.m2/repository/org/checkerframework/checker-qual/3.33.0/checker-qual-3.33.0.jar","/home/jbergqvist/.m2/repository/com/google/errorprone/error_prone_annotations/2.18.0/error_prone_annotations-2.18.0.jar","/home/jbergqvist/.m2/repository/com/google/j2objc/j2objc-annotations/2.8/j2objc-annotations-2.8.jar","/home/jbergqvist/.m2/repository/com/fasterxml/jackson/core/jackson-core/2.15.2/jackson-core-2.15.2.jar","/home/jbergqvist/.m2/repository/com/fasterxml/jackson/core/jackson-databind/2.15.2/jackson-databind-2.15.2.jar","/home/jbergqvist/.m2/repository/com/fasterxml/jackson/core/jackson-annotations/2.15.2/jackson-annotations-2.15.2.jar","/home/jbergqvist/.m2/repository/commons-io/commons-io/2.11.0/commons-io-2.11.0.jar","/home/jbergqvist/.m2/repository/org/apache/commons/commons-lang3/3.12.0/commons-lang3-3.12.0.jar","/home/jbergqvist/.m2/repository/org/freemarker/freemarker/2.3.31/freemarker-2.3.31.jar","/home/jbergqvist/.m2/repository/org/slf4j/slf4j-api/1.7.32/slf4j-api-1.7.32.jar","/home/jbergqvist/.m2/repository/com/diffblue/cover/cover-annotations/1.8.0/cover-annotations-1.8.0.jar","/home/jbergqvist/.m2/repository/com/atlassian/commonmark/commonmark/0.15.2/commonmark-0.15.2.jar","/home/jbergqvist/.m2/repository/org/junit/jupiter/junit-jupiter-api/5.8.2/junit-jupiter-api-5.8.2.jar","/home/jbergqvist/.m2/repository/org/opentest4j/opentest4j/1.2.0/opentest4j-1.2.0.jar","/home/jbergqvist/.m2/repository/org/junit/platform/junit-platform-commons/1.8.2/junit-platform-commons-1.8.2.jar","/home/jbergqvist/.m2/repository/org/apiguardian/apiguardian-api/1.1.2/apiguardian-api-1.1.2.jar","/home/jbergqvist/.m2/repository/org/junit/jupiter/junit-jupiter-params/5.8.2/junit-jupiter-params-5.8.2.jar","/home/jbergqvist/.m2/repository/org/junit/jupiter/junit-jupiter-engine/5.8.2/junit-jupiter-engine-5.8.2.jar","/home/jbergqvist/.m2/repository/org/junit/platform/junit-platform-engine/1.8.2/junit-platform-engine-1.8.2.jar","/home/jbergqvist/.m2/repository/org/junit/vintage/junit-vintage-engine/5.8.2/junit-vintage-engine-5.8.2.jar","/home/jbergqvist/.m2/repository/junit/junit/4.13.2/junit-4.13.2.jar","/home/jbergqvist/.m2/repository/org/hamcrest/hamcrest-core/1.3/hamcrest-core-1.3.jar","/home/jbergqvist/.m2/repository/org/mockito/mockito-core/4.0.0/mockito-core-4.0.0.jar","/home/jbergqvist/.m2/repository/net/bytebuddy/byte-buddy/1.11.19/byte-buddy-1.11.19.jar","/home/jbergqvist/.m2/repository/net/bytebuddy/byte-buddy-agent/1.11.19/byte-buddy-agent-1.11.19.jar","/home/jbergqvist/.m2/repository/org/objenesis/objenesis/3.2/objenesis-3.2.jar","/home/jbergqvist/.m2/repository/org/openjdk/jmh/jmh-core/1.33/jmh-core-1.33.jar","/home/jbergqvist/.m2/repository/org/apache/commons/commons-math3/3.2/commons-math3-3.2.jar","/home/jbergqvist/.m2/repository/org/openjdk/jmh/jmh-generator-annprocess/1.33/jmh-generator-annprocess-1.33.jar","/home/jbergqvist/.m2/repository/org/xmlunit/xmlunit-core/2.8.3/xmlunit-core-2.8.3.jar","/home/jbergqvist/.m2/repository/jakarta/xml/bind/jakarta.xml.bind-api/2.3.3/jakarta.xml.bind-api-2.3.3.jar","/home/jbergqvist/.m2/repository/jakarta/activation/jakarta.activation-api/1.2.2/jakarta.activation-api-1.2.2.jar","/home/jbergqvist/.m2/repository/ch/qos/logback/logback-classic/1.2.9/logback-classic-1.2.9.jar","/home/jbergqvist/.m2/repository/ch/qos/logback/logback-core/1.2.9/logback-core-1.2.9.jar"],"complianceLevel":"1.8","productionSources":["/home/jbergqvist/diffblue/finos-messageml-utils/src/main/java"],"testSources":["/home/jbergqvist/diffblue/finos-messageml-utils/src/test/java"],"productionClasses":"/home/jbergqvist/diffblue/finos-messageml-utils/target/classes","testClasses":"/home/jbergqvist/diffblue/finos-messageml-utils/target/test-classes","sourceToBuildPathMap":null,"testSourceToBuildPathMap":null,"buildDirectory":"/home/jbergqvist/diffblue/finos-messageml-utils/target","plugins":[{"__type":"DefaultPlugin","groupId":"org.apache.maven.plugins","artefactId":"maven-surefire-plugin","version":"2.22.2","pluginClassName":null},{"__type":"DefaultPlugin","groupId":"org.apache.maven.plugins","artefactId":"maven-clean-plugin","version":"2.5","pluginClassName":null},{"__type":"DefaultPlugin","groupId":"org.apache.maven.plugins","artefactId":"maven-resources-plugin","version":"2.6","pluginClassName":null},{"__type":"DefaultPlugin","groupId":"org.apache.maven.plugins","artefactId":"maven-jar-plugin","version":"3.2.2","pluginClassName":null},{"__type":"DefaultPlugin","groupId":"org.apache.maven.plugins","artefactId":"maven-compiler-plugin","version":"3.1","pluginClassName":null},{"__type":"DefaultPlugin","groupId":"org.apache.maven.plugins","artefactId":"maven-install-plugin","version":"2.4","pluginClassName":null},{"__type":"DefaultPlugin","groupId":"org.apache.maven.plugins","artefactId":"maven-deploy-plugin","version":"3.0.0-M1","pluginClassName":null},{"__type":"DefaultPlugin","groupId":"org.apache.maven.plugins","artefactId":"maven-site-plugin","version":"3.3","pluginClassName":null}],"version":"3.8.4","encoding":"UTF-8","name":"maven","subModules":[],"simpleModuleName":null,"parentModuleName":null,"location":"/home/jbergqvist/diffblue/finos-messageml-utils","fullModuleName":"org.symphonyoss.symphony:messageml"}}
16:21:12.926 [INFO]   [Validating]  out: [INFO] ------------------------------------------------------------------------
16:21:12.926 [INFO]   [Validating]  out: [INFO] BUILD FAILURE
16:21:12.926 [INFO]   [Validating]  out: [INFO] ------------------------------------------------------------------------
16:21:12.926 [INFO]   [Validating]  out: [INFO] Total time:  10.079 s
16:21:12.926 [INFO]   [Validating]  out: [INFO] Finished at: 2026-01-09T16:21:12Z
16:21:12.926 [INFO]   [Validating]  out: [INFO] ------------------------------------------------------------------------
16:21:12.926 [INFO]   [Validating]  deserializing line [DIFFBLUE]{"__type":"com.diffblue.cover.buildsystem.model.ProjectInfoMessage","projectName":"org.symphonyoss.symphony:messageml","productionSources":["/home/jbergqvist/diffblue/finos-messageml-utils/src/main/java"],"testSources":["/home/jbergqvist/diffblue/finos-messageml-utils/src/test/java"],"location":"/home/jbergqvist/diffblue/finos-messageml-utils"}
16:21:12.927 [INFO]   [Validating]  out: [ERROR] Failed to execute goal org.apache.maven.plugins:maven-surefire-plugin:2.22.2:test (default-test) on project messageml: There are test failures.
16:21:12.927 [INFO]   [Validating]  out: [ERROR] 
16:21:12.927 [INFO]   [Validating]  out: [ERROR] Please refer to /home/jbergqvist/diffblue/finos-messageml-utils/target/surefire-reports for the individual test results.
16:21:12.927 [INFO]   [Validating]  out: [ERROR] Please refer to dump files (if any exist) [date].dump, [date]-jvmRun[N].dump and [date].dumpstream.
16:21:12.927 [INFO]   [Validating]  out: [ERROR] -> [Help 1]
16:21:12.927 [INFO]   [Validating]  out: [ERROR] 
16:21:12.927 [INFO]   [Validating]  out: [ERROR] To see the full stack trace of the errors, re-run Maven with the -e switch.
16:21:12.927 [INFO]   [Validating]  out: [ERROR] Re-run Maven using the -X switch to enable full debug logging.
16:21:12.927 [INFO]   [Validating]  out: [ERROR] 
16:21:12.927 [INFO]   [Validating]  out: [ERROR] For more information about the errors and possible solutions, please read the following articles:
16:21:12.927 [INFO]   [Validating]  out: [ERROR] [Help 1] http://cwiki.apache.org/confluence/display/MAVEN/MojoFailureException
16:21:12.985 [INFO]   [Validating]  maven:err process not stopped, joining thread
16:21:12.985 [INFO]   [Validating]  maven:out process not stopped, joining thread
16:21:13.303 [INFO]   [Validating]  Test validation was able to validate 2,249 out of 2,250 complete tests, the remainder were discarded.
16:21:13.306 [WARN]   [Validating]  E032: Failing tests detected while validating
During test validation there were some test failures. Please see the list below
and the contents of the log file. Without addressing these failing tests,
Diffblue Cover will be unable to properly validate the created tests.
Failing tests:
- org.symphonyoss.symphony.entityjson.TestValidSchemas.testStructuredObject
- org.symphonyoss.symphony.entityjson.TestValidSchemas.testBondRfq
- org.symphonyoss.symphony.entityjson.TestValidSchemas.testJsonSchema
- org.symphonyoss.symphony.entityjson.TestValidSchemas.testEntityJsonSchema
- org.symphonyoss.symphony.entityjson.TestValidSchemas.testSingleJira
- org.symphonyoss.symphony.entityjson.TestValidSchemas.testExpandedJira
- org.symphonyoss.symphony.entityjson.TestValidSchemas.testBondRfqObject
- org.symphonyoss.symphony.entityjson.TestValidSchemas.testBondRfqSchema
- org.symphonyoss.symphony.entityjson.TestValidSchemas.testEntityJson
- org.symphonyoss.symphony.entityjson.TestInvalidSchemas.testInvalidTypeVersion
- org.symphonyoss.symphony.entityjson.TestInvalidSchemas.testMissingTypeVersion
- org.symphonyoss.symphony.entityjson.TestInvalidSchemas.testMissingTypeId
- org.symphonyoss.symphony.entityjson.TestInvalidSchemas.testIdExtraAttributes
- org.symphonyoss.symphony.entityjson.TestInvalidSchemas.testObjectIdObject
- org.symphonyoss.symphony.entityjson.TestInvalidSchemas.testObjectIdString
The output from running this command is available towards the end of the log
file.
If you have customized your build system configuration for Diffblue Cover,
refer to the guidelines here:
https://docs.diffblue.com/features/cover-cli/project-configuration/configuring-cover-to-work-with-your-projects-build-system/
16:21:13.322 [INFO]   [Validating]  Refactorings have been generated - run `dcover refactor` to apply them
16:21:13.324 [INFO]   [Measuring]   Calculating coverage from Diffblue tests.
16:21:13.329 [INFO]   [Measuring]   Using default build rules as no custom rules found in any of [/home/jbergqvist/diffblue/finos-messageml-utils]
16:21:13.329 [INFO]   [Measuring]   Using default build rules as no custom rules found in any of [/home/jbergqvist/diffblue/finos-messageml-utils]
16:21:13.329 [INFO]   [Measuring]   Attempting to invoke /home/jbergqvist/diffblue/finos-messageml-utils/mvnw in working directory: /home/jbergqvist/diffblue/finos-messageml-utils
16:21:13.330 [INFO]   [Measuring]   Started "/home/jbergqvist/diffblue/finos-messageml-utils/mvnw -Dmaven.ext.class.path=/opt/cover/cover-buildsystem-maven-spy-jar-with-dependencies.jar -Dcom.diffblue.cover.skipTests=true -DskipTestOptimizer --batch-mode --projects=org.symphonyoss.symphony:messageml --global-settings=/home/jbergqvist/.sdkman/candidates/maven/current/conf/settings.xml org.jacoco:jacoco-maven-plugin:0.8.11:prepare-agent -Djacoco.skip=false test -DfailIfNoTests=false -Dsurefire.failIfNoSpecifiedTests=false -Dmaven.test.failure.ignore=True -Dtest=*DiffblueTest org.jacoco:jacoco-maven-plugin:0.8.11:report -Djacoco.skip=false"
16:21:13.941 [INFO]   [Measuring]   out: [INFO] Scanning for projects...
16:21:13.999 [INFO]   [Measuring]   out: [INFO] 
16:21:13.999 [INFO]   [Measuring]   out: [INFO] -----------------< org.symphonyoss.symphony:messageml >-----------------
16:21:13.999 [INFO]   [Measuring]   out: [INFO] Building MessageML Utils 0.13.0
16:21:13.999 [INFO]   [Measuring]   out: [INFO] --------------------------------[ jar ]---------------------------------
16:21:14.240 [INFO]   [Measuring]   deserializing line [DIFFBLUE]{"__type":"com.diffblue.cover.buildsystem.model.DefaultEventMessage","project":"org.symphonyoss.symphony:messageml","goal":"prepare-agent","cause":null,"state":"STARTED"}
16:21:14.241 [INFO]   [Measuring]   out: [INFO] 
16:21:14.241 [INFO]   [Measuring]   out: [INFO] --- jacoco-maven-plugin:0.8.11:prepare-agent (default-cli) @ messageml ---
16:21:14.297 [INFO]   [Measuring]   out: [INFO] argLine set to -javaagent:/home/jbergqvist/.m2/repository/org/jacoco/org.jacoco.agent/0.8.11/org.jacoco.agent-0.8.11-runtime.jar=destfile=/home/jbergqvist/diffblue/finos-messageml-utils/target/jacoco.exec
16:21:14.298 [INFO]   [Measuring]   deserializing line [DIFFBLUE]{"__type":"com.diffblue.cover.buildsystem.model.DefaultEventMessage","project":"org.symphonyoss.symphony:messageml","goal":"prepare-agent","cause":null,"state":"SUCCESS"}
16:21:14.299 [INFO]   [Measuring]   deserializing line [DIFFBLUE]{"__type":"com.diffblue.cover.buildsystem.model.DefaultEventMessage","project":"org.symphonyoss.symphony:messageml","goal":"resources","cause":null,"state":"STARTED"}
16:21:14.300 [INFO]   [Measuring]   out: [INFO] 
16:21:14.300 [INFO]   [Measuring]   out: [INFO] --- maven-resources-plugin:2.6:resources (default-resources) @ messageml ---
16:21:14.361 [INFO]   [Measuring]   out: [INFO] Using 'UTF-8' encoding to copy filtered resources.
16:21:14.363 [INFO]   [Measuring]   out: [INFO] Copying 1 resource
16:21:14.366 [INFO]   [Measuring]   deserializing line [DIFFBLUE]{"__type":"com.diffblue.cover.buildsystem.model.DefaultEventMessage","project":"org.symphonyoss.symphony:messageml","goal":"resources","cause":null,"state":"SUCCESS"}
16:21:14.367 [INFO]   [Measuring]   deserializing line [DIFFBLUE]{"__type":"com.diffblue.cover.buildsystem.model.DefaultEventMessage","project":"org.symphonyoss.symphony:messageml","goal":"compile","cause":null,"state":"STARTED"}
16:21:14.368 [INFO]   [Measuring]   out: [INFO] 
16:21:14.369 [INFO]   [Measuring]   out: [INFO] --- maven-compiler-plugin:3.1:compile (default-compile) @ messageml ---
16:21:14.461 [INFO]   [Measuring]   out: [INFO] Nothing to compile - all classes are up to date
16:21:14.463 [INFO]   [Measuring]   deserializing line [DIFFBLUE]{"__type":"com.diffblue.cover.buildsystem.model.DefaultEventMessage","project":"org.symphonyoss.symphony:messageml","goal":"compile","cause":null,"state":"SUCCESS"}
16:21:14.464 [INFO]   [Measuring]   deserializing line [DIFFBLUE]{"__type":"com.diffblue.cover.buildsystem.model.DefaultEventMessage","project":"org.symphonyoss.symphony:messageml","goal":"testResources","cause":null,"state":"STARTED"}
16:21:14.464 [INFO]   [Measuring]   out: [INFO] 
16:21:14.464 [INFO]   [Measuring]   out: [INFO] --- maven-resources-plugin:2.6:testResources (default-testResources) @ messageml ---
16:21:14.465 [INFO]   [Measuring]   out: [INFO] Using 'UTF-8' encoding to copy filtered resources.
16:21:14.467 [INFO]   [Measuring]   out: [INFO] Copying 36 resources
16:21:14.472 [INFO]   [Measuring]   deserializing line [DIFFBLUE]{"__type":"com.diffblue.cover.buildsystem.model.DefaultEventMessage","project":"org.symphonyoss.symphony:messageml","goal":"testResources","cause":null,"state":"SUCCESS"}
16:21:14.474 [INFO]   [Measuring]   deserializing line [DIFFBLUE]{"__type":"com.diffblue.cover.buildsystem.model.DefaultEventMessage","project":"org.symphonyoss.symphony:messageml","goal":"testCompile","cause":null,"state":"STARTED"}
16:21:14.475 [INFO]   [Measuring]   out: [INFO] 
16:21:14.475 [INFO]   [Measuring]   out: [INFO] --- maven-compiler-plugin:3.1:testCompile (default-testCompile) @ messageml ---
16:21:14.486 [INFO]   [Measuring]   out: [INFO] Changes detected - recompiling the module!
16:21:14.488 [INFO]   [Measuring]   out: [INFO] Compiling 188 source files to /home/jbergqvist/diffblue/finos-messageml-utils/target/test-classes
16:21:19.235 [INFO]   [Measuring]   out: [WARNING] /home/jbergqvist/diffblue/finos-messageml-utils/src/test/java/org/symphonyoss/symphony/messageml/elements/ElementTest.java: Some input files use or override a deprecated API.
16:21:19.235 [INFO]   [Measuring]   out: [WARNING] /home/jbergqvist/diffblue/finos-messageml-utils/src/test/java/org/symphonyoss/symphony/messageml/elements/ElementTest.java: Recompile with -Xlint:deprecation for details.
16:21:19.235 [INFO]   [Measuring]   out: [WARNING] /home/jbergqvist/diffblue/finos-messageml-utils/src/test/java/org/symphonyoss/symphony/messageml/MessageMLContextTest.java: /home/jbergqvist/diffblue/finos-messageml-utils/src/test/java/org/symphonyoss/symphony/messageml/MessageMLContextTest.java uses unchecked or unsafe operations.
16:21:19.235 [INFO]   [Measuring]   out: [WARNING] /home/jbergqvist/diffblue/finos-messageml-utils/src/test/java/org/symphonyoss/symphony/messageml/MessageMLContextTest.java: Recompile with -Xlint:unchecked for details.
16:21:19.236 [INFO]   [Measuring]   deserializing line [DIFFBLUE]{"__type":"com.diffblue.cover.buildsystem.model.DefaultEventMessage","project":"org.symphonyoss.symphony:messageml","goal":"testCompile","cause":null,"state":"SUCCESS"}
16:21:19.238 [INFO]   [Measuring]   deserializing line [DIFFBLUE]{"__type":"com.diffblue.cover.buildsystem.model.DefaultEventMessage","project":"org.symphonyoss.symphony:messageml","goal":"test","cause":null,"state":"STARTED"}
16:21:19.239 [INFO]   [Measuring]   out: [INFO] 
16:21:19.239 [INFO]   [Measuring]   out: [INFO] --- maven-surefire-plugin:2.22.2:test (default-test) @ messageml ---
16:21:19.385 [INFO]   [Measuring]   out: [INFO] 
16:21:19.385 [INFO]   [Measuring]   out: [INFO] -------------------------------------------------------
16:21:19.385 [INFO]   [Measuring]   out: [INFO]  T E S T S
16:21:19.385 [INFO]   [Measuring]   out: [INFO] -------------------------------------------------------
16:21:20.445 [INFO]   [Measuring]   out: [INFO] Running org.symphonyoss.symphony.entityjson.EntityJsonParserDiffblueTest
16:21:20.999 [INFO]   [Measuring]   out: [INFO] Tests run: 10, Failures: 0, Errors: 0, Skipped: 0, Time elapsed: 0.544 s - in org.symphonyoss.symphony.entityjson.EntityJsonParserDiffblueTest
16:21:20.999 [INFO]   [Measuring]   out: [INFO] Running org.symphonyoss.symphony.entityjson.NoSchemaExceptionDiffblueTest
16:21:21.312 [INFO]   [Measuring]   out: [INFO] Tests run: 5, Failures: 0, Errors: 0, Skipped: 0, Time elapsed: 0.31 s - in org.symphonyoss.symphony.entityjson.NoSchemaExceptionDiffblueTest
16:21:21.312 [INFO]   [Measuring]   out: [INFO] Running org.symphonyoss.symphony.entityjson.EntityJsonParserBuilderDiffblueTest
16:21:21.314 [INFO]   [Measuring]   out: [INFO] Tests run: 1, Failures: 0, Errors: 0, Skipped: 0, Time elapsed: 0 s - in org.symphonyoss.symphony.entityjson.EntityJsonParserBuilderDiffblueTest
16:21:21.314 [INFO]   [Measuring]   out: [INFO] Running org.symphonyoss.symphony.entityjson.StructuredObjectIdDiffblueTest
16:21:21.583 [INFO]   [Measuring]   out: [INFO] Tests run: 2, Failures: 0, Errors: 0, Skipped: 0, Time elapsed: 0.268 s - in org.symphonyoss.symphony.entityjson.StructuredObjectIdDiffblueTest
16:21:21.583 [INFO]   [Measuring]   out: [INFO] Running org.symphonyoss.symphony.entityjson.SchemaValidationExceptionDiffblueTest
16:21:21.584 [INFO]   [Measuring]   out: [INFO] Tests run: 5, Failures: 0, Errors: 0, Skipped: 0, Time elapsed: 0 s - in org.symphonyoss.symphony.entityjson.SchemaValidationExceptionDiffblueTest
16:21:21.584 [INFO]   [Measuring]   out: [INFO] Running org.symphonyoss.symphony.entityjson.UntrustedSchemaSourceExceptionDiffblueTest
16:21:21.586 [INFO]   [Measuring]   out: [INFO] Tests run: 5, Failures: 0, Errors: 0, Skipped: 0, Time elapsed: 0.001 s - in org.symphonyoss.symphony.entityjson.UntrustedSchemaSourceExceptionDiffblueTest
16:21:21.586 [INFO]   [Measuring]   out: [INFO] Running org.symphonyoss.symphony.entityjson.StructuredObjectDiffblueTest
16:21:21.596 [INFO]   [Measuring]   out: [INFO] Tests run: 5, Failures: 0, Errors: 0, Skipped: 0, Time elapsed: 0.009 s - in org.symphonyoss.symphony.entityjson.StructuredObjectDiffblueTest
16:21:21.596 [INFO]   [Measuring]   out: [INFO] Running org.symphonyoss.symphony.entityjson.InvalidInstanceExceptionDiffblueTest
16:21:21.597 [INFO]   [Measuring]   out: [INFO] Tests run: 5, Failures: 0, Errors: 0, Skipped: 0, Time elapsed: 0 s - in org.symphonyoss.symphony.entityjson.InvalidInstanceExceptionDiffblueTest
16:21:21.597 [INFO]   [Measuring]   out: [INFO] Running org.symphonyoss.symphony.entityjson.EntityJsonDiffblueTest
16:21:21.600 [INFO]   [Measuring]   out: [INFO] Tests run: 6, Failures: 0, Errors: 0, Skipped: 0, Time elapsed: 0.002 s - in org.symphonyoss.symphony.entityjson.EntityJsonDiffblueTest
16:21:21.600 [INFO]   [Measuring]   out: [INFO] Running org.symphonyoss.symphony.entityjson.EntityJsonContextDiffblueTest
16:21:21.775 [INFO]   [Measuring]   out: [INFO] Tests run: 3, Failures: 0, Errors: 0, Skipped: 0, Time elapsed: 0.173 s - in org.symphonyoss.symphony.entityjson.EntityJsonContextDiffblueTest
16:21:21.775 [INFO]   [Measuring]   out: [INFO] Running org.symphonyoss.symphony.entityjson.InvalidSchemaExceptionDiffblueTest
16:21:21.776 [INFO]   [Measuring]   out: [INFO] Tests run: 5, Failures: 0, Errors: 0, Skipped: 0, Time elapsed: 0 s - in org.symphonyoss.symphony.entityjson.InvalidSchemaExceptionDiffblueTest
16:21:21.776 [INFO]   [Measuring]   out: [INFO] Running org.symphonyoss.symphony.messageml.bi.BiEventTypeDiffblueTest
16:21:21.777 [INFO]   [Measuring]   out: [INFO] Tests run: 1, Failures: 0, Errors: 0, Skipped: 0, Time elapsed: 0 s - in org.symphonyoss.symphony.messageml.bi.BiEventTypeDiffblueTest
16:21:21.777 [INFO]   [Measuring]   out: [INFO] Running org.symphonyoss.symphony.messageml.bi.BiFieldsDiffblueTest
16:21:21.778 [INFO]   [Measuring]   out: [INFO] Tests run: 1, Failures: 0, Errors: 0, Skipped: 0, Time elapsed: 0 s - in org.symphonyoss.symphony.messageml.bi.BiFieldsDiffblueTest
16:21:21.778 [INFO]   [Measuring]   out: [INFO] Running org.symphonyoss.symphony.messageml.bi.BiContextDiffblueTest
16:21:21.811 [INFO]   [Measuring]   out: 16:21:21.809 [main] WARN org.symphonyoss.symphony.messageml.bi.BiContext - Failed to extract the messageML library version.
16:21:21.813 [INFO]   [Measuring]   out: 16:21:21.812 [main] WARN org.symphonyoss.symphony.messageml.bi.BiContext - Attribute count for element Item Name does not contain an integer value. The count will not be increased.
16:21:21.824 [INFO]   [Measuring]   out: 16:21:21.823 [main] WARN org.symphonyoss.symphony.messageml.bi.BiContext - Attribute count for element Item Name does not contain an integer value. The count will not be increased.
16:21:21.824 [INFO]   [Measuring]   out: 16:21:21.824 [main] WARN org.symphonyoss.symphony.messageml.bi.BiContext - Attribute count for element Item Name does not contain an integer value. The count will not be increased.
16:21:21.826 [INFO]   [Measuring]   out: [INFO] Tests run: 32, Failures: 0, Errors: 0, Skipped: 0, Time elapsed: 0.046 s - in org.symphonyoss.symphony.messageml.bi.BiContextDiffblueTest
16:21:21.826 [INFO]   [Measuring]   out: [INFO] Running org.symphonyoss.symphony.messageml.bi.BiItemDiffblueTest
16:21:21.828 [INFO]   [Measuring]   out: [INFO] Tests run: 11, Failures: 0, Errors: 0, Skipped: 0, Time elapsed: 0.001 s - in org.symphonyoss.symphony.messageml.bi.BiItemDiffblueTest
16:21:21.828 [INFO]   [Measuring]   out: [INFO] Running org.symphonyoss.symphony.messageml.exceptions.InvalidInputExceptionDiffblueTest
16:21:21.828 [INFO]   [Measuring]   out: [INFO] Tests run: 3, Failures: 0, Errors: 0, Skipped: 0, Time elapsed: 0 s - in org.symphonyoss.symphony.messageml.exceptions.InvalidInputExceptionDiffblueTest
16:21:21.828 [INFO]   [Measuring]   out: [INFO] Running org.symphonyoss.symphony.messageml.exceptions.ProcessingExceptionDiffblueTest
16:21:21.829 [INFO]   [Measuring]   out: [INFO] Tests run: 2, Failures: 0, Errors: 0, Skipped: 0, Time elapsed: 0.001 s - in org.symphonyoss.symphony.messageml.exceptions.ProcessingExceptionDiffblueTest
16:21:21.829 [INFO]   [Measuring]   out: [INFO] Running org.symphonyoss.symphony.messageml.exceptions.MessageMLExceptionDiffblueTest
16:21:21.830 [INFO]   [Measuring]   out: [INFO] Tests run: 2, Failures: 0, Errors: 0, Skipped: 0, Time elapsed: 0 s - in org.symphonyoss.symphony.messageml.exceptions.MessageMLExceptionDiffblueTest
16:21:21.830 [INFO]   [Measuring]   out: [INFO] Running org.symphonyoss.symphony.messageml.MessageMLParserDiffblueTest
16:21:22.084 [INFO]   [Measuring]   out: [INFO] Tests run: 78, Failures: 0, Errors: 0, Skipped: 0, Time elapsed: 0.251 s - in org.symphonyoss.symphony.messageml.MessageMLParserDiffblueTest
16:21:22.084 [INFO]   [Measuring]   out: [INFO] Running org.symphonyoss.symphony.messageml.MessageMLContextDiffblueTest
16:21:22.111 [INFO]   [Measuring]   out: [INFO] Tests run: 17, Failures: 0, Errors: 0, Skipped: 0, Time elapsed: 0.026 s - in org.symphonyoss.symphony.messageml.MessageMLContextDiffblueTest
16:21:22.111 [INFO]   [Measuring]   out: [INFO] Running org.symphonyoss.symphony.messageml.elements.CodeDiffblueTest
16:21:22.115 [INFO]   [Measuring]   out: 16:21:22.115 [main] WARN org.symphonyoss.symphony.messageml.bi.BiContext - Attribute count for element codes does not contain an integer value. The count will not be increased.
16:21:22.129 [INFO]   [Measuring]   out: 16:21:22.129 [main] WARN org.symphonyoss.symphony.messageml.bi.BiContext - Attribute count for element codes does not contain an integer value. The count will not be increased.
16:21:22.135 [INFO]   [Measuring]   out: [INFO] Tests run: 34, Failures: 0, Errors: 0, Skipped: 0, Time elapsed: 0.022 s - in org.symphonyoss.symphony.messageml.elements.CodeDiffblueTest
16:21:22.135 [INFO]   [Measuring]   out: [INFO] Running org.symphonyoss.symphony.messageml.elements.HeaderDiffblueTest
16:21:22.135 [INFO]   [Measuring]   out: 16:21:22.134 [main] WARN org.symphonyoss.symphony.messageml.bi.BiContext - Attribute count for element headers does not contain an integer value. The count will not be increased.
16:21:22.135 [INFO]   [Measuring]   out: 16:21:22.134 [main] WARN org.symphonyoss.symphony.messageml.bi.BiContext - Attribute count for element headers does not contain an integer value. The count will not be increased.
16:21:22.137 [INFO]   [Measuring]   out: [INFO] Tests run: 13, Failures: 0, Errors: 0, Skipped: 0, Time elapsed: 0.001 s - in org.symphonyoss.symphony.messageml.elements.HeaderDiffblueTest
16:21:22.137 [INFO]   [Measuring]   out: [INFO] Running org.symphonyoss.symphony.messageml.elements.LabelableElementDiffblueTest
16:21:22.138 [INFO]   [Measuring]   out: [INFO] Tests run: 6, Failures: 0, Errors: 0, Skipped: 0, Time elapsed: 0 s - in org.symphonyoss.symphony.messageml.elements.LabelableElementDiffblueTest
16:21:22.138 [INFO]   [Measuring]   out: [INFO] Running org.symphonyoss.symphony.messageml.elements.TableDiffblueTest
16:21:22.138 [INFO]   [Measuring]   out: 16:21:22.137 [main] WARN org.symphonyoss.symphony.messageml.bi.BiContext - Attribute count for element table_rows_max does not contain an integer value. The count will not be increased.
16:21:22.138 [INFO]   [Measuring]   out: 16:21:22.137 [main] WARN org.symphonyoss.symphony.messageml.bi.BiContext - Attribute count for element tables does not contain an integer value. The count will not be increased.
16:21:22.138 [INFO]   [Measuring]   out: 16:21:22.138 [main] WARN org.symphonyoss.symphony.messageml.bi.BiContext - Attribute count for element tables does not contain an integer value. The count will not be increased.
16:21:22.140 [INFO]   [Measuring]   out: [INFO] Tests run: 13, Failures: 0, Errors: 0, Skipped: 0, Time elapsed: 0.001 s - in org.symphonyoss.symphony.messageml.elements.TableDiffblueTest
16:21:22.140 [INFO]   [Measuring]   out: [INFO] Running org.symphonyoss.symphony.messageml.elements.SplittableElementDiffblueTest
16:21:22.143 [INFO]   [Measuring]   out: [INFO] Tests run: 11, Failures: 0, Errors: 0, Skipped: 0, Time elapsed: 0.002 s - in org.symphonyoss.symphony.messageml.elements.SplittableElementDiffblueTest
16:21:22.143 [INFO]   [Measuring]   out: [INFO] Running org.symphonyoss.symphony.messageml.elements.TooltipableElementDiffblueTest
16:21:22.144 [INFO]   [Measuring]   out: [INFO] Tests run: 6, Failures: 0, Errors: 0, Skipped: 0, Time elapsed: 0 s - in org.symphonyoss.symphony.messageml.elements.TooltipableElementDiffblueTest
16:21:22.144 [INFO]   [Measuring]   out: [INFO] Running org.symphonyoss.symphony.messageml.elements.ParagraphDiffblueTest
16:21:22.144 [INFO]   [Measuring]   out: 16:21:22.143 [main] WARN org.symphonyoss.symphony.messageml.bi.BiContext - Attribute count for element paragraphs does not contain an integer value. The count will not be increased.
16:21:22.144 [INFO]   [Measuring]   out: 16:21:22.144 [main] WARN org.symphonyoss.symphony.messageml.bi.BiContext - Attribute count for element paragraphs does not contain an integer value. The count will not be increased.
16:21:22.145 [INFO]   [Measuring]   out: [INFO] Tests run: 10, Failures: 0, Errors: 0, Skipped: 0, Time elapsed: 0 s - in org.symphonyoss.symphony.messageml.elements.ParagraphDiffblueTest
16:21:22.145 [INFO]   [Measuring]   out: [INFO] Running org.symphonyoss.symphony.messageml.elements.HashTagDiffblueTest
16:21:22.145 [INFO]   [Measuring]   out: 16:21:22.145 [main] WARN org.symphonyoss.symphony.messageml.bi.BiContext - Attribute count for element hashtags does not contain an integer value. The count will not be increased.
16:21:22.146 [INFO]   [Measuring]   out: 16:21:22.146 [main] WARN org.symphonyoss.symphony.messageml.bi.BiContext - Attribute count for element hashtags does not contain an integer value. The count will not be increased.
16:21:22.148 [INFO]   [Measuring]   out: [INFO] Tests run: 20, Failures: 0, Errors: 0, Skipped: 0, Time elapsed: 0.002 s - in org.symphonyoss.symphony.messageml.elements.HashTagDiffblueTest
16:21:22.148 [INFO]   [Measuring]   out: [INFO] Running org.symphonyoss.symphony.messageml.elements.TimePickerDiffblueTest
16:21:22.208 [INFO]   [Measuring]   out: [INFO] Tests run: 17, Failures: 0, Errors: 0, Skipped: 0, Time elapsed: 0.059 s - in org.symphonyoss.symphony.messageml.elements.TimePickerDiffblueTest
16:21:22.208 [INFO]   [Measuring]   out: [INFO] Running org.symphonyoss.symphony.messageml.elements.KeywordDiffblueTest
16:21:22.211 [INFO]   [Measuring]   out: [INFO] Tests run: 15, Failures: 0, Errors: 0, Skipped: 0, Time elapsed: 0.002 s - in org.symphonyoss.symphony.messageml.elements.KeywordDiffblueTest
16:21:22.211 [INFO]   [Measuring]   out: [INFO] Running org.symphonyoss.symphony.messageml.elements.RegexElementDiffblueTest
16:21:22.212 [INFO]   [Measuring]   out: [INFO] Tests run: 3, Failures: 0, Errors: 0, Skipped: 0, Time elapsed: 0 s - in org.symphonyoss.symphony.messageml.elements.RegexElementDiffblueTest
16:21:22.212 [INFO]   [Measuring]   out: [INFO] Running org.symphonyoss.symphony.messageml.elements.SpanDiffblueTest
16:21:22.212 [INFO]   [Measuring]   out: 16:21:22.210 [main] WARN org.symphonyoss.symphony.messageml.bi.BiContext - Attribute count for element spans does not contain an integer value. The count will not be increased.
16:21:22.212 [INFO]   [Measuring]   out: 16:21:22.211 [main] WARN org.symphonyoss.symphony.messageml.bi.BiContext - Attribute count for element spans does not contain an integer value. The count will not be increased.
16:21:22.213 [INFO]   [Measuring]   out: [INFO] Tests run: 10, Failures: 0, Errors: 0, Skipped: 0, Time elapsed: 0 s - in org.symphonyoss.symphony.messageml.elements.SpanDiffblueTest
16:21:22.213 [INFO]   [Measuring]   out: [INFO] Running org.symphonyoss.symphony.messageml.elements.CashTagDiffblueTest
16:21:22.213 [INFO]   [Measuring]   out: 16:21:22.212 [main] WARN org.symphonyoss.symphony.messageml.bi.BiContext - Attribute count for element cashtags does not contain an integer value. The count will not be increased.
16:21:22.214 [INFO]   [Measuring]   out: 16:21:22.214 [main] WARN org.symphonyoss.symphony.messageml.bi.BiContext - Attribute count for element cashtags does not contain an integer value. The count will not be increased.
16:21:22.215 [INFO]   [Measuring]   out: [INFO] Tests run: 12, Failures: 0, Errors: 0, Skipped: 0, Time elapsed: 0.001 s - in org.symphonyoss.symphony.messageml.elements.CashTagDiffblueTest
16:21:22.215 [INFO]   [Measuring]   out: [INFO] Running org.symphonyoss.symphony.messageml.elements.TableHeaderCellDiffblueTest
16:21:22.215 [INFO]   [Measuring]   out: [INFO] Tests run: 3, Failures: 0, Errors: 0, Skipped: 0, Time elapsed: 0 s - in org.symphonyoss.symphony.messageml.elements.TableHeaderCellDiffblueTest
16:21:22.215 [INFO]   [Measuring]   out: [INFO] Running org.symphonyoss.symphony.messageml.elements.MinMaxLengthElementDiffblueTest
16:21:22.218 [INFO]   [Measuring]   out: [INFO] Tests run: 24, Failures: 0, Errors: 0, Skipped: 0, Time elapsed: 0.002 s - in org.symphonyoss.symphony.messageml.elements.MinMaxLengthElementDiffblueTest
16:21:22.218 [INFO]   [Measuring]   out: [INFO] Running org.symphonyoss.symphony.messageml.elements.ElementDiffblueTest
16:21:22.229 [INFO]   [Measuring]   out: [INFO] Tests run: 66, Failures: 0, Errors: 0, Skipped: 0, Time elapsed: 0.009 s - in org.symphonyoss.symphony.messageml.elements.ElementDiffblueTest
16:21:22.229 [INFO]   [Measuring]   out: [INFO] Running org.symphonyoss.symphony.messageml.elements.ListItemDiffblueTest
16:21:22.229 [INFO]   [Measuring]   out: [INFO] Tests run: 4, Failures: 0, Errors: 0, Skipped: 0, Time elapsed: 0 s - in org.symphonyoss.symphony.messageml.elements.ListItemDiffblueTest
16:21:22.229 [INFO]   [Measuring]   out: [INFO] Running org.symphonyoss.symphony.messageml.elements.ExpandableCardHeaderDiffblueTest
16:21:22.233 [INFO]   [Measuring]   out: [INFO] Tests run: 19, Failures: 0, Errors: 0, Skipped: 0, Time elapsed: 0.003 s - in org.symphonyoss.symphony.messageml.elements.ExpandableCardHeaderDiffblueTest
16:21:22.233 [INFO]   [Measuring]   out: [INFO] Running org.symphonyoss.symphony.messageml.elements.CardBodyDiffblueTest
16:21:22.236 [INFO]   [Measuring]   out: [INFO] Tests run: 22, Failures: 0, Errors: 0, Skipped: 0, Time elapsed: 0.002 s - in org.symphonyoss.symphony.messageml.elements.CardBodyDiffblueTest
16:21:22.236 [INFO]   [Measuring]   out: [INFO] Running org.symphonyoss.symphony.messageml.elements.RadioDiffblueTest
16:21:22.239 [INFO]   [Measuring]   out: [INFO] Tests run: 13, Failures: 0, Errors: 0, Skipped: 0, Time elapsed: 0.002 s - in org.symphonyoss.symphony.messageml.elements.RadioDiffblueTest
16:21:22.239 [INFO]   [Measuring]   out: [INFO] Running org.symphonyoss.symphony.messageml.elements.PreformattedDiffblueTest
16:21:22.239 [INFO]   [Measuring]   out: 16:21:22.239 [main] WARN org.symphonyoss.symphony.messageml.bi.BiContext - Attribute count for element pres does not contain an integer value. The count will not be increased.
16:21:22.240 [INFO]   [Measuring]   out: 16:21:22.240 [main] WARN org.symphonyoss.symphony.messageml.bi.BiContext - Attribute count for element pres does not contain an integer value. The count will not be increased.
16:21:22.241 [INFO]   [Measuring]   out: [INFO] Tests run: 18, Failures: 0, Errors: 0, Skipped: 0, Time elapsed: 0.001 s - in org.symphonyoss.symphony.messageml.elements.PreformattedDiffblueTest
16:21:22.241 [INFO]   [Measuring]   out: [INFO] Running org.symphonyoss.symphony.messageml.elements.SelectDiffblueTest
16:21:22.243 [INFO]   [Measuring]   out: [INFO] Tests run: 9, Failures: 0, Errors: 0, Skipped: 0, Time elapsed: 0.001 s - in org.symphonyoss.symphony.messageml.elements.SelectDiffblueTest
16:21:22.243 [INFO]   [Measuring]   out: [INFO] Running org.symphonyoss.symphony.messageml.elements.CardDiffblueTest
16:21:22.244 [INFO]   [Measuring]   out: 16:21:22.244 [main] WARN org.symphonyoss.symphony.messageml.bi.BiContext - Attribute count for element cards does not contain an integer value. The count will not be increased.
16:21:22.244 [INFO]   [Measuring]   out: 16:21:22.244 [main] WARN org.symphonyoss.symphony.messageml.bi.BiContext - Attribute count for element cards does not contain an integer value. The count will not be increased.
16:21:22.246 [INFO]   [Measuring]   out: [INFO] Tests run: 26, Failures: 0, Errors: 0, Skipped: 0, Time elapsed: 0.003 s - in org.symphonyoss.symphony.messageml.elements.CardDiffblueTest
16:21:22.246 [INFO]   [Measuring]   out: [INFO] Running org.symphonyoss.symphony.messageml.elements.LinkDiffblueTest
16:21:22.247 [INFO]   [Measuring]   out: 16:21:22.247 [main] WARN org.symphonyoss.symphony.messageml.bi.BiContext - Attribute count for element links does not contain an integer value. The count will not be increased.
16:21:22.248 [INFO]   [Measuring]   out: 16:21:22.248 [main] WARN org.symphonyoss.symphony.messageml.bi.BiContext - Attribute count for element links does not contain an integer value. The count will not be increased.
16:21:22.261 [INFO]   [Measuring]   out: [INFO] Tests run: 32, Failures: 0, Errors: 0, Skipped: 0, Time elapsed: 0.013 s - in org.symphonyoss.symphony.messageml.elements.LinkDiffblueTest
16:21:22.261 [INFO]   [Measuring]   out: [INFO] Running org.symphonyoss.symphony.messageml.elements.TableBodyDiffblueTest
16:21:22.262 [INFO]   [Measuring]   out: [INFO] Tests run: 4, Failures: 0, Errors: 0, Skipped: 0, Time elapsed: 0 s - in org.symphonyoss.symphony.messageml.elements.TableBodyDiffblueTest
16:21:22.262 [INFO]   [Measuring]   out: [INFO] Running org.symphonyoss.symphony.messageml.elements.FormElementDiffblueTest
16:21:22.263 [INFO]   [Measuring]   out: [INFO] Tests run: 6, Failures: 0, Errors: 0, Skipped: 0, Time elapsed: 0 s - in org.symphonyoss.symphony.messageml.elements.FormElementDiffblueTest
16:21:22.263 [INFO]   [Measuring]   out: [INFO] Running org.symphonyoss.symphony.messageml.elements.MessageMLDiffblueTest
16:21:22.312 [INFO]   [Measuring]   out: [INFO] Tests run: 43, Failures: 0, Errors: 0, Skipped: 0, Time elapsed: 0.047 s - in org.symphonyoss.symphony.messageml.elements.MessageMLDiffblueTest
16:21:22.312 [INFO]   [Measuring]   out: [INFO] Running org.symphonyoss.symphony.messageml.elements.TableCellDiffblueTest
16:21:22.313 [INFO]   [Measuring]   out: [INFO] Tests run: 4, Failures: 0, Errors: 0, Skipped: 0, Time elapsed: 0 s - in org.symphonyoss.symphony.messageml.elements.TableCellDiffblueTest
16:21:22.313 [INFO]   [Measuring]   out: [INFO] Running org.symphonyoss.symphony.messageml.elements.TableFooterDiffblueTest
16:21:22.313 [INFO]   [Measuring]   out: 16:21:22.311 [main] WARN org.symphonyoss.symphony.messageml.bi.BiContext - Attribute count for element table_footers does not contain an integer value. The count will not be increased.
16:21:22.313 [INFO]   [Measuring]   out: 16:21:22.311 [main] WARN org.symphonyoss.symphony.messageml.bi.BiContext - Attribute count for element table_footers does not contain an integer value. The count will not be increased.
16:21:22.314 [INFO]   [Measuring]   out: [INFO] Tests run: 10, Failures: 0, Errors: 0, Skipped: 0, Time elapsed: 0 s - in org.symphonyoss.symphony.messageml.elements.TableFooterDiffblueTest
16:21:22.314 [INFO]   [Measuring]   out: [INFO] Running org.symphonyoss.symphony.messageml.elements.EmojiDiffblueTest
16:21:22.349 [INFO]   [Measuring]   out: 16:21:22.349 [main] WARN org.symphonyoss.symphony.messageml.bi.BiContext - Attribute count for element emojis does not contain an integer value. The count will not be increased.
16:21:22.350 [INFO]   [Measuring]   out: 16:21:22.350 [main] WARN org.symphonyoss.symphony.messageml.bi.BiContext - Attribute count for element emojis does not contain an integer value. The count will not be increased.
16:21:22.354 [INFO]   [Measuring]   out: [INFO] Tests run: 42, Failures: 0, Errors: 0, Skipped: 0, Time elapsed: 0.039 s - in org.symphonyoss.symphony.messageml.elements.EmojiDiffblueTest
16:21:22.355 [INFO]   [Measuring]   out: [INFO] Running org.symphonyoss.symphony.messageml.elements.TimezonePickerDiffblueTest
16:21:22.360 [INFO]   [Measuring]   out: [INFO] Tests run: 19, Failures: 0, Errors: 0, Skipped: 0, Time elapsed: 0.005 s - in org.symphonyoss.symphony.messageml.elements.TimezonePickerDiffblueTest
16:21:22.360 [INFO]   [Measuring]   out: [INFO] Running org.symphonyoss.symphony.messageml.elements.TableHeaderDiffblueTest
16:21:22.360 [INFO]   [Measuring]   out: 16:21:22.360 [main] WARN org.symphonyoss.symphony.messageml.bi.BiContext - Attribute count for element table_headers does not contain an integer value. The count will not be increased.
16:21:22.360 [INFO]   [Measuring]   out: 16:21:22.360 [main] WARN org.symphonyoss.symphony.messageml.bi.BiContext - Attribute count for element table_headers does not contain an integer value. The count will not be increased.
16:21:22.361 [INFO]   [Measuring]   out: [INFO] Tests run: 10, Failures: 0, Errors: 0, Skipped: 0, Time elapsed: 0.001 s - in org.symphonyoss.symphony.messageml.elements.TableHeaderDiffblueTest
16:21:22.361 [INFO]   [Measuring]   out: [INFO] Running org.symphonyoss.symphony.messageml.elements.EntityDiffblueTest
16:21:22.363 [INFO]   [Measuring]   out: [INFO] Tests run: 6, Failures: 0, Errors: 0, Skipped: 0, Time elapsed: 0.001 s - in org.symphonyoss.symphony.messageml.elements.EntityDiffblueTest
16:21:22.363 [INFO]   [Measuring]   out: [INFO] Running org.symphonyoss.symphony.messageml.elements.FormDiffblueTest
16:21:22.369 [INFO]   [Measuring]   out: [INFO] Tests run: 25, Failures: 0, Errors: 0, Skipped: 0, Time elapsed: 0.005 s - in org.symphonyoss.symphony.messageml.elements.FormDiffblueTest
16:21:22.369 [INFO]   [Measuring]   out: [INFO] Running org.symphonyoss.symphony.messageml.elements.DateSelectorDiffblueTest
16:21:22.374 [INFO]   [Measuring]   out: [INFO] Tests run: 14, Failures: 0, Errors: 0, Skipped: 0, Time elapsed: 0.004 s - in org.symphonyoss.symphony.messageml.elements.DateSelectorDiffblueTest
16:21:22.374 [INFO]   [Measuring]   out: [INFO] Running org.symphonyoss.symphony.messageml.elements.RoomSelectorDiffblueTest
16:21:22.379 [INFO]   [Measuring]   out: [INFO] Tests run: 15, Failures: 0, Errors: 0, Skipped: 0, Time elapsed: 0.004 s - in org.symphonyoss.symphony.messageml.elements.RoomSelectorDiffblueTest
16:21:22.379 [INFO]   [Measuring]   out: [INFO] Running org.symphonyoss.symphony.messageml.elements.MentionDiffblueTest
16:21:22.379 [INFO]   [Measuring]   out: 16:21:22.379 [main] WARN org.symphonyoss.symphony.messageml.bi.BiContext - Attribute count for element mentions does not contain an integer value. The count will not be increased.
16:21:22.380 [INFO]   [Measuring]   out: 16:21:22.380 [main] WARN org.symphonyoss.symphony.messageml.bi.BiContext - Attribute count for element mentions does not contain an integer value. The count will not be increased.
16:21:22.382 [INFO]   [Measuring]   out: [INFO] Tests run: 26, Failures: 0, Errors: 0, Skipped: 0, Time elapsed: 0.002 s - in org.symphonyoss.symphony.messageml.elements.MentionDiffblueTest
16:21:22.382 [INFO]   [Measuring]   out: [INFO] Running org.symphonyoss.symphony.messageml.elements.SuperscriptDiffblueTest
16:21:22.382 [INFO]   [Measuring]   out: [INFO] Tests run: 2, Failures: 0, Errors: 0, Skipped: 0, Time elapsed: 0 s - in org.symphonyoss.symphony.messageml.elements.SuperscriptDiffblueTest
16:21:22.383 [INFO]   [Measuring]   out: [INFO] Running org.symphonyoss.symphony.messageml.elements.OptionDiffblueTest
16:21:22.383 [INFO]   [Measuring]   out: [INFO] Tests run: 4, Failures: 0, Errors: 0, Skipped: 0, Time elapsed: 0 s - in org.symphonyoss.symphony.messageml.elements.OptionDiffblueTest
16:21:22.383 [INFO]   [Measuring]   out: [INFO] Running org.symphonyoss.symphony.messageml.elements.ExpandableCardBodyDiffblueTest
16:21:22.385 [INFO]   [Measuring]   out: [INFO] Tests run: 19, Failures: 0, Errors: 0, Skipped: 0, Time elapsed: 0.001 s - in org.symphonyoss.symphony.messageml.elements.ExpandableCardBodyDiffblueTest
16:21:22.385 [INFO]   [Measuring]   out: [INFO] Running org.symphonyoss.symphony.messageml.elements.DialogDiffblueTest
16:21:22.386 [INFO]   [Measuring]   out: 16:21:22.386 [main] WARN org.symphonyoss.symphony.messageml.bi.BiContext - Attribute count for element popups does not contain an integer value. The count will not be increased.
16:21:22.387 [INFO]   [Measuring]   out: 16:21:22.386 [main] WARN org.symphonyoss.symphony.messageml.bi.BiContext - Attribute count for element popups does not contain an integer value. The count will not be increased.
16:21:22.389 [INFO]   [Measuring]   out: [INFO] Tests run: 37, Failures: 0, Errors: 0, Skipped: 0, Time elapsed: 0.004 s - in org.symphonyoss.symphony.messageml.elements.DialogDiffblueTest
16:21:22.389 [INFO]   [Measuring]   out: [INFO] Running org.symphonyoss.symphony.messageml.elements.HorizontalRuleDiffblueTest
16:21:22.390 [INFO]   [Measuring]   out: [INFO] Tests run: 8, Failures: 0, Errors: 0, Skipped: 0, Time elapsed: 0.001 s - in org.symphonyoss.symphony.messageml.elements.HorizontalRuleDiffblueTest
16:21:22.390 [INFO]   [Measuring]   out: [INFO] Running org.symphonyoss.symphony.messageml.elements.BoldDiffblueTest
16:21:22.391 [INFO]   [Measuring]   out: [INFO] Tests run: 5, Failures: 0, Errors: 0, Skipped: 0, Time elapsed: 0 s - in org.symphonyoss.symphony.messageml.elements.BoldDiffblueTest
16:21:22.391 [INFO]   [Measuring]   out: [INFO] Running org.symphonyoss.symphony.messageml.elements.TagDiffblueTest
16:21:22.420 [INFO]   [Measuring]   out: 16:21:22.420 [main] WARN org.symphonyoss.symphony.messageml.bi.BiContext - Attribute count for element hashtags does not contain an integer value. The count will not be increased.
16:21:22.423 [INFO]   [Measuring]   out: 16:21:22.423 [main] WARN org.symphonyoss.symphony.messageml.bi.BiContext - Attribute count for element hashtags does not contain an integer value. The count will not be increased.
16:21:22.425 [INFO]   [Measuring]   out: [INFO] Tests run: 34, Failures: 0, Errors: 0, Skipped: 0, Time elapsed: 0.033 s - in org.symphonyoss.symphony.messageml.elements.TagDiffblueTest
16:21:22.425 [INFO]   [Measuring]   out: [INFO] Running org.symphonyoss.symphony.messageml.elements.TableRowDiffblueTest
16:21:22.425 [INFO]   [Measuring]   out: 16:21:22.424 [main] WARN org.symphonyoss.symphony.messageml.bi.BiContext - Attribute count for element table_columns_max does not contain an integer value. The count will not be increased.
16:21:22.427 [INFO]   [Measuring]   out: [INFO] Tests run: 11, Failures: 0, Errors: 0, Skipped: 0, Time elapsed: 0.001 s - in org.symphonyoss.symphony.messageml.elements.TableRowDiffblueTest
16:21:22.427 [INFO]   [Measuring]   out: [INFO] Running org.symphonyoss.symphony.messageml.elements.DivDiffblueTest
16:21:22.427 [INFO]   [Measuring]   out: 16:21:22.425 [main] WARN org.symphonyoss.symphony.messageml.bi.BiContext - Attribute count for element divs does not contain an integer value. The count will not be increased.
16:21:22.427 [INFO]   [Measuring]   out: 16:21:22.426 [main] WARN org.symphonyoss.symphony.messageml.bi.BiContext - Attribute count for element divs does not contain an integer value. The count will not be increased.
16:21:22.428 [INFO]   [Measuring]   out: [INFO] Tests run: 11, Failures: 0, Errors: 0, Skipped: 0, Time elapsed: 0 s - in org.symphonyoss.symphony.messageml.elements.DivDiffblueTest
16:21:22.428 [INFO]   [Measuring]   out: [INFO] Running org.symphonyoss.symphony.messageml.elements.CheckboxDiffblueTest
16:21:22.429 [INFO]   [Measuring]   out: [INFO] Tests run: 13, Failures: 0, Errors: 0, Skipped: 0, Time elapsed: 0 s - in org.symphonyoss.symphony.messageml.elements.CheckboxDiffblueTest
16:21:22.429 [INFO]   [Measuring]   out: [INFO] Running org.symphonyoss.symphony.messageml.elements.CardHeaderDiffblueTest
16:21:22.433 [INFO]   [Measuring]   out: [INFO] Tests run: 22, Failures: 0, Errors: 0, Skipped: 0, Time elapsed: 0.003 s - in org.symphonyoss.symphony.messageml.elements.CardHeaderDiffblueTest
16:21:22.433 [INFO]   [Measuring]   out: [INFO] Running org.symphonyoss.symphony.messageml.elements.OrderedListDiffblueTest
16:21:22.433 [INFO]   [Measuring]   out: 16:21:22.432 [main] WARN org.symphonyoss.symphony.messageml.bi.BiContext - Attribute count for element lists does not contain an integer value. The count will not be increased.
16:21:22.433 [INFO]   [Measuring]   out: 16:21:22.433 [main] WARN org.symphonyoss.symphony.messageml.bi.BiContext - Attribute count for element lists does not contain an integer value. The count will not be increased.
16:21:22.434 [INFO]   [Measuring]   out: [INFO] Tests run: 10, Failures: 0, Errors: 0, Skipped: 0, Time elapsed: 0 s - in org.symphonyoss.symphony.messageml.elements.OrderedListDiffblueTest
16:21:22.434 [INFO]   [Measuring]   out: [INFO] Running org.symphonyoss.symphony.messageml.elements.DatePickerDiffblueTest
16:21:22.440 [INFO]   [Measuring]   out: [INFO] Tests run: 16, Failures: 0, Errors: 0, Skipped: 0, Time elapsed: 0.005 s - in org.symphonyoss.symphony.messageml.elements.DatePickerDiffblueTest
16:21:22.440 [INFO]   [Measuring]   out: [INFO] Running org.symphonyoss.symphony.messageml.elements.ChimeDiffblueTest
16:21:22.440 [INFO]   [Measuring]   out: 16:21:22.439 [main] WARN org.symphonyoss.symphony.messageml.bi.BiContext - Attribute count for element chimes does not contain an integer value. The count will not be increased.
16:21:22.440 [INFO]   [Measuring]   out: 16:21:22.440 [main] WARN org.symphonyoss.symphony.messageml.bi.BiContext - Attribute count for element chimes does not contain an integer value. The count will not be increased.
16:21:22.441 [INFO]   [Measuring]   out: [INFO] Tests run: 17, Failures: 0, Errors: 0, Skipped: 0, Time elapsed: 0.001 s - in org.symphonyoss.symphony.messageml.elements.ChimeDiffblueTest
16:21:22.441 [INFO]   [Measuring]   out: [INFO] Running org.symphonyoss.symphony.messageml.elements.LineBreakDiffblueTest
16:21:22.441 [INFO]   [Measuring]   out: 16:21:22.441 [main] WARN org.symphonyoss.symphony.messageml.bi.BiContext - Attribute count for element linebreaks does not contain an integer value. The count will not be increased.
16:21:22.442 [INFO]   [Measuring]   out: 16:21:22.441 [main] WARN org.symphonyoss.symphony.messageml.bi.BiContext - Attribute count for element linebreaks does not contain an integer value. The count will not be increased.
16:21:22.443 [INFO]   [Measuring]   out: [INFO] Tests run: 14, Failures: 0, Errors: 0, Skipped: 0, Time elapsed: 0.001 s - in org.symphonyoss.symphony.messageml.elements.LineBreakDiffblueTest
16:21:22.443 [INFO]   [Measuring]   out: [INFO] Running org.symphonyoss.symphony.messageml.elements.StylesDiffblueTest
16:21:22.444 [INFO]   [Measuring]   out: [INFO] Tests run: 4, Failures: 0, Errors: 0, Skipped: 0, Time elapsed: 0.001 s - in org.symphonyoss.symphony.messageml.elements.StylesDiffblueTest
16:21:22.445 [INFO]   [Measuring]   out: [INFO] Running org.symphonyoss.symphony.messageml.elements.TextFieldDiffblueTest
16:21:22.451 [INFO]   [Measuring]   out: [INFO] Tests run: 27, Failures: 0, Errors: 0, Skipped: 0, Time elapsed: 0.006 s - in org.symphonyoss.symphony.messageml.elements.TextFieldDiffblueTest
16:21:22.451 [INFO]   [Measuring]   out: [INFO] Running org.symphonyoss.symphony.messageml.elements.ItalicDiffblueTest
16:21:22.451 [INFO]   [Measuring]   out: [INFO] Tests run: 5, Failures: 0, Errors: 0, Skipped: 0, Time elapsed: 0 s - in org.symphonyoss.symphony.messageml.elements.ItalicDiffblueTest
16:21:22.451 [INFO]   [Measuring]   out: [INFO] Running org.symphonyoss.symphony.messageml.elements.ExpandableCardDiffblueTest
16:21:22.453 [INFO]   [Measuring]   out: [INFO] Tests run: 19, Failures: 0, Errors: 0, Skipped: 0, Time elapsed: 0.001 s - in org.symphonyoss.symphony.messageml.elements.ExpandableCardDiffblueTest
16:21:22.453 [INFO]   [Measuring]   out: [INFO] Running org.symphonyoss.symphony.messageml.elements.PersonSelectorDiffblueTest
16:21:22.457 [INFO]   [Measuring]   out: [INFO] Tests run: 15, Failures: 0, Errors: 0, Skipped: 0, Time elapsed: 0.004 s - in org.symphonyoss.symphony.messageml.elements.PersonSelectorDiffblueTest
16:21:22.457 [INFO]   [Measuring]   out: [INFO] Running org.symphonyoss.symphony.messageml.elements.TextNodeDiffblueTest
16:21:22.458 [INFO]   [Measuring]   out: [INFO] Tests run: 11, Failures: 0, Errors: 0, Skipped: 0, Time elapsed: 0 s - in org.symphonyoss.symphony.messageml.elements.TextNodeDiffblueTest
16:21:22.458 [INFO]   [Measuring]   out: [INFO] Running org.symphonyoss.symphony.messageml.elements.DialogChildDiffblueTest
16:21:22.460 [INFO]   [Measuring]   out: [INFO] Tests run: 20, Failures: 0, Errors: 0, Skipped: 0, Time elapsed: 0.002 s - in org.symphonyoss.symphony.messageml.elements.DialogChildDiffblueTest
16:21:22.460 [INFO]   [Measuring]   out: [INFO] Running org.symphonyoss.symphony.messageml.elements.BulletListDiffblueTest
16:21:22.460 [INFO]   [Measuring]   out: 16:21:22.460 [main] WARN org.symphonyoss.symphony.messageml.bi.BiContext - Attribute count for element lists does not contain an integer value. The count will not be increased.
16:21:22.460 [INFO]   [Measuring]   out: 16:21:22.460 [main] WARN org.symphonyoss.symphony.messageml.bi.BiContext - Attribute count for element lists does not contain an integer value. The count will not be increased.
16:21:22.462 [INFO]   [Measuring]   out: [INFO] Tests run: 10, Failures: 0, Errors: 0, Skipped: 0, Time elapsed: 0.001 s - in org.symphonyoss.symphony.messageml.elements.BulletListDiffblueTest
16:21:22.462 [INFO]   [Measuring]   out: [INFO] Running org.symphonyoss.symphony.messageml.elements.ButtonDiffblueTest
16:21:22.465 [INFO]   [Measuring]   out: [INFO] Tests run: 24, Failures: 0, Errors: 0, Skipped: 0, Time elapsed: 0.002 s - in org.symphonyoss.symphony.messageml.elements.ButtonDiffblueTest
16:21:22.465 [INFO]   [Measuring]   out: [INFO] Running org.symphonyoss.symphony.messageml.elements.SubscriptDiffblueTest
16:21:22.466 [INFO]   [Measuring]   out: [INFO] Tests run: 2, Failures: 0, Errors: 0, Skipped: 0, Time elapsed: 0 s - in org.symphonyoss.symphony.messageml.elements.SubscriptDiffblueTest
16:21:22.466 [INFO]   [Measuring]   out: [INFO] Running org.symphonyoss.symphony.messageml.elements.GroupedElementDiffblueTest
16:21:22.470 [INFO]   [Measuring]   out: [INFO] Tests run: 14, Failures: 0, Errors: 0, Skipped: 0, Time elapsed: 0.003 s - in org.symphonyoss.symphony.messageml.elements.GroupedElementDiffblueTest
16:21:22.470 [INFO]   [Measuring]   out: [INFO] Running org.symphonyoss.symphony.messageml.elements.TextAreaDiffblueTest
16:21:22.472 [INFO]   [Measuring]   out: [INFO] Tests run: 17, Failures: 0, Errors: 0, Skipped: 0, Time elapsed: 0.001 s - in org.symphonyoss.symphony.messageml.elements.TextAreaDiffblueTest
16:21:22.472 [INFO]   [Measuring]   out: [INFO] Running org.symphonyoss.symphony.messageml.elements.ImageDiffblueTest
16:21:22.472 [INFO]   [Measuring]   out: 16:21:22.472 [main] WARN org.symphonyoss.symphony.messageml.bi.BiContext - Attribute count for element images does not contain an integer value. The count will not be increased.
16:21:22.472 [INFO]   [Measuring]   out: 16:21:22.472 [main] WARN org.symphonyoss.symphony.messageml.bi.BiContext - Attribute count for element images does not contain an integer value. The count will not be increased.
16:21:22.473 [INFO]   [Measuring]   out: [INFO] Tests run: 12, Failures: 0, Errors: 0, Skipped: 0, Time elapsed: 0.001 s - in org.symphonyoss.symphony.messageml.elements.ImageDiffblueTest
16:21:22.473 [INFO]   [Measuring]   out: [INFO] Running org.symphonyoss.symphony.messageml.elements.UIActionDiffblueTest
16:21:22.476 [INFO]   [Measuring]   out: [INFO] Tests run: 20, Failures: 0, Errors: 0, Skipped: 0, Time elapsed: 0.002 s - in org.symphonyoss.symphony.messageml.elements.UIActionDiffblueTest
16:21:22.476 [INFO]   [Measuring]   out: [INFO] Running org.symphonyoss.symphony.messageml.util.EmojiShortcodeToUnicodeDiffblueTest
16:21:22.476 [INFO]   [Measuring]   out: [INFO] Tests run: 2, Failures: 0, Errors: 0, Skipped: 0, Time elapsed: 0 s - in org.symphonyoss.symphony.messageml.util.EmojiShortcodeToUnicodeDiffblueTest
16:21:22.476 [INFO]   [Measuring]   out: [INFO] Running org.symphonyoss.symphony.messageml.util.TagAttributesDiffblueTest
16:21:22.477 [INFO]   [Measuring]   out: [INFO] Tests run: 1, Failures: 0, Errors: 0, Skipped: 0, Time elapsed: 0 s - in org.symphonyoss.symphony.messageml.util.TagAttributesDiffblueTest
16:21:22.477 [INFO]   [Measuring]   out: [INFO] Running org.symphonyoss.symphony.messageml.util.IndentedPrintStreamDiffblueTest
16:21:22.496 [INFO]   [Measuring]   out: [INFO] Tests run: 376, Failures: 0, Errors: 0, Skipped: 0, Time elapsed: 0.015 s - in org.symphonyoss.symphony.messageml.util.IndentedPrintStreamDiffblueTest
16:21:22.497 [INFO]   [Measuring]   out: [INFO] Running org.symphonyoss.symphony.messageml.util.instrument.resolver.ProviderIdDiffblueTest
16:21:22.502 [INFO]   [Measuring]   out: [INFO] Tests run: 2, Failures: 0, Errors: 0, Skipped: 0, Time elapsed: 0 s - in org.symphonyoss.symphony.messageml.util.instrument.resolver.ProviderIdDiffblueTest
16:21:22.502 [INFO]   [Measuring]   out: [INFO] Running org.symphonyoss.symphony.messageml.util.instrument.resolver.MarketSectorDiffblueTest
16:21:22.502 [INFO]   [Measuring]   out: [INFO] Tests run: 3, Failures: 0, Errors: 0, Skipped: 0, Time elapsed: 0 s - in org.symphonyoss.symphony.messageml.util.instrument.resolver.MarketSectorDiffblueTest
16:21:22.502 [INFO]   [Measuring]   out: [INFO] Running org.symphonyoss.symphony.messageml.util.instrument.resolver.InstrumentDiffblueTest
16:21:22.502 [INFO]   [Measuring]   out: [INFO] Tests run: 1, Failures: 0, Errors: 0, Skipped: 0, Time elapsed: 0 s - in org.symphonyoss.symphony.messageml.util.instrument.resolver.InstrumentDiffblueTest
16:21:22.502 [INFO]   [Measuring]   out: [INFO] Running org.symphonyoss.symphony.messageml.util.instrument.resolver.InstrumentKindDiffblueTest
16:21:22.502 [INFO]   [Measuring]   out: [INFO] Tests run: 3, Failures: 0, Errors: 0, Skipped: 0, Time elapsed: 0 s - in org.symphonyoss.symphony.messageml.util.instrument.resolver.InstrumentKindDiffblueTest
16:21:22.510 [INFO]   [Measuring]   out: [INFO] Running org.symphonyoss.symphony.messageml.util.XmlPrintStreamDiffblueTest
16:21:22.516 [INFO]   [Measuring]   out: [INFO] Tests run: 109, Failures: 0, Errors: 0, Skipped: 0, Time elapsed: 0.004 s - in org.symphonyoss.symphony.messageml.util.XmlPrintStreamDiffblueTest
16:21:22.516 [INFO]   [Measuring]   out: [INFO] Running org.symphonyoss.symphony.messageml.util.XMLAttributeDiffblueTest
16:21:22.516 [INFO]   [Measuring]   out: [INFO] Tests run: 3, Failures: 0, Errors: 0, Skipped: 0, Time elapsed: 0 s - in org.symphonyoss.symphony.messageml.util.XMLAttributeDiffblueTest
16:21:22.516 [INFO]   [Measuring]   out: [INFO] Running org.symphonyoss.symphony.messageml.util.NoOpDataProviderDiffblueTest
16:21:22.517 [INFO]   [Measuring]   out: [INFO] Tests run: 3, Failures: 0, Errors: 0, Skipped: 0, Time elapsed: 0 s - in org.symphonyoss.symphony.messageml.util.NoOpDataProviderDiffblueTest
16:21:22.517 [INFO]   [Measuring]   out: [INFO] Running org.symphonyoss.symphony.messageml.util.AlignedBlockDiffblueTest
16:21:22.569 [INFO]   [Measuring]   out: [INFO] Tests run: 8, Failures: 0, Errors: 0, Skipped: 0, Time elapsed: 0.051 s - in org.symphonyoss.symphony.messageml.util.AlignedBlockDiffblueTest
16:21:22.569 [INFO]   [Measuring]   out: [INFO] Running org.symphonyoss.symphony.messageml.util.pojo.TimeIntervalDiffblueTest
16:21:22.575 [INFO]   [Measuring]   out: [INFO] Tests run: 13, Failures: 0, Errors: 0, Skipped: 0, Time elapsed: 0.005 s - in org.symphonyoss.symphony.messageml.util.pojo.TimeIntervalDiffblueTest
16:21:22.575 [INFO]   [Measuring]   out: [INFO] Running org.symphonyoss.symphony.messageml.util.pojo.DateIntervalDiffblueTest
16:21:22.579 [INFO]   [Measuring]   out: [INFO] Tests run: 16, Failures: 0, Errors: 0, Skipped: 0, Time elapsed: 0.003 s - in org.symphonyoss.symphony.messageml.util.pojo.DateIntervalDiffblueTest
16:21:22.579 [INFO]   [Measuring]   out: [INFO] Running org.symphonyoss.symphony.messageml.util.NullDataProviderDiffblueTest
16:21:22.579 [INFO]   [Measuring]   out: [INFO] Tests run: 3, Failures: 0, Errors: 0, Skipped: 0, Time elapsed: 0 s - in org.symphonyoss.symphony.messageml.util.NullDataProviderDiffblueTest
16:21:22.579 [INFO]   [Measuring]   out: [INFO] Running org.symphonyoss.symphony.messageml.util.CountedOutputStreamDiffblueTest
16:21:22.591 [INFO]   [Measuring]   out: [INFO] Tests run: 14, Failures: 0, Errors: 0, Skipped: 0, Time elapsed: 0.011 s - in org.symphonyoss.symphony.messageml.util.CountedOutputStreamDiffblueTest
16:21:22.591 [INFO]   [Measuring]   out: [INFO] Running org.symphonyoss.symphony.messageml.markdown.nodes.EmojiNodeDiffblueTest
16:21:22.591 [INFO]   [Measuring]   out: [INFO] Tests run: 4, Failures: 0, Errors: 0, Skipped: 0, Time elapsed: 0 s - in org.symphonyoss.symphony.messageml.markdown.nodes.EmojiNodeDiffblueTest
16:21:22.591 [INFO]   [Measuring]   out: [INFO] Running org.symphonyoss.symphony.messageml.markdown.nodes.form.TextFieldNodeDiffblueTest
16:21:22.592 [INFO]   [Measuring]   out: [INFO] Tests run: 2, Failures: 0, Errors: 0, Skipped: 0, Time elapsed: 0 s - in org.symphonyoss.symphony.messageml.markdown.nodes.form.TextFieldNodeDiffblueTest
16:21:22.592 [INFO]   [Measuring]   out: [INFO] Running org.symphonyoss.symphony.messageml.markdown.nodes.form.TimezonePickerNodeDiffblueTest
16:21:22.592 [INFO]   [Measuring]   out: [INFO] Tests run: 2, Failures: 0, Errors: 0, Skipped: 0, Time elapsed: 0 s - in org.symphonyoss.symphony.messageml.markdown.nodes.form.TimezonePickerNodeDiffblueTest
16:21:22.592 [INFO]   [Measuring]   out: [INFO] Running org.symphonyoss.symphony.messageml.markdown.nodes.form.RoomSelectorNodeDiffblueTest
16:21:22.593 [INFO]   [Measuring]   out: [INFO] Tests run: 2, Failures: 0, Errors: 0, Skipped: 0, Time elapsed: 0 s - in org.symphonyoss.symphony.messageml.markdown.nodes.form.RoomSelectorNodeDiffblueTest
16:21:22.593 [INFO]   [Measuring]   out: [INFO] Running org.symphonyoss.symphony.messageml.markdown.nodes.form.FormNodeDiffblueTest
16:21:22.593 [INFO]   [Measuring]   out: [INFO] Tests run: 1, Failures: 0, Errors: 0, Skipped: 0, Time elapsed: 0 s - in org.symphonyoss.symphony.messageml.markdown.nodes.form.FormNodeDiffblueTest
16:21:22.593 [INFO]   [Measuring]   out: [INFO] Running org.symphonyoss.symphony.messageml.markdown.nodes.form.OptionNodeDiffblueTest
16:21:22.594 [INFO]   [Measuring]   out: [INFO] Tests run: 1, Failures: 0, Errors: 0, Skipped: 0, Time elapsed: 0 s - in org.symphonyoss.symphony.messageml.markdown.nodes.form.OptionNodeDiffblueTest
16:21:22.594 [INFO]   [Measuring]   out: [INFO] Running org.symphonyoss.symphony.messageml.markdown.nodes.form.FormElementNodeDiffblueTest
16:21:22.594 [INFO]   [Measuring]   out: [INFO] Tests run: 4, Failures: 0, Errors: 0, Skipped: 0, Time elapsed: 0 s - in org.symphonyoss.symphony.messageml.markdown.nodes.form.FormElementNodeDiffblueTest
16:21:22.594 [INFO]   [Measuring]   out: [INFO] Running org.symphonyoss.symphony.messageml.markdown.nodes.form.PlaceholderLabelTooltipNodeDiffblueTest
16:21:22.595 [INFO]   [Measuring]   out: [INFO] Tests run: 2, Failures: 0, Errors: 0, Skipped: 0, Time elapsed: 0 s - in org.symphonyoss.symphony.messageml.markdown.nodes.form.PlaceholderLabelTooltipNodeDiffblueTest
16:21:22.595 [INFO]   [Measuring]   out: [INFO] Running org.symphonyoss.symphony.messageml.markdown.nodes.form.DatePickerNodeDiffblueTest
16:21:22.595 [INFO]   [Measuring]   out: [INFO] Tests run: 2, Failures: 0, Errors: 0, Skipped: 0, Time elapsed: 0 s - in org.symphonyoss.symphony.messageml.markdown.nodes.form.DatePickerNodeDiffblueTest
16:21:22.595 [INFO]   [Measuring]   out: [INFO] Running org.symphonyoss.symphony.messageml.markdown.nodes.form.SelectNodeDiffblueTest
16:21:22.596 [INFO]   [Measuring]   out: [INFO] Tests run: 4, Failures: 0, Errors: 0, Skipped: 0, Time elapsed: 0 s - in org.symphonyoss.symphony.messageml.markdown.nodes.form.SelectNodeDiffblueTest
16:21:22.596 [INFO]   [Measuring]   out: [INFO] Running org.symphonyoss.symphony.messageml.markdown.nodes.form.PersonSelectorNodeDiffblueTest
16:21:22.597 [INFO]   [Measuring]   out: [INFO] Tests run: 2, Failures: 0, Errors: 0, Skipped: 0, Time elapsed: 0 s - in org.symphonyoss.symphony.messageml.markdown.nodes.form.PersonSelectorNodeDiffblueTest
16:21:22.597 [INFO]   [Measuring]   out: [INFO] Running org.symphonyoss.symphony.messageml.markdown.nodes.form.TextAreaNodeDiffblueTest
16:21:22.597 [INFO]   [Measuring]   out: [INFO] Tests run: 2, Failures: 0, Errors: 0, Skipped: 0, Time elapsed: 0 s - in org.symphonyoss.symphony.messageml.markdown.nodes.form.TextAreaNodeDiffblueTest
16:21:22.597 [INFO]   [Measuring]   out: [INFO] Running org.symphonyoss.symphony.messageml.markdown.nodes.form.TimePickerNodeDiffblueTest
16:21:22.598 [INFO]   [Measuring]   out: [INFO] Tests run: 2, Failures: 0, Errors: 0, Skipped: 0, Time elapsed: 0 s - in org.symphonyoss.symphony.messageml.markdown.nodes.form.TimePickerNodeDiffblueTest
16:21:22.598 [INFO]   [Measuring]   out: [INFO] Running org.symphonyoss.symphony.messageml.markdown.nodes.form.RadioNodeDiffblueTest
16:21:22.598 [INFO]   [Measuring]   out: [INFO] Tests run: 5, Failures: 0, Errors: 0, Skipped: 0, Time elapsed: 0 s - in org.symphonyoss.symphony.messageml.markdown.nodes.form.RadioNodeDiffblueTest
16:21:22.598 [INFO]   [Measuring]   out: [INFO] Running org.symphonyoss.symphony.messageml.markdown.nodes.form.CheckboxNodeDiffblueTest
16:21:22.599 [INFO]   [Measuring]   out: [INFO] Tests run: 5, Failures: 0, Errors: 0, Skipped: 0, Time elapsed: 0 s - in org.symphonyoss.symphony.messageml.markdown.nodes.form.CheckboxNodeDiffblueTest
16:21:22.599 [INFO]   [Measuring]   out: [INFO] Running org.symphonyoss.symphony.messageml.markdown.nodes.form.ButtonNodeDiffblueTest
16:21:22.599 [INFO]   [Measuring]   out: [INFO] Tests run: 1, Failures: 0, Errors: 0, Skipped: 0, Time elapsed: 0 s - in org.symphonyoss.symphony.messageml.markdown.nodes.form.ButtonNodeDiffblueTest
16:21:22.599 [INFO]   [Measuring]   out: [INFO] Running org.symphonyoss.symphony.messageml.markdown.nodes.form.DialogNodeDiffblueTest
16:21:22.600 [INFO]   [Measuring]   out: [INFO] Tests run: 2, Failures: 0, Errors: 0, Skipped: 0, Time elapsed: 0 s - in org.symphonyoss.symphony.messageml.markdown.nodes.form.DialogNodeDiffblueTest
16:21:22.600 [INFO]   [Measuring]   out: [INFO] Running org.symphonyoss.symphony.messageml.markdown.nodes.form.DateSelectorNodeDiffblueTest
16:21:22.600 [INFO]   [Measuring]   out: [INFO] Tests run: 3, Failures: 0, Errors: 0, Skipped: 0, Time elapsed: 0 s - in org.symphonyoss.symphony.messageml.markdown.nodes.form.DateSelectorNodeDiffblueTest
16:21:22.600 [INFO]   [Measuring]   out: [INFO] Running org.symphonyoss.symphony.messageml.markdown.nodes.TableRowNodeDiffblueTest
16:21:22.601 [INFO]   [Measuring]   out: [INFO] Tests run: 1, Failures: 0, Errors: 0, Skipped: 0, Time elapsed: 0 s - in org.symphonyoss.symphony.messageml.markdown.nodes.TableRowNodeDiffblueTest
16:21:22.601 [INFO]   [Measuring]   out: [INFO] Running org.symphonyoss.symphony.messageml.markdown.nodes.TagNodeDiffblueTest
16:21:22.601 [INFO]   [Measuring]   out: [INFO] Tests run: 1, Failures: 0, Errors: 0, Skipped: 0, Time elapsed: 0 s - in org.symphonyoss.symphony.messageml.markdown.nodes.TagNodeDiffblueTest
16:21:22.601 [INFO]   [Measuring]   out: [INFO] Running org.symphonyoss.symphony.messageml.markdown.nodes.TableNodeDiffblueTest
16:21:22.602 [INFO]   [Measuring]   out: [INFO] Tests run: 1, Failures: 0, Errors: 0, Skipped: 0, Time elapsed: 0 s - in org.symphonyoss.symphony.messageml.markdown.nodes.TableNodeDiffblueTest
16:21:22.602 [INFO]   [Measuring]   out: [INFO] Running org.symphonyoss.symphony.messageml.markdown.nodes.PreformattedNodeDiffblueTest
16:21:22.602 [INFO]   [Measuring]   out: [INFO] Tests run: 1, Failures: 0, Errors: 0, Skipped: 0, Time elapsed: 0 s - in org.symphonyoss.symphony.messageml.markdown.nodes.PreformattedNodeDiffblueTest
16:21:22.602 [INFO]   [Measuring]   out: [INFO] Running org.symphonyoss.symphony.messageml.markdown.nodes.TableCellNodeDiffblueTest
16:21:22.603 [INFO]   [Measuring]   out: [INFO] Tests run: 1, Failures: 0, Errors: 0, Skipped: 0, Time elapsed: 0 s - in org.symphonyoss.symphony.messageml.markdown.nodes.TableCellNodeDiffblueTest
16:21:22.603 [INFO]   [Measuring]   out: [INFO] Running org.symphonyoss.symphony.messageml.markdown.nodes.KeywordNodeDiffblueTest
16:21:22.604 [INFO]   [Measuring]   out: [INFO] Tests run: 1, Failures: 0, Errors: 0, Skipped: 0, Time elapsed: 0 s - in org.symphonyoss.symphony.messageml.markdown.nodes.KeywordNodeDiffblueTest
16:21:22.604 [INFO]   [Measuring]   out: [INFO] Running org.symphonyoss.symphony.messageml.markdown.nodes.MentionNodeDiffblueTest
16:21:22.604 [INFO]   [Measuring]   out: [INFO] Tests run: 5, Failures: 0, Errors: 0, Skipped: 0, Time elapsed: 0 s - in org.symphonyoss.symphony.messageml.markdown.nodes.MentionNodeDiffblueTest
16:21:22.604 [INFO]   [Measuring]   out: [INFO] Running org.symphonyoss.symphony.messageml.markdown.EntityDelimiterProcessorDiffblueTest
16:21:22.611 [INFO]   [Measuring]   out: [INFO] Tests run: 5, Failures: 0, Errors: 0, Skipped: 0, Time elapsed: 0.007 s - in org.symphonyoss.symphony.messageml.markdown.EntityDelimiterProcessorDiffblueTest
16:21:22.611 [INFO]   [Measuring]   out: [INFO] Running org.symphonyoss.symphony.messageml.markdown.MarkdownParserDiffblueTest
16:21:22.866 [INFO]   [Measuring]   out: [INFO] Tests run: 222, Failures: 0, Errors: 0, Skipped: 0, Time elapsed: 0.252 s - in org.symphonyoss.symphony.messageml.markdown.MarkdownParserDiffblueTest
16:21:22.866 [INFO]   [Measuring]   out: [INFO] Running org.symphonyoss.symphony.messageml.markdown.MarkdownRendererDiffblueTest
16:21:22.885 [INFO]   [Measuring]   out: [INFO] Tests run: 156, Failures: 0, Errors: 0, Skipped: 0, Time elapsed: 0.017 s - in org.symphonyoss.symphony.messageml.markdown.MarkdownRendererDiffblueTest
16:21:23.276 [INFO]   [Measuring]   out: [INFO] 
16:21:23.276 [INFO]   [Measuring]   out: [INFO] Results:
16:21:23.276 [INFO]   [Measuring]   out: [INFO] 
16:21:23.276 [INFO]   [Measuring]   out: [INFO] Tests run: 2249, Failures: 0, Errors: 0, Skipped: 0
16:21:23.276 [INFO]   [Measuring]   out: [INFO] 
16:21:23.280 [INFO]   [Measuring]   deserializing line [DIFFBLUE]{"__type":"com.diffblue.cover.buildsystem.model.DefaultEventMessage","project":"org.symphonyoss.symphony:messageml","goal":"test","cause":null,"state":"SUCCESS"}
16:21:23.281 [INFO]   [Measuring]   deserializing line [DIFFBLUE]{"__type":"com.diffblue.cover.buildsystem.model.DefaultEventMessage","project":"org.symphonyoss.symphony:messageml","goal":"report","cause":null,"state":"STARTED"}
16:21:23.282 [INFO]   [Measuring]   out: [INFO] 
16:21:23.282 [INFO]   [Measuring]   out: [INFO] --- jacoco-maven-plugin:0.8.11:report (default-cli) @ messageml ---
16:21:23.284 [INFO]   [Measuring]   out: [INFO] Loading execution data file /home/jbergqvist/diffblue/finos-messageml-utils/target/jacoco.exec
16:21:23.395 [INFO]   [Measuring]   out: [INFO] Analyzed bundle 'MessageML Utils' with 144 classes
16:21:23.582 [INFO]   [Measuring]   deserializing line [DIFFBLUE]{"__type":"com.diffblue.cover.buildsystem.model.DefaultEventMessage","project":"org.symphonyoss.symphony:messageml","goal":"report","cause":null,"state":"SUCCESS"}
16:21:23.611 [INFO]   [Measuring]   deserializing line [DIFFBLUE]{"__type":"com.diffblue.cover.buildsystem.model.DefaultProjectModuleMessage","project":{"__type":"DefaultProjectModule","junitReport":["/home/jbergqvist/diffblue/finos-messageml-utils/target/surefire-reports"],"jacocoReport":["/home/jbergqvist/diffblue/finos-messageml-utils/target/site/jacoco/jacoco.xml"],"jacocoDestFile":["/home/jbergqvist/diffblue/finos-messageml-utils/target/jacoco.exec"],"jacocoFormats":["xml"],"jacocoSkipped":false,"classpath":["/home/jbergqvist/diffblue/finos-messageml-utils/target/classes","/home/jbergqvist/.m2/repository/org/projectlombok/lombok/1.18.42/lombok-1.18.42.jar","/home/jbergqvist/.m2/repository/com/github/java-json-tools/json-schema-validator/2.2.14/json-schema-validator-2.2.14.jar","/home/jbergqvist/.m2/repository/com/github/java-json-tools/jackson-coreutils-equivalence/1.0/jackson-coreutils-equivalence-1.0.jar","/home/jbergqvist/.m2/repository/com/github/java-json-tools/jackson-coreutils/2.0/jackson-coreutils-2.0.jar","/home/jbergqvist/.m2/repository/com/github/java-json-tools/msg-simple/1.2/msg-simple-1.2.jar","/home/jbergqvist/.m2/repository/com/github/java-json-tools/btf/1.3/btf-1.3.jar","/home/jbergqvist/.m2/repository/com/github/java-json-tools/json-schema-core/1.2.14/json-schema-core-1.2.14.jar","/home/jbergqvist/.m2/repository/com/github/java-json-tools/uri-template/0.10/uri-template-0.10.jar","/home/jbergqvist/.m2/repository/com/sun/mail/mailapi/1.6.2/mailapi-1.6.2.jar","/home/jbergqvist/.m2/repository/joda-time/joda-time/2.10.5/joda-time-2.10.5.jar","/home/jbergqvist/.m2/repository/com/googlecode/libphonenumber/libphonenumber/8.11.1/libphonenumber-8.11.1.jar","/home/jbergqvist/.m2/repository/com/google/code/findbugs/jsr305/3.0.2/jsr305-3.0.2.jar","/home/jbergqvist/.m2/repository/net/sf/jopt-simple/jopt-simple/5.0.4/jopt-simple-5.0.4.jar","/home/jbergqvist/.m2/repository/org/mozilla/rhino/1.7.13/rhino-1.7.13.jar","/home/jbergqvist/.m2/repository/com/google/guava/guava/32.1.2-jre/guava-32.1.2-jre.jar","/home/jbergqvist/.m2/repository/com/google/guava/failureaccess/1.0.1/failureaccess-1.0.1.jar","/home/jbergqvist/.m2/repository/com/google/guava/listenablefuture/9999.0-empty-to-avoid-conflict-with-guava/listenablefuture-9999.0-empty-to-avoid-conflict-with-guava.jar","/home/jbergqvist/.m2/repository/org/checkerframework/checker-qual/3.33.0/checker-qual-3.33.0.jar","/home/jbergqvist/.m2/repository/com/google/errorprone/error_prone_annotations/2.18.0/error_prone_annotations-2.18.0.jar","/home/jbergqvist/.m2/repository/com/google/j2objc/j2objc-annotations/2.8/j2objc-annotations-2.8.jar","/home/jbergqvist/.m2/repository/com/fasterxml/jackson/core/jackson-core/2.15.2/jackson-core-2.15.2.jar","/home/jbergqvist/.m2/repository/com/fasterxml/jackson/core/jackson-databind/2.15.2/jackson-databind-2.15.2.jar","/home/jbergqvist/.m2/repository/com/fasterxml/jackson/core/jackson-annotations/2.15.2/jackson-annotations-2.15.2.jar","/home/jbergqvist/.m2/repository/commons-io/commons-io/2.11.0/commons-io-2.11.0.jar","/home/jbergqvist/.m2/repository/org/apache/commons/commons-lang3/3.12.0/commons-lang3-3.12.0.jar","/home/jbergqvist/.m2/repository/org/freemarker/freemarker/2.3.31/freemarker-2.3.31.jar","/home/jbergqvist/.m2/repository/org/slf4j/slf4j-api/1.7.32/slf4j-api-1.7.32.jar","/home/jbergqvist/.m2/repository/com/diffblue/cover/cover-annotations/1.8.0/cover-annotations-1.8.0.jar","/home/jbergqvist/.m2/repository/com/atlassian/commonmark/commonmark/0.15.2/commonmark-0.15.2.jar","/home/jbergqvist/.m2/repository/org/junit/jupiter/junit-jupiter-api/5.8.2/junit-jupiter-api-5.8.2.jar","/home/jbergqvist/.m2/repository/org/opentest4j/opentest4j/1.2.0/opentest4j-1.2.0.jar","/home/jbergqvist/.m2/repository/org/junit/platform/junit-platform-commons/1.8.2/junit-platform-commons-1.8.2.jar","/home/jbergqvist/.m2/repository/org/apiguardian/apiguardian-api/1.1.2/apiguardian-api-1.1.2.jar","/home/jbergqvist/.m2/repository/org/junit/jupiter/junit-jupiter-params/5.8.2/junit-jupiter-params-5.8.2.jar","/home/jbergqvist/.m2/repository/org/junit/jupiter/junit-jupiter-engine/5.8.2/junit-jupiter-engine-5.8.2.jar","/home/jbergqvist/.m2/repository/org/junit/platform/junit-platform-engine/1.8.2/junit-platform-engine-1.8.2.jar","/home/jbergqvist/.m2/repository/org/junit/vintage/junit-vintage-engine/5.8.2/junit-vintage-engine-5.8.2.jar","/home/jbergqvist/.m2/repository/junit/junit/4.13.2/junit-4.13.2.jar","/home/jbergqvist/.m2/repository/org/hamcrest/hamcrest-core/1.3/hamcrest-core-1.3.jar","/home/jbergqvist/.m2/repository/org/mockito/mockito-core/4.0.0/mockito-core-4.0.0.jar","/home/jbergqvist/.m2/repository/net/bytebuddy/byte-buddy/1.11.19/byte-buddy-1.11.19.jar","/home/jbergqvist/.m2/repository/net/bytebuddy/byte-buddy-agent/1.11.19/byte-buddy-agent-1.11.19.jar","/home/jbergqvist/.m2/repository/org/objenesis/objenesis/3.2/objenesis-3.2.jar","/home/jbergqvist/.m2/repository/org/openjdk/jmh/jmh-core/1.33/jmh-core-1.33.jar","/home/jbergqvist/.m2/repository/org/apache/commons/commons-math3/3.2/commons-math3-3.2.jar","/home/jbergqvist/.m2/repository/org/openjdk/jmh/jmh-generator-annprocess/1.33/jmh-generator-annprocess-1.33.jar","/home/jbergqvist/.m2/repository/org/xmlunit/xmlunit-core/2.8.3/xmlunit-core-2.8.3.jar","/home/jbergqvist/.m2/repository/jakarta/xml/bind/jakarta.xml.bind-api/2.3.3/jakarta.xml.bind-api-2.3.3.jar","/home/jbergqvist/.m2/repository/jakarta/activation/jakarta.activation-api/1.2.2/jakarta.activation-api-1.2.2.jar","/home/jbergqvist/.m2/repository/ch/qos/logback/logback-classic/1.2.9/logback-classic-1.2.9.jar","/home/jbergqvist/.m2/repository/ch/qos/logback/logback-core/1.2.9/logback-core-1.2.9.jar"],"complianceLevel":"1.8","productionSources":["/home/jbergqvist/diffblue/finos-messageml-utils/src/main/java"],"testSources":["/home/jbergqvist/diffblue/finos-messageml-utils/src/test/java"],"productionClasses":"/home/jbergqvist/diffblue/finos-messageml-utils/target/classes","testClasses":"/home/jbergqvist/diffblue/finos-messageml-utils/target/test-classes","sourceToBuildPathMap":null,"testSourceToBuildPathMap":null,"buildDirectory":"/home/jbergqvist/diffblue/finos-messageml-utils/target","plugins":[{"__type":"DefaultPlugin","groupId":"org.apache.maven.plugins","artefactId":"maven-surefire-plugin","version":"2.22.2","pluginClassName":null},{"__type":"DefaultPlugin","groupId":"org.apache.maven.plugins","artefactId":"maven-clean-plugin","version":"2.5","pluginClassName":null},{"__type":"DefaultPlugin","groupId":"org.apache.maven.plugins","artefactId":"maven-resources-plugin","version":"2.6","pluginClassName":null},{"__type":"DefaultPlugin","groupId":"org.apache.maven.plugins","artefactId":"maven-jar-plugin","version":"3.2.2","pluginClassName":null},{"__type":"DefaultPlugin","groupId":"org.apache.maven.plugins","artefactId":"maven-compiler-plugin","version":"3.1","pluginClassName":null},{"__type":"DefaultPlugin","groupId":"org.apache.maven.plugins","artefactId":"maven-install-plugin","version":"2.4","pluginClassName":null},{"__type":"DefaultPlugin","groupId":"org.apache.maven.plugins","artefactId":"maven-deploy-plugin","version":"3.0.0-M1","pluginClassName":null},{"__type":"DefaultPlugin","groupId":"org.apache.maven.plugins","artefactId":"maven-site-plugin","version":"3.3","pluginClassName":null}],"version":"3.8.4","encoding":"UTF-8","name":"maven","subModules":[],"simpleModuleName":null,"parentModuleName":null,"location":"/home/jbergqvist/diffblue/finos-messageml-utils","fullModuleName":"org.symphonyoss.symphony:messageml"}}
16:21:23.615 [INFO]   [Measuring]   out: [INFO] ------------------------------------------------------------------------
16:21:23.615 [INFO]   [Measuring]   out: [INFO] BUILD SUCCESS
16:21:23.615 [INFO]   [Measuring]   out: [INFO] ------------------------------------------------------------------------
16:21:23.615 [INFO]   [Measuring]   out: [INFO] Total time:  9.684 s
16:21:23.615 [INFO]   [Measuring]   out: [INFO] Finished at: 2026-01-09T16:21:23Z
16:21:23.615 [INFO]   [Measuring]   out: [INFO] ------------------------------------------------------------------------
16:21:23.615 [INFO]   [Measuring]   deserializing line [DIFFBLUE]{"__type":"com.diffblue.cover.buildsystem.model.ProjectInfoMessage","projectName":"org.symphonyoss.symphony:messageml","productionSources":["/home/jbergqvist/diffblue/finos-messageml-utils/src/main/java"],"testSources":["/home/jbergqvist/diffblue/finos-messageml-utils/src/test/java"],"location":"/home/jbergqvist/diffblue/finos-messageml-utils"}
16:21:23.704 [INFO]   [Measuring]   maven:err process not stopped, joining thread
16:21:23.704 [INFO]   [Measuring]   maven:out process not stopped, joining thread
16:21:23.705 [INFO]   [Measuring]   Attempting to invoke /home/jbergqvist/diffblue/finos-messageml-utils/mvnw in working directory: /home/jbergqvist/diffblue/finos-messageml-utils
16:21:23.705 [INFO]   [Measuring]   Started "/home/jbergqvist/diffblue/finos-messageml-utils/mvnw -Dmaven.ext.class.path=/opt/cover/cover-buildsystem-maven-spy-jar-with-dependencies.jar -Dcom.diffblue.cover.skipTests=true -DskipTestOptimizer --batch-mode --projects=org.symphonyoss.symphony:messageml --global-settings=/home/jbergqvist/.sdkman/candidates/maven/current/conf/settings.xml org.jacoco:jacoco-maven-plugin:0.8.11:prepare-agent -Djacoco.skip=false test -DfailIfNoTests=false -Dsurefire.failIfNoSpecifiedTests=false -Dmaven.test.failure.ignore=True -Dtest=!*DiffblueTest,**/Test*.java,**/*Test.java,**/*Tests.java,**/*TestCase.java -Dgroups=MaintainedByDiffblue,ContributionFromDiffblue org.jacoco:jacoco-maven-plugin:0.8.11:report -Djacoco.skip=false"
16:21:24.304 [INFO]   [Measuring]   out: [INFO] Scanning for projects...
16:21:24.362 [INFO]   [Measuring]   out: [INFO] 
16:21:24.362 [INFO]   [Measuring]   out: [INFO] -----------------< org.symphonyoss.symphony:messageml >-----------------
16:21:24.362 [INFO]   [Measuring]   out: [INFO] Building MessageML Utils 0.13.0
16:21:24.362 [INFO]   [Measuring]   out: [INFO] --------------------------------[ jar ]---------------------------------
16:21:24.601 [INFO]   [Measuring]   deserializing line [DIFFBLUE]{"__type":"com.diffblue.cover.buildsystem.model.DefaultEventMessage","project":"org.symphonyoss.symphony:messageml","goal":"prepare-agent","cause":null,"state":"STARTED"}
16:21:24.602 [INFO]   [Measuring]   out: [INFO] 
16:21:24.603 [INFO]   [Measuring]   out: [INFO] --- jacoco-maven-plugin:0.8.11:prepare-agent (default-cli) @ messageml ---
16:21:24.662 [INFO]   [Measuring]   out: [INFO] argLine set to -javaagent:/home/jbergqvist/.m2/repository/org/jacoco/org.jacoco.agent/0.8.11/org.jacoco.agent-0.8.11-runtime.jar=destfile=/home/jbergqvist/diffblue/finos-messageml-utils/target/jacoco.exec
16:21:24.664 [INFO]   [Measuring]   deserializing line [DIFFBLUE]{"__type":"com.diffblue.cover.buildsystem.model.DefaultEventMessage","project":"org.symphonyoss.symphony:messageml","goal":"prepare-agent","cause":null,"state":"SUCCESS"}
16:21:24.665 [INFO]   [Measuring]   deserializing line [DIFFBLUE]{"__type":"com.diffblue.cover.buildsystem.model.DefaultEventMessage","project":"org.symphonyoss.symphony:messageml","goal":"resources","cause":null,"state":"STARTED"}
16:21:24.666 [INFO]   [Measuring]   out: [INFO] 
16:21:24.666 [INFO]   [Measuring]   out: [INFO] --- maven-resources-plugin:2.6:resources (default-resources) @ messageml ---
16:21:24.731 [INFO]   [Measuring]   out: [INFO] Using 'UTF-8' encoding to copy filtered resources.
16:21:24.733 [INFO]   [Measuring]   out: [INFO] Copying 1 resource
16:21:24.736 [INFO]   [Measuring]   deserializing line [DIFFBLUE]{"__type":"com.diffblue.cover.buildsystem.model.DefaultEventMessage","project":"org.symphonyoss.symphony:messageml","goal":"resources","cause":null,"state":"SUCCESS"}
16:21:24.738 [INFO]   [Measuring]   deserializing line [DIFFBLUE]{"__type":"com.diffblue.cover.buildsystem.model.DefaultEventMessage","project":"org.symphonyoss.symphony:messageml","goal":"compile","cause":null,"state":"STARTED"}
16:21:24.739 [INFO]   [Measuring]   out: [INFO] 
16:21:24.739 [INFO]   [Measuring]   out: [INFO] --- maven-compiler-plugin:3.1:compile (default-compile) @ messageml ---
16:21:24.842 [INFO]   [Measuring]   out: [INFO] Nothing to compile - all classes are up to date
16:21:24.844 [INFO]   [Measuring]   deserializing line [DIFFBLUE]{"__type":"com.diffblue.cover.buildsystem.model.DefaultEventMessage","project":"org.symphonyoss.symphony:messageml","goal":"compile","cause":null,"state":"SUCCESS"}
16:21:24.845 [INFO]   [Measuring]   deserializing line [DIFFBLUE]{"__type":"com.diffblue.cover.buildsystem.model.DefaultEventMessage","project":"org.symphonyoss.symphony:messageml","goal":"testResources","cause":null,"state":"STARTED"}
16:21:24.846 [INFO]   [Measuring]   out: [INFO] 
16:21:24.846 [INFO]   [Measuring]   out: [INFO] --- maven-resources-plugin:2.6:testResources (default-testResources) @ messageml ---
16:21:24.846 [INFO]   [Measuring]   out: [INFO] Using 'UTF-8' encoding to copy filtered resources.
16:21:24.848 [INFO]   [Measuring]   out: [INFO] Copying 36 resources
16:21:24.850 [INFO]   [Measuring]   deserializing line [DIFFBLUE]{"__type":"com.diffblue.cover.buildsystem.model.DefaultEventMessage","project":"org.symphonyoss.symphony:messageml","goal":"testResources","cause":null,"state":"SUCCESS"}
16:21:24.851 [INFO]   [Measuring]   deserializing line [DIFFBLUE]{"__type":"com.diffblue.cover.buildsystem.model.DefaultEventMessage","project":"org.symphonyoss.symphony:messageml","goal":"testCompile","cause":null,"state":"STARTED"}
16:21:24.852 [INFO]   [Measuring]   out: [INFO] 
16:21:24.852 [INFO]   [Measuring]   out: [INFO] --- maven-compiler-plugin:3.1:testCompile (default-testCompile) @ messageml ---
16:21:24.866 [INFO]   [Measuring]   out: [INFO] Nothing to compile - all classes are up to date
16:21:24.868 [INFO]   [Measuring]   deserializing line [DIFFBLUE]{"__type":"com.diffblue.cover.buildsystem.model.DefaultEventMessage","project":"org.symphonyoss.symphony:messageml","goal":"testCompile","cause":null,"state":"SUCCESS"}
16:21:24.869 [INFO]   [Measuring]   deserializing line [DIFFBLUE]{"__type":"com.diffblue.cover.buildsystem.model.DefaultEventMessage","project":"org.symphonyoss.symphony:messageml","goal":"test","cause":null,"state":"STARTED"}
16:21:24.870 [INFO]   [Measuring]   out: [INFO] 
16:21:24.870 [INFO]   [Measuring]   out: [INFO] --- maven-surefire-plugin:2.22.2:test (default-test) @ messageml ---
16:21:24.999 [INFO]   [Measuring]   out: [INFO] 
16:21:24.999 [INFO]   [Measuring]   out: [INFO] -------------------------------------------------------
16:21:24.999 [INFO]   [Measuring]   out: [INFO]  T E S T S
16:21:24.999 [INFO]   [Measuring]   out: [INFO] -------------------------------------------------------
16:21:26.156 [INFO]   [Measuring]   out: [INFO] 
16:21:26.156 [INFO]   [Measuring]   out: [INFO] Results:
16:21:26.156 [INFO]   [Measuring]   out: [INFO] 
16:21:26.158 [INFO]   [Measuring]   out: [INFO] Tests run: 0, Failures: 0, Errors: 0, Skipped: 0
16:21:26.158 [INFO]   [Measuring]   out: [INFO] 
16:21:26.162 [INFO]   [Measuring]   deserializing line [DIFFBLUE]{"__type":"com.diffblue.cover.buildsystem.model.DefaultEventMessage","project":"org.symphonyoss.symphony:messageml","goal":"test","cause":null,"state":"SUCCESS"}
16:21:26.163 [INFO]   [Measuring]   deserializing line [DIFFBLUE]{"__type":"com.diffblue.cover.buildsystem.model.DefaultEventMessage","project":"org.symphonyoss.symphony:messageml","goal":"report","cause":null,"state":"STARTED"}
16:21:26.164 [INFO]   [Measuring]   out: [INFO] 
16:21:26.164 [INFO]   [Measuring]   out: [INFO] --- jacoco-maven-plugin:0.8.11:report (default-cli) @ messageml ---
16:21:26.166 [INFO]   [Measuring]   out: [INFO] Loading execution data file /home/jbergqvist/diffblue/finos-messageml-utils/target/jacoco.exec
16:21:26.285 [INFO]   [Measuring]   out: [INFO] Analyzed bundle 'MessageML Utils' with 144 classes
16:21:26.519 [INFO]   [Measuring]   deserializing line [DIFFBLUE]{"__type":"com.diffblue.cover.buildsystem.model.DefaultEventMessage","project":"org.symphonyoss.symphony:messageml","goal":"report","cause":null,"state":"SUCCESS"}
16:21:26.545 [INFO]   [Measuring]   deserializing line [DIFFBLUE]{"__type":"com.diffblue.cover.buildsystem.model.DefaultProjectModuleMessage","project":{"__type":"DefaultProjectModule","junitReport":["/home/jbergqvist/diffblue/finos-messageml-utils/target/surefire-reports"],"jacocoReport":["/home/jbergqvist/diffblue/finos-messageml-utils/target/site/jacoco/jacoco.xml"],"jacocoDestFile":["/home/jbergqvist/diffblue/finos-messageml-utils/target/jacoco.exec"],"jacocoFormats":["xml"],"jacocoSkipped":false,"classpath":["/home/jbergqvist/diffblue/finos-messageml-utils/target/classes","/home/jbergqvist/.m2/repository/org/projectlombok/lombok/1.18.42/lombok-1.18.42.jar","/home/jbergqvist/.m2/repository/com/github/java-json-tools/json-schema-validator/2.2.14/json-schema-validator-2.2.14.jar","/home/jbergqvist/.m2/repository/com/github/java-json-tools/jackson-coreutils-equivalence/1.0/jackson-coreutils-equivalence-1.0.jar","/home/jbergqvist/.m2/repository/com/github/java-json-tools/jackson-coreutils/2.0/jackson-coreutils-2.0.jar","/home/jbergqvist/.m2/repository/com/github/java-json-tools/msg-simple/1.2/msg-simple-1.2.jar","/home/jbergqvist/.m2/repository/com/github/java-json-tools/btf/1.3/btf-1.3.jar","/home/jbergqvist/.m2/repository/com/github/java-json-tools/json-schema-core/1.2.14/json-schema-core-1.2.14.jar","/home/jbergqvist/.m2/repository/com/github/java-json-tools/uri-template/0.10/uri-template-0.10.jar","/home/jbergqvist/.m2/repository/com/sun/mail/mailapi/1.6.2/mailapi-1.6.2.jar","/home/jbergqvist/.m2/repository/joda-time/joda-time/2.10.5/joda-time-2.10.5.jar","/home/jbergqvist/.m2/repository/com/googlecode/libphonenumber/libphonenumber/8.11.1/libphonenumber-8.11.1.jar","/home/jbergqvist/.m2/repository/com/google/code/findbugs/jsr305/3.0.2/jsr305-3.0.2.jar","/home/jbergqvist/.m2/repository/net/sf/jopt-simple/jopt-simple/5.0.4/jopt-simple-5.0.4.jar","/home/jbergqvist/.m2/repository/org/mozilla/rhino/1.7.13/rhino-1.7.13.jar","/home/jbergqvist/.m2/repository/com/google/guava/guava/32.1.2-jre/guava-32.1.2-jre.jar","/home/jbergqvist/.m2/repository/com/google/guava/failureaccess/1.0.1/failureaccess-1.0.1.jar","/home/jbergqvist/.m2/repository/com/google/guava/listenablefuture/9999.0-empty-to-avoid-conflict-with-guava/listenablefuture-9999.0-empty-to-avoid-conflict-with-guava.jar","/home/jbergqvist/.m2/repository/org/checkerframework/checker-qual/3.33.0/checker-qual-3.33.0.jar","/home/jbergqvist/.m2/repository/com/google/errorprone/error_prone_annotations/2.18.0/error_prone_annotations-2.18.0.jar","/home/jbergqvist/.m2/repository/com/google/j2objc/j2objc-annotations/2.8/j2objc-annotations-2.8.jar","/home/jbergqvist/.m2/repository/com/fasterxml/jackson/core/jackson-core/2.15.2/jackson-core-2.15.2.jar","/home/jbergqvist/.m2/repository/com/fasterxml/jackson/core/jackson-databind/2.15.2/jackson-databind-2.15.2.jar","/home/jbergqvist/.m2/repository/com/fasterxml/jackson/core/jackson-annotations/2.15.2/jackson-annotations-2.15.2.jar","/home/jbergqvist/.m2/repository/commons-io/commons-io/2.11.0/commons-io-2.11.0.jar","/home/jbergqvist/.m2/repository/org/apache/commons/commons-lang3/3.12.0/commons-lang3-3.12.0.jar","/home/jbergqvist/.m2/repository/org/freemarker/freemarker/2.3.31/freemarker-2.3.31.jar","/home/jbergqvist/.m2/repository/org/slf4j/slf4j-api/1.7.32/slf4j-api-1.7.32.jar","/home/jbergqvist/.m2/repository/com/diffblue/cover/cover-annotations/1.8.0/cover-annotations-1.8.0.jar","/home/jbergqvist/.m2/repository/com/atlassian/commonmark/commonmark/0.15.2/commonmark-0.15.2.jar","/home/jbergqvist/.m2/repository/org/junit/jupiter/junit-jupiter-api/5.8.2/junit-jupiter-api-5.8.2.jar","/home/jbergqvist/.m2/repository/org/opentest4j/opentest4j/1.2.0/opentest4j-1.2.0.jar","/home/jbergqvist/.m2/repository/org/junit/platform/junit-platform-commons/1.8.2/junit-platform-commons-1.8.2.jar","/home/jbergqvist/.m2/repository/org/apiguardian/apiguardian-api/1.1.2/apiguardian-api-1.1.2.jar","/home/jbergqvist/.m2/repository/org/junit/jupiter/junit-jupiter-params/5.8.2/junit-jupiter-params-5.8.2.jar","/home/jbergqvist/.m2/repository/org/junit/jupiter/junit-jupiter-engine/5.8.2/junit-jupiter-engine-5.8.2.jar","/home/jbergqvist/.m2/repository/org/junit/platform/junit-platform-engine/1.8.2/junit-platform-engine-1.8.2.jar","/home/jbergqvist/.m2/repository/org/junit/vintage/junit-vintage-engine/5.8.2/junit-vintage-engine-5.8.2.jar","/home/jbergqvist/.m2/repository/junit/junit/4.13.2/junit-4.13.2.jar","/home/jbergqvist/.m2/repository/org/hamcrest/hamcrest-core/1.3/hamcrest-core-1.3.jar","/home/jbergqvist/.m2/repository/org/mockito/mockito-core/4.0.0/mockito-core-4.0.0.jar","/home/jbergqvist/.m2/repository/net/bytebuddy/byte-buddy/1.11.19/byte-buddy-1.11.19.jar","/home/jbergqvist/.m2/repository/net/bytebuddy/byte-buddy-agent/1.11.19/byte-buddy-agent-1.11.19.jar","/home/jbergqvist/.m2/repository/org/objenesis/objenesis/3.2/objenesis-3.2.jar","/home/jbergqvist/.m2/repository/org/openjdk/jmh/jmh-core/1.33/jmh-core-1.33.jar","/home/jbergqvist/.m2/repository/org/apache/commons/commons-math3/3.2/commons-math3-3.2.jar","/home/jbergqvist/.m2/repository/org/openjdk/jmh/jmh-generator-annprocess/1.33/jmh-generator-annprocess-1.33.jar","/home/jbergqvist/.m2/repository/org/xmlunit/xmlunit-core/2.8.3/xmlunit-core-2.8.3.jar","/home/jbergqvist/.m2/repository/jakarta/xml/bind/jakarta.xml.bind-api/2.3.3/jakarta.xml.bind-api-2.3.3.jar","/home/jbergqvist/.m2/repository/jakarta/activation/jakarta.activation-api/1.2.2/jakarta.activation-api-1.2.2.jar","/home/jbergqvist/.m2/repository/ch/qos/logback/logback-classic/1.2.9/logback-classic-1.2.9.jar","/home/jbergqvist/.m2/repository/ch/qos/logback/logback-core/1.2.9/logback-core-1.2.9.jar"],"complianceLevel":"1.8","productionSources":["/home/jbergqvist/diffblue/finos-messageml-utils/src/main/java"],"testSources":["/home/jbergqvist/diffblue/finos-messageml-utils/src/test/java"],"productionClasses":"/home/jbergqvist/diffblue/finos-messageml-utils/target/classes","testClasses":"/home/jbergqvist/diffblue/finos-messageml-utils/target/test-classes","sourceToBuildPathMap":null,"testSourceToBuildPathMap":null,"buildDirectory":"/home/jbergqvist/diffblue/finos-messageml-utils/target","plugins":[{"__type":"DefaultPlugin","groupId":"org.apache.maven.plugins","artefactId":"maven-surefire-plugin","version":"2.22.2","pluginClassName":null},{"__type":"DefaultPlugin","groupId":"org.apache.maven.plugins","artefactId":"maven-clean-plugin","version":"2.5","pluginClassName":null},{"__type":"DefaultPlugin","groupId":"org.apache.maven.plugins","artefactId":"maven-resources-plugin","version":"2.6","pluginClassName":null},{"__type":"DefaultPlugin","groupId":"org.apache.maven.plugins","artefactId":"maven-jar-plugin","version":"3.2.2","pluginClassName":null},{"__type":"DefaultPlugin","groupId":"org.apache.maven.plugins","artefactId":"maven-compiler-plugin","version":"3.1","pluginClassName":null},{"__type":"DefaultPlugin","groupId":"org.apache.maven.plugins","artefactId":"maven-install-plugin","version":"2.4","pluginClassName":null},{"__type":"DefaultPlugin","groupId":"org.apache.maven.plugins","artefactId":"maven-deploy-plugin","version":"3.0.0-M1","pluginClassName":null},{"__type":"DefaultPlugin","groupId":"org.apache.maven.plugins","artefactId":"maven-site-plugin","version":"3.3","pluginClassName":null}],"version":"3.8.4","encoding":"UTF-8","name":"maven","subModules":[],"simpleModuleName":null,"parentModuleName":null,"location":"/home/jbergqvist/diffblue/finos-messageml-utils","fullModuleName":"org.symphonyoss.symphony:messageml"}}
16:21:26.547 [INFO]   [Measuring]   out: [INFO] ------------------------------------------------------------------------
16:21:26.547 [INFO]   [Measuring]   out: [INFO] BUILD SUCCESS
16:21:26.547 [INFO]   [Measuring]   out: [INFO] ------------------------------------------------------------------------
16:21:26.547 [INFO]   [Measuring]   out: [INFO] Total time:  2.254 s
16:21:26.547 [INFO]   [Measuring]   out: [INFO] Finished at: 2026-01-09T16:21:26Z
16:21:26.547 [INFO]   [Measuring]   out: [INFO] ------------------------------------------------------------------------
16:21:26.549 [INFO]   [Measuring]   deserializing line [DIFFBLUE]{"__type":"com.diffblue.cover.buildsystem.model.ProjectInfoMessage","projectName":"org.symphonyoss.symphony:messageml","productionSources":["/home/jbergqvist/diffblue/finos-messageml-utils/src/main/java"],"testSources":["/home/jbergqvist/diffblue/finos-messageml-utils/src/test/java"],"location":"/home/jbergqvist/diffblue/finos-messageml-utils"}
16:21:26.595 [INFO]   [Measuring]   maven:err process not stopped, joining thread
16:21:26.595 [INFO]   [Measuring]   maven:out process not stopped, joining thread
16:21:26.679 [INFO]   [Measuring]   JaCoCo report file created in /home/jbergqvist/diffblue/finos-messageml-utils/.diffblue/reports/diffblue-tests-jacoco-report.xml
16:21:26.819 [INFO]   [Measuring]   Calculating coverage from manual tests.
16:21:26.820 [INFO]   [Measuring]   Using default build rules as no custom rules found in any of [/home/jbergqvist/diffblue/finos-messageml-utils]
16:21:26.820 [INFO]   [Measuring]   Attempting to invoke /home/jbergqvist/diffblue/finos-messageml-utils/mvnw in working directory: /home/jbergqvist/diffblue/finos-messageml-utils
16:21:26.821 [INFO]   [Measuring]   Started "/home/jbergqvist/diffblue/finos-messageml-utils/mvnw -Dmaven.ext.class.path=/opt/cover/cover-buildsystem-maven-spy-jar-with-dependencies.jar -Dcom.diffblue.cover.skipTests=true -DskipTestOptimizer --batch-mode --projects=org.symphonyoss.symphony:messageml --global-settings=/home/jbergqvist/.sdkman/candidates/maven/current/conf/settings.xml org.jacoco:jacoco-maven-plugin:0.8.11:prepare-agent -Djacoco.skip=false test -DfailIfNoTests=false -Dsurefire.failIfNoSpecifiedTests=false -Dmaven.test.failure.ignore=True -Dtest=!*DiffblueTest,**/Test*.java,**/*Test.java,**/*Tests.java,**/*TestCase.java -DexcludedGroups=MaintainedByDiffblue,ContributionFromDiffblue org.jacoco:jacoco-maven-plugin:0.8.11:report -Djacoco.skip=false"
16:21:27.458 [INFO]   [Measuring]   out: [INFO] Scanning for projects...
16:21:27.516 [INFO]   [Measuring]   out: [INFO] 
16:21:27.516 [INFO]   [Measuring]   out: [INFO] -----------------< org.symphonyoss.symphony:messageml >-----------------
16:21:27.516 [INFO]   [Measuring]   out: [INFO] Building MessageML Utils 0.13.0
16:21:27.516 [INFO]   [Measuring]   out: [INFO] --------------------------------[ jar ]---------------------------------
16:21:27.751 [INFO]   [Measuring]   deserializing line [DIFFBLUE]{"__type":"com.diffblue.cover.buildsystem.model.DefaultEventMessage","project":"org.symphonyoss.symphony:messageml","goal":"prepare-agent","cause":null,"state":"STARTED"}
16:21:27.753 [INFO]   [Measuring]   out: [INFO] 
16:21:27.753 [INFO]   [Measuring]   out: [INFO] --- jacoco-maven-plugin:0.8.11:prepare-agent (default-cli) @ messageml ---
16:21:27.807 [INFO]   [Measuring]   out: [INFO] argLine set to -javaagent:/home/jbergqvist/.m2/repository/org/jacoco/org.jacoco.agent/0.8.11/org.jacoco.agent-0.8.11-runtime.jar=destfile=/home/jbergqvist/diffblue/finos-messageml-utils/target/jacoco.exec
16:21:27.809 [INFO]   [Measuring]   deserializing line [DIFFBLUE]{"__type":"com.diffblue.cover.buildsystem.model.DefaultEventMessage","project":"org.symphonyoss.symphony:messageml","goal":"prepare-agent","cause":null,"state":"SUCCESS"}
16:21:27.810 [INFO]   [Measuring]   deserializing line [DIFFBLUE]{"__type":"com.diffblue.cover.buildsystem.model.DefaultEventMessage","project":"org.symphonyoss.symphony:messageml","goal":"resources","cause":null,"state":"STARTED"}
16:21:27.811 [INFO]   [Measuring]   out: [INFO] 
16:21:27.811 [INFO]   [Measuring]   out: [INFO] --- maven-resources-plugin:2.6:resources (default-resources) @ messageml ---
16:21:27.871 [INFO]   [Measuring]   out: [INFO] Using 'UTF-8' encoding to copy filtered resources.
16:21:27.873 [INFO]   [Measuring]   out: [INFO] Copying 1 resource
16:21:27.876 [INFO]   [Measuring]   deserializing line [DIFFBLUE]{"__type":"com.diffblue.cover.buildsystem.model.DefaultEventMessage","project":"org.symphonyoss.symphony:messageml","goal":"resources","cause":null,"state":"SUCCESS"}
16:21:27.877 [INFO]   [Measuring]   deserializing line [DIFFBLUE]{"__type":"com.diffblue.cover.buildsystem.model.DefaultEventMessage","project":"org.symphonyoss.symphony:messageml","goal":"compile","cause":null,"state":"STARTED"}
16:21:27.878 [INFO]   [Measuring]   out: [INFO] 
16:21:27.878 [INFO]   [Measuring]   out: [INFO] --- maven-compiler-plugin:3.1:compile (default-compile) @ messageml ---
16:21:27.973 [INFO]   [Measuring]   out: [INFO] Nothing to compile - all classes are up to date
16:21:27.975 [INFO]   [Measuring]   deserializing line [DIFFBLUE]{"__type":"com.diffblue.cover.buildsystem.model.DefaultEventMessage","project":"org.symphonyoss.symphony:messageml","goal":"compile","cause":null,"state":"SUCCESS"}
16:21:27.976 [INFO]   [Measuring]   deserializing line [DIFFBLUE]{"__type":"com.diffblue.cover.buildsystem.model.DefaultEventMessage","project":"org.symphonyoss.symphony:messageml","goal":"testResources","cause":null,"state":"STARTED"}
16:21:27.976 [INFO]   [Measuring]   out: [INFO] 
16:21:27.976 [INFO]   [Measuring]   out: [INFO] --- maven-resources-plugin:2.6:testResources (default-testResources) @ messageml ---
16:21:27.977 [INFO]   [Measuring]   out: [INFO] Using 'UTF-8' encoding to copy filtered resources.
16:21:27.979 [INFO]   [Measuring]   out: [INFO] Copying 36 resources
16:21:27.981 [INFO]   [Measuring]   deserializing line [DIFFBLUE]{"__type":"com.diffblue.cover.buildsystem.model.DefaultEventMessage","project":"org.symphonyoss.symphony:messageml","goal":"testResources","cause":null,"state":"SUCCESS"}
16:21:27.982 [INFO]   [Measuring]   deserializing line [DIFFBLUE]{"__type":"com.diffblue.cover.buildsystem.model.DefaultEventMessage","project":"org.symphonyoss.symphony:messageml","goal":"testCompile","cause":null,"state":"STARTED"}
16:21:27.983 [INFO]   [Measuring]   out: [INFO] 
16:21:27.983 [INFO]   [Measuring]   out: [INFO] --- maven-compiler-plugin:3.1:testCompile (default-testCompile) @ messageml ---
16:21:27.997 [INFO]   [Measuring]   out: [INFO] Nothing to compile - all classes are up to date
16:21:27.998 [INFO]   [Measuring]   deserializing line [DIFFBLUE]{"__type":"com.diffblue.cover.buildsystem.model.DefaultEventMessage","project":"org.symphonyoss.symphony:messageml","goal":"testCompile","cause":null,"state":"SUCCESS"}
16:21:28.000 [INFO]   [Measuring]   deserializing line [DIFFBLUE]{"__type":"com.diffblue.cover.buildsystem.model.DefaultEventMessage","project":"org.symphonyoss.symphony:messageml","goal":"test","cause":null,"state":"STARTED"}
16:21:28.000 [INFO]   [Measuring]   out: [INFO] 
16:21:28.000 [INFO]   [Measuring]   out: [INFO] --- maven-surefire-plugin:2.22.2:test (default-test) @ messageml ---
16:21:28.143 [INFO]   [Measuring]   out: [INFO] 
16:21:28.143 [INFO]   [Measuring]   out: [INFO] -------------------------------------------------------
16:21:28.143 [INFO]   [Measuring]   out: [INFO]  T E S T S
16:21:28.143 [INFO]   [Measuring]   out: [INFO] -------------------------------------------------------
16:21:29.012 [INFO]   [Measuring]   out: [INFO] Running org.symphonyoss.symphony.messageml.elements.form.DatePickerTest
16:21:29.451 [INFO]   [Measuring]   out: 16:21:29.448 [main] WARN org.symphonyoss.symphony.messageml.bi.BiContext - Failed to extract the messageML library version.
16:21:29.596 [INFO]   [Measuring]   out: [INFO] Tests run: 2, Failures: 0, Errors: 0, Skipped: 0, Time elapsed: 0.574 s - in org.symphonyoss.symphony.messageml.elements.form.DatePickerTest
16:21:29.596 [INFO]   [Measuring]   out: [INFO] Running org.symphonyoss.symphony.messageml.elements.form.TextAreaTest
16:21:29.600 [INFO]   [Measuring]   out: [INFO] Tests run: 2, Failures: 0, Errors: 0, Skipped: 0, Time elapsed: 0 s - in org.symphonyoss.symphony.messageml.elements.form.TextAreaTest
16:21:29.600 [INFO]   [Measuring]   out: [INFO] Running org.symphonyoss.symphony.messageml.elements.form.CheckboxTest
16:21:29.611 [INFO]   [Measuring]   out: [INFO] Tests run: 2, Failures: 0, Errors: 0, Skipped: 0, Time elapsed: 0.009 s - in org.symphonyoss.symphony.messageml.elements.form.CheckboxTest
16:21:29.611 [INFO]   [Measuring]   out: [INFO] Running org.symphonyoss.symphony.messageml.elements.form.TimezonePickerTest
16:21:29.625 [INFO]   [Measuring]   out: [INFO] Tests run: 2, Failures: 0, Errors: 0, Skipped: 0, Time elapsed: 0.013 s - in org.symphonyoss.symphony.messageml.elements.form.TimezonePickerTest
16:21:29.626 [INFO]   [Measuring]   out: [INFO] Running org.symphonyoss.symphony.messageml.elements.form.RadioTest
16:21:29.633 [INFO]   [Measuring]   out: [INFO] Tests run: 2, Failures: 0, Errors: 0, Skipped: 0, Time elapsed: 0.006 s - in org.symphonyoss.symphony.messageml.elements.form.RadioTest
16:21:29.633 [INFO]   [Measuring]   out: [INFO] Running org.symphonyoss.symphony.messageml.elements.form.TextFieldTest
16:21:29.642 [INFO]   [Measuring]   out: [INFO] Tests run: 3, Failures: 0, Errors: 0, Skipped: 0, Time elapsed: 0.006 s - in org.symphonyoss.symphony.messageml.elements.form.TextFieldTest
16:21:29.642 [INFO]   [Measuring]   out: [INFO] Running org.symphonyoss.symphony.messageml.elements.form.TimePickerTest
16:21:29.649 [INFO]   [Measuring]   out: [INFO] Tests run: 2, Failures: 0, Errors: 0, Skipped: 0, Time elapsed: 0.006 s - in org.symphonyoss.symphony.messageml.elements.form.TimePickerTest
16:21:29.649 [INFO]   [Measuring]   out: [INFO] Running org.symphonyoss.symphony.messageml.elements.CodeLanguageTest
16:21:29.719 [INFO]   [Measuring]   out: [INFO] Tests run: 61, Failures: 0, Errors: 0, Skipped: 0, Time elapsed: 0.067 s - in org.symphonyoss.symphony.messageml.elements.CodeLanguageTest
16:21:29.719 [INFO]   [Measuring]   out: [INFO] Running org.symphonyoss.symphony.messageml.markdown.MarkdownParserTest
16:21:29.723 [INFO]   [Measuring]   out: [INFO] Tests run: 1, Failures: 0, Errors: 0, Skipped: 0, Time elapsed: 0.002 s - in org.symphonyoss.symphony.messageml.markdown.MarkdownParserTest
16:21:29.732 [INFO]   [Measuring]   out: [INFO] Running org.symphonyoss.symphony.entityjson.TestValidSchemas
16:21:30.065 [INFO]   [Measuring]   out: [ERROR] Tests run: 9, Failures: 0, Errors: 9, Skipped: 0, Time elapsed: 0.331 s <<< FAILURE! - in org.symphonyoss.symphony.entityjson.TestValidSchemas
16:21:30.065 [INFO]   [Measuring]   out: [ERROR] testStructuredObject  Time elapsed: 0.313 s  <<< ERROR!
16:21:30.065 [INFO]   [Measuring]   out: org.symphonyoss.symphony.entityjson.InvalidInstanceException: java.net.UnknownHostException: schemas.oss.symphony.com
16:21:30.065 [INFO]   [Measuring]   out: 	at org.symphonyoss.symphony.entityjson.TestValidSchemas.testStructuredObject(TestValidSchemas.java:65)
16:21:30.065 [INFO]   [Measuring]   out: Caused by: java.net.UnknownHostException: schemas.oss.symphony.com
16:21:30.065 [INFO]   [Measuring]   out: 	at org.symphonyoss.symphony.entityjson.TestValidSchemas.testStructuredObject(TestValidSchemas.java:65)
16:21:30.065 [INFO]   [Measuring]   out: 
16:21:30.065 [INFO]   [Measuring]   out: [ERROR] testBondRfq  Time elapsed: 0.001 s  <<< ERROR!
16:21:30.065 [INFO]   [Measuring]   out: org.symphonyoss.symphony.entityjson.InvalidInstanceException: java.net.UnknownHostException: schemas.oss.symphony.com
16:21:30.065 [INFO]   [Measuring]   out: 	at org.symphonyoss.symphony.entityjson.TestValidSchemas.testBondRfq(TestValidSchemas.java:78)
16:21:30.065 [INFO]   [Measuring]   out: Caused by: java.net.UnknownHostException: schemas.oss.symphony.com
16:21:30.065 [INFO]   [Measuring]   out: 	at org.symphonyoss.symphony.entityjson.TestValidSchemas.testBondRfq(TestValidSchemas.java:78)
16:21:30.065 [INFO]   [Measuring]   out: 
16:21:30.065 [INFO]   [Measuring]   out: [ERROR] testJsonSchema  Time elapsed: 0.002 s  <<< ERROR!
16:21:30.065 [INFO]   [Measuring]   out: org.symphonyoss.symphony.entityjson.InvalidInstanceException: java.net.UnknownHostException: schemas.oss.symphony.com
16:21:30.065 [INFO]   [Measuring]   out: 	at org.symphonyoss.symphony.entityjson.TestValidSchemas.testJsonSchema(TestValidSchemas.java:46)
16:21:30.065 [INFO]   [Measuring]   out: Caused by: java.net.UnknownHostException: schemas.oss.symphony.com
16:21:30.065 [INFO]   [Measuring]   out: 	at org.symphonyoss.symphony.entityjson.TestValidSchemas.testJsonSchema(TestValidSchemas.java:46)
16:21:30.065 [INFO]   [Measuring]   out: 
16:21:30.065 [INFO]   [Measuring]   out: [ERROR] testEntityJsonSchema  Time elapsed: 0.001 s  <<< ERROR!
16:21:30.065 [INFO]   [Measuring]   out: org.symphonyoss.symphony.entityjson.InvalidInstanceException: java.net.UnknownHostException: schemas.oss.symphony.com
16:21:30.065 [INFO]   [Measuring]   out: 	at org.symphonyoss.symphony.entityjson.TestValidSchemas.testEntityJsonSchema(TestValidSchemas.java:52)
16:21:30.065 [INFO]   [Measuring]   out: Caused by: java.net.UnknownHostException: schemas.oss.symphony.com
16:21:30.065 [INFO]   [Measuring]   out: 	at org.symphonyoss.symphony.entityjson.TestValidSchemas.testEntityJsonSchema(TestValidSchemas.java:52)
16:21:30.065 [INFO]   [Measuring]   out: 
16:21:30.065 [INFO]   [Measuring]   out: [ERROR] testSingleJira  Time elapsed: 0.003 s  <<< ERROR!
16:21:30.065 [INFO]   [Measuring]   out: java.lang.RuntimeException: org.symphonyoss.symphony.entityjson.InvalidSchemaException: java.net.UnknownHostException: schemas.oss.symphony.com
16:21:30.065 [INFO]   [Measuring]   out: 	at org.symphonyoss.symphony.entityjson.TestValidSchemas.test(TestValidSchemas.java:107)
16:21:30.065 [INFO]   [Measuring]   out: 	at org.symphonyoss.symphony.entityjson.TestValidSchemas.testSingleJira(TestValidSchemas.java:96)
16:21:30.065 [INFO]   [Measuring]   out: Caused by: org.symphonyoss.symphony.entityjson.InvalidSchemaException: java.net.UnknownHostException: schemas.oss.symphony.com
16:21:30.065 [INFO]   [Measuring]   out: 	at org.symphonyoss.symphony.entityjson.TestValidSchemas.test(TestValidSchemas.java:107)
16:21:30.065 [INFO]   [Measuring]   out: 	at org.symphonyoss.symphony.entityjson.TestValidSchemas.testSingleJira(TestValidSchemas.java:96)
16:21:30.065 [INFO]   [Measuring]   out: Caused by: java.net.UnknownHostException: schemas.oss.symphony.com
16:21:30.065 [INFO]   [Measuring]   out: 	at org.symphonyoss.symphony.entityjson.TestValidSchemas.test(TestValidSchemas.java:107)
16:21:30.065 [INFO]   [Measuring]   out: 	at org.symphonyoss.symphony.entityjson.TestValidSchemas.testSingleJira(TestValidSchemas.java:96)
16:21:30.065 [INFO]   [Measuring]   out: 
16:21:30.065 [INFO]   [Measuring]   out: [ERROR] testExpandedJira  Time elapsed: 0.002 s  <<< ERROR!
16:21:30.065 [INFO]   [Measuring]   out: java.lang.RuntimeException: org.symphonyoss.symphony.entityjson.InvalidSchemaException: java.net.UnknownHostException: schemas.oss.symphony.com
16:21:30.065 [INFO]   [Measuring]   out: 	at org.symphonyoss.symphony.entityjson.TestValidSchemas.test(TestValidSchemas.java:107)
16:21:30.065 [INFO]   [Measuring]   out: 	at org.symphonyoss.symphony.entityjson.TestValidSchemas.testExpandedJira(TestValidSchemas.java:102)
16:21:30.065 [INFO]   [Measuring]   out: Caused by: org.symphonyoss.symphony.entityjson.InvalidSchemaException: java.net.UnknownHostException: schemas.oss.symphony.com
16:21:30.065 [INFO]   [Measuring]   out: 	at org.symphonyoss.symphony.entityjson.TestValidSchemas.test(TestValidSchemas.java:107)
16:21:30.065 [INFO]   [Measuring]   out: 	at org.symphonyoss.symphony.entityjson.TestValidSchemas.testExpandedJira(TestValidSchemas.java:102)
16:21:30.065 [INFO]   [Measuring]   out: Caused by: java.net.UnknownHostException: schemas.oss.symphony.com
16:21:30.065 [INFO]   [Measuring]   out: 	at org.symphonyoss.symphony.entityjson.TestValidSchemas.test(TestValidSchemas.java:107)
16:21:30.065 [INFO]   [Measuring]   out: 	at org.symphonyoss.symphony.entityjson.TestValidSchemas.testExpandedJira(TestValidSchemas.java:102)
16:21:30.065 [INFO]   [Measuring]   out: 
16:21:30.065 [INFO]   [Measuring]   out: [ERROR] testBondRfqObject  Time elapsed: 0.002 s  <<< ERROR!
16:21:30.065 [INFO]   [Measuring]   out: org.symphonyoss.symphony.entityjson.InvalidInstanceException: java.net.UnknownHostException: schemas.oss.symphony.com
16:21:30.065 [INFO]   [Measuring]   out: 	at org.symphonyoss.symphony.entityjson.TestValidSchemas.testBondRfqObject(TestValidSchemas.java:84)
16:21:30.065 [INFO]   [Measuring]   out: Caused by: java.net.UnknownHostException: schemas.oss.symphony.com
16:21:30.065 [INFO]   [Measuring]   out: 	at org.symphonyoss.symphony.entityjson.TestValidSchemas.testBondRfqObject(TestValidSchemas.java:84)
16:21:30.066 [INFO]   [Measuring]   out: 
16:21:30.066 [INFO]   [Measuring]   out: [ERROR] testBondRfqSchema  Time elapsed: 0.002 s  <<< ERROR!
16:21:30.066 [INFO]   [Measuring]   out: org.symphonyoss.symphony.entityjson.InvalidInstanceException: java.net.UnknownHostException: schemas.oss.symphony.com
16:21:30.066 [INFO]   [Measuring]   out: 	at org.symphonyoss.symphony.entityjson.TestValidSchemas.testBondRfqSchema(TestValidSchemas.java:72)
16:21:30.066 [INFO]   [Measuring]   out: Caused by: java.net.UnknownHostException: schemas.oss.symphony.com
16:21:30.066 [INFO]   [Measuring]   out: 	at org.symphonyoss.symphony.entityjson.TestValidSchemas.testBondRfqSchema(TestValidSchemas.java:72)
16:21:30.066 [INFO]   [Measuring]   out: 
16:21:30.066 [INFO]   [Measuring]   out: [ERROR] testEntityJson  Time elapsed: 0.001 s  <<< ERROR!
16:21:30.066 [INFO]   [Measuring]   out: org.symphonyoss.symphony.entityjson.InvalidInstanceException: java.net.UnknownHostException: schemas.oss.symphony.com
16:21:30.066 [INFO]   [Measuring]   out: 	at org.symphonyoss.symphony.entityjson.TestValidSchemas.testEntityJson(TestValidSchemas.java:58)
16:21:30.066 [INFO]   [Measuring]   out: Caused by: java.net.UnknownHostException: schemas.oss.symphony.com
16:21:30.066 [INFO]   [Measuring]   out: 	at org.symphonyoss.symphony.entityjson.TestValidSchemas.testEntityJson(TestValidSchemas.java:58)
16:21:30.066 [INFO]   [Measuring]   out: 
16:21:30.066 [INFO]   [Measuring]   out: [INFO] Running org.symphonyoss.symphony.entityjson.TestInvalidSchemas
16:21:30.078 [INFO]   [Measuring]   out: [ERROR] Tests run: 6, Failures: 0, Errors: 6, Skipped: 0, Time elapsed: 0.01 s <<< FAILURE! - in org.symphonyoss.symphony.entityjson.TestInvalidSchemas
16:21:30.078 [INFO]   [Measuring]   out: [ERROR] testInvalidTypeVersion  Time elapsed: 0 s  <<< ERROR!
16:21:30.078 [INFO]   [Measuring]   out: java.lang.Exception: Unexpected exception, expected<org.symphonyoss.symphony.entityjson.SchemaValidationException> but was<java.lang.RuntimeException>
16:21:30.078 [INFO]   [Measuring]   out: 	at org.symphonyoss.symphony.entityjson.TestInvalidSchemas.testInvalidTypeVersion(TestInvalidSchemas.java:44)
16:21:30.078 [INFO]   [Measuring]   out: Caused by: org.symphonyoss.symphony.entityjson.InvalidSchemaException: java.net.UnknownHostException: schemas.oss.symphony.com
16:21:30.078 [INFO]   [Measuring]   out: 	at org.symphonyoss.symphony.entityjson.TestInvalidSchemas.testInvalidTypeVersion(TestInvalidSchemas.java:44)
16:21:30.078 [INFO]   [Measuring]   out: Caused by: java.net.UnknownHostException: schemas.oss.symphony.com
16:21:30.078 [INFO]   [Measuring]   out: 	at org.symphonyoss.symphony.entityjson.TestInvalidSchemas.testInvalidTypeVersion(TestInvalidSchemas.java:44)
16:21:30.078 [INFO]   [Measuring]   out: 
16:21:30.078 [INFO]   [Measuring]   out: [ERROR] testMissingTypeVersion  Time elapsed: 0.002 s  <<< ERROR!
16:21:30.078 [INFO]   [Measuring]   out: java.lang.Exception: Unexpected exception, expected<org.symphonyoss.symphony.entityjson.SchemaValidationException> but was<java.lang.RuntimeException>
16:21:30.078 [INFO]   [Measuring]   out: 	at org.symphonyoss.symphony.entityjson.TestInvalidSchemas.testMissingTypeVersion(TestInvalidSchemas.java:66)
16:21:30.078 [INFO]   [Measuring]   out: Caused by: org.symphonyoss.symphony.entityjson.InvalidSchemaException: java.net.UnknownHostException: schemas.oss.symphony.com
16:21:30.078 [INFO]   [Measuring]   out: 	at org.symphonyoss.symphony.entityjson.TestInvalidSchemas.testMissingTypeVersion(TestInvalidSchemas.java:66)
16:21:30.078 [INFO]   [Measuring]   out: Caused by: java.net.UnknownHostException: schemas.oss.symphony.com
16:21:30.078 [INFO]   [Measuring]   out: 	at org.symphonyoss.symphony.entityjson.TestInvalidSchemas.testMissingTypeVersion(TestInvalidSchemas.java:66)
16:21:30.078 [INFO]   [Measuring]   out: 
16:21:30.078 [INFO]   [Measuring]   out: [ERROR] testMissingTypeId  Time elapsed: 0.002 s  <<< ERROR!
16:21:30.078 [INFO]   [Measuring]   out: java.lang.Exception: Unexpected exception, expected<org.symphonyoss.symphony.entityjson.SchemaValidationException> but was<java.lang.RuntimeException>
16:21:30.078 [INFO]   [Measuring]   out: 	at org.symphonyoss.symphony.entityjson.TestInvalidSchemas.testMissingTypeId(TestInvalidSchemas.java:85)
16:21:30.078 [INFO]   [Measuring]   out: Caused by: org.symphonyoss.symphony.entityjson.InvalidSchemaException: java.net.UnknownHostException: schemas.oss.symphony.com
16:21:30.078 [INFO]   [Measuring]   out: 	at org.symphonyoss.symphony.entityjson.TestInvalidSchemas.testMissingTypeId(TestInvalidSchemas.java:85)
16:21:30.078 [INFO]   [Measuring]   out: Caused by: java.net.UnknownHostException: schemas.oss.symphony.com
16:21:30.078 [INFO]   [Measuring]   out: 	at org.symphonyoss.symphony.entityjson.TestInvalidSchemas.testMissingTypeId(TestInvalidSchemas.java:85)
16:21:30.078 [INFO]   [Measuring]   out: 
16:21:30.078 [INFO]   [Measuring]   out: [ERROR] testIdExtraAttributes  Time elapsed: 0.002 s  <<< ERROR!
16:21:30.078 [INFO]   [Measuring]   out: java.lang.Exception: Unexpected exception, expected<org.symphonyoss.symphony.entityjson.SchemaValidationException> but was<java.lang.RuntimeException>
16:21:30.078 [INFO]   [Measuring]   out: 	at org.symphonyoss.symphony.entityjson.TestInvalidSchemas.testIdExtraAttributes(TestInvalidSchemas.java:137)
16:21:30.078 [INFO]   [Measuring]   out: Caused by: org.symphonyoss.symphony.entityjson.InvalidSchemaException: java.net.UnknownHostException: schemas.oss.symphony.com
16:21:30.078 [INFO]   [Measuring]   out: 	at org.symphonyoss.symphony.entityjson.TestInvalidSchemas.testIdExtraAttributes(TestInvalidSchemas.java:137)
16:21:30.078 [INFO]   [Measuring]   out: Caused by: java.net.UnknownHostException: schemas.oss.symphony.com
16:21:30.078 [INFO]   [Measuring]   out: 	at org.symphonyoss.symphony.entityjson.TestInvalidSchemas.testIdExtraAttributes(TestInvalidSchemas.java:137)
16:21:30.078 [INFO]   [Measuring]   out: 
16:21:30.078 [INFO]   [Measuring]   out: [ERROR] testObjectIdObject  Time elapsed: 0.003 s  <<< ERROR!
16:21:30.078 [INFO]   [Measuring]   out: java.lang.Exception: Unexpected exception, expected<org.symphonyoss.symphony.entityjson.SchemaValidationException> but was<java.lang.RuntimeException>
16:21:30.078 [INFO]   [Measuring]   out: 	at org.symphonyoss.symphony.entityjson.TestInvalidSchemas.testObjectIdObject(TestInvalidSchemas.java:119)
16:21:30.078 [INFO]   [Measuring]   out: Caused by: org.symphonyoss.symphony.entityjson.InvalidSchemaException: java.net.UnknownHostException: schemas.oss.symphony.com
16:21:30.078 [INFO]   [Measuring]   out: 	at org.symphonyoss.symphony.entityjson.TestInvalidSchemas.testObjectIdObject(TestInvalidSchemas.java:119)
16:21:30.078 [INFO]   [Measuring]   out: Caused by: java.net.UnknownHostException: schemas.oss.symphony.com
16:21:30.078 [INFO]   [Measuring]   out: 	at org.symphonyoss.symphony.entityjson.TestInvalidSchemas.testObjectIdObject(TestInvalidSchemas.java:119)
16:21:30.078 [INFO]   [Measuring]   out: 
16:21:30.078 [INFO]   [Measuring]   out: [ERROR] testObjectIdString  Time elapsed: 0.001 s  <<< ERROR!
16:21:30.078 [INFO]   [Measuring]   out: java.lang.Exception: Unexpected exception, expected<org.symphonyoss.symphony.entityjson.SchemaValidationException> but was<java.lang.RuntimeException>
16:21:30.078 [INFO]   [Measuring]   out: 	at org.symphonyoss.symphony.entityjson.TestInvalidSchemas.testObjectIdString(TestInvalidSchemas.java:104)
16:21:30.078 [INFO]   [Measuring]   out: Caused by: org.symphonyoss.symphony.entityjson.InvalidSchemaException: java.net.UnknownHostException: schemas.oss.symphony.com
16:21:30.078 [INFO]   [Measuring]   out: 	at org.symphonyoss.symphony.entityjson.TestInvalidSchemas.testObjectIdString(TestInvalidSchemas.java:104)
16:21:30.078 [INFO]   [Measuring]   out: Caused by: java.net.UnknownHostException: schemas.oss.symphony.com
16:21:30.078 [INFO]   [Measuring]   out: 	at org.symphonyoss.symphony.entityjson.TestInvalidSchemas.testObjectIdString(TestInvalidSchemas.java:104)
16:21:30.078 [INFO]   [Measuring]   out: 
16:21:30.078 [INFO]   [Measuring]   out: [INFO] Running org.symphonyoss.symphony.messageml.bi.BiContextTest
16:21:30.080 [INFO]   [Measuring]   out: [INFO] Tests run: 6, Failures: 0, Errors: 0, Skipped: 0, Time elapsed: 0 s - in org.symphonyoss.symphony.messageml.bi.BiContextTest
16:21:30.080 [INFO]   [Measuring]   out: [INFO] Running org.symphonyoss.symphony.messageml.bi.BiItemTest
16:21:30.080 [INFO]   [Measuring]   out: 16:21:30.077 [main] WARN org.symphonyoss.symphony.messageml.bi.BiContext - Attribute attribute1 for element element1 does not contain an integer value. The count will not be increased.
16:21:30.081 [INFO]   [Measuring]   out: 16:21:30.078 [main] WARN org.symphonyoss.symphony.messageml.bi.BiContext - Attribute attribute1 for element element1 does not contain an integer value. The count will not be increased.
16:21:30.083 [INFO]   [Measuring]   out: [INFO] Tests run: 6, Failures: 0, Errors: 0, Skipped: 0, Time elapsed: 0.001 s - in org.symphonyoss.symphony.messageml.bi.BiItemTest
16:21:30.083 [INFO]   [Measuring]   out: [INFO] Running org.symphonyoss.symphony.messageml.MessageMLContextTest
16:21:30.730 [INFO]   [Measuring]   out: [INFO] Tests run: 59, Failures: 0, Errors: 0, Skipped: 0, Time elapsed: 0.645 s - in org.symphonyoss.symphony.messageml.MessageMLContextTest
16:21:30.731 [INFO]   [Measuring]   out: [INFO] Running org.symphonyoss.symphony.messageml.elements.DivTest
16:21:30.744 [INFO]   [Measuring]   out: [INFO] Tests run: 19, Failures: 0, Errors: 0, Skipped: 0, Time elapsed: 0.01 s - in org.symphonyoss.symphony.messageml.elements.DivTest
16:21:30.744 [INFO]   [Measuring]   out: [INFO] Running org.symphonyoss.symphony.messageml.elements.HorizontalRuleTest
16:21:30.753 [INFO]   [Measuring]   out: [INFO] Tests run: 16, Failures: 0, Errors: 0, Skipped: 0, Time elapsed: 0.006 s - in org.symphonyoss.symphony.messageml.elements.HorizontalRuleTest
16:21:30.753 [INFO]   [Measuring]   out: [INFO] Running org.symphonyoss.symphony.messageml.elements.form.ButtonTest
16:21:30.758 [INFO]   [Measuring]   out: 16:21:30.758 [main] INFO org.symphonyoss.symphony.messageml.elements.Button - Button class cannot be a destructive one, replacing it accordingly.
16:21:30.759 [INFO]   [Measuring]   out: 16:21:30.759 [main] INFO org.symphonyoss.symphony.messageml.elements.Button - Button class cannot be a destructive one, replacing it accordingly.
16:21:30.762 [INFO]   [Measuring]   out: 16:21:30.762 [main] INFO org.symphonyoss.symphony.messageml.elements.Button - Button class cannot be a destructive one, replacing it accordingly.
16:21:30.762 [INFO]   [Measuring]   out: 16:21:30.762 [main] INFO org.symphonyoss.symphony.messageml.elements.Button - Button class cannot be a destructive one, replacing it accordingly.
16:21:30.775 [INFO]   [Measuring]   out: [INFO] Tests run: 37, Failures: 0, Errors: 0, Skipped: 0, Time elapsed: 0.02 s - in org.symphonyoss.symphony.messageml.elements.form.ButtonTest
16:21:30.775 [INFO]   [Measuring]   out: [INFO] Running org.symphonyoss.symphony.messageml.elements.form.DatePickerTest
16:21:30.809 [INFO]   [Measuring]   out: [INFO] Tests run: 31, Failures: 0, Errors: 0, Skipped: 0, Time elapsed: 0.032 s - in org.symphonyoss.symphony.messageml.elements.form.DatePickerTest
16:21:30.809 [INFO]   [Measuring]   out: [INFO] Running org.symphonyoss.symphony.messageml.elements.form.TextAreaTest
16:21:30.827 [INFO]   [Measuring]   out: [INFO] Tests run: 40, Failures: 0, Errors: 0, Skipped: 0, Time elapsed: 0.016 s - in org.symphonyoss.symphony.messageml.elements.form.TextAreaTest
16:21:30.828 [INFO]   [Measuring]   out: [INFO] Running org.symphonyoss.symphony.messageml.elements.form.DateSelectorTest
16:21:30.840 [INFO]   [Measuring]   out: [INFO] Tests run: 23, Failures: 0, Errors: 0, Skipped: 0, Time elapsed: 0.01 s - in org.symphonyoss.symphony.messageml.elements.form.DateSelectorTest
16:21:30.840 [INFO]   [Measuring]   out: [INFO] Running org.symphonyoss.symphony.messageml.elements.form.CheckboxTest
16:21:30.860 [INFO]   [Measuring]   out: [INFO] Tests run: 40, Failures: 0, Errors: 0, Skipped: 0, Time elapsed: 0.018 s - in org.symphonyoss.symphony.messageml.elements.form.CheckboxTest
16:21:30.860 [INFO]   [Measuring]   out: [INFO] Running org.symphonyoss.symphony.messageml.elements.form.SelectOptionTest
16:21:30.883 [INFO]   [Measuring]   out: [INFO] Tests run: 57, Failures: 0, Errors: 0, Skipped: 0, Time elapsed: 0.021 s - in org.symphonyoss.symphony.messageml.elements.form.SelectOptionTest
16:21:30.883 [INFO]   [Measuring]   out: [INFO] Running org.symphonyoss.symphony.messageml.elements.form.FormTest
16:21:30.896 [INFO]   [Measuring]   out: [INFO] Tests run: 24, Failures: 0, Errors: 0, Skipped: 0, Time elapsed: 0.011 s - in org.symphonyoss.symphony.messageml.elements.form.FormTest
16:21:30.896 [INFO]   [Measuring]   out: [INFO] Running org.symphonyoss.symphony.messageml.elements.form.TimezonePickerTest
16:21:30.907 [INFO]   [Measuring]   out: [INFO] Tests run: 23, Failures: 0, Errors: 0, Skipped: 0, Time elapsed: 0.009 s - in org.symphonyoss.symphony.messageml.elements.form.TimezonePickerTest
16:21:30.907 [INFO]   [Measuring]   out: [INFO] Running org.symphonyoss.symphony.messageml.elements.form.PersonSelectorTest
16:21:30.919 [INFO]   [Measuring]   out: [INFO] Tests run: 29, Failures: 0, Errors: 0, Skipped: 0, Time elapsed: 0.011 s - in org.symphonyoss.symphony.messageml.elements.form.PersonSelectorTest
16:21:30.919 [INFO]   [Measuring]   out: [INFO] Running org.symphonyoss.symphony.messageml.elements.form.RadioTest
16:21:30.935 [INFO]   [Measuring]   out: [INFO] Tests run: 38, Failures: 0, Errors: 0, Skipped: 0, Time elapsed: 0.015 s - in org.symphonyoss.symphony.messageml.elements.form.RadioTest
16:21:30.936 [INFO]   [Measuring]   out: [INFO] Running org.symphonyoss.symphony.messageml.elements.form.TextFieldTest
16:21:30.955 [INFO]   [Measuring]   out: [INFO] Tests run: 53, Failures: 0, Errors: 0, Skipped: 0, Time elapsed: 0.018 s - in org.symphonyoss.symphony.messageml.elements.form.TextFieldTest
16:21:30.955 [INFO]   [Measuring]   out: [INFO] Running org.symphonyoss.symphony.messageml.elements.form.TimePickerTest
16:21:30.955 [INFO]   [Measuring]   out: 16:21:30.954 [main] WARN org.symphonyoss.symphony.messageml.elements.Element - Attribute step for element TimePicker should be an integer value. The property will not be put in BI context.
16:21:30.964 [INFO]   [Measuring]   out: 16:21:30.964 [main] WARN org.symphonyoss.symphony.messageml.elements.Element - Attribute step for element TimePicker should be an integer value. The property will not be put in BI context.
16:21:30.971 [INFO]   [Measuring]   out: [INFO] Tests run: 35, Failures: 0, Errors: 0, Skipped: 0, Time elapsed: 0.014 s - in org.symphonyoss.symphony.messageml.elements.form.TimePickerTest
16:21:30.971 [INFO]   [Measuring]   out: [INFO] Running org.symphonyoss.symphony.messageml.elements.form.RoomSelectorTest
16:21:30.985 [INFO]   [Measuring]   out: [INFO] Tests run: 29, Failures: 0, Errors: 0, Skipped: 0, Time elapsed: 0.012 s - in org.symphonyoss.symphony.messageml.elements.form.RoomSelectorTest
16:21:30.985 [INFO]   [Measuring]   out: [INFO] Running org.symphonyoss.symphony.messageml.elements.ListTest
16:21:30.995 [INFO]   [Measuring]   out: [INFO] Tests run: 25, Failures: 0, Errors: 0, Skipped: 0, Time elapsed: 0.009 s - in org.symphonyoss.symphony.messageml.elements.ListTest
16:21:30.995 [INFO]   [Measuring]   out: [INFO] Running org.symphonyoss.symphony.messageml.elements.SubscriptTest
16:21:31.001 [INFO]   [Measuring]   out: [INFO] Tests run: 17, Failures: 0, Errors: 0, Skipped: 0, Time elapsed: 0.005 s - in org.symphonyoss.symphony.messageml.elements.SubscriptTest
16:21:31.001 [INFO]   [Measuring]   out: [INFO] Running org.symphonyoss.symphony.messageml.elements.PreformattedTest
16:21:31.008 [INFO]   [Measuring]   out: [INFO] Tests run: 18, Failures: 0, Errors: 0, Skipped: 0, Time elapsed: 0.005 s - in org.symphonyoss.symphony.messageml.elements.PreformattedTest
16:21:31.008 [INFO]   [Measuring]   out: [INFO] Running org.symphonyoss.symphony.messageml.elements.ParagraphTest
16:21:31.014 [INFO]   [Measuring]   out: [INFO] Tests run: 16, Failures: 0, Errors: 0, Skipped: 0, Time elapsed: 0.004 s - in org.symphonyoss.symphony.messageml.elements.ParagraphTest
16:21:31.014 [INFO]   [Measuring]   out: [INFO] Running org.symphonyoss.symphony.messageml.elements.CashtagTest
16:21:31.022 [INFO]   [Measuring]   out: [INFO] Tests run: 24, Failures: 0, Errors: 0, Skipped: 0, Time elapsed: 0.007 s - in org.symphonyoss.symphony.messageml.elements.CashtagTest
16:21:31.022 [INFO]   [Measuring]   out: [INFO] Running org.symphonyoss.symphony.messageml.elements.ListItemTest
16:21:31.026 [INFO]   [Measuring]   out: [INFO] Tests run: 14, Failures: 0, Errors: 0, Skipped: 0, Time elapsed: 0.003 s - in org.symphonyoss.symphony.messageml.elements.ListItemTest
16:21:31.027 [INFO]   [Measuring]   out: [INFO] Running org.symphonyoss.symphony.messageml.elements.BulletListTest
16:21:31.032 [INFO]   [Measuring]   out: [INFO] Tests run: 16, Failures: 0, Errors: 0, Skipped: 0, Time elapsed: 0.003 s - in org.symphonyoss.symphony.messageml.elements.BulletListTest
16:21:31.032 [INFO]   [Measuring]   out: [INFO] Running org.symphonyoss.symphony.messageml.elements.LineBreakTest
16:21:31.037 [INFO]   [Measuring]   out: [INFO] Tests run: 18, Failures: 0, Errors: 0, Skipped: 0, Time elapsed: 0.004 s - in org.symphonyoss.symphony.messageml.elements.LineBreakTest
16:21:31.037 [INFO]   [Measuring]   out: [INFO] Running org.symphonyoss.symphony.messageml.elements.EmojiTest
16:21:31.044 [INFO]   [Measuring]   out: [INFO] Tests run: 22, Failures: 0, Errors: 0, Skipped: 0, Time elapsed: 0.006 s - in org.symphonyoss.symphony.messageml.elements.EmojiTest
16:21:31.044 [INFO]   [Measuring]   out: [INFO] Running org.symphonyoss.symphony.messageml.elements.SuperscriptTest
16:21:31.050 [INFO]   [Measuring]   out: [INFO] Tests run: 17, Failures: 0, Errors: 0, Skipped: 0, Time elapsed: 0.005 s - in org.symphonyoss.symphony.messageml.elements.SuperscriptTest
16:21:31.050 [INFO]   [Measuring]   out: [INFO] Running org.symphonyoss.symphony.messageml.elements.ChimeTest
16:21:31.057 [INFO]   [Measuring]   out: [INFO] Tests run: 21, Failures: 0, Errors: 0, Skipped: 0, Time elapsed: 0.005 s - in org.symphonyoss.symphony.messageml.elements.ChimeTest
16:21:31.057 [INFO]   [Measuring]   out: [INFO] Running org.symphonyoss.symphony.messageml.elements.OrderedListTest
16:21:31.062 [INFO]   [Measuring]   out: [INFO] Tests run: 16, Failures: 0, Errors: 0, Skipped: 0, Time elapsed: 0.004 s - in org.symphonyoss.symphony.messageml.elements.OrderedListTest
16:21:31.062 [INFO]   [Measuring]   out: [INFO] Running org.symphonyoss.symphony.messageml.elements.ImageTest
16:21:31.068 [INFO]   [Measuring]   out: [INFO] Tests run: 18, Failures: 0, Errors: 0, Skipped: 0, Time elapsed: 0.004 s - in org.symphonyoss.symphony.messageml.elements.ImageTest
16:21:31.068 [INFO]   [Measuring]   out: [INFO] Running org.symphonyoss.symphony.messageml.elements.CodeTest
16:21:31.068 [INFO]   [Measuring]   out: <div data-format="PresentationML" data-version="2.0">This is code:<code>val message: String = &quot;Hello world&quot;
16:21:31.068 [INFO]   [Measuring]   out: println message</code><br/>This is text</div>
16:21:31.080 [INFO]   [Measuring]   out: [INFO] Tests run: 33, Failures: 0, Errors: 0, Skipped: 0, Time elapsed: 0.011 s - in org.symphonyoss.symphony.messageml.elements.CodeTest
16:21:31.080 [INFO]   [Measuring]   out: [INFO] Running org.symphonyoss.symphony.messageml.elements.UIActionTest
16:21:31.094 [INFO]   [Measuring]   out: [INFO] Tests run: 42, Failures: 0, Errors: 0, Skipped: 0, Time elapsed: 0.012 s - in org.symphonyoss.symphony.messageml.elements.UIActionTest
16:21:31.094 [INFO]   [Measuring]   out: [INFO] Running org.symphonyoss.symphony.messageml.elements.CardTest
16:21:31.100 [INFO]   [Measuring]   out: [INFO] Tests run: 22, Failures: 0, Errors: 0, Skipped: 0, Time elapsed: 0.005 s - in org.symphonyoss.symphony.messageml.elements.CardTest
16:21:31.100 [INFO]   [Measuring]   out: [INFO] Running org.symphonyoss.symphony.messageml.elements.ExpandableCardTest
16:21:31.108 [INFO]   [Measuring]   out: [INFO] Tests run: 22, Failures: 0, Errors: 0, Skipped: 0, Time elapsed: 0.006 s - in org.symphonyoss.symphony.messageml.elements.ExpandableCardTest
16:21:31.108 [INFO]   [Measuring]   out: [INFO] Running org.symphonyoss.symphony.messageml.elements.BoldTest
16:21:31.114 [INFO]   [Measuring]   out: [INFO] Tests run: 18, Failures: 0, Errors: 0, Skipped: 0, Time elapsed: 0.004 s - in org.symphonyoss.symphony.messageml.elements.BoldTest
16:21:31.114 [INFO]   [Measuring]   out: [INFO] Running org.symphonyoss.symphony.messageml.elements.HeaderTest
16:21:31.121 [INFO]   [Measuring]   out: [INFO] Tests run: 19, Failures: 0, Errors: 0, Skipped: 0, Time elapsed: 0.006 s - in org.symphonyoss.symphony.messageml.elements.HeaderTest
16:21:31.122 [INFO]   [Measuring]   out: [INFO] Running org.symphonyoss.symphony.messageml.elements.TableTest
16:21:31.131 [INFO]   [Measuring]   out: [INFO] Tests run: 35, Failures: 0, Errors: 0, Skipped: 0, Time elapsed: 0.009 s - in org.symphonyoss.symphony.messageml.elements.TableTest
16:21:31.131 [INFO]   [Measuring]   out: [INFO] Running org.symphonyoss.symphony.messageml.elements.ElementTest
16:21:31.134 [INFO]   [Measuring]   out: [INFO] Tests run: 13, Failures: 0, Errors: 0, Skipped: 0, Time elapsed: 0.002 s - in org.symphonyoss.symphony.messageml.elements.ElementTest
16:21:31.135 [INFO]   [Measuring]   out: [INFO] Running org.symphonyoss.symphony.messageml.elements.LinkTest
16:21:31.142 [INFO]   [Measuring]   out: [INFO] Tests run: 23, Failures: 0, Errors: 0, Skipped: 0, Time elapsed: 0.007 s - in org.symphonyoss.symphony.messageml.elements.LinkTest
16:21:31.142 [INFO]   [Measuring]   out: [INFO] Running org.symphonyoss.symphony.messageml.elements.TagTest
16:21:31.173 [INFO]   [Measuring]   out: [INFO] Tests run: 17, Failures: 0, Errors: 0, Skipped: 0, Time elapsed: 0.03 s - in org.symphonyoss.symphony.messageml.elements.TagTest
16:21:31.174 [INFO]   [Measuring]   out: [INFO] Running org.symphonyoss.symphony.messageml.elements.HashtagTest
16:21:31.182 [INFO]   [Measuring]   out: [INFO] Tests run: 25, Failures: 0, Errors: 0, Skipped: 0, Time elapsed: 0.007 s - in org.symphonyoss.symphony.messageml.elements.HashtagTest
16:21:31.182 [INFO]   [Measuring]   out: [INFO] Running org.symphonyoss.symphony.messageml.elements.StylesTest
16:21:31.186 [INFO]   [Measuring]   out: [INFO] Tests run: 17, Failures: 0, Errors: 0, Skipped: 0, Time elapsed: 0.003 s - in org.symphonyoss.symphony.messageml.elements.StylesTest
16:21:31.186 [INFO]   [Measuring]   out: [INFO] Running org.symphonyoss.symphony.messageml.elements.ItalicTest
16:21:31.192 [INFO]   [Measuring]   out: [INFO] Tests run: 17, Failures: 0, Errors: 0, Skipped: 0, Time elapsed: 0.005 s - in org.symphonyoss.symphony.messageml.elements.ItalicTest
16:21:31.192 [INFO]   [Measuring]   out: [INFO] Running org.symphonyoss.symphony.messageml.elements.MentionTest
16:21:31.242 [INFO]   [Measuring]   out: [INFO] Tests run: 35, Failures: 0, Errors: 0, Skipped: 0, Time elapsed: 0.049 s - in org.symphonyoss.symphony.messageml.elements.MentionTest
16:21:31.242 [INFO]   [Measuring]   out: [INFO] Running org.symphonyoss.symphony.messageml.elements.DialogTest
16:21:31.254 [INFO]   [Measuring]   out: [INFO] Tests run: 43, Failures: 0, Errors: 0, Skipped: 0, Time elapsed: 0.011 s - in org.symphonyoss.symphony.messageml.elements.DialogTest
16:21:31.254 [INFO]   [Measuring]   out: [INFO] Running org.symphonyoss.symphony.messageml.elements.SpanTest
16:21:31.259 [INFO]   [Measuring]   out: [INFO] Tests run: 17, Failures: 0, Errors: 0, Skipped: 0, Time elapsed: 0.004 s - in org.symphonyoss.symphony.messageml.elements.SpanTest
16:21:31.259 [INFO]   [Measuring]   out: [INFO] Running org.symphonyoss.symphony.messageml.util.IndentedPrintStreamTest
16:21:31.263 [INFO]   [Measuring]   out: [INFO] Tests run: 53, Failures: 0, Errors: 0, Skipped: 0, Time elapsed: 0.003 s - in org.symphonyoss.symphony.messageml.util.IndentedPrintStreamTest
16:21:31.263 [INFO]   [Measuring]   out: [INFO] Running org.symphonyoss.symphony.messageml.util.CountedOutputStreamTest
16:21:31.264 [INFO]   [Measuring]   out: [INFO] Tests run: 5, Failures: 0, Errors: 0, Skipped: 0, Time elapsed: 0 s - in org.symphonyoss.symphony.messageml.util.CountedOutputStreamTest
16:21:31.683 [INFO]   [Measuring]   out: [INFO] 
16:21:31.683 [INFO]   [Measuring]   out: [INFO] Results:
16:21:31.683 [INFO]   [Measuring]   out: [INFO] 
16:21:31.683 [INFO]   [Measuring]   out: [ERROR] Errors: 
16:21:31.683 [INFO]   [Measuring]   out: [ERROR]   TestInvalidSchemas.testIdExtraAttributes »  Unexpected exception, expected<org...
16:21:31.683 [INFO]   [Measuring]   out: [ERROR]   TestInvalidSchemas.testInvalidTypeVersion »  Unexpected exception, expected<or...
16:21:31.683 [INFO]   [Measuring]   out: [ERROR]   TestInvalidSchemas.testMissingTypeId »  Unexpected exception, expected<org.sym...
16:21:31.683 [INFO]   [Measuring]   out: [ERROR]   TestInvalidSchemas.testMissingTypeVersion »  Unexpected exception, expected<or...
16:21:31.683 [INFO]   [Measuring]   out: [ERROR]   TestInvalidSchemas.testObjectIdObject »  Unexpected exception, expected<org.sy...
16:21:31.683 [INFO]   [Measuring]   out: [ERROR]   TestInvalidSchemas.testObjectIdString »  Unexpected exception, expected<org.sy...
16:21:31.683 [INFO]   [Measuring]   out: [ERROR]   TestValidSchemas.testBondRfq:78 » InvalidInstance java.net.UnknownHostExceptio...
16:21:31.683 [INFO]   [Measuring]   out: [ERROR]   TestValidSchemas.testBondRfqObject:84 » InvalidInstance java.net.UnknownHostEx...
16:21:31.683 [INFO]   [Measuring]   out: [ERROR]   TestValidSchemas.testBondRfqSchema:72 » InvalidInstance java.net.UnknownHostEx...
16:21:31.683 [INFO]   [Measuring]   out: [ERROR]   TestValidSchemas.testEntityJson:58 » InvalidInstance java.net.UnknownHostExcep...
16:21:31.683 [INFO]   [Measuring]   out: [ERROR]   TestValidSchemas.testEntityJsonSchema:52 » InvalidInstance java.net.UnknownHos...
16:21:31.683 [INFO]   [Measuring]   out: [ERROR]   TestValidSchemas.testExpandedJira:102->test:107 » Runtime org.symphonyoss.symp...
16:21:31.683 [INFO]   [Measuring]   out: [ERROR]   TestValidSchemas.testJsonSchema:46 » InvalidInstance java.net.UnknownHostExcep...
16:21:31.683 [INFO]   [Measuring]   out: [ERROR]   TestValidSchemas.testSingleJira:96->test:107 » Runtime org.symphonyoss.symphon...
16:21:31.683 [INFO]   [Measuring]   out: [ERROR]   TestValidSchemas.testStructuredObject:65 » InvalidInstance java.net.UnknownHos...
16:21:31.683 [INFO]   [Measuring]   out: [INFO] 
16:21:31.683 [INFO]   [Measuring]   out: [ERROR] Tests run: 1355, Failures: 0, Errors: 15, Skipped: 0
16:21:31.683 [INFO]   [Measuring]   out: [INFO] 
16:21:31.686 [INFO]   [Measuring]   out: [ERROR] There are test failures.
16:21:31.686 [INFO]   [Measuring]   out: 
16:21:31.686 [INFO]   [Measuring]   out: Please refer to /home/jbergqvist/diffblue/finos-messageml-utils/target/surefire-reports for the individual test results.
16:21:31.686 [INFO]   [Measuring]   out: Please refer to dump files (if any exist) [date].dump, [date]-jvmRun[N].dump and [date].dumpstream.
16:21:31.687 [INFO]   [Measuring]   deserializing line [DIFFBLUE]{"__type":"com.diffblue.cover.buildsystem.model.DefaultEventMessage","project":"org.symphonyoss.symphony:messageml","goal":"test","cause":null,"state":"SUCCESS"}
16:21:31.688 [INFO]   [Measuring]   deserializing line [DIFFBLUE]{"__type":"com.diffblue.cover.buildsystem.model.DefaultEventMessage","project":"org.symphonyoss.symphony:messageml","goal":"report","cause":null,"state":"STARTED"}
16:21:31.689 [INFO]   [Measuring]   out: [INFO] 
16:21:31.689 [INFO]   [Measuring]   out: [INFO] --- jacoco-maven-plugin:0.8.11:report (default-cli) @ messageml ---
16:21:31.691 [INFO]   [Measuring]   out: [INFO] Loading execution data file /home/jbergqvist/diffblue/finos-messageml-utils/target/jacoco.exec
16:21:31.809 [INFO]   [Measuring]   out: [INFO] Analyzed bundle 'MessageML Utils' with 144 classes
16:21:31.991 [INFO]   [Measuring]   deserializing line [DIFFBLUE]{"__type":"com.diffblue.cover.buildsystem.model.DefaultEventMessage","project":"org.symphonyoss.symphony:messageml","goal":"report","cause":null,"state":"SUCCESS"}
16:21:32.015 [INFO]   [Measuring]   deserializing line [DIFFBLUE]{"__type":"com.diffblue.cover.buildsystem.model.DefaultProjectModuleMessage","project":{"__type":"DefaultProjectModule","junitReport":["/home/jbergqvist/diffblue/finos-messageml-utils/target/surefire-reports"],"jacocoReport":["/home/jbergqvist/diffblue/finos-messageml-utils/target/site/jacoco/jacoco.xml"],"jacocoDestFile":["/home/jbergqvist/diffblue/finos-messageml-utils/target/jacoco.exec"],"jacocoFormats":["xml"],"jacocoSkipped":false,"classpath":["/home/jbergqvist/diffblue/finos-messageml-utils/target/classes","/home/jbergqvist/.m2/repository/org/projectlombok/lombok/1.18.42/lombok-1.18.42.jar","/home/jbergqvist/.m2/repository/com/github/java-json-tools/json-schema-validator/2.2.14/json-schema-validator-2.2.14.jar","/home/jbergqvist/.m2/repository/com/github/java-json-tools/jackson-coreutils-equivalence/1.0/jackson-coreutils-equivalence-1.0.jar","/home/jbergqvist/.m2/repository/com/github/java-json-tools/jackson-coreutils/2.0/jackson-coreutils-2.0.jar","/home/jbergqvist/.m2/repository/com/github/java-json-tools/msg-simple/1.2/msg-simple-1.2.jar","/home/jbergqvist/.m2/repository/com/github/java-json-tools/btf/1.3/btf-1.3.jar","/home/jbergqvist/.m2/repository/com/github/java-json-tools/json-schema-core/1.2.14/json-schema-core-1.2.14.jar","/home/jbergqvist/.m2/repository/com/github/java-json-tools/uri-template/0.10/uri-template-0.10.jar","/home/jbergqvist/.m2/repository/com/sun/mail/mailapi/1.6.2/mailapi-1.6.2.jar","/home/jbergqvist/.m2/repository/joda-time/joda-time/2.10.5/joda-time-2.10.5.jar","/home/jbergqvist/.m2/repository/com/googlecode/libphonenumber/libphonenumber/8.11.1/libphonenumber-8.11.1.jar","/home/jbergqvist/.m2/repository/com/google/code/findbugs/jsr305/3.0.2/jsr305-3.0.2.jar","/home/jbergqvist/.m2/repository/net/sf/jopt-simple/jopt-simple/5.0.4/jopt-simple-5.0.4.jar","/home/jbergqvist/.m2/repository/org/mozilla/rhino/1.7.13/rhino-1.7.13.jar","/home/jbergqvist/.m2/repository/com/google/guava/guava/32.1.2-jre/guava-32.1.2-jre.jar","/home/jbergqvist/.m2/repository/com/google/guava/failureaccess/1.0.1/failureaccess-1.0.1.jar","/home/jbergqvist/.m2/repository/com/google/guava/listenablefuture/9999.0-empty-to-avoid-conflict-with-guava/listenablefuture-9999.0-empty-to-avoid-conflict-with-guava.jar","/home/jbergqvist/.m2/repository/org/checkerframework/checker-qual/3.33.0/checker-qual-3.33.0.jar","/home/jbergqvist/.m2/repository/com/google/errorprone/error_prone_annotations/2.18.0/error_prone_annotations-2.18.0.jar","/home/jbergqvist/.m2/repository/com/google/j2objc/j2objc-annotations/2.8/j2objc-annotations-2.8.jar","/home/jbergqvist/.m2/repository/com/fasterxml/jackson/core/jackson-core/2.15.2/jackson-core-2.15.2.jar","/home/jbergqvist/.m2/repository/com/fasterxml/jackson/core/jackson-databind/2.15.2/jackson-databind-2.15.2.jar","/home/jbergqvist/.m2/repository/com/fasterxml/jackson/core/jackson-annotations/2.15.2/jackson-annotations-2.15.2.jar","/home/jbergqvist/.m2/repository/commons-io/commons-io/2.11.0/commons-io-2.11.0.jar","/home/jbergqvist/.m2/repository/org/apache/commons/commons-lang3/3.12.0/commons-lang3-3.12.0.jar","/home/jbergqvist/.m2/repository/org/freemarker/freemarker/2.3.31/freemarker-2.3.31.jar","/home/jbergqvist/.m2/repository/org/slf4j/slf4j-api/1.7.32/slf4j-api-1.7.32.jar","/home/jbergqvist/.m2/repository/com/diffblue/cover/cover-annotations/1.8.0/cover-annotations-1.8.0.jar","/home/jbergqvist/.m2/repository/com/atlassian/commonmark/commonmark/0.15.2/commonmark-0.15.2.jar","/home/jbergqvist/.m2/repository/org/junit/jupiter/junit-jupiter-api/5.8.2/junit-jupiter-api-5.8.2.jar","/home/jbergqvist/.m2/repository/org/opentest4j/opentest4j/1.2.0/opentest4j-1.2.0.jar","/home/jbergqvist/.m2/repository/org/junit/platform/junit-platform-commons/1.8.2/junit-platform-commons-1.8.2.jar","/home/jbergqvist/.m2/repository/org/apiguardian/apiguardian-api/1.1.2/apiguardian-api-1.1.2.jar","/home/jbergqvist/.m2/repository/org/junit/jupiter/junit-jupiter-params/5.8.2/junit-jupiter-params-5.8.2.jar","/home/jbergqvist/.m2/repository/org/junit/jupiter/junit-jupiter-engine/5.8.2/junit-jupiter-engine-5.8.2.jar","/home/jbergqvist/.m2/repository/org/junit/platform/junit-platform-engine/1.8.2/junit-platform-engine-1.8.2.jar","/home/jbergqvist/.m2/repository/org/junit/vintage/junit-vintage-engine/5.8.2/junit-vintage-engine-5.8.2.jar","/home/jbergqvist/.m2/repository/junit/junit/4.13.2/junit-4.13.2.jar","/home/jbergqvist/.m2/repository/org/hamcrest/hamcrest-core/1.3/hamcrest-core-1.3.jar","/home/jbergqvist/.m2/repository/org/mockito/mockito-core/4.0.0/mockito-core-4.0.0.jar","/home/jbergqvist/.m2/repository/net/bytebuddy/byte-buddy/1.11.19/byte-buddy-1.11.19.jar","/home/jbergqvist/.m2/repository/net/bytebuddy/byte-buddy-agent/1.11.19/byte-buddy-agent-1.11.19.jar","/home/jbergqvist/.m2/repository/org/objenesis/objenesis/3.2/objenesis-3.2.jar","/home/jbergqvist/.m2/repository/org/openjdk/jmh/jmh-core/1.33/jmh-core-1.33.jar","/home/jbergqvist/.m2/repository/org/apache/commons/commons-math3/3.2/commons-math3-3.2.jar","/home/jbergqvist/.m2/repository/org/openjdk/jmh/jmh-generator-annprocess/1.33/jmh-generator-annprocess-1.33.jar","/home/jbergqvist/.m2/repository/org/xmlunit/xmlunit-core/2.8.3/xmlunit-core-2.8.3.jar","/home/jbergqvist/.m2/repository/jakarta/xml/bind/jakarta.xml.bind-api/2.3.3/jakarta.xml.bind-api-2.3.3.jar","/home/jbergqvist/.m2/repository/jakarta/activation/jakarta.activation-api/1.2.2/jakarta.activation-api-1.2.2.jar","/home/jbergqvist/.m2/repository/ch/qos/logback/logback-classic/1.2.9/logback-classic-1.2.9.jar","/home/jbergqvist/.m2/repository/ch/qos/logback/logback-core/1.2.9/logback-core-1.2.9.jar"],"complianceLevel":"1.8","productionSources":["/home/jbergqvist/diffblue/finos-messageml-utils/src/main/java"],"testSources":["/home/jbergqvist/diffblue/finos-messageml-utils/src/test/java"],"productionClasses":"/home/jbergqvist/diffblue/finos-messageml-utils/target/classes","testClasses":"/home/jbergqvist/diffblue/finos-messageml-utils/target/test-classes","sourceToBuildPathMap":null,"testSourceToBuildPathMap":null,"buildDirectory":"/home/jbergqvist/diffblue/finos-messageml-utils/target","plugins":[{"__type":"DefaultPlugin","groupId":"org.apache.maven.plugins","artefactId":"maven-surefire-plugin","version":"2.22.2","pluginClassName":null},{"__type":"DefaultPlugin","groupId":"org.apache.maven.plugins","artefactId":"maven-clean-plugin","version":"2.5","pluginClassName":null},{"__type":"DefaultPlugin","groupId":"org.apache.maven.plugins","artefactId":"maven-resources-plugin","version":"2.6","pluginClassName":null},{"__type":"DefaultPlugin","groupId":"org.apache.maven.plugins","artefactId":"maven-jar-plugin","version":"3.2.2","pluginClassName":null},{"__type":"DefaultPlugin","groupId":"org.apache.maven.plugins","artefactId":"maven-compiler-plugin","version":"3.1","pluginClassName":null},{"__type":"DefaultPlugin","groupId":"org.apache.maven.plugins","artefactId":"maven-install-plugin","version":"2.4","pluginClassName":null},{"__type":"DefaultPlugin","groupId":"org.apache.maven.plugins","artefactId":"maven-deploy-plugin","version":"3.0.0-M1","pluginClassName":null},{"__type":"DefaultPlugin","groupId":"org.apache.maven.plugins","artefactId":"maven-site-plugin","version":"3.3","pluginClassName":null}],"version":"3.8.4","encoding":"UTF-8","name":"maven","subModules":[],"simpleModuleName":null,"parentModuleName":null,"location":"/home/jbergqvist/diffblue/finos-messageml-utils","fullModuleName":"org.symphonyoss.symphony:messageml"}}
16:21:32.018 [INFO]   [Measuring]   out: [INFO] ------------------------------------------------------------------------
16:21:32.018 [INFO]   [Measuring]   out: [INFO] BUILD SUCCESS
16:21:32.018 [INFO]   [Measuring]   out: [INFO] ------------------------------------------------------------------------
16:21:32.018 [INFO]   [Measuring]   out: [INFO] Total time:  4.570 s
16:21:32.018 [INFO]   [Measuring]   out: [INFO] Finished at: 2026-01-09T16:21:32Z
16:21:32.018 [INFO]   [Measuring]   out: [INFO] ------------------------------------------------------------------------
16:21:32.019 [INFO]   [Measuring]   deserializing line [DIFFBLUE]{"__type":"com.diffblue.cover.buildsystem.model.ProjectInfoMessage","projectName":"org.symphonyoss.symphony:messageml","productionSources":["/home/jbergqvist/diffblue/finos-messageml-utils/src/main/java"],"testSources":["/home/jbergqvist/diffblue/finos-messageml-utils/src/test/java"],"location":"/home/jbergqvist/diffblue/finos-messageml-utils"}
16:21:32.063 [INFO]   [Measuring]   maven:err process not stopped, joining thread
16:21:32.064 [INFO]   [Measuring]   maven:out process not stopped, joining thread
16:21:32.105 [INFO]   [Measuring]   JaCoCo report file created in /home/jbergqvist/diffblue/finos-messageml-utils/.diffblue/reports/manual-tests-jacoco-report.xml
16:21:32.148 [INFO]   [Measuring]   
16:21:32.209 [INFO]   [Measuring]   Diffblue tests cover 3350 of 5143 lines to cover (65.1%)
16:21:32.253 [INFO]   [Measuring]   Manual tests cover 4531 of 5143 lines to cover (88.1%)
16:21:32.525 [INFO]   [Reporting]   Writing JSON report to /home/jbergqvist/diffblue/finos-messageml-utils/.diffblue/reports/report.json
16:21:32.642 [INFO]   [Reporting]   Username wasn't provided as input, checking env var and cover.properties
16:21:32.642 [INFO]   [Reporting]   Password wasn't provided as input, checking env var and cover.properties
16:21:32.642 [INFO]   [Reporting]   Credentials were not provided
16:21:34.418 [INFO]   [Reporting]   1 * Sending client request on thread main
16:21:34.420 [INFO]   [Reporting]   1 > Accept: application/vnd.diffblue.reports.v2+json,application/json
16:21:34.420 [INFO]   [Reporting]   1 > Content-Type: multipart/form-data
16:21:35.630 [INFO]   [Reporting]   1 * Received server response on thread main
16:21:35.630 [INFO]   [Reporting]   1 < 200
16:21:35.630 [INFO]   [Reporting]   1 < Keep-Alive: timeout=60
16:21:35.630 [INFO]   [Reporting]   1 < Transfer-Encoding: chunked
16:21:35.630 [INFO]   [Reporting]   1 < X-Frame-Options: DENY
16:21:35.630 [INFO]   [Reporting]   1 < Cache-Control: no-cache, no-store, max-age=0, must-revalidate
16:21:35.630 [INFO]   [Reporting]   1 < X-Content-Type-Options: nosniff
16:21:35.630 [INFO]   [Reporting]   1 < Connection: keep-alive
16:21:35.630 [INFO]   [Reporting]   1 < Expires: 0
16:21:35.630 [INFO]   [Reporting]   1 < Pragma: no-cache
16:21:35.630 [INFO]   [Reporting]   1 < X-XSS-Protection: 0
16:21:35.630 [INFO]   [Reporting]   1 < Date: Fri, 09 Jan 2026 16:21:35 GMT
16:21:35.630 [INFO]   [Reporting]   1 < Content-Type: application/vnd.diffblue.reports.v2+json
16:21:35.630 [INFO]   [Reporting]   1 < {"id":1000015,"name":"baseline-with-diffblue-tests","project":"Projects.finos-messageml-utils","diffblueTestCount":2249,"reportJsonUReceived":true,"totalLineCount":5143,"manualCoveredLineCount":4531,"diffblueCoveredLineCount":3350,"uploadWarnings":[],"_links":{"dashboard":{"href":"http://0.0.0.0:8080/ui/project/Projects.finos-messageml-utils?runId=1000015"},"self":{"href":"http://localhost:8080/run/1000015"}}}
16:21:35.641 [INFO]   [Reporting]   Coverage reports upload successful
Total count of Diffblue tests: 2249
Diffblue test coverage: 3350 of 5143 lines to cover
Manual test coverage: 4531 of 5143 lines to cover
View this run on the dashboard at http://localhost:8080/ui/project/Projects/finos-messageml-utils?runId=1000015
16:21:35.789 [INFO]   [Reporting]   
16:21:35.789 [WARN]   [Reporting]   One or more warnings were logged, please review them in the log file
16:21:35.789 [INFO]   [Reporting]   Log file: /home/jbergqvist/diffblue/finos-messageml-utils/.diffblue/log/user-20260109T155309.log
16:21:35.790 [INFO]   [Reporting]   Finished in 28m 17s
